<?xml version="1.0"?>
<VTKFile type="UnstructuredGrid" version="0.1" byte_order="LittleEndian" header_type="UInt32" compressor="vtkZLibDataCompressor">
  <UnstructuredGrid>
    <Piece NumberOfPoints="1992" NumberOfCells="3980">
      <PointData>
      </PointData>
      <CellData>
      </CellData>
      <Points>
        <DataArray type="Float32" Name="Points" NumberOfComponents="3" format="ascii" RangeMin="0.004406280087326319" RangeMax="0.795551462023278">
          -0.075945675 -0.0002628687 -0.762 -0.075945675 -0.0002628687 -0.7366
          -0.075945675 -0.0002628687 -0.7112 -0.075945675 -0.0002628687 -0.6858
          -0.075945675 -0.0002628687 -0.6604 -0.075945675 -0.0002628687 -0.635
          -0.075945675 -0.0002628687 -0.6096 -0.075945675 -0.0002628687 -0.5842
          -0.075945675 -0.0002628687 -0.5588 -0.075945675 -0.0002628687 -0.5334
          -0.075945675 -0.0002628687 -0.508 -0.075945675 -0.0002628687 -0.4826
          -0.075945675 -0.0002628687 -0.4572 -0.075945675 -0.0002628687 -0.4318
          -0.075945675 -0.0002628687 -0.4064 -0.075945675 -0.0002628687 -0.381
          -0.075945675 -0.0002628687 -0.3556 -0.075945675 -0.0002628687 -0.3302
          -0.075945675 -0.0002628687 -0.3048 -0.075945675 -0.0002628687 -0.2794
          -0.075945675 -0.0002628687 -0.254 -0.075945675 -0.0002628687 -0.2286
          -0.075945675 -0.0002628687 -0.2032 -0.075945675 -0.0002628687 -0.1778
          -0.075945675 -0.0002628687 -0.1524 -0.075945675 -0.0002628687 -0.127
          -0.075945675 -0.0002628687 -0.1016 -0.075945675 -0.0002628687 -0.0762
          -0.075945675 -0.0002628687 -0.0508 -0.075945675 -0.0002628687 -0.0254
          -0.075945675 -0.0002628687 -1.6096067e-20 -0.067102656 0.0039747395 -0.762
          -0.067102656 0.0039747395 -0.7366 -0.067102656 0.0039747395 -0.7112
          -0.067102656 0.0039747395 -0.6858 -0.067102656 0.0039747395 -0.6604
          -0.067102656 0.0039747395 -0.635 -0.067102656 0.0039747395 -0.6096
          -0.067102656 0.0039747395 -0.5842 -0.067102656 0.0039747395 -0.5588
          -0.067102656 0.0039747395 -0.5334 -0.067102656 0.0039747395 -0.508
          -0.067102656 0.0039747395 -0.4826 -0.067102656 0.0039747395 -0.4572
          -0.067102656 0.0039747395 -0.4318 -0.067102656 0.0039747395 -0.4064
          -0.067102656 0.0039747395 -0.381 -0.067102656 0.0039747395 -0.3556
          -0.067102656 0.0039747395 -0.3302 -0.067102656 0.0039747395 -0.3048
          -0.067102656 0.0039747395 -0.2794 -0.067102656 0.0039747395 -0.254
          -0.067102656 0.0039747395 -0.2286 -0.067102656 0.0039747395 -0.2032
          -0.067102656 0.0039747395 -0.1778 -0.067102656 0.0039747395 -0.1524
          -0.067102656 0.0039747395 -0.127 -0.067102656 0.0039747395 -0.1016
          -0.067102656 0.0039747395 -0.0762 -0.067102656 0.0039747395 -0.0508
          -0.067102656 0.0039747395 -0.0254 -0.067102656 0.0039747395 2.4338262e-19
          -0.06674465 -0.004312504 -0.762 -0.06674465 -0.004312504 -0.7366
          -0.06674465 -0.004312504 -0.7112 -0.06674465 -0.004312504 -0.6858
          -0.06674465 -0.004312504 -0.6604 -0.06674465 -0.004312504 -0.635
          -0.06674465 -0.004312504 -0.6096 -0.06674465 -0.004312504 -0.5842
          -0.06674465 -0.004312504 -0.5588 -0.06674465 -0.004312504 -0.5334
          -0.06674465 -0.004312504 -0.508 -0.06674465 -0.004312504 -0.4826
          -0.06674465 -0.004312504 -0.4572 -0.06674465 -0.004312504 -0.4318
          -0.06674465 -0.004312504 -0.4064 -0.06674465 -0.004312504 -0.381
          -0.06674465 -0.004312504 -0.3556 -0.06674465 -0.004312504 -0.3302
          -0.06674465 -0.004312504 -0.3048 -0.06674465 -0.004312504 -0.2794
          -0.06674465 -0.004312504 -0.254 -0.06674465 -0.004312504 -0.2286
          -0.06674465 -0.004312504 -0.2032 -0.06674465 -0.004312504 -0.1778
          -0.06674465 -0.004312504 -0.1524 -0.06674465 -0.004312504 -0.127
          -0.06674465 -0.004312504 -0.1016 -0.06674465 -0.004312504 -0.0762
          -0.06674465 -0.004312504 -0.0508 -0.06674465 -0.004312504 -0.0254
          -0.06674465 -0.004312504 -2.6406472e-19 -0.06001537 -0.0001734022 -0.762
          -0.06001537 -0.0001734022 -1.0617822e-20 -0.058259636 0.0082123475 -0.762
          -0.058259636 0.0082123475 -0.7366 -0.058259636 0.0082123475 -0.7112
          -0.058259636 0.0082123475 -0.6858 -0.058259636 0.0082123475 -0.6604
          -0.058259636 0.0082123475 -0.635 -0.058259636 0.0082123475 -0.6096
          -0.058259636 0.0082123475 -0.5842 -0.058259636 0.0082123475 -0.5588
          -0.058259636 0.0082123475 -0.5334 -0.058259636 0.0082123475 -0.508
          -0.058259636 0.0082123475 -0.4826 -0.058259636 0.0082123475 -0.4572
          -0.058259636 0.0082123475 -0.4318 -0.058259636 0.0082123475 -0.4064
          -0.058259636 0.0082123475 -0.381 -0.058259636 0.0082123475 -0.3556
          -0.058259636 0.0082123475 -0.3302 -0.058259636 0.0082123475 -0.3048
          -0.058259636 0.0082123475 -0.2794 -0.058259636 0.0082123475 -0.254
          -0.058259636 0.0082123475 -0.2286 -0.058259636 0.0082123475 -0.2032
          -0.058259636 0.0082123475 -0.1778 -0.058259636 0.0082123475 -0.1524
          -0.058259636 0.0082123475 -0.127 -0.058259636 0.0082123475 -0.1016
          -0.058259636 0.0082123475 -0.0762 -0.058259636 0.0082123475 -0.0508
          -0.058259636 0.0082123475 -0.0254 -0.058259636 0.0082123475 5.028613e-19
          -0.057543617 -0.00836214 -0.762 -0.057543617 -0.00836214 -0.7366
          -0.057543617 -0.00836214 -0.7112 -0.057543617 -0.00836214 -0.6858
          -0.057543617 -0.00836214 -0.6604 -0.057543617 -0.00836214 -0.635
          -0.057543617 -0.00836214 -0.6096 -0.057543617 -0.00836214 -0.5842
          -0.057543617 -0.00836214 -0.5588 -0.057543617 -0.00836214 -0.5334
          -0.057543617 -0.00836214 -0.508 -0.057543617 -0.00836214 -0.4826
          -0.057543617 -0.00836214 -0.4572 -0.057543617 -0.00836214 -0.4318
          -0.057543617 -0.00836214 -0.4064 -0.057543617 -0.00836214 -0.381
          -0.057543617 -0.00836214 -0.3556 -0.057543617 -0.00836214 -0.3302
          -0.057543617 -0.00836214 -0.3048 -0.057543617 -0.00836214 -0.2794
          -0.057543617 -0.00836214 -0.254 -0.057543617 -0.00836214 -0.2286
          -0.057543617 -0.00836214 -0.2032 -0.057543617 -0.00836214 -0.1778
          -0.057543617 -0.00836214 -0.1524 -0.057543617 -0.00836214 -0.127
          -0.057543617 -0.00836214 -0.1016 -0.057543617 -0.00836214 -0.0762
          -0.057543617 -0.00836214 -0.0508 -0.057543617 -0.00836214 -0.0254
          -0.057543617 -0.00836214 -5.1203333e-19 -0.050426282 -0.00037945528 -0.762
          -0.050426282 -0.00037945528 -2.3234935e-20 -0.048083924 0.009904281 -0.762
          -0.048083924 0.009904281 -0.7366 -0.048083924 0.009904281 -0.7112
          -0.048083924 0.009904281 -0.6858 -0.048083924 0.009904281 -0.6604
          -0.048083924 0.009904281 -0.635 -0.048083924 0.009904281 -0.6096
          -0.048083924 0.009904281 -0.5842 -0.048083924 0.009904281 -0.5588
          -0.048083924 0.009904281 -0.5334 -0.048083924 0.009904281 -0.508
          -0.048083924 0.009904281 -0.4826 -0.048083924 0.009904281 -0.4572
          -0.048083924 0.009904281 -0.4318 -0.048083924 0.009904281 -0.4064
          -0.048083924 0.009904281 -0.381 -0.048083924 0.009904281 -0.3556
          -0.048083924 0.009904281 -0.3302 -0.048083924 0.009904281 -0.3048
          -0.048083924 0.009904281 -0.2794 -0.048083924 0.009904281 -0.254
          -0.048083924 0.009904281 -0.2286 -0.048083924 0.009904281 -0.2032
          -0.048083924 0.009904281 -0.1778 -0.048083924 0.009904281 -0.1524
          -0.048083924 0.009904281 -0.127 -0.048083924 0.009904281 -0.1016
          -0.048083924 0.009904281 -0.0762 -0.048083924 0.009904281 -0.0508
          -0.048083924 0.009904281 -0.0254 -0.048083924 0.009904281 6.064623e-19
          -0.04736347 -0.010028324 -0.762 -0.04736347 -0.010028324 -0.7366
          -0.04736347 -0.010028324 -0.7112 -0.04736347 -0.010028324 -0.6858
          -0.04736347 -0.010028324 -0.6604 -0.04736347 -0.010028324 -0.635
          -0.04736347 -0.010028324 -0.6096 -0.04736347 -0.010028324 -0.5842
          -0.04736347 -0.010028324 -0.5588 -0.04736347 -0.010028324 -0.5334
          -0.04736347 -0.010028324 -0.508 -0.04736347 -0.010028324 -0.4826
          -0.04736347 -0.010028324 -0.4572 -0.04736347 -0.010028324 -0.4318
          -0.04736347 -0.010028324 -0.4064 -0.04736347 -0.010028324 -0.381
          -0.04736347 -0.010028324 -0.3556 -0.04736347 -0.010028324 -0.3302
          -0.04736347 -0.010028324 -0.3048 -0.04736347 -0.010028324 -0.2794
          -0.04736347 -0.010028324 -0.254 -0.04736347 -0.010028324 -0.2286
          -0.04736347 -0.010028324 -0.2032 -0.04736347 -0.010028324 -0.1778
          -0.04736347 -0.010028324 -0.1524 -0.04736347 -0.010028324 -0.127
          -0.04736347 -0.010028324 -0.1016 -0.04736347 -0.010028324 -0.0762
          -0.04736347 -0.010028324 -0.0508 -0.04736347 -0.010028324 -0.0254
          -0.04736347 -0.010028324 -6.1405773e-19 -0.04140529 -0.005001298 -0.762
          -0.04140529 -0.005001298 -3.0624118e-19 -0.040449556 0.0030124874 -0.762
          -0.040449556 0.0030124874 1.8446165e-19 -0.03790821 0.011596215 -0.762
          -0.03790821 0.011596215 -0.7366 -0.03790821 0.011596215 -0.7112
          -0.03790821 0.011596215 -0.6858 -0.03790821 0.011596215 -0.6604
          -0.03790821 0.011596215 -0.635 -0.03790821 0.011596215 -0.6096
          -0.03790821 0.011596215 -0.5842 -0.03790821 0.011596215 -0.5588
          -0.03790821 0.011596215 -0.5334 -0.03790821 0.011596215 -0.508
          -0.03790821 0.011596215 -0.4826 -0.03790821 0.011596215 -0.4572
          -0.03790821 0.011596215 -0.4318 -0.03790821 0.011596215 -0.4064
          -0.03790821 0.011596215 -0.381 -0.03790821 0.011596215 -0.3556
          -0.03790821 0.011596215 -0.3302 -0.03790821 0.011596215 -0.3048
          -0.03790821 0.011596215 -0.2794 -0.03790821 0.011596215 -0.254
          -0.03790821 0.011596215 -0.2286 -0.03790821 0.011596215 -0.2032
          -0.03790821 0.011596215 -0.1778 -0.03790821 0.011596215 -0.1524
          -0.03790821 0.011596215 -0.127 -0.03790821 0.011596215 -0.1016
          -0.03790821 0.011596215 -0.0762 -0.03790821 0.011596215 -0.0508
          -0.03790821 0.011596215 -0.0254 -0.03790821 0.011596215 7.1006337e-19
          -0.037183326 -0.01169451 -0.762 -0.037183326 -0.01169451 -0.7366
          -0.037183326 -0.01169451 -0.7112 -0.037183326 -0.01169451 -0.6858
          -0.037183326 -0.01169451 -0.6604 -0.037183326 -0.01169451 -0.635
          -0.037183326 -0.01169451 -0.6096 -0.037183326 -0.01169451 -0.5842
          -0.037183326 -0.01169451 -0.5588 -0.037183326 -0.01169451 -0.5334
          -0.037183326 -0.01169451 -0.508 -0.037183326 -0.01169451 -0.4826
          -0.037183326 -0.01169451 -0.4572 -0.037183326 -0.01169451 -0.4318
          -0.037183326 -0.01169451 -0.4064 -0.037183326 -0.01169451 -0.381
          -0.037183326 -0.01169451 -0.3556 -0.037183326 -0.01169451 -0.3302
          -0.037183326 -0.01169451 -0.3048 -0.037183326 -0.01169451 -0.2794
          -0.037183326 -0.01169451 -0.254 -0.037183326 -0.01169451 -0.2286
          -0.037183326 -0.01169451 -0.2032 -0.037183326 -0.01169451 -0.1778
          -0.037183326 -0.01169451 -0.1524 -0.037183326 -0.01169451 -0.127
          -0.037183326 -0.01169451 -0.1016 -0.037183326 -0.01169451 -0.0762
          -0.037183326 -0.01169451 -0.0508 -0.037183326 -0.01169451 -0.0254
          -0.037183326 -0.01169451 -7.1608214e-19 -0.032226145 0.005770807 -0.762
          -0.032226145 0.005770807 3.5336003e-19 -0.031625256 -0.0033783547 -0.762
          -0.031625256 -0.0033783547 -2.0686457e-19 -0.027659303 0.012791229 -0.762
          -0.027659303 0.012791229 -0.7366 -0.027659303 0.012791229 -0.7112
          -0.027659303 0.012791229 -0.6858 -0.027659303 0.012791229 -0.6604
          -0.027659303 0.012791229 -0.635 -0.027659303 0.012791229 -0.6096
          -0.027659303 0.012791229 -0.5842 -0.027659303 0.012791229 -0.5588
          -0.027659303 0.012791229 -0.5334 -0.027659303 0.012791229 -0.508
          -0.027659303 0.012791229 -0.4826 -0.027659303 0.012791229 -0.4572
          -0.027659303 0.012791229 -0.4318 -0.027659303 0.012791229 -0.4064
          -0.027659303 0.012791229 -0.381 -0.027659303 0.012791229 -0.3556
          -0.027659303 0.012791229 -0.3302 -0.027659303 0.012791229 -0.3048
          -0.027659303 0.012791229 -0.2794 -0.027659303 0.012791229 -0.254
          -0.027659303 0.012791229 -0.2286 -0.027659303 0.012791229 -0.2032
          -0.027659303 0.012791229 -0.1778 -0.027659303 0.012791229 -0.1524
          -0.027659303 0.012791229 -0.127 -0.027659303 0.012791229 -0.1016
          -0.027659303 0.012791229 -0.0762 -0.027659303 0.012791229 -0.0508
          -0.027659303 0.012791229 -0.0254 -0.027659303 0.012791229 7.832369e-19
          -0.02693313 -0.012878859 -0.762 -0.02693313 -0.012878859 -0.7366
          -0.02693313 -0.012878859 -0.7112 -0.02693313 -0.012878859 -0.6858
          -0.02693313 -0.012878859 -0.6604 -0.02693313 -0.012878859 -0.635
          -0.02693313 -0.012878859 -0.6096 -0.02693313 -0.012878859 -0.5842
          -0.02693313 -0.012878859 -0.5588 -0.02693313 -0.012878859 -0.5334
          -0.02693313 -0.012878859 -0.508 -0.02693313 -0.012878859 -0.4826
          -0.02693313 -0.012878859 -0.4572 -0.02693313 -0.012878859 -0.4318
          -0.02693313 -0.012878859 -0.4064 -0.02693313 -0.012878859 -0.381
          -0.02693313 -0.012878859 -0.3556 -0.02693313 -0.012878859 -0.3302
          -0.02693313 -0.012878859 -0.3048 -0.02693313 -0.012878859 -0.2794
          -0.02693313 -0.012878859 -0.254 -0.02693313 -0.012878859 -0.2286
          -0.02693313 -0.012878859 -0.2032 -0.02693313 -0.012878859 -0.1778
          -0.02693313 -0.012878859 -0.1524 -0.02693313 -0.012878859 -0.127
          -0.02693313 -0.012878859 -0.1016 -0.02693313 -0.012878859 -0.0762
          -0.02693313 -0.012878859 -0.0508 -0.02693313 -0.012878859 -0.0254
          -0.02693313 -0.012878859 -7.886027e-19 -0.0234884 0.00483246 -0.762
          -0.0234884 0.00483246 2.9590285e-19 -0.020438338 -0.0046398733 -0.762
          -0.020438338 -0.0046398733 -2.841103e-19 -0.017410394 0.013986244 -0.762
          -0.017410394 0.013986244 -0.7366 -0.017410394 0.013986244 -0.7112
          -0.017410394 0.013986244 -0.6858 -0.017410394 0.013986244 -0.6604
          -0.017410394 0.013986244 -0.635 -0.017410394 0.013986244 -0.6096
          -0.017410394 0.013986244 -0.5842 -0.017410394 0.013986244 -0.5588
          -0.017410394 0.013986244 -0.5334 -0.017410394 0.013986244 -0.508
          -0.017410394 0.013986244 -0.4826 -0.017410394 0.013986244 -0.4572
          -0.017410394 0.013986244 -0.4318 -0.017410394 0.013986244 -0.4064
          -0.017410394 0.013986244 -0.381 -0.017410394 0.013986244 -0.3556
          -0.017410394 0.013986244 -0.3302 -0.017410394 0.013986244 -0.3048
          -0.017410394 0.013986244 -0.2794 -0.017410394 0.013986244 -0.254
          -0.017410394 0.013986244 -0.2286 -0.017410394 0.013986244 -0.2032
          -0.017410394 0.013986244 -0.1778 -0.017410394 0.013986244 -0.1524
          -0.017410394 0.013986244 -0.127 -0.017410394 0.013986244 -0.1016
          -0.017410394 0.013986244 -0.0762 -0.017410394 0.013986244 -0.0508
          -0.017410394 0.013986244 -0.0254 -0.017410394 0.013986244 8.564105e-19
          -0.016682934 -0.014063209 -0.762 -0.016682934 -0.014063209 -0.7366
          -0.016682934 -0.014063209 -0.7112 -0.016682934 -0.014063209 -0.6858
          -0.016682934 -0.014063209 -0.6604 -0.016682934 -0.014063209 -0.635
          -0.016682934 -0.014063209 -0.6096 -0.016682934 -0.014063209 -0.5842
          -0.016682934 -0.014063209 -0.5588 -0.016682934 -0.014063209 -0.5334
          -0.016682934 -0.014063209 -0.508 -0.016682934 -0.014063209 -0.4826
          -0.016682934 -0.014063209 -0.4572 -0.016682934 -0.014063209 -0.4318
          -0.016682934 -0.014063209 -0.4064 -0.016682934 -0.014063209 -0.381
          -0.016682934 -0.014063209 -0.3556 -0.016682934 -0.014063209 -0.3302
          -0.016682934 -0.014063209 -0.3048 -0.016682934 -0.014063209 -0.2794
          -0.016682934 -0.014063209 -0.254 -0.016682934 -0.014063209 -0.2286
          -0.016682934 -0.014063209 -0.2032 -0.016682934 -0.014063209 -0.1778
          -0.016682934 -0.014063209 -0.1524 -0.016682934 -0.014063209 -0.127
          -0.016682934 -0.014063209 -0.1016 -0.016682934 -0.014063209 -0.0762
          -0.016682934 -0.014063209 -0.0508 -0.016682934 -0.014063209 -0.0254
          -0.016682934 -0.014063209 -8.6112325e-19 -0.012048713 0.004623596 -0.762
          -0.012048713 0.004623596 2.831136e-19 -0.010848855 -0.00555196 -0.762
          -0.010848855 -0.00555196 -3.399595e-19 -0.007123131 0.014793973 -0.762
          -0.007123131 0.014793973 -0.7366 -0.007123131 0.014793973 -0.7112
          -0.007123131 0.014793973 -0.6858 -0.007123131 0.014793973 -0.6604
          -0.007123131 0.014793973 -0.635 -0.007123131 0.014793973 -0.6096
          -0.007123131 0.014793973 -0.5842 -0.007123131 0.014793973 -0.5588
          -0.007123131 0.014793973 -0.5334 -0.007123131 0.014793973 -0.508
          -0.007123131 0.014793973 -0.4826 -0.007123131 0.014793973 -0.4572
          -0.007123131 0.014793973 -0.4318 -0.007123131 0.014793973 -0.4064
          -0.007123131 0.014793973 -0.381 -0.007123131 0.014793973 -0.3556
          -0.007123131 0.014793973 -0.3302 -0.007123131 0.014793973 -0.3048
          -0.007123131 0.014793973 -0.2794 -0.007123131 0.014793973 -0.254
          -0.007123131 0.014793973 -0.2286 -0.007123131 0.014793973 -0.2032
          -0.007123131 0.014793973 -0.1778 -0.007123131 0.014793973 -0.1524
          -0.007123131 0.014793973 -0.127 -0.007123131 0.014793973 -0.1016
          -0.007123131 0.014793973 -0.0762 -0.007123131 0.014793973 -0.0508
          -0.007123131 0.014793973 -0.0254 -0.007123131 0.014793973 9.058696e-19
          -0.0063946736 -0.01485992 -0.762 -0.0063946736 -0.01485992 -0.7366
          -0.0063946736 -0.01485992 -0.7112 -0.0063946736 -0.01485992 -0.6858
          -0.0063946736 -0.01485992 -0.6604 -0.0063946736 -0.01485992 -0.635
          -0.0063946736 -0.01485992 -0.6096 -0.0063946736 -0.01485992 -0.5842
          -0.0063946736 -0.01485992 -0.5588 -0.0063946736 -0.01485992 -0.5334
          -0.0063946736 -0.01485992 -0.508 -0.0063946736 -0.01485992 -0.4826
          -0.0063946736 -0.01485992 -0.4572 -0.0063946736 -0.01485992 -0.4318
          -0.0063946736 -0.01485992 -0.4064 -0.0063946736 -0.01485992 -0.381
          -0.0063946736 -0.01485992 -0.3556 -0.0063946736 -0.01485992 -0.3302
          -0.0063946736 -0.01485992 -0.3048 -0.0063946736 -0.01485992 -0.2794
          -0.0063946736 -0.01485992 -0.254 -0.0063946736 -0.01485992 -0.2286
          -0.0063946736 -0.01485992 -0.2032 -0.0063946736 -0.01485992 -0.1778
          -0.0063946736 -0.01485992 -0.1524 -0.0063946736 -0.01485992 -0.127
          -0.0063946736 -0.01485992 -0.1016 -0.0063946736 -0.01485992 -0.0762
          -0.0063946736 -0.01485992 -0.0508 -0.0063946736 -0.01485992 -0.0254
          -0.0063946736 -0.01485992 -9.099077e-19 -0.005277738 -0.000267138 -0.762
          -0.005277738 -0.000267138 -1.6357485e-20 -0.0011339729 0.00709454 -0.762
          -0.0011339729 0.00709454 4.344153e-19 -0.00065052096 -0.006621622 -0.762
          -0.00065052096 -0.006621622 -4.0545741e-19 0.0031641326 0.015601703 -0.762
          0.0031641326 0.015601703 -0.7366 0.0031641326 0.015601703 -0.7112
          0.0031641326 0.015601703 -0.6858 0.0031641326 0.015601703 -0.6604
          0.0031641326 0.015601703 -0.635 0.0031641326 0.015601703 -0.6096
          0.0031641326 0.015601703 -0.5842 0.0031641326 0.015601703 -0.5588
          0.0031641326 0.015601703 -0.5334 0.0031641326 0.015601703 -0.508
          0.0031641326 0.015601703 -0.4826 0.0031641326 0.015601703 -0.4572
          0.0031641326 0.015601703 -0.4318 0.0031641326 0.015601703 -0.4064
          0.0031641326 0.015601703 -0.381 0.0031641326 0.015601703 -0.3556
          0.0031641326 0.015601703 -0.3302 0.0031641326 0.015601703 -0.3048
          0.0031641326 0.015601703 -0.2794 0.0031641326 0.015601703 -0.254
          0.0031641326 0.015601703 -0.2286 0.0031641326 0.015601703 -0.2032
          0.0031641326 0.015601703 -0.1778 0.0031641326 0.015601703 -0.1524
          0.0031641326 0.015601703 -0.127 0.0031641326 0.015601703 -0.1016
          0.0031641326 0.015601703 -0.0762 0.0031641326 0.015601703 -0.0508
          0.0031641326 0.015601703 -0.0254 0.0031641326 0.015601703 9.553288e-19
          0.0038935875 -0.015656631 -0.762 0.0038935875 -0.015656631 -0.7366
          0.0038935875 -0.015656631 -0.7112 0.0038935875 -0.015656631 -0.6858
          0.0038935875 -0.015656631 -0.6604 0.0038935875 -0.015656631 -0.635
          0.0038935875 -0.015656631 -0.6096 0.0038935875 -0.015656631 -0.5842
          0.0038935875 -0.015656631 -0.5588 0.0038935875 -0.015656631 -0.5334
          0.0038935875 -0.015656631 -0.508 0.0038935875 -0.015656631 -0.4826
          0.0038935875 -0.015656631 -0.4572 0.0038935875 -0.015656631 -0.4318
          0.0038935875 -0.015656631 -0.4064 0.0038935875 -0.015656631 -0.381
          0.0038935875 -0.015656631 -0.3556 0.0038935875 -0.015656631 -0.3302
          0.0038935875 -0.015656631 -0.3048 0.0038935875 -0.015656631 -0.2794
          0.0038935875 -0.015656631 -0.254 0.0038935875 -0.015656631 -0.2286
          0.0038935875 -0.015656631 -0.2032 0.0038935875 -0.015656631 -0.1778
          0.0038935875 -0.015656631 -0.1524 0.0038935875 -0.015656631 -0.127
          0.0038935875 -0.015656631 -0.1016 0.0038935875 -0.015656631 -0.0762
          0.0038935875 -0.015656631 -0.0508 0.0038935875 -0.015656631 -0.0254
          0.0038935875 -0.015656631 -9.586922e-19 0.0044047884 0.0001146456 -0.762
          0.0044047884 0.0001146456 7.0200185e-21 0.009149573 0.0077537457 -0.762
          0.009149573 0.0077537457 4.7478e-19 0.009579607 -0.007232749 -0.762
          0.009579607 -0.007232749 -4.4287814e-19 0.013462326 0.016242959 -0.762
          0.013462326 0.016242959 -0.7366 0.013462326 0.016242959 -0.7112
          0.013462326 0.016242959 -0.6858 0.013462326 0.016242959 -0.6604
          0.013462326 0.016242959 -0.635 0.013462326 0.016242959 -0.6096
          0.013462326 0.016242959 -0.5842 0.013462326 0.016242959 -0.5588
          0.013462326 0.016242959 -0.5334 0.013462326 0.016242959 -0.508
          0.013462326 0.016242959 -0.4826 0.013462326 0.016242959 -0.4572
          0.013462326 0.016242959 -0.4318 0.013462326 0.016242959 -0.4064
          0.013462326 0.016242959 -0.381 0.013462326 0.016242959 -0.3556
          0.013462326 0.016242959 -0.3302 0.013462326 0.016242959 -0.3048
          0.013462326 0.016242959 -0.2794 0.013462326 0.016242959 -0.254
          0.013462326 0.016242959 -0.2286 0.013462326 0.016242959 -0.2032
          0.013462326 0.016242959 -0.1778 0.013462326 0.016242959 -0.1524
          0.013462326 0.016242959 -0.127 0.013462326 0.016242959 -0.1016
          0.013462326 0.016242959 -0.0762 0.013462326 0.016242959 -0.0508
          0.013462326 0.016242959 -0.0254 0.013462326 0.016242959 9.945944e-19
          0.014192463 -0.016286427 -0.762 0.014192463 -0.016286427 -0.7366
          0.014192463 -0.016286427 -0.7112 0.014192463 -0.016286427 -0.6858
          0.014192463 -0.016286427 -0.6604 0.014192463 -0.016286427 -0.635
          0.014192463 -0.016286427 -0.6096 0.014192463 -0.016286427 -0.5842
          0.014192463 -0.016286427 -0.5588 0.014192463 -0.016286427 -0.5334
          0.014192463 -0.016286427 -0.508 0.014192463 -0.016286427 -0.4826
          0.014192463 -0.016286427 -0.4572 0.014192463 -0.016286427 -0.4318
          0.014192463 -0.016286427 -0.4064 0.014192463 -0.016286427 -0.381
          0.014192463 -0.016286427 -0.3556 0.014192463 -0.016286427 -0.3302
          0.014192463 -0.016286427 -0.3048 0.014192463 -0.016286427 -0.2794
          0.014192463 -0.016286427 -0.254 0.014192463 -0.016286427 -0.2286
          0.014192463 -0.016286427 -0.2032 0.014192463 -0.016286427 -0.1778
          0.014192463 -0.016286427 -0.1524 0.014192463 -0.016286427 -0.127
          0.014192463 -0.016286427 -0.1016 0.014192463 -0.016286427 -0.0762
          0.014192463 -0.016286427 -0.0508 0.014192463 -0.016286427 -0.0254
          0.014192463 -0.016286427 -9.972561e-19 0.014761783 -0.0000389035 -0.762
          0.014761783 -0.0000389035 -2.3821525e-21 0.019335534 0.008004366 -0.762
          0.019335534 0.008004366 4.901261e-19 0.019797346 -0.00806936 -0.762
          0.019797346 -0.00806936 -4.941058e-19 0.02376052 0.016884215 -0.762
          0.02376052 0.016884215 -0.7366 0.02376052 0.016884215 -0.7112
          0.02376052 0.016884215 -0.6858 0.02376052 0.016884215 -0.6604
          0.02376052 0.016884215 -0.635 0.02376052 0.016884215 -0.6096
          0.02376052 0.016884215 -0.5842 0.02376052 0.016884215 -0.5588
          0.02376052 0.016884215 -0.5334 0.02376052 0.016884215 -0.508
          0.02376052 0.016884215 -0.4826 0.02376052 0.016884215 -0.4572
          0.02376052 0.016884215 -0.4318 0.02376052 0.016884215 -0.4064
          0.02376052 0.016884215 -0.381 0.02376052 0.016884215 -0.3556
          0.02376052 0.016884215 -0.3302 0.02376052 0.016884215 -0.3048
          0.02376052 0.016884215 -0.2794 0.02376052 0.016884215 -0.254
          0.02376052 0.016884215 -0.2286 0.02376052 0.016884215 -0.2032
          0.02376052 0.016884215 -0.1778 0.02376052 0.016884215 -0.1524
          0.02376052 0.016884215 -0.127 0.02376052 0.016884215 -0.1016
          0.02376052 0.016884215 -0.0762 0.02376052 0.016884215 -0.0508
          0.02376052 0.016884215 -0.0254 0.02376052 0.016884215 1.03386e-18
          0.024491338 -0.016916225 -0.762 0.024491338 -0.016916225 -0.7366
          0.024491338 -0.016916225 -0.7112 0.024491338 -0.016916225 -0.6858
          0.024491338 -0.016916225 -0.6604 0.024491338 -0.016916225 -0.635
          0.024491338 -0.016916225 -0.6096 0.024491338 -0.016916225 -0.5842
          0.024491338 -0.016916225 -0.5588 0.024491338 -0.016916225 -0.5334
          0.024491338 -0.016916225 -0.508 0.024491338 -0.016916225 -0.4826
          0.024491338 -0.016916225 -0.4572 0.024491338 -0.016916225 -0.4318
          0.024491338 -0.016916225 -0.4064 0.024491338 -0.016916225 -0.381
          0.024491338 -0.016916225 -0.3556 0.024491338 -0.016916225 -0.3302
          0.024491338 -0.016916225 -0.3048 0.024491338 -0.016916225 -0.2794
          0.024491338 -0.016916225 -0.254 0.024491338 -0.016916225 -0.2286
          0.024491338 -0.016916225 -0.2032 0.024491338 -0.016916225 -0.1778
          0.024491338 -0.016916225 -0.1524 0.024491338 -0.016916225 -0.127
          0.024491338 -0.016916225 -0.1016 0.024491338 -0.016916225 -0.0762
          0.024491338 -0.016916225 -0.0508 0.024491338 -0.016916225 -0.0254
          0.024491338 -0.016916225 -1.0358201e-18 0.0248327 -0.00005567816 -0.762
          0.0248327 -0.00005567816 -3.409304e-21 0.029632067 0.0084285885 -0.762
          0.029632067 0.0084285885 5.161022e-19 0.030029986 -0.008430861 -0.762
          0.030029986 -0.008430861 -5.1624135e-19 0.034070008 0.01733577 -0.762
          0.034070008 0.01733577 -0.7366 0.034070008 0.01733577 -0.7112
          0.034070008 0.01733577 -0.6858 0.034070008 0.01733577 -0.6604
          0.034070008 0.01733577 -0.635 0.034070008 0.01733577 -0.6096
          0.034070008 0.01733577 -0.5842 0.034070008 0.01733577 -0.5588
          0.034070008 0.01733577 -0.5334 0.034070008 0.01733577 -0.508
          0.034070008 0.01733577 -0.4826 0.034070008 0.01733577 -0.4572
          0.034070008 0.01733577 -0.4318 0.034070008 0.01733577 -0.4064
          0.034070008 0.01733577 -0.381 0.034070008 0.01733577 -0.3556
          0.034070008 0.01733577 -0.3302 0.034070008 0.01733577 -0.3048
          0.034070008 0.01733577 -0.2794 0.034070008 0.01733577 -0.254
          0.034070008 0.01733577 -0.2286 0.034070008 0.01733577 -0.2032
          0.034070008 0.01733577 -0.1778 0.034070008 0.01733577 -0.1524
          0.034070008 0.01733577 -0.127 0.034070008 0.01733577 -0.1016
          0.034070008 0.01733577 -0.0762 0.034070008 0.01733577 -0.0508
          0.034070008 0.01733577 -0.0254 0.034070008 0.01733577 1.0615098e-18
          0.034800828 -0.01736778 -0.762 0.034800828 -0.01736778 -0.7366
          0.034800828 -0.01736778 -0.7112 0.034800828 -0.01736778 -0.6858
          0.034800828 -0.01736778 -0.6604 0.034800828 -0.01736778 -0.635
          0.034800828 -0.01736778 -0.6096 0.034800828 -0.01736778 -0.5842
          0.034800828 -0.01736778 -0.5588 0.034800828 -0.01736778 -0.5334
          0.034800828 -0.01736778 -0.508 0.034800828 -0.01736778 -0.4826
          0.034800828 -0.01736778 -0.4572 0.034800828 -0.01736778 -0.4318
          0.034800828 -0.01736778 -0.4064 0.034800828 -0.01736778 -0.381
          0.034800828 -0.01736778 -0.3556 0.034800828 -0.01736778 -0.3302
          0.034800828 -0.01736778 -0.3048 0.034800828 -0.01736778 -0.2794
          0.034800828 -0.01736778 -0.254 0.034800828 -0.01736778 -0.2286
          0.034800828 -0.01736778 -0.2032 0.034800828 -0.01736778 -0.1778
          0.034800828 -0.01736778 -0.1524 0.034800828 -0.01736778 -0.127
          0.034800828 -0.01736778 -0.1016 0.034800828 -0.01736778 -0.0762
          0.034800828 -0.01736778 -0.0508 0.034800828 -0.01736778 -0.0254
          0.034800828 -0.01736778 -1.0634698e-18 0.035033546 -0.000048215963 -0.762
          0.035033546 -0.000048215963 -2.9523762e-21 0.03977997 0.008713249 -0.762
          0.03977997 0.008713249 5.3353263e-19 0.040196963 -0.008800723 -0.762
          0.040196963 -0.008800723 -5.388889e-19 0.044379495 0.017787326 -0.762
          0.044379495 0.017787326 -0.7366 0.044379495 0.017787326 -0.7112
          0.044379495 0.017787326 -0.6858 0.044379495 0.017787326 -0.6604
          0.044379495 0.017787326 -0.635 0.044379495 0.017787326 -0.6096
          0.044379495 0.017787326 -0.5842 0.044379495 0.017787326 -0.5588
          0.044379495 0.017787326 -0.5334 0.044379495 0.017787326 -0.508
          0.044379495 0.017787326 -0.4826 0.044379495 0.017787326 -0.4572
          0.044379495 0.017787326 -0.4318 0.044379495 0.017787326 -0.4064
          0.044379495 0.017787326 -0.381 0.044379495 0.017787326 -0.3556
          0.044379495 0.017787326 -0.3302 0.044379495 0.017787326 -0.3048
          0.044379495 0.017787326 -0.2794 0.044379495 0.017787326 -0.254
          0.044379495 0.017787326 -0.2286 0.044379495 0.017787326 -0.2032
          0.044379495 0.017787326 -0.1778 0.044379495 0.017787326 -0.1524
          0.044379495 0.017787326 -0.127 0.044379495 0.017787326 -0.1016
          0.044379495 0.017787326 -0.0762 0.044379495 0.017787326 -0.0508
          0.044379495 0.017787326 -0.0254 0.044379495 0.017787326 1.0891596e-18
          0.04511031 -0.017819336 -0.762 0.04511031 -0.017819336 -0.7366
          0.04511031 -0.017819336 -0.7112 0.04511031 -0.017819336 -0.6858
          0.04511031 -0.017819336 -0.6604 0.04511031 -0.017819336 -0.635
          0.04511031 -0.017819336 -0.6096 0.04511031 -0.017819336 -0.5842
          0.04511031 -0.017819336 -0.5588 0.04511031 -0.017819336 -0.5334
          0.04511031 -0.017819336 -0.508 0.04511031 -0.017819336 -0.4826
          0.04511031 -0.017819336 -0.4572 0.04511031 -0.017819336 -0.4318
          0.04511031 -0.017819336 -0.4064 0.04511031 -0.017819336 -0.381
          0.04511031 -0.017819336 -0.3556 0.04511031 -0.017819336 -0.3302
          0.04511031 -0.017819336 -0.3048 0.04511031 -0.017819336 -0.2794
          0.04511031 -0.017819336 -0.254 0.04511031 -0.017819336 -0.2286
          0.04511031 -0.017819336 -0.2032 0.04511031 -0.017819336 -0.1778
          0.04511031 -0.017819336 -0.1524 0.04511031 -0.017819336 -0.127
          0.04511031 -0.017819336 -0.1016 0.04511031 -0.017819336 -0.0762
          0.04511031 -0.017819336 -0.0508 0.04511031 -0.017819336 -0.0254
          0.04511031 -0.017819336 -1.0911196e-18 0.045264304 -0.000034363475 -0.762
          0.045264304 -0.000034363475 -2.104156e-21 0.049935833 0.009023079 -0.762
          0.049935833 0.009023079 5.5250423e-19 0.050427977 -0.008951111 -0.762
          0.050427977 -0.008951111 -5.480974e-19 0.054697208 0.017956572 -0.762
          0.054697208 0.017956572 -0.7366 0.054697208 0.017956572 -0.7112
          0.054697208 0.017956572 -0.6858 0.054697208 0.017956572 -0.6604
          0.054697208 0.017956572 -0.635 0.054697208 0.017956572 -0.6096
          0.054697208 0.017956572 -0.5842 0.054697208 0.017956572 -0.5588
          0.054697208 0.017956572 -0.5334 0.054697208 0.017956572 -0.508
          0.054697208 0.017956572 -0.4826 0.054697208 0.017956572 -0.4572
          0.054697208 0.017956572 -0.4318 0.054697208 0.017956572 -0.4064
          0.054697208 0.017956572 -0.381 0.054697208 0.017956572 -0.3556
          0.054697208 0.017956572 -0.3302 0.054697208 0.017956572 -0.3048
          0.054697208 0.017956572 -0.2794 0.054697208 0.017956572 -0.254
          0.054697208 0.017956572 -0.2286 0.054697208 0.017956572 -0.2032
          0.054697208 0.017956572 -0.1778 0.054697208 0.017956572 -0.1524
          0.054697208 0.017956572 -0.127 0.054697208 0.017956572 -0.1016
          0.054697208 0.017956572 -0.0762 0.054697208 0.017956572 -0.0508
          0.054697208 0.017956572 -0.0254 0.054697208 0.017956572 1.0995229e-18
          0.05542834 -0.017977878 -0.762 0.05542834 -0.017977878 -0.7366
          0.05542834 -0.017977878 -0.7112 0.05542834 -0.017977878 -0.6858
          0.05542834 -0.017977878 -0.6604 0.05542834 -0.017977878 -0.635
          0.05542834 -0.017977878 -0.6096 0.05542834 -0.017977878 -0.5842
          0.05542834 -0.017977878 -0.5588 0.05542834 -0.017977878 -0.5334
          0.05542834 -0.017977878 -0.508 0.05542834 -0.017977878 -0.4826
          0.05542834 -0.017977878 -0.4572 0.05542834 -0.017977878 -0.4318
          0.05542834 -0.017977878 -0.4064 0.05542834 -0.017977878 -0.381
          0.05542834 -0.017977878 -0.3556 0.05542834 -0.017977878 -0.3302
          0.05542834 -0.017977878 -0.3048 0.05542834 -0.017977878 -0.2794
          0.05542834 -0.017977878 -0.254 0.05542834 -0.017977878 -0.2286
          0.05542834 -0.017977878 -0.2032 0.05542834 -0.017977878 -0.1778
          0.05542834 -0.017977878 -0.1524 0.05542834 -0.017977878 -0.127
          0.05542834 -0.017977878 -0.1016 0.05542834 -0.017977878 -0.0762
          0.05542834 -0.017977878 -0.0508 0.05542834 -0.017977878 -0.0254
          0.05542834 -0.017977878 -1.1008276e-18 0.05570294 -0.00010685306 -0.762
          0.05570294 -0.00010685306 -6.542863e-21 0.060230646 0.008981264 -0.762
          0.060230646 0.008981264 5.4994384e-19 0.060716067 -0.009112605 -0.762
          0.060716067 -0.009112605 -5.579861e-19 0.06501492 0.018125817 -0.762
          0.06501492 0.018125817 -0.7366 0.06501492 0.018125817 -0.7112
          0.06501492 0.018125817 -0.6858 0.06501492 0.018125817 -0.6604
          0.06501492 0.018125817 -0.635 0.06501492 0.018125817 -0.6096
          0.06501492 0.018125817 -0.5842 0.06501492 0.018125817 -0.5588
          0.06501492 0.018125817 -0.5334 0.06501492 0.018125817 -0.508
          0.06501492 0.018125817 -0.4826 0.06501492 0.018125817 -0.4572
          0.06501492 0.018125817 -0.4318 0.06501492 0.018125817 -0.4064
          0.06501492 0.018125817 -0.381 0.06501492 0.018125817 -0.3556
          0.06501492 0.018125817 -0.3302 0.06501492 0.018125817 -0.3048
          0.06501492 0.018125817 -0.2794 0.06501492 0.018125817 -0.254
          0.06501492 0.018125817 -0.2286 0.06501492 0.018125817 -0.2032
          0.06501492 0.018125817 -0.1778 0.06501492 0.018125817 -0.1524
          0.06501492 0.018125817 -0.127 0.06501492 0.018125817 -0.1016
          0.06501492 0.018125817 -0.0762 0.06501492 0.018125817 -0.0508
          0.06501492 0.018125817 -0.0254 0.06501492 0.018125817 1.1098861e-18
          0.06570664 -0.00018476974 -0.762 0.06570664 -0.00018476974 -1.1313884e-20
          0.06574637 -0.018136423 -0.762 0.06574637 -0.018136423 -0.7366
          0.06574637 -0.018136423 -0.7112 0.06574637 -0.018136423 -0.6858
          0.06574637 -0.018136423 -0.6604 0.06574637 -0.018136423 -0.635
          0.06574637 -0.018136423 -0.6096 0.06574637 -0.018136423 -0.5842
          0.06574637 -0.018136423 -0.5588 0.06574637 -0.018136423 -0.5334
          0.06574637 -0.018136423 -0.508 0.06574637 -0.018136423 -0.4826
          0.06574637 -0.018136423 -0.4572 0.06574637 -0.018136423 -0.4318
          0.06574637 -0.018136423 -0.4064 0.06574637 -0.018136423 -0.381
          0.06574637 -0.018136423 -0.3556 0.06574637 -0.018136423 -0.3302
          0.06574637 -0.018136423 -0.3048 0.06574637 -0.018136423 -0.2794
          0.06574637 -0.018136423 -0.254 0.06574637 -0.018136423 -0.2286
          0.06574637 -0.018136423 -0.2032 0.06574637 -0.018136423 -0.1778
          0.06574637 -0.018136423 -0.1524 0.06574637 -0.018136423 -0.127
          0.06574637 -0.018136423 -0.1016 0.06574637 -0.018136423 -0.0762
          0.06574637 -0.018136423 -0.0508 0.06574637 -0.018136423 -0.0254
          0.06574637 -0.018136423 -1.1105356e-18 0.070352115 0.0090244 -0.762
          0.070352115 0.0090244 5.5258514e-19 0.070831366 -0.00925062 -0.762
          0.070831366 -0.00925062 -5.6643715e-19 0.07533307 0.018128935 -0.762
          0.07533307 0.018128935 -0.7366 0.07533307 0.018128935 -0.7112
          0.07533307 0.018128935 -0.6858 0.07533307 0.018128935 -0.6604
          0.07533307 0.018128935 -0.635 0.07533307 0.018128935 -0.6096
          0.07533307 0.018128935 -0.5842 0.07533307 0.018128935 -0.5588
          0.07533307 0.018128935 -0.5334 0.07533307 0.018128935 -0.508
          0.07533307 0.018128935 -0.4826 0.07533307 0.018128935 -0.4572
          0.07533307 0.018128935 -0.4318 0.07533307 0.018128935 -0.4064
          0.07533307 0.018128935 -0.381 0.07533307 0.018128935 -0.3556
          0.07533307 0.018128935 -0.3302 0.07533307 0.018128935 -0.3048
          0.07533307 0.018128935 -0.2794 0.07533307 0.018128935 -0.254
          0.07533307 0.018128935 -0.2286 0.07533307 0.018128935 -0.2032
          0.07533307 0.018128935 -0.1778 0.07533307 0.018128935 -0.1524
          0.07533307 0.018128935 -0.127 0.07533307 0.018128935 -0.1016
          0.07533307 0.018128935 -0.0762 0.07533307 0.018128935 -0.0508
          0.07533307 0.018128935 -0.0254 0.07533307 0.018128935 1.1100771e-18
          0.075725414 -0.00012838599 -0.762 0.075725414 -0.00012838599 -7.861374e-21
          0.0760645 -0.018128205 -0.762 0.0760645 -0.018128205 -0.7366
          0.0760645 -0.018128205 -0.7112 0.0760645 -0.018128205 -0.6858
          0.0760645 -0.018128205 -0.6604 0.0760645 -0.018128205 -0.635
          0.0760645 -0.018128205 -0.6096 0.0760645 -0.018128205 -0.5842
          0.0760645 -0.018128205 -0.5588 0.0760645 -0.018128205 -0.5334
          0.0760645 -0.018128205 -0.508 0.0760645 -0.018128205 -0.4826
          0.0760645 -0.018128205 -0.4572 0.0760645 -0.018128205 -0.4318
          0.0760645 -0.018128205 -0.4064 0.0760645 -0.018128205 -0.381
          0.0760645 -0.018128205 -0.3556 0.0760645 -0.018128205 -0.3302
          0.0760645 -0.018128205 -0.3048 0.0760645 -0.018128205 -0.2794
          0.0760645 -0.018128205 -0.254 0.0760645 -0.018128205 -0.2286
          0.0760645 -0.018128205 -0.2032 0.0760645 -0.018128205 -0.1778
          0.0760645 -0.018128205 -0.1524 0.0760645 -0.018128205 -0.127
          0.0760645 -0.018128205 -0.1016 0.0760645 -0.018128205 -0.0762
          0.0760645 -0.018128205 -0.0508 0.0760645 -0.018128205 -0.0254
          0.0760645 -0.018128205 -1.1100323e-18 0.08054864 0.008976462 -0.762
          0.08054864 0.008976462 5.496498e-19 0.081009395 -0.009189388 -0.762
          0.081009395 -0.009189388 -5.626877e-19 0.085651204 0.018132055 -0.762
          0.085651204 0.018132055 -0.7366 0.085651204 0.018132055 -0.7112
          0.085651204 0.018132055 -0.6858 0.085651204 0.018132055 -0.6604
          0.085651204 0.018132055 -0.635 0.085651204 0.018132055 -0.6096
          0.085651204 0.018132055 -0.5842 0.085651204 0.018132055 -0.5588
          0.085651204 0.018132055 -0.5334 0.085651204 0.018132055 -0.508
          0.085651204 0.018132055 -0.4826 0.085651204 0.018132055 -0.4572
          0.085651204 0.018132055 -0.4318 0.085651204 0.018132055 -0.4064
          0.085651204 0.018132055 -0.381 0.085651204 0.018132055 -0.3556
          0.085651204 0.018132055 -0.3302 0.085651204 0.018132055 -0.3048
          0.085651204 0.018132055 -0.2794 0.085651204 0.018132055 -0.254
          0.085651204 0.018132055 -0.2286 0.085651204 0.018132055 -0.2032
          0.085651204 0.018132055 -0.1778 0.085651204 0.018132055 -0.1524
          0.085651204 0.018132055 -0.127 0.085651204 0.018132055 -0.1016
          0.085651204 0.018132055 -0.0762 0.085651204 0.018132055 -0.0508
          0.085651204 0.018132055 -0.0254 0.085651204 0.018132055 1.1102682e-18
          0.085904345 -0.00014640034 -0.762 0.085904345 -0.00014640034 -8.964436e-21
          0.08638263 -0.018119987 -0.762 0.08638263 -0.018119987 -0.7366
          0.08638263 -0.018119987 -0.7112 0.08638263 -0.018119987 -0.6858
          0.08638263 -0.018119987 -0.6604 0.08638263 -0.018119987 -0.635
          0.08638263 -0.018119987 -0.6096 0.08638263 -0.018119987 -0.5842
          0.08638263 -0.018119987 -0.5588 0.08638263 -0.018119987 -0.5334
          0.08638263 -0.018119987 -0.508 0.08638263 -0.018119987 -0.4826
          0.08638263 -0.018119987 -0.4572 0.08638263 -0.018119987 -0.4318
          0.08638263 -0.018119987 -0.4064 0.08638263 -0.018119987 -0.381
          0.08638263 -0.018119987 -0.3556 0.08638263 -0.018119987 -0.3302
          0.08638263 -0.018119987 -0.3048 0.08638263 -0.018119987 -0.2794
          0.08638263 -0.018119987 -0.254 0.08638263 -0.018119987 -0.2286
          0.08638263 -0.018119987 -0.2032 0.08638263 -0.018119987 -0.1778
          0.08638263 -0.018119987 -0.1524 0.08638263 -0.018119987 -0.127
          0.08638263 -0.018119987 -0.1016 0.08638263 -0.018119987 -0.0762
          0.08638263 -0.018119987 -0.0508 0.08638263 -0.018119987 -0.0254
          0.08638263 -0.018119987 -1.1095292e-18 0.090778746 0.0090863295 -0.762
          0.090778746 0.0090863295 5.563772e-19 0.0912631 -0.009014123 -0.762
          0.0912631 -0.009014123 -5.5195586e-19 0.09596917 0.01796181 -0.762
          0.09596917 0.01796181 -0.7366 0.09596917 0.01796181 -0.7112
          0.09596917 0.01796181 -0.6858 0.09596917 0.01796181 -0.6604
          0.09596917 0.01796181 -0.635 0.09596917 0.01796181 -0.6096
          0.09596917 0.01796181 -0.5842 0.09596917 0.01796181 -0.5588
          0.09596917 0.01796181 -0.5334 0.09596917 0.01796181 -0.508
          0.09596917 0.01796181 -0.4826 0.09596917 0.01796181 -0.4572
          0.09596917 0.01796181 -0.4318 0.09596917 0.01796181 -0.4064
          0.09596917 0.01796181 -0.381 0.09596917 0.01796181 -0.3556
          0.09596917 0.01796181 -0.3302 0.09596917 0.01796181 -0.3048
          0.09596917 0.01796181 -0.2794 0.09596917 0.01796181 -0.254
          0.09596917 0.01796181 -0.2286 0.09596917 0.01796181 -0.2032
          0.09596917 0.01796181 -0.1778 0.09596917 0.01796181 -0.1524
          0.09596917 0.01796181 -0.127 0.09596917 0.01796181 -0.1016
          0.09596917 0.01796181 -0.0762 0.09596917 0.01796181 -0.0508
          0.09596917 0.01796181 -0.0254 0.09596917 0.01796181 1.0998435e-18
          0.09608099 0.000014650583 -0.762 0.09608099 0.000014650583 8.970895e-22
          0.09670034 -0.017942967 -0.762 0.09670034 -0.017942967 -0.7366
          0.09670034 -0.017942967 -0.7112 0.09670034 -0.017942967 -0.6858
          0.09670034 -0.017942967 -0.6604 0.09670034 -0.017942967 -0.635
          0.09670034 -0.017942967 -0.6096 0.09670034 -0.017942967 -0.5842
          0.09670034 -0.017942967 -0.5588 0.09670034 -0.017942967 -0.5334
          0.09670034 -0.017942967 -0.508 0.09670034 -0.017942967 -0.4826
          0.09670034 -0.017942967 -0.4572 0.09670034 -0.017942967 -0.4318
          0.09670034 -0.017942967 -0.4064 0.09670034 -0.017942967 -0.381
          0.09670034 -0.017942967 -0.3556 0.09670034 -0.017942967 -0.3302
          0.09670034 -0.017942967 -0.3048 0.09670034 -0.017942967 -0.2794
          0.09670034 -0.017942967 -0.254 0.09670034 -0.017942967 -0.2286
          0.09670034 -0.017942967 -0.2032 0.09670034 -0.017942967 -0.1778
          0.09670034 -0.017942967 -0.1524 0.09670034 -0.017942967 -0.127
          0.09670034 -0.017942967 -0.1016 0.09670034 -0.017942967 -0.0762
          0.09670034 -0.017942967 -0.0508 0.09670034 -0.017942967 -0.0254
          0.09670034 -0.017942967 -1.0986898e-18 0.101151176 0.008866023 -0.762
          0.101151176 0.008866023 5.4288737e-19 0.101660915 -0.008978172 -0.762
          0.101660915 -0.008978172 -5.4975447e-19 0.10628714 0.017791562 -0.762
          0.10628714 0.017791562 -0.7366 0.10628714 0.017791562 -0.7112
          0.10628714 0.017791562 -0.6858 0.10628714 0.017791562 -0.6604
          0.10628714 0.017791562 -0.635 0.10628714 0.017791562 -0.6096
          0.10628714 0.017791562 -0.5842 0.10628714 0.017791562 -0.5588
          0.10628714 0.017791562 -0.5334 0.10628714 0.017791562 -0.508
          0.10628714 0.017791562 -0.4826 0.10628714 0.017791562 -0.4572
          0.10628714 0.017791562 -0.4318 0.10628714 0.017791562 -0.4064
          0.10628714 0.017791562 -0.381 0.10628714 0.017791562 -0.3556
          0.10628714 0.017791562 -0.3302 0.10628714 0.017791562 -0.3048
          0.10628714 0.017791562 -0.2794 0.10628714 0.017791562 -0.254
          0.10628714 0.017791562 -0.2286 0.10628714 0.017791562 -0.2032
          0.10628714 0.017791562 -0.1778 0.10628714 0.017791562 -0.1524
          0.10628714 0.017791562 -0.127 0.10628714 0.017791562 -0.1016
          0.10628714 0.017791562 -0.0762 0.10628714 0.017791562 -0.0508
          0.10628714 0.017791562 -0.0254 0.10628714 0.017791562 1.089419e-18
          0.10633268 -0.00005045131 -0.762 0.10633268 -0.00005045131 -3.0892516e-21
          0.10701806 -0.017765945 -0.762 0.10701806 -0.017765945 -0.7366
          0.10701806 -0.017765945 -0.7112 0.10701806 -0.017765945 -0.6858
          0.10701806 -0.017765945 -0.6604 0.10701806 -0.017765945 -0.635
          0.10701806 -0.017765945 -0.6096 0.10701806 -0.017765945 -0.5842
          0.10701806 -0.017765945 -0.5588 0.10701806 -0.017765945 -0.5334
          0.10701806 -0.017765945 -0.508 0.10701806 -0.017765945 -0.4826
          0.10701806 -0.017765945 -0.4572 0.10701806 -0.017765945 -0.4318
          0.10701806 -0.017765945 -0.4064 0.10701806 -0.017765945 -0.381
          0.10701806 -0.017765945 -0.3556 0.10701806 -0.017765945 -0.3302
          0.10701806 -0.017765945 -0.3048 0.10701806 -0.017765945 -0.2794
          0.10701806 -0.017765945 -0.254 0.10701806 -0.017765945 -0.2286
          0.10701806 -0.017765945 -0.2032 0.10701806 -0.017765945 -0.1778
          0.10701806 -0.017765945 -0.1524 0.10701806 -0.017765945 -0.127
          0.10701806 -0.017765945 -0.1016 0.10701806 -0.017765945 -0.0762
          0.10701806 -0.017765945 -0.0508 0.10701806 -0.017765945 -0.0254
          0.10701806 -0.017765945 -1.0878505e-18 0.11124605 0.00862778 -0.762
          0.11124605 0.00862778 5.2829916e-19 0.11174103 -0.0087579265 -0.762
          0.11174103 -0.0087579265 -5.362683e-19 0.11634563 0.000035553192 -0.762
          0.11634563 0.000035553192 2.1770053e-21 0.116590306 0.01721628 -0.762
          0.116590306 0.01721628 -0.7366 0.116590306 0.01721628 -0.7112
          0.116590306 0.01721628 -0.6858 0.116590306 0.01721628 -0.6604
          0.116590306 0.01721628 -0.635 0.116590306 0.01721628 -0.6096
          0.116590306 0.01721628 -0.5842 0.116590306 0.01721628 -0.5588
          0.116590306 0.01721628 -0.5334 0.116590306 0.01721628 -0.508
          0.116590306 0.01721628 -0.4826 0.116590306 0.01721628 -0.4572
          0.116590306 0.01721628 -0.4318 0.116590306 0.01721628 -0.4064
          0.116590306 0.01721628 -0.381 0.116590306 0.01721628 -0.3556
          0.116590306 0.01721628 -0.3302 0.116590306 0.01721628 -0.3048
          0.116590306 0.01721628 -0.2794 0.116590306 0.01721628 -0.254
          0.116590306 0.01721628 -0.2286 0.116590306 0.01721628 -0.2032
          0.116590306 0.01721628 -0.1778 0.116590306 0.01721628 -0.1524
          0.116590306 0.01721628 -0.127 0.116590306 0.01721628 -0.1016
          0.116590306 0.01721628 -0.0762 0.116590306 0.01721628 -0.0508
          0.116590306 0.01721628 -0.0254 0.116590306 0.01721628 1.0541931e-18
          0.11732095 -0.017182803 -0.762 0.11732095 -0.017182803 -0.7366
          0.11732095 -0.017182803 -0.7112 0.11732095 -0.017182803 -0.6858
          0.11732095 -0.017182803 -0.6604 0.11732095 -0.017182803 -0.635
          0.11732095 -0.017182803 -0.6096 0.11732095 -0.017182803 -0.5842
          0.11732095 -0.017182803 -0.5588 0.11732095 -0.017182803 -0.5334
          0.11732095 -0.017182803 -0.508 0.11732095 -0.017182803 -0.4826
          0.11732095 -0.017182803 -0.4572 0.11732095 -0.017182803 -0.4318
          0.11732095 -0.017182803 -0.4064 0.11732095 -0.017182803 -0.381
          0.11732095 -0.017182803 -0.3556 0.11732095 -0.017182803 -0.3302
          0.11732095 -0.017182803 -0.3048 0.11732095 -0.017182803 -0.2794
          0.11732095 -0.017182803 -0.254 0.11732095 -0.017182803 -0.2286
          0.11732095 -0.017182803 -0.2032 0.11732095 -0.017182803 -0.1778
          0.11732095 -0.017182803 -0.1524 0.11732095 -0.017182803 -0.127
          0.11732095 -0.017182803 -0.1016 0.11732095 -0.017182803 -0.0762
          0.11732095 -0.017182803 -0.0508 0.11732095 -0.017182803 -0.0254
          0.11732095 -0.017182803 -1.0521432e-18 0.12130765 0.008384593 -0.762
          0.12130765 0.008384593 5.134082e-19 0.12178531 -0.008259587 -0.762
          0.12178531 -0.008259587 -5.0575384e-19 0.12619968 0.00009459464 -0.762
          0.12619968 0.00009459464 5.792251e-21 0.12689348 0.016640997 -0.762
          0.12689348 0.016640997 -0.7366 0.12689348 0.016640997 -0.7112
          0.12689348 0.016640997 -0.6858 0.12689348 0.016640997 -0.6604
          0.12689348 0.016640997 -0.635 0.12689348 0.016640997 -0.6096
          0.12689348 0.016640997 -0.5842 0.12689348 0.016640997 -0.5588
          0.12689348 0.016640997 -0.5334 0.12689348 0.016640997 -0.508
          0.12689348 0.016640997 -0.4826 0.12689348 0.016640997 -0.4572
          0.12689348 0.016640997 -0.4318 0.12689348 0.016640997 -0.4064
          0.12689348 0.016640997 -0.381 0.12689348 0.016640997 -0.3556
          0.12689348 0.016640997 -0.3302 0.12689348 0.016640997 -0.3048
          0.12689348 0.016640997 -0.2794 0.12689348 0.016640997 -0.254
          0.12689348 0.016640997 -0.2286 0.12689348 0.016640997 -0.2032
          0.12689348 0.016640997 -0.1778 0.12689348 0.016640997 -0.1524
          0.12689348 0.016640997 -0.127 0.12689348 0.016640997 -0.1016
          0.12689348 0.016640997 -0.0762 0.12689348 0.016640997 -0.0508
          0.12689348 0.016640997 -0.0254 0.12689348 0.016640997 1.0189672e-18
          0.12762383 -0.016599659 -0.762 0.12762383 -0.016599659 -0.7366
          0.12762383 -0.016599659 -0.7112 0.12762383 -0.016599659 -0.6858
          0.12762383 -0.016599659 -0.6604 0.12762383 -0.016599659 -0.635
          0.12762383 -0.016599659 -0.6096 0.12762383 -0.016599659 -0.5842
          0.12762383 -0.016599659 -0.5588 0.12762383 -0.016599659 -0.5334
          0.12762383 -0.016599659 -0.508 0.12762383 -0.016599659 -0.4826
          0.12762383 -0.016599659 -0.4572 0.12762383 -0.016599659 -0.4318
          0.12762383 -0.016599659 -0.4064 0.12762383 -0.016599659 -0.381
          0.12762383 -0.016599659 -0.3556 0.12762383 -0.016599659 -0.3302
          0.12762383 -0.016599659 -0.3048 0.12762383 -0.016599659 -0.2794
          0.12762383 -0.016599659 -0.254 0.12762383 -0.016599659 -0.2286
          0.12762383 -0.016599659 -0.2032 0.12762383 -0.016599659 -0.1778
          0.12762383 -0.016599659 -0.1524 0.12762383 -0.016599659 -0.127
          0.12762383 -0.016599659 -0.1016 0.12762383 -0.016599659 -0.0762
          0.12762383 -0.016599659 -0.0508 0.12762383 -0.016599659 -0.0254
          0.12762383 -0.016599659 -1.016436e-18 0.13133904 0.007628649 -0.762
          0.13133904 0.007628649 4.6712006e-19 0.13182566 -0.007873607 -0.762
          0.13182566 -0.007873607 -4.821194e-19 0.13648903 -0.000031710006 -0.762
          0.13648903 -0.000031710006 -1.9416778e-21 0.13717525 0.015799565 -0.762
          0.13717525 0.015799565 -0.7366 0.13717525 0.015799565 -0.7112
          0.13717525 0.015799565 -0.6858 0.13717525 0.015799565 -0.6604
          0.13717525 0.015799565 -0.635 0.13717525 0.015799565 -0.6096
          0.13717525 0.015799565 -0.5842 0.13717525 0.015799565 -0.5588
          0.13717525 0.015799565 -0.5334 0.13717525 0.015799565 -0.508
          0.13717525 0.015799565 -0.4826 0.13717525 0.015799565 -0.4572
          0.13717525 0.015799565 -0.4318 0.13717525 0.015799565 -0.4064
          0.13717525 0.015799565 -0.381 0.13717525 0.015799565 -0.3556
          0.13717525 0.015799565 -0.3302 0.13717525 0.015799565 -0.3048
          0.13717525 0.015799565 -0.2794 0.13717525 0.015799565 -0.254
          0.13717525 0.015799565 -0.2286 0.13717525 0.015799565 -0.2032
          0.13717525 0.015799565 -0.1778 0.13717525 0.015799565 -0.1524
          0.13717525 0.015799565 -0.127 0.13717525 0.015799565 -0.1016
          0.13717525 0.015799565 -0.0762 0.13717525 0.015799565 -0.0508
          0.13717525 0.015799565 -0.0254 0.13717525 0.015799565 9.674443e-19
          0.13790411 -0.015739981 -0.762 0.13790411 -0.015739981 -0.7366
          0.13790411 -0.015739981 -0.7112 0.13790411 -0.015739981 -0.6858
          0.13790411 -0.015739981 -0.6604 0.13790411 -0.015739981 -0.635
          0.13790411 -0.015739981 -0.6096 0.13790411 -0.015739981 -0.5842
          0.13790411 -0.015739981 -0.5588 0.13790411 -0.015739981 -0.5334
          0.13790411 -0.015739981 -0.508 0.13790411 -0.015739981 -0.4826
          0.13790411 -0.015739981 -0.4572 0.13790411 -0.015739981 -0.4318
          0.13790411 -0.015739981 -0.4064 0.13790411 -0.015739981 -0.381
          0.13790411 -0.015739981 -0.3556 0.13790411 -0.015739981 -0.3302
          0.13790411 -0.015739981 -0.3048 0.13790411 -0.015739981 -0.2794
          0.13790411 -0.015739981 -0.254 0.13790411 -0.015739981 -0.2286
          0.13790411 -0.015739981 -0.2032 0.13790411 -0.015739981 -0.1778
          0.13790411 -0.015739981 -0.1524 0.13790411 -0.015739981 -0.127
          0.13790411 -0.015739981 -0.1016 0.13790411 -0.015739981 -0.0762
          0.13790411 -0.015739981 -0.0508 0.13790411 -0.015739981 -0.0254
          0.13790411 -0.015739981 -9.637959e-19 0.14150377 0.00677449 -0.762
          0.14150377 0.00677449 4.1481784e-19 0.14209215 -0.00714493 -0.762
          0.14209215 -0.00714493 -4.375008e-19 0.14597389 0.00033054303 -0.762
          0.14597389 0.00033054303 2.0239922e-20 0.147457 0.014958132 -0.762
          0.147457 0.014958132 -0.7366 0.147457 0.014958132 -0.7112
          0.147457 0.014958132 -0.6858 0.147457 0.014958132 -0.6604
          0.147457 0.014958132 -0.635 0.147457 0.014958132 -0.6096
          0.147457 0.014958132 -0.5842 0.147457 0.014958132 -0.5588
          0.147457 0.014958132 -0.5334 0.147457 0.014958132 -0.508
          0.147457 0.014958132 -0.4826 0.147457 0.014958132 -0.4572
          0.147457 0.014958132 -0.4318 0.147457 0.014958132 -0.4064
          0.147457 0.014958132 -0.381 0.147457 0.014958132 -0.3556
          0.147457 0.014958132 -0.3302 0.147457 0.014958132 -0.3048
          0.147457 0.014958132 -0.2794 0.147457 0.014958132 -0.254
          0.147457 0.014958132 -0.2286 0.147457 0.014958132 -0.2032
          0.147457 0.014958132 -0.1778 0.147457 0.014958132 -0.1524
          0.147457 0.014958132 -0.127 0.147457 0.014958132 -0.1016
          0.147457 0.014958132 -0.0762 0.147457 0.014958132 -0.0508
          0.147457 0.014958132 -0.0254 0.147457 0.014958132 9.159214e-19
          0.14818437 -0.014880303 -0.762 0.14818437 -0.014880303 -0.7366
          0.14818437 -0.014880303 -0.7112 0.14818437 -0.014880303 -0.6858
          0.14818437 -0.014880303 -0.6604 0.14818437 -0.014880303 -0.635
          0.14818437 -0.014880303 -0.6096 0.14818437 -0.014880303 -0.5842
          0.14818437 -0.014880303 -0.5588 0.14818437 -0.014880303 -0.5334
          0.14818437 -0.014880303 -0.508 0.14818437 -0.014880303 -0.4826
          0.14818437 -0.014880303 -0.4572 0.14818437 -0.014880303 -0.4318
          0.14818437 -0.014880303 -0.4064 0.14818437 -0.014880303 -0.381
          0.14818437 -0.014880303 -0.3556 0.14818437 -0.014880303 -0.3302
          0.14818437 -0.014880303 -0.3048 0.14818437 -0.014880303 -0.2794
          0.14818437 -0.014880303 -0.254 0.14818437 -0.014880303 -0.2286
          0.14818437 -0.014880303 -0.2032 0.14818437 -0.014880303 -0.1778
          0.14818437 -0.014880303 -0.1524 0.14818437 -0.014880303 -0.127
          0.14818437 -0.014880303 -0.1016 0.14818437 -0.014880303 -0.0762
          0.14818437 -0.014880303 -0.0508 0.14818437 -0.014880303 -0.0254
          0.14818437 -0.014880303 -9.111558e-19 0.15162727 0.0055204686 -0.762
          0.15162727 0.0055204686 3.3803118e-19 0.15300915 -0.004573622 -0.762
          0.15300915 -0.004573622 -2.8005355e-19 0.15771642 0.0138500985 -0.762
          0.15771642 0.0138500985 -0.7366 0.15771642 0.0138500985 -0.7112
          0.15771642 0.0138500985 -0.6858 0.15771642 0.0138500985 -0.6604
          0.15771642 0.0138500985 -0.635 0.15771642 0.0138500985 -0.6096
          0.15771642 0.0138500985 -0.5842 0.15771642 0.0138500985 -0.5588
          0.15771642 0.0138500985 -0.5334 0.15771642 0.0138500985 -0.508
          0.15771642 0.0138500985 -0.4826 0.15771642 0.0138500985 -0.4572
          0.15771642 0.0138500985 -0.4318 0.15771642 0.0138500985 -0.4064
          0.15771642 0.0138500985 -0.381 0.15771642 0.0138500985 -0.3556
          0.15771642 0.0138500985 -0.3302 0.15771642 0.0138500985 -0.3048
          0.15771642 0.0138500985 -0.2794 0.15771642 0.0138500985 -0.254
          0.15771642 0.0138500985 -0.2286 0.15771642 0.0138500985 -0.2032
          0.15771642 0.0138500985 -0.1778 0.15771642 0.0138500985 -0.1524
          0.15771642 0.0138500985 -0.127 0.15771642 0.0138500985 -0.1016
          0.15771642 0.0138500985 -0.0762 0.15771642 0.0138500985 -0.0508
          0.15771642 0.0138500985 -0.0254 0.15771642 0.0138500985 8.4807395e-19
          0.1584408 -0.013750516 -0.762 0.1584408 -0.013750516 -0.7366
          0.1584408 -0.013750516 -0.7112 0.1584408 -0.013750516 -0.6858
          0.1584408 -0.013750516 -0.6604 0.1584408 -0.013750516 -0.635
          0.1584408 -0.013750516 -0.6096 0.1584408 -0.013750516 -0.5842
          0.1584408 -0.013750516 -0.5588 0.1584408 -0.013750516 -0.5334
          0.1584408 -0.013750516 -0.508 0.1584408 -0.013750516 -0.4826
          0.1584408 -0.013750516 -0.4572 0.1584408 -0.013750516 -0.4318
          0.1584408 -0.013750516 -0.4064 0.1584408 -0.013750516 -0.381
          0.1584408 -0.013750516 -0.3556 0.1584408 -0.013750516 -0.3302
          0.1584408 -0.013750516 -0.3048 0.1584408 -0.013750516 -0.2794
          0.1584408 -0.013750516 -0.254 0.1584408 -0.013750516 -0.2286
          0.1584408 -0.013750516 -0.2032 0.1584408 -0.013750516 -0.1778
          0.1584408 -0.013750516 -0.1524 0.1584408 -0.013750516 -0.127
          0.1584408 -0.013750516 -0.1016 0.1584408 -0.013750516 -0.0762
          0.1584408 -0.013750516 -0.0508 0.1584408 -0.013750516 -0.0254
          0.1584408 -0.013750516 -8.419763e-19 0.16103633 0.004303039 -0.762
          0.16103633 0.004303039 2.6348515e-19 0.16430758 -0.0047940933 -0.762
          0.16430758 -0.0047940933 -2.9355355e-19 0.16797583 0.012742066 -0.762
          0.16797583 0.012742066 -0.7366 0.16797583 0.012742066 -0.7112
          0.16797583 0.012742066 -0.6858 0.16797583 0.012742066 -0.6604
          0.16797583 0.012742066 -0.635 0.16797583 0.012742066 -0.6096
          0.16797583 0.012742066 -0.5842 0.16797583 0.012742066 -0.5588
          0.16797583 0.012742066 -0.5334 0.16797583 0.012742066 -0.508
          0.16797583 0.012742066 -0.4826 0.16797583 0.012742066 -0.4572
          0.16797583 0.012742066 -0.4318 0.16797583 0.012742066 -0.4064
          0.16797583 0.012742066 -0.381 0.16797583 0.012742066 -0.3556
          0.16797583 0.012742066 -0.3302 0.16797583 0.012742066 -0.3048
          0.16797583 0.012742066 -0.2794 0.16797583 0.012742066 -0.254
          0.16797583 0.012742066 -0.2286 0.16797583 0.012742066 -0.2032
          0.16797583 0.012742066 -0.1778 0.16797583 0.012742066 -0.1524
          0.16797583 0.012742066 -0.127 0.16797583 0.012742066 -0.1016
          0.16797583 0.012742066 -0.0762 0.16797583 0.012742066 -0.0508
          0.16797583 0.012742066 -0.0254 0.16797583 0.012742066 7.8022653e-19
          0.16869721 -0.012620728 -0.762 0.16869721 -0.012620728 -0.7366
          0.16869721 -0.012620728 -0.7112 0.16869721 -0.012620728 -0.6858
          0.16869721 -0.012620728 -0.6604 0.16869721 -0.012620728 -0.635
          0.16869721 -0.012620728 -0.6096 0.16869721 -0.012620728 -0.5842
          0.16869721 -0.012620728 -0.5588 0.16869721 -0.012620728 -0.5334
          0.16869721 -0.012620728 -0.508 0.16869721 -0.012620728 -0.4826
          0.16869721 -0.012620728 -0.4572 0.16869721 -0.012620728 -0.4318
          0.16869721 -0.012620728 -0.4064 0.16869721 -0.012620728 -0.381
          0.16869721 -0.012620728 -0.3556 0.16869721 -0.012620728 -0.3302
          0.16869721 -0.012620728 -0.3048 0.16869721 -0.012620728 -0.2794
          0.16869721 -0.012620728 -0.254 0.16869721 -0.012620728 -0.2286
          0.16869721 -0.012620728 -0.2032 0.16869721 -0.012620728 -0.1778
          0.16869721 -0.012620728 -0.1524 0.16869721 -0.012620728 -0.127
          0.16869721 -0.012620728 -0.1016 0.16869721 -0.012620728 -0.0762
          0.16869721 -0.012620728 -0.0508 0.16869721 -0.012620728 -0.0254
          0.16869721 -0.012620728 -7.7279674e-19 0.1715817 0.003073316 -0.762
          0.1715817 0.003073316 1.8818633e-19 0.17278339 -0.0052208137 -0.762
          0.17278339 -0.0052208137 -3.1968264e-19 0.17815225 0.011030392 -0.762
          0.17815225 0.011030392 -0.7366 0.17815225 0.011030392 -0.7112
          0.17815225 0.011030392 -0.6858 0.17815225 0.011030392 -0.6604
          0.17815225 0.011030392 -0.635 0.17815225 0.011030392 -0.6096
          0.17815225 0.011030392 -0.5842 0.17815225 0.011030392 -0.5588
          0.17815225 0.011030392 -0.5334 0.17815225 0.011030392 -0.508
          0.17815225 0.011030392 -0.4826 0.17815225 0.011030392 -0.4572
          0.17815225 0.011030392 -0.4318 0.17815225 0.011030392 -0.4064
          0.17815225 0.011030392 -0.381 0.17815225 0.011030392 -0.3556
          0.17815225 0.011030392 -0.3302 0.17815225 0.011030392 -0.3048
          0.17815225 0.011030392 -0.2794 0.17815225 0.011030392 -0.254
          0.17815225 0.011030392 -0.2286 0.17815225 0.011030392 -0.2032
          0.17815225 0.011030392 -0.1778 0.17815225 0.011030392 -0.1524
          0.17815225 0.011030392 -0.127 0.17815225 0.011030392 -0.1016
          0.17815225 0.011030392 -0.0762 0.17815225 0.011030392 -0.0508
          0.17815225 0.011030392 -0.0254 0.17815225 0.011030392 6.754167e-19
          0.17887364 -0.010909054 -0.762 0.17887364 -0.010909054 -0.7366
          0.17887364 -0.010909054 -0.7112 0.17887364 -0.010909054 -0.6858
          0.17887364 -0.010909054 -0.6604 0.17887364 -0.010909054 -0.635
          0.17887364 -0.010909054 -0.6096 0.17887364 -0.010909054 -0.5842
          0.17887364 -0.010909054 -0.5588 0.17887364 -0.010909054 -0.5334
          0.17887364 -0.010909054 -0.508 0.17887364 -0.010909054 -0.4826
          0.17887364 -0.010909054 -0.4572 0.17887364 -0.010909054 -0.4318
          0.17887364 -0.010909054 -0.4064 0.17887364 -0.010909054 -0.381
          0.17887364 -0.010909054 -0.3556 0.17887364 -0.010909054 -0.3302
          0.17887364 -0.010909054 -0.3048 0.17887364 -0.010909054 -0.2794
          0.17887364 -0.010909054 -0.254 0.17887364 -0.010909054 -0.2286
          0.17887364 -0.010909054 -0.2032 0.17887364 -0.010909054 -0.1778
          0.17887364 -0.010909054 -0.1524 0.17887364 -0.010909054 -0.127
          0.17887364 -0.010909054 -0.1016 0.17887364 -0.010909054 -0.0762
          0.17887364 -0.010909054 -0.0508 0.17887364 -0.010909054 -0.0254
          0.17887364 -0.010909054 -6.679869e-19 0.1818079 -0.0005500471 -0.762
          0.1818079 -0.0005500471 -3.3680672e-20 0.18832867 0.009318717 -0.762
          0.18832867 0.009318717 -0.7366 0.18832867 0.009318717 -0.7112
          0.18832867 0.009318717 -0.6858 0.18832867 0.009318717 -0.6604
          0.18832867 0.009318717 -0.635 0.18832867 0.009318717 -0.6096
          0.18832867 0.009318717 -0.5842 0.18832867 0.009318717 -0.5588
          0.18832867 0.009318717 -0.5334 0.18832867 0.009318717 -0.508
          0.18832867 0.009318717 -0.4826 0.18832867 0.009318717 -0.4572
          0.18832867 0.009318717 -0.4318 0.18832867 0.009318717 -0.4064
          0.18832867 0.009318717 -0.381 0.18832867 0.009318717 -0.3556
          0.18832867 0.009318717 -0.3302 0.18832867 0.009318717 -0.3048
          0.18832867 0.009318717 -0.2794 0.18832867 0.009318717 -0.254
          0.18832867 0.009318717 -0.2286 0.18832867 0.009318717 -0.2032
          0.18832867 0.009318717 -0.1778 0.18832867 0.009318717 -0.1524
          0.18832867 0.009318717 -0.127 0.18832867 0.009318717 -0.1016
          0.18832867 0.009318717 -0.0762 0.18832867 0.009318717 -0.0508
          0.18832867 0.009318717 -0.0254 0.18832867 0.009318717 5.7060687e-19
          0.18905006 -0.009197379 -0.762 0.18905006 -0.009197379 -0.7366
          0.18905006 -0.009197379 -0.7112 0.18905006 -0.009197379 -0.6858
          0.18905006 -0.009197379 -0.6604 0.18905006 -0.009197379 -0.635
          0.18905006 -0.009197379 -0.6096 0.18905006 -0.009197379 -0.5842
          0.18905006 -0.009197379 -0.5588 0.18905006 -0.009197379 -0.5334
          0.18905006 -0.009197379 -0.508 0.18905006 -0.009197379 -0.4826
          0.18905006 -0.009197379 -0.4572 0.18905006 -0.009197379 -0.4318
          0.18905006 -0.009197379 -0.4064 0.18905006 -0.009197379 -0.381
          0.18905006 -0.009197379 -0.3556 0.18905006 -0.009197379 -0.3302
          0.18905006 -0.009197379 -0.3048 0.18905006 -0.009197379 -0.2794
          0.18905006 -0.009197379 -0.254 0.18905006 -0.009197379 -0.2286
          0.18905006 -0.009197379 -0.2032 0.18905006 -0.009197379 -0.1778
          0.18905006 -0.009197379 -0.1524 0.18905006 -0.009197379 -0.127
          0.18905006 -0.009197379 -0.1016 0.18905006 -0.009197379 -0.0762
          0.18905006 -0.009197379 -0.0508 0.18905006 -0.009197379 -0.0254
          0.18905006 -0.009197379 -5.631771e-19 0.19318926 -0.000007725368 -0.762
          0.19318926 -0.000007725368 -4.7304235e-22 0.19845377 0.0073426994 -0.762
          0.19845377 0.0073426994 -0.7366 0.19845377 0.0073426994 -0.7112
          0.19845377 0.0073426994 -0.6858 0.19845377 0.0073426994 -0.6604
          0.19845377 0.0073426994 -0.635 0.19845377 0.0073426994 -0.6096
          0.19845377 0.0073426994 -0.5842 0.19845377 0.0073426994 -0.5588
          0.19845377 0.0073426994 -0.5334 0.19845377 0.0073426994 -0.508
          0.19845377 0.0073426994 -0.4826 0.19845377 0.0073426994 -0.4572
          0.19845377 0.0073426994 -0.4318 0.19845377 0.0073426994 -0.4064
          0.19845377 0.0073426994 -0.381 0.19845377 0.0073426994 -0.3556
          0.19845377 0.0073426994 -0.3302 0.19845377 0.0073426994 -0.3048
          0.19845377 0.0073426994 -0.2794 0.19845377 0.0073426994 -0.254
          0.19845377 0.0073426994 -0.2286 0.19845377 0.0073426994 -0.2032
          0.19845377 0.0073426994 -0.1778 0.19845377 0.0073426994 -0.1524
          0.19845377 0.0073426994 -0.127 0.19845377 0.0073426994 -0.1016
          0.19845377 0.0073426994 -0.0762 0.19845377 0.0073426994 -0.0508
          0.19845377 0.0073426994 -0.0254 0.19845377 0.0073426994 4.4961066e-19
          0.19917165 -0.0072033065 -0.762 0.19917165 -0.0072033065 -0.7366
          0.19917165 -0.0072033065 -0.7112 0.19917165 -0.0072033065 -0.6858
          0.19917165 -0.0072033065 -0.6604 0.19917165 -0.0072033065 -0.635
          0.19917165 -0.0072033065 -0.6096 0.19917165 -0.0072033065 -0.5842
          0.19917165 -0.0072033065 -0.5588 0.19917165 -0.0072033065 -0.5334
          0.19917165 -0.0072033065 -0.508 0.19917165 -0.0072033065 -0.4826
          0.19917165 -0.0072033065 -0.4572 0.19917165 -0.0072033065 -0.4318
          0.19917165 -0.0072033065 -0.4064 0.19917165 -0.0072033065 -0.381
          0.19917165 -0.0072033065 -0.3556 0.19917165 -0.0072033065 -0.3302
          0.19917165 -0.0072033065 -0.3048 0.19917165 -0.0072033065 -0.2794
          0.19917165 -0.0072033065 -0.254 0.19917165 -0.0072033065 -0.2286
          0.19917165 -0.0072033065 -0.2032 0.19917165 -0.0072033065 -0.1778
          0.19917165 -0.0072033065 -0.1524 0.19917165 -0.0072033065 -0.127
          0.19917165 -0.0072033065 -0.1016 0.19917165 -0.0072033065 -0.0762
          0.19917165 -0.0072033065 -0.0508 0.19917165 -0.0072033065 -0.0254
          0.19917165 -0.0072033065 -4.4107535e-19 0.20353308 0.00004118679 -0.762
          0.20353308 0.00004118679 2.5219634e-21 0.20857887 0.005366682 -0.762
          0.20857887 0.005366682 -0.7366 0.20857887 0.005366682 -0.7112
          0.20857887 0.005366682 -0.6858 0.20857887 0.005366682 -0.6604
          0.20857887 0.005366682 -0.635 0.20857887 0.005366682 -0.6096
          0.20857887 0.005366682 -0.5842 0.20857887 0.005366682 -0.5588
          0.20857887 0.005366682 -0.5334 0.20857887 0.005366682 -0.508
          0.20857887 0.005366682 -0.4826 0.20857887 0.005366682 -0.4572
          0.20857887 0.005366682 -0.4318 0.20857887 0.005366682 -0.4064
          0.20857887 0.005366682 -0.381 0.20857887 0.005366682 -0.3556
          0.20857887 0.005366682 -0.3302 0.20857887 0.005366682 -0.3048
          0.20857887 0.005366682 -0.2794 0.20857887 0.005366682 -0.254
          0.20857887 0.005366682 -0.2286 0.20857887 0.005366682 -0.2032
          0.20857887 0.005366682 -0.1778 0.20857887 0.005366682 -0.1524
          0.20857887 0.005366682 -0.127 0.20857887 0.005366682 -0.1016
          0.20857887 0.005366682 -0.0762 0.20857887 0.005366682 -0.0508
          0.20857887 0.005366682 -0.0254 0.20857887 0.005366682 3.286145e-19
          0.20929325 -0.0052092336 -0.762 0.20929325 -0.0052092336 -0.7366
          0.20929325 -0.0052092336 -0.7112 0.20929325 -0.0052092336 -0.6858
          0.20929325 -0.0052092336 -0.6604 0.20929325 -0.0052092336 -0.635
          0.20929325 -0.0052092336 -0.6096 0.20929325 -0.0052092336 -0.5842
          0.20929325 -0.0052092336 -0.5588 0.20929325 -0.0052092336 -0.5334
          0.20929325 -0.0052092336 -0.508 0.20929325 -0.0052092336 -0.4826
          0.20929325 -0.0052092336 -0.4572 0.20929325 -0.0052092336 -0.4318
          0.20929325 -0.0052092336 -0.4064 0.20929325 -0.0052092336 -0.381
          0.20929325 -0.0052092336 -0.3556 0.20929325 -0.0052092336 -0.3302
          0.20929325 -0.0052092336 -0.3048 0.20929325 -0.0052092336 -0.2794
          0.20929325 -0.0052092336 -0.254 0.20929325 -0.0052092336 -0.2286
          0.20929325 -0.0052092336 -0.2032 0.20929325 -0.0052092336 -0.1778
          0.20929325 -0.0052092336 -0.1524 0.20929325 -0.0052092336 -0.127
          0.20929325 -0.0052092336 -0.1016 0.20929325 -0.0052092336 -0.0762
          0.20929325 -0.0052092336 -0.0508 0.20929325 -0.0052092336 -0.0254
          0.20929325 -0.0052092336 -3.1897356e-19 0.2125117 -0.000041994874 -0.762
          0.2125117 -0.000041994874 -2.5714444e-21 0.21858944 0.0028662211 -0.762
          0.21858944 0.0028662211 -0.7366 0.21858944 0.0028662211 -0.7112
          0.21858944 0.0028662211 -0.6858 0.21858944 0.0028662211 -0.6604
          0.21858944 0.0028662211 -0.635 0.21858944 0.0028662211 -0.6096
          0.21858944 0.0028662211 -0.5842 0.21858944 0.0028662211 -0.5588
          0.21858944 0.0028662211 -0.5334 0.21858944 0.0028662211 -0.508
          0.21858944 0.0028662211 -0.4826 0.21858944 0.0028662211 -0.4572
          0.21858944 0.0028662211 -0.4318 0.21858944 0.0028662211 -0.4064
          0.21858944 0.0028662211 -0.381 0.21858944 0.0028662211 -0.3556
          0.21858944 0.0028662211 -0.3302 0.21858944 0.0028662211 -0.3048
          0.21858944 0.0028662211 -0.2794 0.21858944 0.0028662211 -0.254
          0.21858944 0.0028662211 -0.2286 0.21858944 0.0028662211 -0.2032
          0.21858944 0.0028662211 -0.1778 0.21858944 0.0028662211 -0.1524
          0.21858944 0.0028662211 -0.127 0.21858944 0.0028662211 -0.1016
          0.21858944 0.0028662211 -0.0762 0.21858944 0.0028662211 -0.0508
          0.21858944 0.0028662211 -0.0254 0.21858944 0.0028662211 1.7550542e-19
          0.21894662 -0.002421737 -0.762 0.21894662 -0.002421737 -0.7366
          0.21894662 -0.002421737 -0.7112 0.21894662 -0.002421737 -0.6858
          0.21894662 -0.002421737 -0.6604 0.21894662 -0.002421737 -0.635
          0.21894662 -0.002421737 -0.6096 0.21894662 -0.002421737 -0.5842
          0.21894662 -0.002421737 -0.5588 0.21894662 -0.002421737 -0.5334
          0.21894662 -0.002421737 -0.508 0.21894662 -0.002421737 -0.4826
          0.21894662 -0.002421737 -0.4572 0.21894662 -0.002421737 -0.4318
          0.21894662 -0.002421737 -0.4064 0.21894662 -0.002421737 -0.381
          0.21894662 -0.002421737 -0.3556 0.21894662 -0.002421737 -0.3302
          0.21894662 -0.002421737 -0.3048 0.21894662 -0.002421737 -0.2794
          0.21894662 -0.002421737 -0.254 0.21894662 -0.002421737 -0.2286
          0.21894662 -0.002421737 -0.2032 0.21894662 -0.002421737 -0.1778
          0.21894662 -0.002421737 -0.1524 0.21894662 -0.002421737 -0.127
          0.21894662 -0.002421737 -0.1016 0.21894662 -0.002421737 -0.0762
          0.21894662 -0.002421737 -0.0508 0.21894662 -0.002421737 -0.0254
          0.21894662 -0.002421737 -1.4828862e-19 0.2286 0.00036576 -0.762
          0.2286 0.00036576 -0.7366 0.2286 0.00036576 -0.7112
          0.2286 0.00036576 -0.6858 0.2286 0.00036576 -0.6604
          0.2286 0.00036576 -0.635 0.2286 0.00036576 -0.6096
          0.2286 0.00036576 -0.5842 0.2286 0.00036576 -0.5588
          0.2286 0.00036576 -0.5334 0.2286 0.00036576 -0.508
          0.2286 0.00036576 -0.4826 0.2286 0.00036576 -0.4572
          0.2286 0.00036576 -0.4318 0.2286 0.00036576 -0.4064
          0.2286 0.00036576 -0.381 0.2286 0.00036576 -0.3556
          0.2286 0.00036576 -0.3302 0.2286 0.00036576 -0.3048
          0.2286 0.00036576 -0.2794 0.2286 0.00036576 -0.254
          0.2286 0.00036576 -0.2286 0.2286 0.00036576 -0.2032
          0.2286 0.00036576 -0.1778 0.2286 0.00036576 -0.1524
          0.2286 0.00036576 -0.127 0.2286 0.00036576 -0.1016
          0.2286 0.00036576 -0.0762 0.2286 0.00036576 -0.0508
          0.2286 0.00036576 -0.0254 0.2286 0.00036576 2.239634e-20
          <InformationKey name="L2_NORM_RANGE" location="vtkDataArray" length="2">
            <Value index="0">
              0.0044062800873
            </Value>
            <Value index="1">
              0.79555146202
            </Value>
          </InformationKey>
        </DataArray>
      </Points>
      <Cells>
        <DataArray type="Int64" Name="connectivity" format="ascii" RangeMin="0" RangeMax="1991">
          1574 1508 1510 356 422 420
          356 420 354 1574 1510 1576
          1706 1737 1673 1898 1896 1960
          1898 1929 1865 1706 1673 1640
          92 61 30 356 354 290
          999 1032 964 288 290 354
          1067 1102 1135 158 156 220
          1770 1737 1706 1067 1135 1100
          896 894 931 222 158 220
          896 931 964 1067 1034 1102
          158 189 125 999 964 931
          1574 1576 1640 1642 1706 1640
          288 224 290 1203 1168 1135
          828 826 894 828 894 896
          222 224 158 999 1067 1032
          158 224 189 1168 1100 1135
          222 290 224 1203 1236 1168
          1642 1640 1576 1706 1704 1768
          1508 1541 1475 1306 1302 1370
          898 892 962 290 286 352
          1100 1133 1065 694 688 756
          488 521 453 931 894 898
          898 830 892 1640 1673 1607
          422 418 484 894 830 898
          760 793 725 354 387 321
          830 824 892 1170 1166 1234
          964 997 929 1372 1407 1339
          1236 1271 1201 558 552 620
          1576 1572 1638 624 657 589
          826 830 894 1034 1030 1098
          1442 1438 1506 224 255 189
          828 793 760 490 484 552
          490 552 558 966 898 962
          1102 1098 1166 556 521 488
          1102 1034 1098 556 589 521
          966 962 1030 1032 1100 1065
          1032 1065 997 626 688 694
          626 620 688 692 725 657
          692 657 624 94 92 156
          1135 1102 1170 1304 1339 1271
          1304 1372 1339 1067 1100 1032
          1510 1506 1572 1440 1508 1475
          1510 1442 1506 1440 1475 1407
          1374 1370 1438 1374 1306 1370
          762 824 830 762 756 824
          966 931 898 556 624 589
          966 1030 1034 490 422 484
          1102 1166 1170 1032 997 964
          626 558 620 1168 1201 1133
          420 387 354 420 453 387
          692 760 725 1168 1236 1201
          1238 1170 1234 1238 1234 1302
          828 760 826 828 861 793
          1440 1407 1372 1304 1271 1236
          1510 1572 1576 1374 1438 1442
          762 830 826 762 694 756
          896 929 861 896 964 929
          420 488 453 1168 1133 1100
          1238 1302 1306 356 290 352
          758 760 692 1834 1896 1898
          1203 1135 1170 828 896 861
          1574 1541 1508 94 125 61
          1770 1768 1832 999 1034 1067
          690 758 692 356 418 422
          1770 1801 1737 1834 1898 1865
          999 966 1034 1203 1170 1238
          758 826 760 1240 1304 1236
          356 352 418 1898 1960 1929
          1574 1640 1607 758 762 826
          288 354 321 1770 1706 1768
          999 931 966 94 61 92
          758 694 762 1642 1704 1706
          1240 1236 1203 1240 1238 1306
          690 692 624 1574 1607 1541
          94 156 158 690 694 758
          288 255 224 1308 1306 1374
          94 158 125 1642 1576 1638
          222 286 290 1240 1203 1238
          486 420 422 622 690 624
          690 626 694 1376 1308 1374
          1444 1510 1508 622 624 556
          1834 1770 1832 1308 1240 1306
          622 626 690 554 622 556
          1308 1372 1304 1834 1801 1770
          1308 1304 1240 622 558 626
          1376 1374 1442 288 321 255
          1834 1832 1896 1376 1372 1308
          554 556 488 554 558 622
          1642 1638 1704 1376 1440 1372
          1444 1376 1442 554 490 558
          486 554 488 1834 1865 1801
          1444 1442 1510 486 488 420
          486 490 554 1444 1440 1376
          222 220 286 486 422 490
          1444 1508 1440 1929 1960 1991
          1928 1929 1991 1990 1928 1991
          1927 1928 1990 1989 1927 1990
          1926 1927 1989 1988 1926 1989
          1925 1926 1988 1987 1925 1988
          1924 1925 1987 1986 1924 1987
          1923 1924 1986 1985 1923 1986
          1922 1923 1985 1984 1922 1985
          1921 1922 1984 1983 1921 1984
          1920 1921 1983 1982 1920 1983
          1919 1920 1982 1981 1919 1982
          1918 1919 1981 1980 1918 1981
          1917 1918 1980 1979 1917 1980
          1916 1917 1979 1978 1916 1979
          1915 1916 1978 1977 1915 1978
          1914 1915 1977 1976 1914 1977
          1913 1914 1976 1975 1913 1976
          1912 1913 1975 1974 1912 1975
          1911 1912 1974 1973 1911 1974
          1910 1911 1973 1972 1910 1973
          1909 1910 1972 1971 1909 1972
          1908 1909 1971 1970 1908 1971
          1907 1908 1970 1969 1907 1970
          1906 1907 1969 1968 1906 1969
          1905 1906 1968 1967 1905 1968
          1904 1905 1967 1966 1904 1967
          1903 1904 1966 1965 1903 1966
          1902 1903 1965 1964 1902 1965
          1901 1902 1964 1963 1901 1964
          1900 1901 1963 1962 1900 1963
          1899 1900 1962 1961 1899 1962
          1864 1865 1929 1928 1864 1929
          1863 1864 1928 1927 1863 1928
          1862 1863 1927 1926 1862 1927
          1861 1862 1926 1925 1861 1926
          1860 1861 1925 1924 1860 1925
          1859 1860 1924 1923 1859 1924
          1858 1859 1923 1922 1858 1923
          1857 1858 1922 1921 1857 1922
          1856 1857 1921 1920 1856 1921
          1855 1856 1920 1919 1855 1920
          1854 1855 1919 1918 1854 1919
          1853 1854 1918 1917 1853 1918
          1852 1853 1917 1916 1852 1917
          1851 1852 1916 1915 1851 1916
          1850 1851 1915 1914 1850 1915
          1849 1850 1914 1913 1849 1914
          1848 1849 1913 1912 1848 1913
          1847 1848 1912 1911 1847 1912
          1846 1847 1911 1910 1846 1911
          1845 1846 1910 1909 1845 1910
          1844 1845 1909 1908 1844 1909
          1843 1844 1908 1907 1843 1908
          1842 1843 1907 1906 1842 1907
          1841 1842 1906 1905 1841 1906
          1840 1841 1905 1904 1840 1905
          1839 1840 1904 1903 1839 1904
          1838 1839 1903 1902 1838 1903
          1837 1838 1902 1901 1837 1902
          1836 1837 1901 1900 1836 1901
          1835 1836 1900 1899 1835 1900
          1800 1801 1865 1864 1800 1865
          1799 1800 1864 1863 1799 1864
          1798 1799 1863 1862 1798 1863
          1797 1798 1862 1861 1797 1862
          1796 1797 1861 1860 1796 1861
          1795 1796 1860 1859 1795 1860
          1794 1795 1859 1858 1794 1859
          1793 1794 1858 1857 1793 1858
          1792 1793 1857 1856 1792 1857
          1791 1792 1856 1855 1791 1856
          1790 1791 1855 1854 1790 1855
          1789 1790 1854 1853 1789 1854
          1788 1789 1853 1852 1788 1853
          1787 1788 1852 1851 1787 1852
          1786 1787 1851 1850 1786 1851
          1785 1786 1850 1849 1785 1850
          1784 1785 1849 1848 1784 1849
          1783 1784 1848 1847 1783 1848
          1782 1783 1847 1846 1782 1847
          1781 1782 1846 1845 1781 1846
          1780 1781 1845 1844 1780 1845
          1779 1780 1844 1843 1779 1844
          1778 1779 1843 1842 1778 1843
          1777 1778 1842 1841 1777 1842
          1776 1777 1841 1840 1776 1841
          1775 1776 1840 1839 1775 1840
          1774 1775 1839 1838 1774 1839
          1773 1774 1838 1837 1773 1838
          1772 1773 1837 1836 1772 1837
          1771 1772 1836 1835 1771 1836
          1736 1737 1801 1800 1736 1801
          1735 1736 1800 1799 1735 1800
          1734 1735 1799 1798 1734 1799
          1733 1734 1798 1797 1733 1798
          1732 1733 1797 1796 1732 1797
          1731 1732 1796 1795 1731 1796
          1730 1731 1795 1794 1730 1795
          1729 1730 1794 1793 1729 1794
          1728 1729 1793 1792 1728 1793
          1727 1728 1792 1791 1727 1792
          1726 1727 1791 1790 1726 1791
          1725 1726 1790 1789 1725 1790
          1724 1725 1789 1788 1724 1789
          1723 1724 1788 1787 1723 1788
          1722 1723 1787 1786 1722 1787
          1721 1722 1786 1785 1721 1786
          1720 1721 1785 1784 1720 1785
          1719 1720 1784 1783 1719 1784
          1718 1719 1783 1782 1718 1783
          1717 1718 1782 1781 1717 1782
          1716 1717 1781 1780 1716 1781
          1715 1716 1780 1779 1715 1780
          1714 1715 1779 1778 1714 1779
          1713 1714 1778 1777 1713 1778
          1712 1713 1777 1776 1712 1777
          1711 1712 1776 1775 1711 1776
          1710 1711 1775 1774 1710 1775
          1709 1710 1774 1773 1709 1774
          1708 1709 1773 1772 1708 1773
          1707 1708 1772 1771 1707 1772
          1672 1673 1737 1736 1672 1737
          1671 1672 1736 1735 1671 1736
          1670 1671 1735 1734 1670 1735
          1669 1670 1734 1733 1669 1734
          1668 1669 1733 1732 1668 1733
          1667 1668 1732 1731 1667 1732
          1666 1667 1731 1730 1666 1731
          1665 1666 1730 1729 1665 1730
          1664 1665 1729 1728 1664 1729
          1663 1664 1728 1727 1663 1728
          1662 1663 1727 1726 1662 1727
          1661 1662 1726 1725 1661 1726
          1660 1661 1725 1724 1660 1725
          1659 1660 1724 1723 1659 1724
          1658 1659 1723 1722 1658 1723
          1657 1658 1722 1721 1657 1722
          1656 1657 1721 1720 1656 1721
          1655 1656 1720 1719 1655 1720
          1654 1655 1719 1718 1654 1719
          1653 1654 1718 1717 1653 1718
          1652 1653 1717 1716 1652 1717
          1651 1652 1716 1715 1651 1716
          1650 1651 1715 1714 1650 1715
          1649 1650 1714 1713 1649 1714
          1648 1649 1713 1712 1648 1713
          1647 1648 1712 1711 1647 1712
          1646 1647 1711 1710 1646 1711
          1645 1646 1710 1709 1645 1710
          1644 1645 1709 1708 1644 1709
          1643 1644 1708 1707 1643 1708
          1606 1607 1673 1672 1606 1673
          1605 1606 1672 1671 1605 1672
          1604 1605 1671 1670 1604 1671
          1603 1604 1670 1669 1603 1670
          1602 1603 1669 1668 1602 1669
          1601 1602 1668 1667 1601 1668
          1600 1601 1667 1666 1600 1667
          1599 1600 1666 1665 1599 1666
          1598 1599 1665 1664 1598 1665
          1597 1598 1664 1663 1597 1664
          1596 1597 1663 1662 1596 1663
          1595 1596 1662 1661 1595 1662
          1594 1595 1661 1660 1594 1661
          1593 1594 1660 1659 1593 1660
          1592 1593 1659 1658 1592 1659
          1591 1592 1658 1657 1591 1658
          1590 1591 1657 1656 1590 1657
          1589 1590 1656 1655 1589 1656
          1588 1589 1655 1654 1588 1655
          1587 1588 1654 1653 1587 1654
          1586 1587 1653 1652 1586 1653
          1585 1586 1652 1651 1585 1652
          1584 1585 1651 1650 1584 1651
          1583 1584 1650 1649 1583 1650
          1582 1583 1649 1648 1582 1649
          1581 1582 1648 1647 1581 1648
          1580 1581 1647 1646 1580 1647
          1579 1580 1646 1645 1579 1646
          1578 1579 1645 1644 1578 1645
          1577 1578 1644 1643 1577 1644
          1540 1541 1607 1606 1540 1607
          1539 1540 1606 1605 1539 1606
          1538 1539 1605 1604 1538 1605
          1537 1538 1604 1603 1537 1604
          1536 1537 1603 1602 1536 1603
          1535 1536 1602 1601 1535 1602
          1534 1535 1601 1600 1534 1601
          1533 1534 1600 1599 1533 1600
          1532 1533 1599 1598 1532 1599
          1531 1532 1598 1597 1531 1598
          1530 1531 1597 1596 1530 1597
          1529 1530 1596 1595 1529 1596
          1528 1529 1595 1594 1528 1595
          1527 1528 1594 1593 1527 1594
          1526 1527 1593 1592 1526 1593
          1525 1526 1592 1591 1525 1592
          1524 1525 1591 1590 1524 1591
          1523 1524 1590 1589 1523 1590
          1522 1523 1589 1588 1522 1589
          1521 1522 1588 1587 1521 1588
          1520 1521 1587 1586 1520 1587
          1519 1520 1586 1585 1519 1586
          1518 1519 1585 1584 1518 1585
          1517 1518 1584 1583 1517 1584
          1516 1517 1583 1582 1516 1583
          1515 1516 1582 1581 1515 1582
          1514 1515 1581 1580 1514 1581
          1513 1514 1580 1579 1513 1580
          1512 1513 1579 1578 1512 1579
          1511 1512 1578 1577 1511 1578
          1474 1475 1541 1540 1474 1541
          1473 1474 1540 1539 1473 1540
          1472 1473 1539 1538 1472 1539
          1471 1472 1538 1537 1471 1538
          1470 1471 1537 1536 1470 1537
          1469 1470 1536 1535 1469 1536
          1468 1469 1535 1534 1468 1535
          1467 1468 1534 1533 1467 1534
          1466 1467 1533 1532 1466 1533
          1465 1466 1532 1531 1465 1532
          1464 1465 1531 1530 1464 1531
          1463 1464 1530 1529 1463 1530
          1462 1463 1529 1528 1462 1529
          1461 1462 1528 1527 1461 1528
          1460 1461 1527 1526 1460 1527
          1459 1460 1526 1525 1459 1526
          1458 1459 1525 1524 1458 1525
          1457 1458 1524 1523 1457 1524
          1456 1457 1523 1522 1456 1523
          1455 1456 1522 1521 1455 1522
          1454 1455 1521 1520 1454 1521
          1453 1454 1520 1519 1453 1520
          1452 1453 1519 1518 1452 1519
          1451 1452 1518 1517 1451 1518
          1450 1451 1517 1516 1450 1517
          1449 1450 1516 1515 1449 1516
          1448 1449 1515 1514 1448 1515
          1447 1448 1514 1513 1447 1514
          1446 1447 1513 1512 1446 1513
          1445 1446 1512 1511 1445 1512
          1406 1407 1475 1474 1406 1475
          1405 1406 1474 1473 1405 1474
          1404 1405 1473 1472 1404 1473
          1403 1404 1472 1471 1403 1472
          1402 1403 1471 1470 1402 1471
          1401 1402 1470 1469 1401 1470
          1400 1401 1469 1468 1400 1469
          1399 1400 1468 1467 1399 1468
          1398 1399 1467 1466 1398 1467
          1397 1398 1466 1465 1397 1466
          1396 1397 1465 1464 1396 1465
          1395 1396 1464 1463 1395 1464
          1394 1395 1463 1462 1394 1463
          1393 1394 1462 1461 1393 1462
          1392 1393 1461 1460 1392 1461
          1391 1392 1460 1459 1391 1460
          1390 1391 1459 1458 1390 1459
          1389 1390 1458 1457 1389 1458
          1388 1389 1457 1456 1388 1457
          1387 1388 1456 1455 1387 1456
          1386 1387 1455 1454 1386 1455
          1385 1386 1454 1453 1385 1454
          1384 1385 1453 1452 1384 1453
          1383 1384 1452 1451 1383 1452
          1382 1383 1451 1450 1382 1451
          1381 1382 1450 1449 1381 1450
          1380 1381 1449 1448 1380 1449
          1379 1380 1448 1447 1379 1448
          1378 1379 1447 1446 1378 1447
          1377 1378 1446 1445 1377 1446
          1338 1339 1407 1406 1338 1407
          1337 1338 1406 1405 1337 1406
          1336 1337 1405 1404 1336 1405
          1335 1336 1404 1403 1335 1404
          1334 1335 1403 1402 1334 1403
          1333 1334 1402 1401 1333 1402
          1332 1333 1401 1400 1332 1401
          1331 1332 1400 1399 1331 1400
          1330 1331 1399 1398 1330 1399
          1329 1330 1398 1397 1329 1398
          1328 1329 1397 1396 1328 1397
          1327 1328 1396 1395 1327 1396
          1326 1327 1395 1394 1326 1395
          1325 1326 1394 1393 1325 1394
          1324 1325 1393 1392 1324 1393
          1323 1324 1392 1391 1323 1392
          1322 1323 1391 1390 1322 1391
          1321 1322 1390 1389 1321 1390
          1320 1321 1389 1388 1320 1389
          1319 1320 1388 1387 1319 1388
          1318 1319 1387 1386 1318 1387
          1317 1318 1386 1385 1317 1386
          1316 1317 1385 1384 1316 1385
          1315 1316 1384 1383 1315 1384
          1314 1315 1383 1382 1314 1383
          1313 1314 1382 1381 1313 1382
          1312 1313 1381 1380 1312 1381
          1311 1312 1380 1379 1311 1380
          1310 1311 1379 1378 1310 1379
          1309 1310 1378 1377 1309 1378
          1270 1271 1339 1338 1270 1339
          1269 1270 1338 1337 1269 1338
          1268 1269 1337 1336 1268 1337
          1267 1268 1336 1335 1267 1336
          1266 1267 1335 1334 1266 1335
          1265 1266 1334 1333 1265 1334
          1264 1265 1333 1332 1264 1333
          1263 1264 1332 1331 1263 1332
          1262 1263 1331 1330 1262 1331
          1261 1262 1330 1329 1261 1330
          1260 1261 1329 1328 1260 1329
          1259 1260 1328 1327 1259 1328
          1258 1259 1327 1326 1258 1327
          1257 1258 1326 1325 1257 1326
          1256 1257 1325 1324 1256 1325
          1255 1256 1324 1323 1255 1324
          1254 1255 1323 1322 1254 1323
          1253 1254 1322 1321 1253 1322
          1252 1253 1321 1320 1252 1321
          1251 1252 1320 1319 1251 1320
          1250 1251 1319 1318 1250 1319
          1249 1250 1318 1317 1249 1318
          1248 1249 1317 1316 1248 1317
          1247 1248 1316 1315 1247 1316
          1246 1247 1315 1314 1246 1315
          1245 1246 1314 1313 1245 1314
          1244 1245 1313 1312 1244 1313
          1243 1244 1312 1311 1243 1312
          1242 1243 1311 1310 1242 1311
          1241 1242 1310 1309 1241 1310
          1200 1201 1271 1270 1200 1271
          1199 1200 1270 1269 1199 1270
          1198 1199 1269 1268 1198 1269
          1197 1198 1268 1267 1197 1268
          1196 1197 1267 1266 1196 1267
          1195 1196 1266 1265 1195 1266
          1194 1195 1265 1264 1194 1265
          1193 1194 1264 1263 1193 1264
          1192 1193 1263 1262 1192 1263
          1191 1192 1262 1261 1191 1262
          1190 1191 1261 1260 1190 1261
          1189 1190 1260 1259 1189 1260
          1188 1189 1259 1258 1188 1259
          1187 1188 1258 1257 1187 1258
          1186 1187 1257 1256 1186 1257
          1185 1186 1256 1255 1185 1256
          1184 1185 1255 1254 1184 1255
          1183 1184 1254 1253 1183 1254
          1182 1183 1253 1252 1182 1253
          1181 1182 1252 1251 1181 1252
          1180 1181 1251 1250 1180 1251
          1179 1180 1250 1249 1179 1250
          1178 1179 1249 1248 1178 1249
          1177 1178 1248 1247 1177 1248
          1176 1177 1247 1246 1176 1247
          1175 1176 1246 1245 1175 1246
          1174 1175 1245 1244 1174 1245
          1173 1174 1244 1243 1173 1244
          1172 1173 1243 1242 1172 1243
          1171 1172 1242 1241 1171 1242
          1132 1133 1201 1200 1132 1201
          1131 1132 1200 1199 1131 1200
          1130 1131 1199 1198 1130 1199
          1129 1130 1198 1197 1129 1198
          1128 1129 1197 1196 1128 1197
          1127 1128 1196 1195 1127 1196
          1126 1127 1195 1194 1126 1195
          1125 1126 1194 1193 1125 1194
          1124 1125 1193 1192 1124 1193
          1123 1124 1192 1191 1123 1192
          1122 1123 1191 1190 1122 1191
          1121 1122 1190 1189 1121 1190
          1120 1121 1189 1188 1120 1189
          1119 1120 1188 1187 1119 1188
          1118 1119 1187 1186 1118 1187
          1117 1118 1186 1185 1117 1186
          1116 1117 1185 1184 1116 1185
          1115 1116 1184 1183 1115 1184
          1114 1115 1183 1182 1114 1183
          1113 1114 1182 1181 1113 1182
          1112 1113 1181 1180 1112 1181
          1111 1112 1180 1179 1111 1180
          1110 1111 1179 1178 1110 1179
          1109 1110 1178 1177 1109 1178
          1108 1109 1177 1176 1108 1177
          1107 1108 1176 1175 1107 1176
          1106 1107 1175 1174 1106 1175
          1105 1106 1174 1173 1105 1174
          1104 1105 1173 1172 1104 1173
          1103 1104 1172 1171 1103 1172
          1064 1065 1133 1132 1064 1133
          1063 1064 1132 1131 1063 1132
          1062 1063 1131 1130 1062 1131
          1061 1062 1130 1129 1061 1130
          1060 1061 1129 1128 1060 1129
          1059 1060 1128 1127 1059 1128
          1058 1059 1127 1126 1058 1127
          1057 1058 1126 1125 1057 1126
          1056 1057 1125 1124 1056 1125
          1055 1056 1124 1123 1055 1124
          1054 1055 1123 1122 1054 1123
          1053 1054 1122 1121 1053 1122
          1052 1053 1121 1120 1052 1121
          1051 1052 1120 1119 1051 1120
          1050 1051 1119 1118 1050 1119
          1049 1050 1118 1117 1049 1118
          1048 1049 1117 1116 1048 1117
          1047 1048 1116 1115 1047 1116
          1046 1047 1115 1114 1046 1115
          1045 1046 1114 1113 1045 1114
          1044 1045 1113 1112 1044 1113
          1043 1044 1112 1111 1043 1112
          1042 1043 1111 1110 1042 1111
          1041 1042 1110 1109 1041 1110
          1040 1041 1109 1108 1040 1109
          1039 1040 1108 1107 1039 1108
          1038 1039 1107 1106 1038 1107
          1037 1038 1106 1105 1037 1106
          1036 1037 1105 1104 1036 1105
          1035 1036 1104 1103 1035 1104
          996 997 1065 1064 996 1065
          995 996 1064 1063 995 1064
          994 995 1063 1062 994 1063
          993 994 1062 1061 993 1062
          992 993 1061 1060 992 1061
          991 992 1060 1059 991 1060
          990 991 1059 1058 990 1059
          989 990 1058 1057 989 1058
          988 989 1057 1056 988 1057
          987 988 1056 1055 987 1056
          986 987 1055 1054 986 1055
          985 986 1054 1053 985 1054
          984 985 1053 1052 984 1053
          983 984 1052 1051 983 1052
          982 983 1051 1050 982 1051
          981 982 1050 1049 981 1050
          980 981 1049 1048 980 1049
          979 980 1048 1047 979 1048
          978 979 1047 1046 978 1047
          977 978 1046 1045 977 1046
          976 977 1045 1044 976 1045
          975 976 1044 1043 975 1044
          974 975 1043 1042 974 1043
          973 974 1042 1041 973 1042
          972 973 1041 1040 972 1041
          971 972 1040 1039 971 1040
          970 971 1039 1038 970 1039
          969 970 1038 1037 969 1038
          968 969 1037 1036 968 1037
          967 968 1036 1035 967 1036
          928 929 997 996 928 997
          927 928 996 995 927 996
          926 927 995 994 926 995
          925 926 994 993 925 994
          924 925 993 992 924 993
          923 924 992 991 923 992
          922 923 991 990 922 991
          921 922 990 989 921 990
          920 921 989 988 920 989
          919 920 988 987 919 988
          918 919 987 986 918 987
          917 918 986 985 917 986
          916 917 985 984 916 985
          915 916 984 983 915 984
          914 915 983 982 914 983
          913 914 982 981 913 982
          912 913 981 980 912 981
          911 912 980 979 911 980
          910 911 979 978 910 979
          909 910 978 977 909 978
          908 909 977 976 908 977
          907 908 976 975 907 976
          906 907 975 974 906 975
          905 906 974 973 905 974
          904 905 973 972 904 973
          903 904 972 971 903 972
          902 903 971 970 902 971
          901 902 970 969 901 970
          900 901 969 968 900 969
          899 900 968 967 899 968
          860 861 929 928 860 929
          859 860 928 927 859 928
          858 859 927 926 858 927
          857 858 926 925 857 926
          856 857 925 924 856 925
          855 856 924 923 855 924
          854 855 923 922 854 923
          853 854 922 921 853 922
          852 853 921 920 852 921
          851 852 920 919 851 920
          850 851 919 918 850 919
          849 850 918 917 849 918
          848 849 917 916 848 917
          847 848 916 915 847 916
          846 847 915 914 846 915
          845 846 914 913 845 914
          844 845 913 912 844 913
          843 844 912 911 843 912
          842 843 911 910 842 911
          841 842 910 909 841 910
          840 841 909 908 840 909
          839 840 908 907 839 908
          838 839 907 906 838 907
          837 838 906 905 837 906
          836 837 905 904 836 905
          835 836 904 903 835 904
          834 835 903 902 834 903
          833 834 902 901 833 902
          832 833 901 900 832 901
          831 832 900 899 831 900
          792 793 861 860 792 861
          791 792 860 859 791 860
          790 791 859 858 790 859
          789 790 858 857 789 858
          788 789 857 856 788 857
          787 788 856 855 787 856
          786 787 855 854 786 855
          785 786 854 853 785 854
          784 785 853 852 784 853
          783 784 852 851 783 852
          782 783 851 850 782 851
          781 782 850 849 781 850
          780 781 849 848 780 849
          779 780 848 847 779 848
          778 779 847 846 778 847
          777 778 846 845 777 846
          776 777 845 844 776 845
          775 776 844 843 775 844
          774 775 843 842 774 843
          773 774 842 841 773 842
          772 773 841 840 772 841
          771 772 840 839 771 840
          770 771 839 838 770 839
          769 770 838 837 769 838
          768 769 837 836 768 837
          767 768 836 835 767 836
          766 767 835 834 766 835
          765 766 834 833 765 834
          764 765 833 832 764 833
          763 764 832 831 763 832
          724 725 793 792 724 793
          723 724 792 791 723 792
          722 723 791 790 722 791
          721 722 790 789 721 790
          720 721 789 788 720 789
          719 720 788 787 719 788
          718 719 787 786 718 787
          717 718 786 785 717 786
          716 717 785 784 716 785
          715 716 784 783 715 784
          714 715 783 782 714 783
          713 714 782 781 713 782
          712 713 781 780 712 781
          711 712 780 779 711 780
          710 711 779 778 710 779
          709 710 778 777 709 778
          708 709 777 776 708 777
          707 708 776 775 707 776
          706 707 775 774 706 775
          705 706 774 773 705 774
          704 705 773 772 704 773
          703 704 772 771 703 772
          702 703 771 770 702 771
          701 702 770 769 701 770
          700 701 769 768 700 769
          699 700 768 767 699 768
          698 699 767 766 698 767
          697 698 766 765 697 766
          696 697 765 764 696 765
          695 696 764 763 695 764
          656 657 725 724 656 725
          655 656 724 723 655 724
          654 655 723 722 654 723
          653 654 722 721 653 722
          652 653 721 720 652 721
          651 652 720 719 651 720
          650 651 719 718 650 719
          649 650 718 717 649 718
          648 649 717 716 648 717
          647 648 716 715 647 716
          646 647 715 714 646 715
          645 646 714 713 645 714
          644 645 713 712 644 713
          643 644 712 711 643 712
          642 643 711 710 642 711
          641 642 710 709 641 710
          640 641 709 708 640 709
          639 640 708 707 639 708
          638 639 707 706 638 707
          637 638 706 705 637 706
          636 637 705 704 636 705
          635 636 704 703 635 704
          634 635 703 702 634 703
          633 634 702 701 633 702
          632 633 701 700 632 701
          631 632 700 699 631 700
          630 631 699 698 630 699
          629 630 698 697 629 698
          628 629 697 696 628 697
          627 628 696 695 627 696
          588 589 657 656 588 657
          587 588 656 655 587 656
          586 587 655 654 586 655
          585 586 654 653 585 654
          584 585 653 652 584 653
          583 584 652 651 583 652
          582 583 651 650 582 651
          581 582 650 649 581 650
          580 581 649 648 580 649
          579 580 648 647 579 648
          578 579 647 646 578 647
          577 578 646 645 577 646
          576 577 645 644 576 645
          575 576 644 643 575 644
          574 575 643 642 574 643
          573 574 642 641 573 642
          572 573 641 640 572 641
          571 572 640 639 571 640
          570 571 639 638 570 639
          569 570 638 637 569 638
          568 569 637 636 568 637
          567 568 636 635 567 636
          566 567 635 634 566 635
          565 566 634 633 565 634
          564 565 633 632 564 633
          563 564 632 631 563 632
          562 563 631 630 562 631
          561 562 630 629 561 630
          560 561 629 628 560 629
          559 560 628 627 559 628
          520 521 589 588 520 589
          519 520 588 587 519 588
          518 519 587 586 518 587
          517 518 586 585 517 586
          516 517 585 584 516 585
          515 516 584 583 515 584
          514 515 583 582 514 583
          513 514 582 581 513 582
          512 513 581 580 512 581
          511 512 580 579 511 580
          510 511 579 578 510 579
          509 510 578 577 509 578
          508 509 577 576 508 577
          507 508 576 575 507 576
          506 507 575 574 506 575
          505 506 574 573 505 574
          504 505 573 572 504 573
          503 504 572 571 503 572
          502 503 571 570 502 571
          501 502 570 569 501 570
          500 501 569 568 500 569
          499 500 568 567 499 568
          498 499 567 566 498 567
          497 498 566 565 497 566
          496 497 565 564 496 565
          495 496 564 563 495 564
          494 495 563 562 494 563
          493 494 562 561 493 562
          492 493 561 560 492 561
          491 492 560 559 491 560
          452 453 521 520 452 521
          451 452 520 519 451 520
          450 451 519 518 450 519
          449 450 518 517 449 518
          448 449 517 516 448 517
          447 448 516 515 447 516
          446 447 515 514 446 515
          445 446 514 513 445 514
          444 445 513 512 444 513
          443 444 512 511 443 512
          442 443 511 510 442 511
          441 442 510 509 441 510
          440 441 509 508 440 509
          439 440 508 507 439 508
          438 439 507 506 438 507
          437 438 506 505 437 506
          436 437 505 504 436 505
          435 436 504 503 435 504
          434 435 503 502 434 503
          433 434 502 501 433 502
          432 433 501 500 432 501
          431 432 500 499 431 500
          430 431 499 498 430 499
          429 430 498 497 429 498
          428 429 497 496 428 497
          427 428 496 495 427 496
          426 427 495 494 426 495
          425 426 494 493 425 494
          424 425 493 492 424 493
          423 424 492 491 423 492
          386 387 453 452 386 453
          385 386 452 451 385 452
          384 385 451 450 384 451
          383 384 450 449 383 450
          382 383 449 448 382 449
          381 382 448 447 381 448
          380 381 447 446 380 447
          379 380 446 445 379 446
          378 379 445 444 378 445
          377 378 444 443 377 444
          376 377 443 442 376 443
          375 376 442 441 375 442
          374 375 441 440 374 441
          373 374 440 439 373 440
          372 373 439 438 372 439
          371 372 438 437 371 438
          370 371 437 436 370 437
          369 370 436 435 369 436
          368 369 435 434 368 435
          367 368 434 433 367 434
          366 367 433 432 366 433
          365 366 432 431 365 432
          364 365 431 430 364 431
          363 364 430 429 363 430
          362 363 429 428 362 429
          361 362 428 427 361 428
          360 361 427 426 360 427
          359 360 426 425 359 426
          358 359 425 424 358 425
          357 358 424 423 357 424
          320 321 387 386 320 387
          319 320 386 385 319 386
          318 319 385 384 318 385
          317 318 384 383 317 384
          316 317 383 382 316 383
          315 316 382 381 315 382
          314 315 381 380 314 381
          313 314 380 379 313 380
          312 313 379 378 312 379
          311 312 378 377 311 378
          310 311 377 376 310 377
          309 310 376 375 309 376
          308 309 375 374 308 375
          307 308 374 373 307 374
          306 307 373 372 306 373
          305 306 372 371 305 372
          304 305 371 370 304 371
          303 304 370 369 303 370
          302 303 369 368 302 369
          301 302 368 367 301 368
          300 301 367 366 300 367
          299 300 366 365 299 366
          298 299 365 364 298 365
          297 298 364 363 297 364
          296 297 363 362 296 363
          295 296 362 361 295 362
          294 295 361 360 294 361
          293 294 360 359 293 360
          292 293 359 358 292 359
          291 292 358 357 291 358
          254 255 321 320 254 321
          253 254 320 319 253 320
          252 253 319 318 252 319
          251 252 318 317 251 318
          250 251 317 316 250 317
          249 250 316 315 249 316
          248 249 315 314 248 315
          247 248 314 313 247 314
          246 247 313 312 246 313
          245 246 312 311 245 312
          244 245 311 310 244 311
          243 244 310 309 243 310
          242 243 309 308 242 309
          241 242 308 307 241 308
          240 241 307 306 240 307
          239 240 306 305 239 306
          238 239 305 304 238 305
          237 238 304 303 237 304
          236 237 303 302 236 303
          235 236 302 301 235 302
          234 235 301 300 234 301
          233 234 300 299 233 300
          232 233 299 298 232 299
          231 232 298 297 231 298
          230 231 297 296 230 297
          229 230 296 295 229 296
          228 229 295 294 228 295
          227 228 294 293 227 294
          226 227 293 292 226 293
          225 226 292 291 225 292
          188 189 255 254 188 255
          187 188 254 253 187 254
          186 187 253 252 186 253
          185 186 252 251 185 252
          184 185 251 250 184 251
          183 184 250 249 183 250
          182 183 249 248 182 249
          181 182 248 247 181 248
          180 181 247 246 180 247
          179 180 246 245 179 246
          178 179 245 244 178 245
          177 178 244 243 177 244
          176 177 243 242 176 243
          175 176 242 241 175 242
          174 175 241 240 174 241
          173 174 240 239 173 240
          172 173 239 238 172 239
          171 172 238 237 171 238
          170 171 237 236 170 237
          169 170 236 235 169 236
          168 169 235 234 168 235
          167 168 234 233 167 234
          166 167 233 232 166 233
          165 166 232 231 165 232
          164 165 231 230 164 231
          163 164 230 229 163 230
          162 163 229 228 162 229
          161 162 228 227 161 228
          160 161 227 226 160 227
          159 160 226 225 159 226
          124 125 189 188 124 189
          123 124 188 187 123 188
          122 123 187 186 122 187
          121 122 186 185 121 186
          120 121 185 184 120 185
          119 120 184 183 119 184
          118 119 183 182 118 183
          117 118 182 181 117 182
          116 117 181 180 116 181
          115 116 180 179 115 180
          114 115 179 178 114 179
          113 114 178 177 113 178
          112 113 177 176 112 177
          111 112 176 175 111 176
          110 111 175 174 110 175
          109 110 174 173 109 174
          108 109 173 172 108 173
          107 108 172 171 107 172
          106 107 171 170 106 171
          105 106 170 169 105 170
          104 105 169 168 104 169
          103 104 168 167 103 168
          102 103 167 166 102 167
          101 102 166 165 101 166
          100 101 165 164 100 165
          99 100 164 163 99 164
          98 99 163 162 98 163
          97 98 162 161 97 162
          96 97 161 160 96 161
          95 96 160 159 95 160
          60 61 125 124 60 125
          59 60 124 123 59 124
          58 59 123 122 58 123
          57 58 122 121 57 122
          56 57 121 120 56 121
          55 56 120 119 55 120
          54 55 119 118 54 119
          53 54 118 117 53 118
          52 53 117 116 52 117
          51 52 116 115 51 116
          50 51 115 114 50 115
          49 50 114 113 49 114
          48 49 113 112 48 113
          47 48 112 111 47 112
          46 47 111 110 46 111
          45 46 110 109 45 110
          44 45 109 108 44 109
          43 44 108 107 43 108
          42 43 107 106 42 107
          41 42 106 105 41 106
          40 41 105 104 40 105
          39 40 104 103 39 104
          38 39 103 102 38 103
          37 38 102 101 37 102
          36 37 101 100 36 101
          35 36 100 99 35 100
          34 35 99 98 34 99
          33 34 98 97 33 98
          32 33 97 96 32 97
          31 32 96 95 31 96
          29 30 61 60 29 61
          28 29 60 59 28 60
          27 28 59 58 27 59
          26 27 58 57 26 58
          25 26 57 56 25 57
          24 25 56 55 24 56
          23 24 55 54 23 55
          22 23 54 53 22 54
          21 22 53 52 21 53
          20 21 52 51 20 52
          19 20 51 50 19 51
          18 19 50 49 18 50
          17 18 49 48 17 49
          16 17 48 47 16 48
          15 16 47 46 15 47
          14 15 46 45 14 46
          13 14 45 44 13 45
          12 13 44 43 12 44
          11 12 43 42 11 43
          10 11 42 41 10 42
          9 10 41 40 9 41
          8 9 40 39 8 40
          7 8 39 38 7 39
          6 7 38 37 6 38
          5 6 37 36 5 37
          4 5 36 35 4 36
          3 4 35 34 3 35
          2 3 34 33 2 34
          1 2 33 32 1 33
          0 1 32 31 0 32
          91 92 30 29 91 30
          90 91 29 28 90 29
          89 90 28 27 89 28
          88 89 27 26 88 27
          87 88 26 25 87 26
          86 87 25 24 86 25
          85 86 24 23 85 24
          84 85 23 22 84 23
          83 84 22 21 83 22
          82 83 21 20 82 21
          81 82 20 19 81 20
          80 81 19 18 80 19
          79 80 18 17 79 18
          78 79 17 16 78 17
          77 78 16 15 77 16
          76 77 15 14 76 15
          75 76 14 13 75 14
          74 75 13 12 74 13
          73 74 12 11 73 12
          72 73 11 10 72 11
          71 72 10 9 71 10
          70 71 9 8 70 9
          69 70 8 7 69 8
          68 69 7 6 68 7
          67 68 6 5 67 6
          66 67 5 4 66 5
          65 66 4 3 65 4
          64 65 3 2 64 3
          63 64 2 1 63 2
          62 63 1 0 62 1
          155 156 92 91 155 92
          154 155 91 90 154 91
          153 154 90 89 153 90
          152 153 89 88 152 89
          151 152 88 87 151 88
          150 151 87 86 150 87
          149 150 86 85 149 86
          148 149 85 84 148 85
          147 148 84 83 147 84
          146 147 83 82 146 83
          145 146 82 81 145 82
          144 145 81 80 144 81
          143 144 80 79 143 80
          142 143 79 78 142 79
          141 142 78 77 141 78
          140 141 77 76 140 77
          139 140 76 75 139 76
          138 139 75 74 138 75
          137 138 74 73 137 74
          136 137 73 72 136 73
          135 136 72 71 135 72
          134 135 71 70 134 71
          133 134 70 69 133 70
          132 133 69 68 132 69
          131 132 68 67 131 68
          130 131 67 66 130 67
          129 130 66 65 129 66
          128 129 65 64 128 65
          127 128 64 63 127 64
          126 127 63 62 126 63
          219 220 156 155 219 156
          218 219 155 154 218 155
          217 218 154 153 217 154
          216 217 153 152 216 153
          215 216 152 151 215 152
          214 215 151 150 214 151
          213 214 150 149 213 150
          212 213 149 148 212 149
          211 212 148 147 211 148
          210 211 147 146 210 147
          209 210 146 145 209 146
          208 209 145 144 208 145
          207 208 144 143 207 144
          206 207 143 142 206 143
          205 206 142 141 205 142
          204 205 141 140 204 141
          203 204 140 139 203 140
          202 203 139 138 202 139
          201 202 138 137 201 138
          200 201 137 136 200 137
          199 200 136 135 199 136
          198 199 135 134 198 135
          197 198 134 133 197 134
          196 197 133 132 196 133
          195 196 132 131 195 132
          194 195 131 130 194 131
          193 194 130 129 193 130
          192 193 129 128 192 129
          191 192 128 127 191 128
          190 191 127 126 190 127
          285 286 220 219 285 220
          284 285 219 218 284 219
          283 284 218 217 283 218
          282 283 217 216 282 217
          281 282 216 215 281 216
          280 281 215 214 280 215
          279 280 214 213 279 214
          278 279 213 212 278 213
          277 278 212 211 277 212
          276 277 211 210 276 211
          275 276 210 209 275 210
          274 275 209 208 274 209
          273 274 208 207 273 208
          272 273 207 206 272 207
          271 272 206 205 271 206
          270 271 205 204 270 205
          269 270 204 203 269 204
          268 269 203 202 268 203
          267 268 202 201 267 202
          266 267 201 200 266 201
          265 266 200 199 265 200
          264 265 199 198 264 199
          263 264 198 197 263 198
          262 263 197 196 262 197
          261 262 196 195 261 196
          260 261 195 194 260 195
          259 260 194 193 259 194
          258 259 193 192 258 193
          257 258 192 191 257 192
          256 257 191 190 256 191
          351 352 286 285 351 286
          350 351 285 284 350 285
          349 350 284 283 349 284
          348 349 283 282 348 283
          347 348 282 281 347 282
          346 347 281 280 346 281
          345 346 280 279 345 280
          344 345 279 278 344 279
          343 344 278 277 343 278
          342 343 277 276 342 277
          341 342 276 275 341 276
          340 341 275 274 340 275
          339 340 274 273 339 274
          338 339 273 272 338 273
          337 338 272 271 337 272
          336 337 271 270 336 271
          335 336 270 269 335 270
          334 335 269 268 334 269
          333 334 268 267 333 268
          332 333 267 266 332 267
          331 332 266 265 331 266
          330 331 265 264 330 265
          329 330 264 263 329 264
          328 329 263 262 328 263
          327 328 262 261 327 262
          326 327 261 260 326 261
          325 326 260 259 325 260
          324 325 259 258 324 259
          323 324 258 257 323 258
          322 323 257 256 322 257
          417 418 352 351 417 352
          416 417 351 350 416 351
          415 416 350 349 415 350
          414 415 349 348 414 349
          413 414 348 347 413 348
          412 413 347 346 412 347
          411 412 346 345 411 346
          410 411 345 344 410 345
          409 410 344 343 409 344
          408 409 343 342 408 343
          407 408 342 341 407 342
          406 407 341 340 406 341
          405 406 340 339 405 340
          404 405 339 338 404 339
          403 404 338 337 403 338
          402 403 337 336 402 337
          401 402 336 335 401 336
          400 401 335 334 400 335
          399 400 334 333 399 334
          398 399 333 332 398 333
          397 398 332 331 397 332
          396 397 331 330 396 331
          395 396 330 329 395 330
          394 395 329 328 394 329
          393 394 328 327 393 328
          392 393 327 326 392 327
          391 392 326 325 391 326
          390 391 325 324 390 325
          389 390 324 323 389 324
          388 389 323 322 388 323
          483 484 418 417 483 418
          482 483 417 416 482 417
          481 482 416 415 481 416
          480 481 415 414 480 415
          479 480 414 413 479 414
          478 479 413 412 478 413
          477 478 412 411 477 412
          476 477 411 410 476 411
          475 476 410 409 475 410
          474 475 409 408 474 409
          473 474 408 407 473 408
          472 473 407 406 472 407
          471 472 406 405 471 406
          470 471 405 404 470 405
          469 470 404 403 469 404
          468 469 403 402 468 403
          467 468 402 401 467 402
          466 467 401 400 466 401
          465 466 400 399 465 400
          464 465 399 398 464 399
          463 464 398 397 463 398
          462 463 397 396 462 397
          461 462 396 395 461 396
          460 461 395 394 460 395
          459 460 394 393 459 394
          458 459 393 392 458 393
          457 458 392 391 457 392
          456 457 391 390 456 391
          455 456 390 389 455 390
          454 455 389 388 454 389
          551 552 484 483 551 484
          550 551 483 482 550 483
          549 550 482 481 549 482
          548 549 481 480 548 481
          547 548 480 479 547 480
          546 547 479 478 546 479
          545 546 478 477 545 478
          544 545 477 476 544 477
          543 544 476 475 543 476
          542 543 475 474 542 475
          541 542 474 473 541 474
          540 541 473 472 540 473
          539 540 472 471 539 472
          538 539 471 470 538 471
          537 538 470 469 537 470
          536 537 469 468 536 469
          535 536 468 467 535 468
          534 535 467 466 534 467
          533 534 466 465 533 466
          532 533 465 464 532 465
          531 532 464 463 531 464
          530 531 463 462 530 463
          529 530 462 461 529 462
          528 529 461 460 528 461
          527 528 460 459 527 460
          526 527 459 458 526 459
          525 526 458 457 525 458
          524 525 457 456 524 457
          523 524 456 455 523 456
          522 523 455 454 522 455
          619 620 552 551 619 552
          618 619 551 550 618 551
          617 618 550 549 617 550
          616 617 549 548 616 549
          615 616 548 547 615 548
          614 615 547 546 614 547
          613 614 546 545 613 546
          612 613 545 544 612 545
          611 612 544 543 611 544
          610 611 543 542 610 543
          609 610 542 541 609 542
          608 609 541 540 608 541
          607 608 540 539 607 540
          606 607 539 538 606 539
          605 606 538 537 605 538
          604 605 537 536 604 537
          603 604 536 535 603 536
          602 603 535 534 602 535
          601 602 534 533 601 534
          600 601 533 532 600 533
          599 600 532 531 599 532
          598 599 531 530 598 531
          597 598 530 529 597 530
          596 597 529 528 596 529
          595 596 528 527 595 528
          594 595 527 526 594 527
          593 594 526 525 593 526
          592 593 525 524 592 525
          591 592 524 523 591 524
          590 591 523 522 590 523
          687 688 620 619 687 620
          686 687 619 618 686 619
          685 686 618 617 685 618
          684 685 617 616 684 617
          683 684 616 615 683 616
          682 683 615 614 682 615
          681 682 614 613 681 614
          680 681 613 612 680 613
          679 680 612 611 679 612
          678 679 611 610 678 611
          677 678 610 609 677 610
          676 677 609 608 676 609
          675 676 608 607 675 608
          674 675 607 606 674 607
          673 674 606 605 673 606
          672 673 605 604 672 605
          671 672 604 603 671 604
          670 671 603 602 670 603
          669 670 602 601 669 602
          668 669 601 600 668 601
          667 668 600 599 667 600
          666 667 599 598 666 599
          665 666 598 597 665 598
          664 665 597 596 664 597
          663 664 596 595 663 596
          662 663 595 594 662 595
          661 662 594 593 661 594
          660 661 593 592 660 593
          659 660 592 591 659 592
          658 659 591 590 658 591
          755 756 688 687 755 688
          754 755 687 686 754 687
          753 754 686 685 753 686
          752 753 685 684 752 685
          751 752 684 683 751 684
          750 751 683 682 750 683
          749 750 682 681 749 682
          748 749 681 680 748 681
          747 748 680 679 747 680
          746 747 679 678 746 679
          745 746 678 677 745 678
          744 745 677 676 744 677
          743 744 676 675 743 676
          742 743 675 674 742 675
          741 742 674 673 741 674
          740 741 673 672 740 673
          739 740 672 671 739 672
          738 739 671 670 738 671
          737 738 670 669 737 670
          736 737 669 668 736 669
          735 736 668 667 735 668
          734 735 667 666 734 667
          733 734 666 665 733 666
          732 733 665 664 732 665
          731 732 664 663 731 664
          730 731 663 662 730 663
          729 730 662 661 729 662
          728 729 661 660 728 661
          727 728 660 659 727 660
          726 727 659 658 726 659
          823 824 756 755 823 756
          822 823 755 754 822 755
          821 822 754 753 821 754
          820 821 753 752 820 753
          819 820 752 751 819 752
          818 819 751 750 818 751
          817 818 750 749 817 750
          816 817 749 748 816 749
          815 816 748 747 815 748
          814 815 747 746 814 747
          813 814 746 745 813 746
          812 813 745 744 812 745
          811 812 744 743 811 744
          810 811 743 742 810 743
          809 810 742 741 809 742
          808 809 741 740 808 741
          807 808 740 739 807 740
          806 807 739 738 806 739
          805 806 738 737 805 738
          804 805 737 736 804 737
          803 804 736 735 803 736
          802 803 735 734 802 735
          801 802 734 733 801 734
          800 801 733 732 800 733
          799 800 732 731 799 732
          798 799 731 730 798 731
          797 798 730 729 797 730
          796 797 729 728 796 729
          795 796 728 727 795 728
          794 795 727 726 794 727
          891 892 824 823 891 824
          890 891 823 822 890 823
          889 890 822 821 889 822
          888 889 821 820 888 821
          887 888 820 819 887 820
          886 887 819 818 886 819
          885 886 818 817 885 818
          884 885 817 816 884 817
          883 884 816 815 883 816
          882 883 815 814 882 815
          881 882 814 813 881 814
          880 881 813 812 880 813
          879 880 812 811 879 812
          878 879 811 810 878 811
          877 878 810 809 877 810
          876 877 809 808 876 809
          875 876 808 807 875 808
          874 875 807 806 874 807
          873 874 806 805 873 806
          872 873 805 804 872 805
          871 872 804 803 871 804
          870 871 803 802 870 803
          869 870 802 801 869 802
          868 869 801 800 868 801
          867 868 800 799 867 800
          866 867 799 798 866 799
          865 866 798 797 865 798
          864 865 797 796 864 797
          863 864 796 795 863 796
          862 863 795 794 862 795
          961 962 892 891 961 892
          960 961 891 890 960 891
          959 960 890 889 959 890
          958 959 889 888 958 889
          957 958 888 887 957 888
          956 957 887 886 956 887
          955 956 886 885 955 886
          954 955 885 884 954 885
          953 954 884 883 953 884
          952 953 883 882 952 883
          951 952 882 881 951 882
          950 951 881 880 950 881
          949 950 880 879 949 880
          948 949 879 878 948 879
          947 948 878 877 947 878
          946 947 877 876 946 877
          945 946 876 875 945 876
          944 945 875 874 944 875
          943 944 874 873 943 874
          942 943 873 872 942 873
          941 942 872 871 941 872
          940 941 871 870 940 871
          939 940 870 869 939 870
          938 939 869 868 938 869
          937 938 868 867 937 868
          936 937 867 866 936 867
          935 936 866 865 935 866
          934 935 865 864 934 865
          933 934 864 863 933 864
          932 933 863 862 932 863
          1029 1030 962 961 1029 962
          1028 1029 961 960 1028 961
          1027 1028 960 959 1027 960
          1026 1027 959 958 1026 959
          1025 1026 958 957 1025 958
          1024 1025 957 956 1024 957
          1023 1024 956 955 1023 956
          1022 1023 955 954 1022 955
          1021 1022 954 953 1021 954
          1020 1021 953 952 1020 953
          1019 1020 952 951 1019 952
          1018 1019 951 950 1018 951
          1017 1018 950 949 1017 950
          1016 1017 949 948 1016 949
          1015 1016 948 947 1015 948
          1014 1015 947 946 1014 947
          1013 1014 946 945 1013 946
          1012 1013 945 944 1012 945
          1011 1012 944 943 1011 944
          1010 1011 943 942 1010 943
          1009 1010 942 941 1009 942
          1008 1009 941 940 1008 941
          1007 1008 940 939 1007 940
          1006 1007 939 938 1006 939
          1005 1006 938 937 1005 938
          1004 1005 937 936 1004 937
          1003 1004 936 935 1003 936
          1002 1003 935 934 1002 935
          1001 1002 934 933 1001 934
          1000 1001 933 932 1000 933
          1097 1098 1030 1029 1097 1030
          1096 1097 1029 1028 1096 1029
          1095 1096 1028 1027 1095 1028
          1094 1095 1027 1026 1094 1027
          1093 1094 1026 1025 1093 1026
          1092 1093 1025 1024 1092 1025
          1091 1092 1024 1023 1091 1024
          1090 1091 1023 1022 1090 1023
          1089 1090 1022 1021 1089 1022
          1088 1089 1021 1020 1088 1021
          1087 1088 1020 1019 1087 1020
          1086 1087 1019 1018 1086 1019
          1085 1086 1018 1017 1085 1018
          1084 1085 1017 1016 1084 1017
          1083 1084 1016 1015 1083 1016
          1082 1083 1015 1014 1082 1015
          1081 1082 1014 1013 1081 1014
          1080 1081 1013 1012 1080 1013
          1079 1080 1012 1011 1079 1012
          1078 1079 1011 1010 1078 1011
          1077 1078 1010 1009 1077 1010
          1076 1077 1009 1008 1076 1009
          1075 1076 1008 1007 1075 1008
          1074 1075 1007 1006 1074 1007
          1073 1074 1006 1005 1073 1006
          1072 1073 1005 1004 1072 1005
          1071 1072 1004 1003 1071 1004
          1070 1071 1003 1002 1070 1003
          1069 1070 1002 1001 1069 1002
          1068 1069 1001 1000 1068 1001
          1165 1166 1098 1097 1165 1098
          1164 1165 1097 1096 1164 1097
          1163 1164 1096 1095 1163 1096
          1162 1163 1095 1094 1162 1095
          1161 1162 1094 1093 1161 1094
          1160 1161 1093 1092 1160 1093
          1159 1160 1092 1091 1159 1092
          1158 1159 1091 1090 1158 1091
          1157 1158 1090 1089 1157 1090
          1156 1157 1089 1088 1156 1089
          1155 1156 1088 1087 1155 1088
          1154 1155 1087 1086 1154 1087
          1153 1154 1086 1085 1153 1086
          1152 1153 1085 1084 1152 1085
          1151 1152 1084 1083 1151 1084
          1150 1151 1083 1082 1150 1083
          1149 1150 1082 1081 1149 1082
          1148 1149 1081 1080 1148 1081
          1147 1148 1080 1079 1147 1080
          1146 1147 1079 1078 1146 1079
          1145 1146 1078 1077 1145 1078
          1144 1145 1077 1076 1144 1077
          1143 1144 1076 1075 1143 1076
          1142 1143 1075 1074 1142 1075
          1141 1142 1074 1073 1141 1074
          1140 1141 1073 1072 1140 1073
          1139 1140 1072 1071 1139 1072
          1138 1139 1071 1070 1138 1071
          1137 1138 1070 1069 1137 1070
          1136 1137 1069 1068 1136 1069
          1233 1234 1166 1165 1233 1166
          1232 1233 1165 1164 1232 1165
          1231 1232 1164 1163 1231 1164
          1230 1231 1163 1162 1230 1163
          1229 1230 1162 1161 1229 1162
          1228 1229 1161 1160 1228 1161
          1227 1228 1160 1159 1227 1160
          1226 1227 1159 1158 1226 1159
          1225 1226 1158 1157 1225 1158
          1224 1225 1157 1156 1224 1157
          1223 1224 1156 1155 1223 1156
          1222 1223 1155 1154 1222 1155
          1221 1222 1154 1153 1221 1154
          1220 1221 1153 1152 1220 1153
          1219 1220 1152 1151 1219 1152
          1218 1219 1151 1150 1218 1151
          1217 1218 1150 1149 1217 1150
          1216 1217 1149 1148 1216 1149
          1215 1216 1148 1147 1215 1148
          1214 1215 1147 1146 1214 1147
          1213 1214 1146 1145 1213 1146
          1212 1213 1145 1144 1212 1145
          1211 1212 1144 1143 1211 1144
          1210 1211 1143 1142 1210 1143
          1209 1210 1142 1141 1209 1142
          1208 1209 1141 1140 1208 1141
          1207 1208 1140 1139 1207 1140
          1206 1207 1139 1138 1206 1139
          1205 1206 1138 1137 1205 1138
          1204 1205 1137 1136 1204 1137
          1301 1302 1234 1233 1301 1234
          1300 1301 1233 1232 1300 1233
          1299 1300 1232 1231 1299 1232
          1298 1299 1231 1230 1298 1231
          1297 1298 1230 1229 1297 1230
          1296 1297 1229 1228 1296 1229
          1295 1296 1228 1227 1295 1228
          1294 1295 1227 1226 1294 1227
          1293 1294 1226 1225 1293 1226
          1292 1293 1225 1224 1292 1225
          1291 1292 1224 1223 1291 1224
          1290 1291 1223 1222 1290 1223
          1289 1290 1222 1221 1289 1222
          1288 1289 1221 1220 1288 1221
          1287 1288 1220 1219 1287 1220
          1286 1287 1219 1218 1286 1219
          1285 1286 1218 1217 1285 1218
          1284 1285 1217 1216 1284 1217
          1283 1284 1216 1215 1283 1216
          1282 1283 1215 1214 1282 1215
          1281 1282 1214 1213 1281 1214
          1280 1281 1213 1212 1280 1213
          1279 1280 1212 1211 1279 1212
          1278 1279 1211 1210 1278 1211
          1277 1278 1210 1209 1277 1210
          1276 1277 1209 1208 1276 1209
          1275 1276 1208 1207 1275 1208
          1274 1275 1207 1206 1274 1207
          1273 1274 1206 1205 1273 1206
          1272 1273 1205 1204 1272 1205
          1369 1370 1302 1301 1369 1302
          1368 1369 1301 1300 1368 1301
          1367 1368 1300 1299 1367 1300
          1366 1367 1299 1298 1366 1299
          1365 1366 1298 1297 1365 1298
          1364 1365 1297 1296 1364 1297
          1363 1364 1296 1295 1363 1296
          1362 1363 1295 1294 1362 1295
          1361 1362 1294 1293 1361 1294
          1360 1361 1293 1292 1360 1293
          1359 1360 1292 1291 1359 1292
          1358 1359 1291 1290 1358 1291
          1357 1358 1290 1289 1357 1290
          1356 1357 1289 1288 1356 1289
          1355 1356 1288 1287 1355 1288
          1354 1355 1287 1286 1354 1287
          1353 1354 1286 1285 1353 1286
          1352 1353 1285 1284 1352 1285
          1351 1352 1284 1283 1351 1284
          1350 1351 1283 1282 1350 1283
          1349 1350 1282 1281 1349 1282
          1348 1349 1281 1280 1348 1281
          1347 1348 1280 1279 1347 1280
          1346 1347 1279 1278 1346 1279
          1345 1346 1278 1277 1345 1278
          1344 1345 1277 1276 1344 1277
          1343 1344 1276 1275 1343 1276
          1342 1343 1275 1274 1342 1275
          1341 1342 1274 1273 1341 1274
          1340 1341 1273 1272 1340 1273
          1437 1438 1370 1369 1437 1370
          1436 1437 1369 1368 1436 1369
          1435 1436 1368 1367 1435 1368
          1434 1435 1367 1366 1434 1367
          1433 1434 1366 1365 1433 1366
          1432 1433 1365 1364 1432 1365
          1431 1432 1364 1363 1431 1364
          1430 1431 1363 1362 1430 1363
          1429 1430 1362 1361 1429 1362
          1428 1429 1361 1360 1428 1361
          1427 1428 1360 1359 1427 1360
          1426 1427 1359 1358 1426 1359
          1425 1426 1358 1357 1425 1358
          1424 1425 1357 1356 1424 1357
          1423 1424 1356 1355 1423 1356
          1422 1423 1355 1354 1422 1355
          1421 1422 1354 1353 1421 1354
          1420 1421 1353 1352 1420 1353
          1419 1420 1352 1351 1419 1352
          1418 1419 1351 1350 1418 1351
          1417 1418 1350 1349 1417 1350
          1416 1417 1349 1348 1416 1349
          1415 1416 1348 1347 1415 1348
          1414 1415 1347 1346 1414 1347
          1413 1414 1346 1345 1413 1346
          1412 1413 1345 1344 1412 1345
          1411 1412 1344 1343 1411 1344
          1410 1411 1343 1342 1410 1343
          1409 1410 1342 1341 1409 1342
          1408 1409 1341 1340 1408 1341
          1505 1506 1438 1437 1505 1438
          1504 1505 1437 1436 1504 1437
          1503 1504 1436 1435 1503 1436
          1502 1503 1435 1434 1502 1435
          1501 1502 1434 1433 1501 1434
          1500 1501 1433 1432 1500 1433
          1499 1500 1432 1431 1499 1432
          1498 1499 1431 1430 1498 1431
          1497 1498 1430 1429 1497 1430
          1496 1497 1429 1428 1496 1429
          1495 1496 1428 1427 1495 1428
          1494 1495 1427 1426 1494 1427
          1493 1494 1426 1425 1493 1426
          1492 1493 1425 1424 1492 1425
          1491 1492 1424 1423 1491 1424
          1490 1491 1423 1422 1490 1423
          1489 1490 1422 1421 1489 1422
          1488 1489 1421 1420 1488 1421
          1487 1488 1420 1419 1487 1420
          1486 1487 1419 1418 1486 1419
          1485 1486 1418 1417 1485 1418
          1484 1485 1417 1416 1484 1417
          1483 1484 1416 1415 1483 1416
          1482 1483 1415 1414 1482 1415
          1481 1482 1414 1413 1481 1414
          1480 1481 1413 1412 1480 1413
          1479 1480 1412 1411 1479 1412
          1478 1479 1411 1410 1478 1411
          1477 1478 1410 1409 1477 1410
          1476 1477 1409 1408 1476 1409
          1571 1572 1506 1505 1571 1506
          1570 1571 1505 1504 1570 1505
          1569 1570 1504 1503 1569 1504
          1568 1569 1503 1502 1568 1503
          1567 1568 1502 1501 1567 1502
          1566 1567 1501 1500 1566 1501
          1565 1566 1500 1499 1565 1500
          1564 1565 1499 1498 1564 1499
          1563 1564 1498 1497 1563 1498
          1562 1563 1497 1496 1562 1497
          1561 1562 1496 1495 1561 1496
          1560 1561 1495 1494 1560 1495
          1559 1560 1494 1493 1559 1494
          1558 1559 1493 1492 1558 1493
          1557 1558 1492 1491 1557 1492
          1556 1557 1491 1490 1556 1491
          1555 1556 1490 1489 1555 1490
          1554 1555 1489 1488 1554 1489
          1553 1554 1488 1487 1553 1488
          1552 1553 1487 1486 1552 1487
          1551 1552 1486 1485 1551 1486
          1550 1551 1485 1484 1550 1485
          1549 1550 1484 1483 1549 1484
          1548 1549 1483 1482 1548 1483
          1547 1548 1482 1481 1547 1482
          1546 1547 1481 1480 1546 1481
          1545 1546 1480 1479 1545 1480
          1544 1545 1479 1478 1544 1479
          1543 1544 1478 1477 1543 1478
          1542 1543 1477 1476 1542 1477
          1637 1638 1572 1571 1637 1572
          1636 1637 1571 1570 1636 1571
          1635 1636 1570 1569 1635 1570
          1634 1635 1569 1568 1634 1569
          1633 1634 1568 1567 1633 1568
          1632 1633 1567 1566 1632 1567
          1631 1632 1566 1565 1631 1566
          1630 1631 1565 1564 1630 1565
          1629 1630 1564 1563 1629 1564
          1628 1629 1563 1562 1628 1563
          1627 1628 1562 1561 1627 1562
          1626 1627 1561 1560 1626 1561
          1625 1626 1560 1559 1625 1560
          1624 1625 1559 1558 1624 1559
          1623 1624 1558 1557 1623 1558
          1622 1623 1557 1556 1622 1557
          1621 1622 1556 1555 1621 1556
          1620 1621 1555 1554 1620 1555
          1619 1620 1554 1553 1619 1554
          1618 1619 1553 1552 1618 1553
          1617 1618 1552 1551 1617 1552
          1616 1617 1551 1550 1616 1551
          1615 1616 1550 1549 1615 1550
          1614 1615 1549 1548 1614 1549
          1613 1614 1548 1547 1613 1548
          1612 1613 1547 1546 1612 1547
          1611 1612 1546 1545 1611 1546
          1610 1611 1545 1544 1610 1545
          1609 1610 1544 1543 1609 1544
          1608 1609 1543 1542 1608 1543
          1703 1704 1638 1637 1703 1638
          1702 1703 1637 1636 1702 1637
          1701 1702 1636 1635 1701 1636
          1700 1701 1635 1634 1700 1635
          1699 1700 1634 1633 1699 1634
          1698 1699 1633 1632 1698 1633
          1697 1698 1632 1631 1697 1632
          1696 1697 1631 1630 1696 1631
          1695 1696 1630 1629 1695 1630
          1694 1695 1629 1628 1694 1629
          1693 1694 1628 1627 1693 1628
          1692 1693 1627 1626 1692 1627
          1691 1692 1626 1625 1691 1626
          1690 1691 1625 1624 1690 1625
          1689 1690 1624 1623 1689 1624
          1688 1689 1623 1622 1688 1623
          1687 1688 1622 1621 1687 1622
          1686 1687 1621 1620 1686 1621
          1685 1686 1620 1619 1685 1620
          1684 1685 1619 1618 1684 1619
          1683 1684 1618 1617 1683 1618
          1682 1683 1617 1616 1682 1617
          1681 1682 1616 1615 1681 1616
          1680 1681 1615 1614 1680 1615
          1679 1680 1614 1613 1679 1614
          1678 1679 1613 1612 1678 1613
          1677 1678 1612 1611 1677 1612
          1676 1677 1611 1610 1676 1611
          1675 1676 1610 1609 1675 1610
          1674 1675 1609 1608 1674 1609
          1767 1768 1704 1703 1767 1704
          1766 1767 1703 1702 1766 1703
          1765 1766 1702 1701 1765 1702
          1764 1765 1701 1700 1764 1701
          1763 1764 1700 1699 1763 1700
          1762 1763 1699 1698 1762 1699
          1761 1762 1698 1697 1761 1698
          1760 1761 1697 1696 1760 1697
          1759 1760 1696 1695 1759 1696
          1758 1759 1695 1694 1758 1695
          1757 1758 1694 1693 1757 1694
          1756 1757 1693 1692 1756 1693
          1755 1756 1692 1691 1755 1692
          1754 1755 1691 1690 1754 1691
          1753 1754 1690 1689 1753 1690
          1752 1753 1689 1688 1752 1689
          1751 1752 1688 1687 1751 1688
          1750 1751 1687 1686 1750 1687
          1749 1750 1686 1685 1749 1686
          1748 1749 1685 1684 1748 1685
          1747 1748 1684 1683 1747 1684
          1746 1747 1683 1682 1746 1683
          1745 1746 1682 1681 1745 1682
          1744 1745 1681 1680 1744 1681
          1743 1744 1680 1679 1743 1680
          1742 1743 1679 1678 1742 1679
          1741 1742 1678 1677 1741 1678
          1740 1741 1677 1676 1740 1677
          1739 1740 1676 1675 1739 1676
          1738 1739 1675 1674 1738 1675
          1831 1832 1768 1767 1831 1768
          1830 1831 1767 1766 1830 1767
          1829 1830 1766 1765 1829 1766
          1828 1829 1765 1764 1828 1765
          1827 1828 1764 1763 1827 1764
          1826 1827 1763 1762 1826 1763
          1825 1826 1762 1761 1825 1762
          1824 1825 1761 1760 1824 1761
          1823 1824 1760 1759 1823 1760
          1822 1823 1759 1758 1822 1759
          1821 1822 1758 1757 1821 1758
          1820 1821 1757 1756 1820 1757
          1819 1820 1756 1755 1819 1756
          1818 1819 1755 1754 1818 1755
          1817 1818 1754 1753 1817 1754
          1816 1817 1753 1752 1816 1753
          1815 1816 1752 1751 1815 1752
          1814 1815 1751 1750 1814 1751
          1813 1814 1750 1749 1813 1750
          1812 1813 1749 1748 1812 1749
          1811 1812 1748 1747 1811 1748
          1810 1811 1747 1746 1810 1747
          1809 1810 1746 1745 1809 1746
          1808 1809 1745 1744 1808 1745
          1807 1808 1744 1743 1807 1744
          1806 1807 1743 1742 1806 1743
          1805 1806 1742 1741 1805 1742
          1804 1805 1741 1740 1804 1741
          1803 1804 1740 1739 1803 1740
          1802 1803 1739 1738 1802 1739
          1895 1896 1832 1831 1895 1832
          1894 1895 1831 1830 1894 1831
          1893 1894 1830 1829 1893 1830
          1892 1893 1829 1828 1892 1829
          1891 1892 1828 1827 1891 1828
          1890 1891 1827 1826 1890 1827
          1889 1890 1826 1825 1889 1826
          1888 1889 1825 1824 1888 1825
          1887 1888 1824 1823 1887 1824
          1886 1887 1823 1822 1886 1823
          1885 1886 1822 1821 1885 1822
          1884 1885 1821 1820 1884 1821
          1883 1884 1820 1819 1883 1820
          1882 1883 1819 1818 1882 1819
          1881 1882 1818 1817 1881 1818
          1880 1881 1817 1816 1880 1817
          1879 1880 1816 1815 1879 1816
          1878 1879 1815 1814 1878 1815
          1877 1878 1814 1813 1877 1814
          1876 1877 1813 1812 1876 1813
          1875 1876 1812 1811 1875 1812
          1874 1875 1811 1810 1874 1811
          1873 1874 1810 1809 1873 1810
          1872 1873 1809 1808 1872 1809
          1871 1872 1808 1807 1871 1808
          1870 1871 1807 1806 1870 1807
          1869 1870 1806 1805 1869 1806
          1868 1869 1805 1804 1868 1805
          1867 1868 1804 1803 1867 1804
          1866 1867 1803 1802 1866 1803
          1959 1960 1896 1895 1959 1896
          1958 1959 1895 1894 1958 1895
          1957 1958 1894 1893 1957 1894
          1956 1957 1893 1892 1956 1893
          1955 1956 1892 1891 1955 1892
          1954 1955 1891 1890 1954 1891
          1953 1954 1890 1889 1953 1890
          1952 1953 1889 1888 1952 1889
          1951 1952 1888 1887 1951 1888
          1950 1951 1887 1886 1950 1887
          1949 1950 1886 1885 1949 1886
          1948 1949 1885 1884 1948 1885
          1947 1948 1884 1883 1947 1884
          1946 1947 1883 1882 1946 1883
          1945 1946 1882 1881 1945 1882
          1944 1945 1881 1880 1944 1881
          1943 1944 1880 1879 1943 1880
          1942 1943 1879 1878 1942 1879
          1941 1942 1878 1877 1941 1878
          1940 1941 1877 1876 1940 1877
          1939 1940 1876 1875 1939 1876
          1938 1939 1875 1874 1938 1875
          1937 1938 1874 1873 1937 1874
          1936 1937 1873 1872 1936 1873
          1935 1936 1872 1871 1935 1872
          1934 1935 1871 1870 1934 1871
          1933 1934 1870 1869 1933 1870
          1932 1933 1869 1868 1932 1869
          1931 1932 1868 1867 1931 1868
          1930 1931 1867 1866 1930 1867
          1990 1991 1960 1959 1990 1960
          1989 1990 1959 1958 1989 1959
          1988 1989 1958 1957 1988 1958
          1987 1988 1957 1956 1987 1957
          1986 1987 1956 1955 1986 1956
          1985 1986 1955 1954 1985 1955
          1984 1985 1954 1953 1984 1954
          1983 1984 1953 1952 1983 1953
          1982 1983 1952 1951 1982 1952
          1981 1982 1951 1950 1981 1951
          1980 1981 1950 1949 1980 1950
          1979 1980 1949 1948 1979 1949
          1978 1979 1948 1947 1978 1948
          1977 1978 1947 1946 1977 1947
          1976 1977 1946 1945 1976 1946
          1975 1976 1945 1944 1975 1945
          1974 1975 1944 1943 1974 1944
          1973 1974 1943 1942 1973 1943
          1972 1973 1942 1941 1972 1942
          1971 1972 1941 1940 1971 1941
          1970 1971 1940 1939 1970 1940
          1969 1970 1939 1938 1969 1939
          1968 1969 1938 1937 1968 1938
          1967 1968 1937 1936 1967 1937
          1966 1967 1936 1935 1966 1936
          1965 1966 1935 1934 1965 1935
          1964 1965 1934 1933 1964 1934
          1963 1964 1933 1932 1963 1933
          1962 1963 1932 1931 1962 1932
          1961 1962 1931 1930 1961 1931
          1573 1509 1507 355 419 421
          355 353 419 1573 1575 1509
          1705 1643 1707 1897 1930 1866
          1897 1835 1899 1705 1639 1643
          62 0 31 355 289 353
          998 963 1031 287 353 289
          1066 1134 1101 157 190 126
          1769 1705 1707 1066 1099 1134
          895 930 893 221 190 157
          895 963 930 1066 1101 1033
          157 95 159 998 930 963
          1573 1639 1575 1641 1639 1705
          287 289 223 1202 1134 1167
          827 893 825 827 895 893
          221 157 223 998 1031 1066
          157 159 223 1167 1134 1099
          221 223 289 1202 1167 1235
          1641 1575 1639 1705 1738 1674
          1507 1445 1511 1305 1340 1272
          897 932 862 289 322 256
          1099 1035 1103 693 726 658
          487 423 491 930 897 893
          897 862 829 1639 1577 1643
          421 454 388 893 897 829
          759 695 763 353 291 357
          829 862 794 1169 1204 1136
          963 899 967 1371 1309 1377
          1235 1171 1241 557 590 522
          1575 1608 1542 623 559 627
          825 893 829 1033 1068 1000
          1441 1476 1408 223 159 225
          827 759 763 489 522 454
          489 557 522 965 932 897
          1101 1136 1068 555 487 491
          1101 1068 1033 555 491 559
          965 1000 932 1031 1035 1099
          1031 967 1035 625 693 658
          625 658 590 691 627 695
          691 623 627 93 126 62
          1134 1169 1101 1303 1241 1309
          1303 1309 1371 1066 1031 1099
          1509 1542 1476 1439 1445 1507
          1509 1476 1441 1439 1377 1445
          1373 1408 1340 1373 1340 1305
          761 829 794 761 794 726
          965 897 930 555 559 623
          965 1033 1000 489 454 421
          1101 1169 1136 1031 963 967
          625 590 557 1167 1103 1171
          419 353 357 419 357 423
          691 695 759 1167 1171 1235
          1237 1204 1169 1237 1272 1204
          827 825 759 827 763 831
          1439 1371 1377 1303 1235 1241
          1509 1575 1542 1373 1441 1408
          761 825 829 761 726 693
          895 831 899 895 899 963
          419 423 487 1167 1099 1103
          1237 1305 1272 355 322 289
          757 691 759 1833 1897 1866
          1202 1169 1134 827 831 895
          1573 1507 1511 93 31 95
          1769 1802 1738 998 1066 1033
          689 691 757 355 421 388
          1769 1707 1771 1833 1835 1897
          998 1033 965 1202 1237 1169
          757 759 825 1239 1235 1303
          355 388 322 1897 1899 1930
          1573 1577 1639 757 825 761
          287 291 353 1769 1738 1705
          998 965 930 93 62 31
          757 761 693 1641 1705 1674
          1239 1202 1235 1239 1305 1237
          689 623 691 1573 1511 1577
          93 157 126 689 757 693
          287 223 225 1307 1373 1305
          93 95 157 1641 1608 1575
          221 289 256 1239 1237 1202
          485 421 419 621 623 689
          689 693 625 1375 1373 1307
          1443 1507 1509 621 555 623
          1833 1802 1769 1307 1305 1239
          621 689 625 553 555 621
          1307 1303 1371 1833 1769 1771
          1307 1239 1303 621 625 557
          1375 1441 1373 287 225 291
          1833 1866 1802 1375 1307 1371
          553 487 555 553 621 557
          1641 1674 1608 1375 1371 1439
          1443 1441 1375 553 557 489
          485 487 553 1833 1771 1835
          1443 1509 1441 485 419 487
          485 553 489 1443 1375 1439
          221 256 190 485 489 421
          1443 1439 1507 1899 1961 1930
        </DataArray>
        <DataArray type="Int64" Name="offsets" format="ascii" RangeMin="3" RangeMax="11940">
          3 6 9 12 15 18
          21 24 27 30 33 36
          39 42 45 48 51 54
          57 60 63 66 69 72
          75 78 81 84 87 90
          93 96 99 102 105 108
          111 114 117 120 123 126
          129 132 135 138 141 144
          147 150 153 156 159 162
          165 168 171 174 177 180
          183 186 189 192 195 198
          201 204 207 210 213 216
          219 222 225 228 231 234
          237 240 243 246 249 252
          255 258 261 264 267 270
          273 276 279 282 285 288
          291 294 297 300 303 306
          309 312 315 318 321 324
          327 330 333 336 339 342
          345 348 351 354 357 360
          363 366 369 372 375 378
          381 384 387 390 393 396
          399 402 405 408 411 414
          417 420 423 426 429 432
          435 438 441 444 447 450
          453 456 459 462 465 468
          471 474 477 480 483 486
          489 492 495 498 501 504
          507 510 513 516 519 522
          525 528 531 534 537 540
          543 546 549 552 555 558
          561 564 567 570 573 576
          579 582 585 588 591 594
          597 600 603 606 609 612
          615 618 621 624 627 630
          633 636 639 642 645 648
          651 654 657 660 663 666
          669 672 675 678 681 684
          687 690 693 696 699 702
          705 708 711 714 717 720
          723 726 729 732 735 738
          741 744 747 750 753 756
          759 762 765 768 771 774
          777 780 783 786 789 792
          795 798 801 804 807 810
          813 816 819 822 825 828
          831 834 837 840 843 846
          849 852 855 858 861 864
          867 870 873 876 879 882
          885 888 891 894 897 900
          903 906 909 912 915 918
          921 924 927 930 933 936
          939 942 945 948 951 954
          957 960 963 966 969 972
          975 978 981 984 987 990
          993 996 999 1002 1005 1008
          1011 1014 1017 1020 1023 1026
          1029 1032 1035 1038 1041 1044
          1047 1050 1053 1056 1059 1062
          1065 1068 1071 1074 1077 1080
          1083 1086 1089 1092 1095 1098
          1101 1104 1107 1110 1113 1116
          1119 1122 1125 1128 1131 1134
          1137 1140 1143 1146 1149 1152
          1155 1158 1161 1164 1167 1170
          1173 1176 1179 1182 1185 1188
          1191 1194 1197 1200 1203 1206
          1209 1212 1215 1218 1221 1224
          1227 1230 1233 1236 1239 1242
          1245 1248 1251 1254 1257 1260
          1263 1266 1269 1272 1275 1278
          1281 1284 1287 1290 1293 1296
          1299 1302 1305 1308 1311 1314
          1317 1320 1323 1326 1329 1332
          1335 1338 1341 1344 1347 1350
          1353 1356 1359 1362 1365 1368
          1371 1374 1377 1380 1383 1386
          1389 1392 1395 1398 1401 1404
          1407 1410 1413 1416 1419 1422
          1425 1428 1431 1434 1437 1440
          1443 1446 1449 1452 1455 1458
          1461 1464 1467 1470 1473 1476
          1479 1482 1485 1488 1491 1494
          1497 1500 1503 1506 1509 1512
          1515 1518 1521 1524 1527 1530
          1533 1536 1539 1542 1545 1548
          1551 1554 1557 1560 1563 1566
          1569 1572 1575 1578 1581 1584
          1587 1590 1593 1596 1599 1602
          1605 1608 1611 1614 1617 1620
          1623 1626 1629 1632 1635 1638
          1641 1644 1647 1650 1653 1656
          1659 1662 1665 1668 1671 1674
          1677 1680 1683 1686 1689 1692
          1695 1698 1701 1704 1707 1710
          1713 1716 1719 1722 1725 1728
          1731 1734 1737 1740 1743 1746
          1749 1752 1755 1758 1761 1764
          1767 1770 1773 1776 1779 1782
          1785 1788 1791 1794 1797 1800
          1803 1806 1809 1812 1815 1818
          1821 1824 1827 1830 1833 1836
          1839 1842 1845 1848 1851 1854
          1857 1860 1863 1866 1869 1872
          1875 1878 1881 1884 1887 1890
          1893 1896 1899 1902 1905 1908
          1911 1914 1917 1920 1923 1926
          1929 1932 1935 1938 1941 1944
          1947 1950 1953 1956 1959 1962
          1965 1968 1971 1974 1977 1980
          1983 1986 1989 1992 1995 1998
          2001 2004 2007 2010 2013 2016
          2019 2022 2025 2028 2031 2034
          2037 2040 2043 2046 2049 2052
          2055 2058 2061 2064 2067 2070
          2073 2076 2079 2082 2085 2088
          2091 2094 2097 2100 2103 2106
          2109 2112 2115 2118 2121 2124
          2127 2130 2133 2136 2139 2142
          2145 2148 2151 2154 2157 2160
          2163 2166 2169 2172 2175 2178
          2181 2184 2187 2190 2193 2196
          2199 2202 2205 2208 2211 2214
          2217 2220 2223 2226 2229 2232
          2235 2238 2241 2244 2247 2250
          2253 2256 2259 2262 2265 2268
          2271 2274 2277 2280 2283 2286
          2289 2292 2295 2298 2301 2304
          2307 2310 2313 2316 2319 2322
          2325 2328 2331 2334 2337 2340
          2343 2346 2349 2352 2355 2358
          2361 2364 2367 2370 2373 2376
          2379 2382 2385 2388 2391 2394
          2397 2400 2403 2406 2409 2412
          2415 2418 2421 2424 2427 2430
          2433 2436 2439 2442 2445 2448
          2451 2454 2457 2460 2463 2466
          2469 2472 2475 2478 2481 2484
          2487 2490 2493 2496 2499 2502
          2505 2508 2511 2514 2517 2520
          2523 2526 2529 2532 2535 2538
          2541 2544 2547 2550 2553 2556
          2559 2562 2565 2568 2571 2574
          2577 2580 2583 2586 2589 2592
          2595 2598 2601 2604 2607 2610
          2613 2616 2619 2622 2625 2628
          2631 2634 2637 2640 2643 2646
          2649 2652 2655 2658 2661 2664
          2667 2670 2673 2676 2679 2682
          2685 2688 2691 2694 2697 2700
          2703 2706 2709 2712 2715 2718
          2721 2724 2727 2730 2733 2736
          2739 2742 2745 2748 2751 2754
          2757 2760 2763 2766 2769 2772
          2775 2778 2781 2784 2787 2790
          2793 2796 2799 2802 2805 2808
          2811 2814 2817 2820 2823 2826
          2829 2832 2835 2838 2841 2844
          2847 2850 2853 2856 2859 2862
          2865 2868 2871 2874 2877 2880
          2883 2886 2889 2892 2895 2898
          2901 2904 2907 2910 2913 2916
          2919 2922 2925 2928 2931 2934
          2937 2940 2943 2946 2949 2952
          2955 2958 2961 2964 2967 2970
          2973 2976 2979 2982 2985 2988
          2991 2994 2997 3000 3003 3006
          3009 3012 3015 3018 3021 3024
          3027 3030 3033 3036 3039 3042
          3045 3048 3051 3054 3057 3060
          3063 3066 3069 3072 3075 3078
          3081 3084 3087 3090 3093 3096
          3099 3102 3105 3108 3111 3114
          3117 3120 3123 3126 3129 3132
          3135 3138 3141 3144 3147 3150
          3153 3156 3159 3162 3165 3168
          3171 3174 3177 3180 3183 3186
          3189 3192 3195 3198 3201 3204
          3207 3210 3213 3216 3219 3222
          3225 3228 3231 3234 3237 3240
          3243 3246 3249 3252 3255 3258
          3261 3264 3267 3270 3273 3276
          3279 3282 3285 3288 3291 3294
          3297 3300 3303 3306 3309 3312
          3315 3318 3321 3324 3327 3330
          3333 3336 3339 3342 3345 3348
          3351 3354 3357 3360 3363 3366
          3369 3372 3375 3378 3381 3384
          3387 3390 3393 3396 3399 3402
          3405 3408 3411 3414 3417 3420
          3423 3426 3429 3432 3435 3438
          3441 3444 3447 3450 3453 3456
          3459 3462 3465 3468 3471 3474
          3477 3480 3483 3486 3489 3492
          3495 3498 3501 3504 3507 3510
          3513 3516 3519 3522 3525 3528
          3531 3534 3537 3540 3543 3546
          3549 3552 3555 3558 3561 3564
          3567 3570 3573 3576 3579 3582
          3585 3588 3591 3594 3597 3600
          3603 3606 3609 3612 3615 3618
          3621 3624 3627 3630 3633 3636
          3639 3642 3645 3648 3651 3654
          3657 3660 3663 3666 3669 3672
          3675 3678 3681 3684 3687 3690
          3693 3696 3699 3702 3705 3708
          3711 3714 3717 3720 3723 3726
          3729 3732 3735 3738 3741 3744
          3747 3750 3753 3756 3759 3762
          3765 3768 3771 3774 3777 3780
          3783 3786 3789 3792 3795 3798
          3801 3804 3807 3810 3813 3816
          3819 3822 3825 3828 3831 3834
          3837 3840 3843 3846 3849 3852
          3855 3858 3861 3864 3867 3870
          3873 3876 3879 3882 3885 3888
          3891 3894 3897 3900 3903 3906
          3909 3912 3915 3918 3921 3924
          3927 3930 3933 3936 3939 3942
          3945 3948 3951 3954 3957 3960
          3963 3966 3969 3972 3975 3978
          3981 3984 3987 3990 3993 3996
          3999 4002 4005 4008 4011 4014
          4017 4020 4023 4026 4029 4032
          4035 4038 4041 4044 4047 4050
          4053 4056 4059 4062 4065 4068
          4071 4074 4077 4080 4083 4086
          4089 4092 4095 4098 4101 4104
          4107 4110 4113 4116 4119 4122
          4125 4128 4131 4134 4137 4140
          4143 4146 4149 4152 4155 4158
          4161 4164 4167 4170 4173 4176
          4179 4182 4185 4188 4191 4194
          4197 4200 4203 4206 4209 4212
          4215 4218 4221 4224 4227 4230
          4233 4236 4239 4242 4245 4248
          4251 4254 4257 4260 4263 4266
          4269 4272 4275 4278 4281 4284
          4287 4290 4293 4296 4299 4302
          4305 4308 4311 4314 4317 4320
          4323 4326 4329 4332 4335 4338
          4341 4344 4347 4350 4353 4356
          4359 4362 4365 4368 4371 4374
          4377 4380 4383 4386 4389 4392
          4395 4398 4401 4404 4407 4410
          4413 4416 4419 4422 4425 4428
          4431 4434 4437 4440 4443 4446
          4449 4452 4455 4458 4461 4464
          4467 4470 4473 4476 4479 4482
          4485 4488 4491 4494 4497 4500
          4503 4506 4509 4512 4515 4518
          4521 4524 4527 4530 4533 4536
          4539 4542 4545 4548 4551 4554
          4557 4560 4563 4566 4569 4572
          4575 4578 4581 4584 4587 4590
          4593 4596 4599 4602 4605 4608
          4611 4614 4617 4620 4623 4626
          4629 4632 4635 4638 4641 4644
          4647 4650 4653 4656 4659 4662
          4665 4668 4671 4674 4677 4680
          4683 4686 4689 4692 4695 4698
          4701 4704 4707 4710 4713 4716
          4719 4722 4725 4728 4731 4734
          4737 4740 4743 4746 4749 4752
          4755 4758 4761 4764 4767 4770
          4773 4776 4779 4782 4785 4788
          4791 4794 4797 4800 4803 4806
          4809 4812 4815 4818 4821 4824
          4827 4830 4833 4836 4839 4842
          4845 4848 4851 4854 4857 4860
          4863 4866 4869 4872 4875 4878
          4881 4884 4887 4890 4893 4896
          4899 4902 4905 4908 4911 4914
          4917 4920 4923 4926 4929 4932
          4935 4938 4941 4944 4947 4950
          4953 4956 4959 4962 4965 4968
          4971 4974 4977 4980 4983 4986
          4989 4992 4995 4998 5001 5004
          5007 5010 5013 5016 5019 5022
          5025 5028 5031 5034 5037 5040
          5043 5046 5049 5052 5055 5058
          5061 5064 5067 5070 5073 5076
          5079 5082 5085 5088 5091 5094
          5097 5100 5103 5106 5109 5112
          5115 5118 5121 5124 5127 5130
          5133 5136 5139 5142 5145 5148
          5151 5154 5157 5160 5163 5166
          5169 5172 5175 5178 5181 5184
          5187 5190 5193 5196 5199 5202
          5205 5208 5211 5214 5217 5220
          5223 5226 5229 5232 5235 5238
          5241 5244 5247 5250 5253 5256
          5259 5262 5265 5268 5271 5274
          5277 5280 5283 5286 5289 5292
          5295 5298 5301 5304 5307 5310
          5313 5316 5319 5322 5325 5328
          5331 5334 5337 5340 5343 5346
          5349 5352 5355 5358 5361 5364
          5367 5370 5373 5376 5379 5382
          5385 5388 5391 5394 5397 5400
          5403 5406 5409 5412 5415 5418
          5421 5424 5427 5430 5433 5436
          5439 5442 5445 5448 5451 5454
          5457 5460 5463 5466 5469 5472
          5475 5478 5481 5484 5487 5490
          5493 5496 5499 5502 5505 5508
          5511 5514 5517 5520 5523 5526
          5529 5532 5535 5538 5541 5544
          5547 5550 5553 5556 5559 5562
          5565 5568 5571 5574 5577 5580
          5583 5586 5589 5592 5595 5598
          5601 5604 5607 5610 5613 5616
          5619 5622 5625 5628 5631 5634
          5637 5640 5643 5646 5649 5652
          5655 5658 5661 5664 5667 5670
          5673 5676 5679 5682 5685 5688
          5691 5694 5697 5700 5703 5706
          5709 5712 5715 5718 5721 5724
          5727 5730 5733 5736 5739 5742
          5745 5748 5751 5754 5757 5760
          5763 5766 5769 5772 5775 5778
          5781 5784 5787 5790 5793 5796
          5799 5802 5805 5808 5811 5814
          5817 5820 5823 5826 5829 5832
          5835 5838 5841 5844 5847 5850
          5853 5856 5859 5862 5865 5868
          5871 5874 5877 5880 5883 5886
          5889 5892 5895 5898 5901 5904
          5907 5910 5913 5916 5919 5922
          5925 5928 5931 5934 5937 5940
          5943 5946 5949 5952 5955 5958
          5961 5964 5967 5970 5973 5976
          5979 5982 5985 5988 5991 5994
          5997 6000 6003 6006 6009 6012
          6015 6018 6021 6024 6027 6030
          6033 6036 6039 6042 6045 6048
          6051 6054 6057 6060 6063 6066
          6069 6072 6075 6078 6081 6084
          6087 6090 6093 6096 6099 6102
          6105 6108 6111 6114 6117 6120
          6123 6126 6129 6132 6135 6138
          6141 6144 6147 6150 6153 6156
          6159 6162 6165 6168 6171 6174
          6177 6180 6183 6186 6189 6192
          6195 6198 6201 6204 6207 6210
          6213 6216 6219 6222 6225 6228
          6231 6234 6237 6240 6243 6246
          6249 6252 6255 6258 6261 6264
          6267 6270 6273 6276 6279 6282
          6285 6288 6291 6294 6297 6300
          6303 6306 6309 6312 6315 6318
          6321 6324 6327 6330 6333 6336
          6339 6342 6345 6348 6351 6354
          6357 6360 6363 6366 6369 6372
          6375 6378 6381 6384 6387 6390
          6393 6396 6399 6402 6405 6408
          6411 6414 6417 6420 6423 6426
          6429 6432 6435 6438 6441 6444
          6447 6450 6453 6456 6459 6462
          6465 6468 6471 6474 6477 6480
          6483 6486 6489 6492 6495 6498
          6501 6504 6507 6510 6513 6516
          6519 6522 6525 6528 6531 6534
          6537 6540 6543 6546 6549 6552
          6555 6558 6561 6564 6567 6570
          6573 6576 6579 6582 6585 6588
          6591 6594 6597 6600 6603 6606
          6609 6612 6615 6618 6621 6624
          6627 6630 6633 6636 6639 6642
          6645 6648 6651 6654 6657 6660
          6663 6666 6669 6672 6675 6678
          6681 6684 6687 6690 6693 6696
          6699 6702 6705 6708 6711 6714
          6717 6720 6723 6726 6729 6732
          6735 6738 6741 6744 6747 6750
          6753 6756 6759 6762 6765 6768
          6771 6774 6777 6780 6783 6786
          6789 6792 6795 6798 6801 6804
          6807 6810 6813 6816 6819 6822
          6825 6828 6831 6834 6837 6840
          6843 6846 6849 6852 6855 6858
          6861 6864 6867 6870 6873 6876
          6879 6882 6885 6888 6891 6894
          6897 6900 6903 6906 6909 6912
          6915 6918 6921 6924 6927 6930
          6933 6936 6939 6942 6945 6948
          6951 6954 6957 6960 6963 6966
          6969 6972 6975 6978 6981 6984
          6987 6990 6993 6996 6999 7002
          7005 7008 7011 7014 7017 7020
          7023 7026 7029 7032 7035 7038
          7041 7044 7047 7050 7053 7056
          7059 7062 7065 7068 7071 7074
          7077 7080 7083 7086 7089 7092
          7095 7098 7101 7104 7107 7110
          7113 7116 7119 7122 7125 7128
          7131 7134 7137 7140 7143 7146
          7149 7152 7155 7158 7161 7164
          7167 7170 7173 7176 7179 7182
          7185 7188 7191 7194 7197 7200
          7203 7206 7209 7212 7215 7218
          7221 7224 7227 7230 7233 7236
          7239 7242 7245 7248 7251 7254
          7257 7260 7263 7266 7269 7272
          7275 7278 7281 7284 7287 7290
          7293 7296 7299 7302 7305 7308
          7311 7314 7317 7320 7323 7326
          7329 7332 7335 7338 7341 7344
          7347 7350 7353 7356 7359 7362
          7365 7368 7371 7374 7377 7380
          7383 7386 7389 7392 7395 7398
          7401 7404 7407 7410 7413 7416
          7419 7422 7425 7428 7431 7434
          7437 7440 7443 7446 7449 7452
          7455 7458 7461 7464 7467 7470
          7473 7476 7479 7482 7485 7488
          7491 7494 7497 7500 7503 7506
          7509 7512 7515 7518 7521 7524
          7527 7530 7533 7536 7539 7542
          7545 7548 7551 7554 7557 7560
          7563 7566 7569 7572 7575 7578
          7581 7584 7587 7590 7593 7596
          7599 7602 7605 7608 7611 7614
          7617 7620 7623 7626 7629 7632
          7635 7638 7641 7644 7647 7650
          7653 7656 7659 7662 7665 7668
          7671 7674 7677 7680 7683 7686
          7689 7692 7695 7698 7701 7704
          7707 7710 7713 7716 7719 7722
          7725 7728 7731 7734 7737 7740
          7743 7746 7749 7752 7755 7758
          7761 7764 7767 7770 7773 7776
          7779 7782 7785 7788 7791 7794
          7797 7800 7803 7806 7809 7812
          7815 7818 7821 7824 7827 7830
          7833 7836 7839 7842 7845 7848
          7851 7854 7857 7860 7863 7866
          7869 7872 7875 7878 7881 7884
          7887 7890 7893 7896 7899 7902
          7905 7908 7911 7914 7917 7920
          7923 7926 7929 7932 7935 7938
          7941 7944 7947 7950 7953 7956
          7959 7962 7965 7968 7971 7974
          7977 7980 7983 7986 7989 7992
          7995 7998 8001 8004 8007 8010
          8013 8016 8019 8022 8025 8028
          8031 8034 8037 8040 8043 8046
          8049 8052 8055 8058 8061 8064
          8067 8070 8073 8076 8079 8082
          8085 8088 8091 8094 8097 8100
          8103 8106 8109 8112 8115 8118
          8121 8124 8127 8130 8133 8136
          8139 8142 8145 8148 8151 8154
          8157 8160 8163 8166 8169 8172
          8175 8178 8181 8184 8187 8190
          8193 8196 8199 8202 8205 8208
          8211 8214 8217 8220 8223 8226
          8229 8232 8235 8238 8241 8244
          8247 8250 8253 8256 8259 8262
          8265 8268 8271 8274 8277 8280
          8283 8286 8289 8292 8295 8298
          8301 8304 8307 8310 8313 8316
          8319 8322 8325 8328 8331 8334
          8337 8340 8343 8346 8349 8352
          8355 8358 8361 8364 8367 8370
          8373 8376 8379 8382 8385 8388
          8391 8394 8397 8400 8403 8406
          8409 8412 8415 8418 8421 8424
          8427 8430 8433 8436 8439 8442
          8445 8448 8451 8454 8457 8460
          8463 8466 8469 8472 8475 8478
          8481 8484 8487 8490 8493 8496
          8499 8502 8505 8508 8511 8514
          8517 8520 8523 8526 8529 8532
          8535 8538 8541 8544 8547 8550
          8553 8556 8559 8562 8565 8568
          8571 8574 8577 8580 8583 8586
          8589 8592 8595 8598 8601 8604
          8607 8610 8613 8616 8619 8622
          8625 8628 8631 8634 8637 8640
          8643 8646 8649 8652 8655 8658
          8661 8664 8667 8670 8673 8676
          8679 8682 8685 8688 8691 8694
          8697 8700 8703 8706 8709 8712
          8715 8718 8721 8724 8727 8730
          8733 8736 8739 8742 8745 8748
          8751 8754 8757 8760 8763 8766
          8769 8772 8775 8778 8781 8784
          8787 8790 8793 8796 8799 8802
          8805 8808 8811 8814 8817 8820
          8823 8826 8829 8832 8835 8838
          8841 8844 8847 8850 8853 8856
          8859 8862 8865 8868 8871 8874
          8877 8880 8883 8886 8889 8892
          8895 8898 8901 8904 8907 8910
          8913 8916 8919 8922 8925 8928
          8931 8934 8937 8940 8943 8946
          8949 8952 8955 8958 8961 8964
          8967 8970 8973 8976 8979 8982
          8985 8988 8991 8994 8997 9000
          9003 9006 9009 9012 9015 9018
          9021 9024 9027 9030 9033 9036
          9039 9042 9045 9048 9051 9054
          9057 9060 9063 9066 9069 9072
          9075 9078 9081 9084 9087 9090
          9093 9096 9099 9102 9105 9108
          9111 9114 9117 9120 9123 9126
          9129 9132 9135 9138 9141 9144
          9147 9150 9153 9156 9159 9162
          9165 9168 9171 9174 9177 9180
          9183 9186 9189 9192 9195 9198
          9201 9204 9207 9210 9213 9216
          9219 9222 9225 9228 9231 9234
          9237 9240 9243 9246 9249 9252
          9255 9258 9261 9264 9267 9270
          9273 9276 9279 9282 9285 9288
          9291 9294 9297 9300 9303 9306
          9309 9312 9315 9318 9321 9324
          9327 9330 9333 9336 9339 9342
          9345 9348 9351 9354 9357 9360
          9363 9366 9369 9372 9375 9378
          9381 9384 9387 9390 9393 9396
          9399 9402 9405 9408 9411 9414
          9417 9420 9423 9426 9429 9432
          9435 9438 9441 9444 9447 9450
          9453 9456 9459 9462 9465 9468
          9471 9474 9477 9480 9483 9486
          9489 9492 9495 9498 9501 9504
          9507 9510 9513 9516 9519 9522
          9525 9528 9531 9534 9537 9540
          9543 9546 9549 9552 9555 9558
          9561 9564 9567 9570 9573 9576
          9579 9582 9585 9588 9591 9594
          9597 9600 9603 9606 9609 9612
          9615 9618 9621 9624 9627 9630
          9633 9636 9639 9642 9645 9648
          9651 9654 9657 9660 9663 9666
          9669 9672 9675 9678 9681 9684
          9687 9690 9693 9696 9699 9702
          9705 9708 9711 9714 9717 9720
          9723 9726 9729 9732 9735 9738
          9741 9744 9747 9750 9753 9756
          9759 9762 9765 9768 9771 9774
          9777 9780 9783 9786 9789 9792
          9795 9798 9801 9804 9807 9810
          9813 9816 9819 9822 9825 9828
          9831 9834 9837 9840 9843 9846
          9849 9852 9855 9858 9861 9864
          9867 9870 9873 9876 9879 9882
          9885 9888 9891 9894 9897 9900
          9903 9906 9909 9912 9915 9918
          9921 9924 9927 9930 9933 9936
          9939 9942 9945 9948 9951 9954
          9957 9960 9963 9966 9969 9972
          9975 9978 9981 9984 9987 9990
          9993 9996 9999 10002 10005 10008
          10011 10014 10017 10020 10023 10026
          10029 10032 10035 10038 10041 10044
          10047 10050 10053 10056 10059 10062
          10065 10068 10071 10074 10077 10080
          10083 10086 10089 10092 10095 10098
          10101 10104 10107 10110 10113 10116
          10119 10122 10125 10128 10131 10134
          10137 10140 10143 10146 10149 10152
          10155 10158 10161 10164 10167 10170
          10173 10176 10179 10182 10185 10188
          10191 10194 10197 10200 10203 10206
          10209 10212 10215 10218 10221 10224
          10227 10230 10233 10236 10239 10242
          10245 10248 10251 10254 10257 10260
          10263 10266 10269 10272 10275 10278
          10281 10284 10287 10290 10293 10296
          10299 10302 10305 10308 10311 10314
          10317 10320 10323 10326 10329 10332
          10335 10338 10341 10344 10347 10350
          10353 10356 10359 10362 10365 10368
          10371 10374 10377 10380 10383 10386
          10389 10392 10395 10398 10401 10404
          10407 10410 10413 10416 10419 10422
          10425 10428 10431 10434 10437 10440
          10443 10446 10449 10452 10455 10458
          10461 10464 10467 10470 10473 10476
          10479 10482 10485 10488 10491 10494
          10497 10500 10503 10506 10509 10512
          10515 10518 10521 10524 10527 10530
          10533 10536 10539 10542 10545 10548
          10551 10554 10557 10560 10563 10566
          10569 10572 10575 10578 10581 10584
          10587 10590 10593 10596 10599 10602
          10605 10608 10611 10614 10617 10620
          10623 10626 10629 10632 10635 10638
          10641 10644 10647 10650 10653 10656
          10659 10662 10665 10668 10671 10674
          10677 10680 10683 10686 10689 10692
          10695 10698 10701 10704 10707 10710
          10713 10716 10719 10722 10725 10728
          10731 10734 10737 10740 10743 10746
          10749 10752 10755 10758 10761 10764
          10767 10770 10773 10776 10779 10782
          10785 10788 10791 10794 10797 10800
          10803 10806 10809 10812 10815 10818
          10821 10824 10827 10830 10833 10836
          10839 10842 10845 10848 10851 10854
          10857 10860 10863 10866 10869 10872
          10875 10878 10881 10884 10887 10890
          10893 10896 10899 10902 10905 10908
          10911 10914 10917 10920 10923 10926
          10929 10932 10935 10938 10941 10944
          10947 10950 10953 10956 10959 10962
          10965 10968 10971 10974 10977 10980
          10983 10986 10989 10992 10995 10998
          11001 11004 11007 11010 11013 11016
          11019 11022 11025 11028 11031 11034
          11037 11040 11043 11046 11049 11052
          11055 11058 11061 11064 11067 11070
          11073 11076 11079 11082 11085 11088
          11091 11094 11097 11100 11103 11106
          11109 11112 11115 11118 11121 11124
          11127 11130 11133 11136 11139 11142
          11145 11148 11151 11154 11157 11160
          11163 11166 11169 11172 11175 11178
          11181 11184 11187 11190 11193 11196
          11199 11202 11205 11208 11211 11214
          11217 11220 11223 11226 11229 11232
          11235 11238 11241 11244 11247 11250
          11253 11256 11259 11262 11265 11268
          11271 11274 11277 11280 11283 11286
          11289 11292 11295 11298 11301 11304
          11307 11310 11313 11316 11319 11322
          11325 11328 11331 11334 11337 11340
          11343 11346 11349 11352 11355 11358
          11361 11364 11367 11370 11373 11376
          11379 11382 11385 11388 11391 11394
          11397 11400 11403 11406 11409 11412
          11415 11418 11421 11424 11427 11430
          11433 11436 11439 11442 11445 11448
          11451 11454 11457 11460 11463 11466
          11469 11472 11475 11478 11481 11484
          11487 11490 11493 11496 11499 11502
          11505 11508 11511 11514 11517 11520
          11523 11526 11529 11532 11535 11538
          11541 11544 11547 11550 11553 11556
          11559 11562 11565 11568 11571 11574
          11577 11580 11583 11586 11589 11592
          11595 11598 11601 11604 11607 11610
          11613 11616 11619 11622 11625 11628
          11631 11634 11637 11640 11643 11646
          11649 11652 11655 11658 11661 11664
          11667 11670 11673 11676 11679 11682
          11685 11688 11691 11694 11697 11700
          11703 11706 11709 11712 11715 11718
          11721 11724 11727 11730 11733 11736
          11739 11742 11745 11748 11751 11754
          11757 11760 11763 11766 11769 11772
          11775 11778 11781 11784 11787 11790
          11793 11796 11799 11802 11805 11808
          11811 11814 11817 11820 11823 11826
          11829 11832 11835 11838 11841 11844
          11847 11850 11853 11856 11859 11862
          11865 11868 11871 11874 11877 11880
          11883 11886 11889 11892 11895 11898
          11901 11904 11907 11910 11913 11916
          11919 11922 11925 11928 11931 11934
          11937 11940
        </DataArray>
        <DataArray type="UInt8" Name="types" format="ascii" RangeMin="5" RangeMax="5">
          5 5 5 5 5 5
          5 5 5 5 5 5
          5 5 5 5 5 5
          5 5 5 5 5 5
          5 5 5 5 5 5
          5 5 5 5 5 5
          5 5 5 5 5 5
          5 5 5 5 5 5
          5 5 5 5 5 5
          5 5 5 5 5 5
          5 5 5 5 5 5
          5 5 5 5 5 5
          5 5 5 5 5 5
          5 5 5 5 5 5
          5 5 5 5 5 5
          5 5 5 5 5 5
          5 5 5 5 5 5
          5 5 5 5 5 5
          5 5 5 5 5 5
          5 5 5 5 5 5
          5 5 5 5 5 5
          5 5 5 5 5 5
          5 5 5 5 5 5
          5 5 5 5 5 5
          5 5 5 5 5 5
          5 5 5 5 5 5
          5 5 5 5 5 5
          5 5 5 5 5 5
          5 5 5 5 5 5
          5 5 5 5 5 5
          5 5 5 5 5 5
          5 5 5 5 5 5
          5 5 5 5 5 5
          5 5 5 5 5 5
          5 5 5 5 5 5
          5 5 5 5 5 5
          5 5 5 5 5 5
          5 5 5 5 5 5
          5 5 5 5 5 5
          5 5 5 5 5 5
          5 5 5 5 5 5
          5 5 5 5 5 5
          5 5 5 5 5 5
          5 5 5 5 5 5
          5 5 5 5 5 5
          5 5 5 5 5 5
          5 5 5 5 5 5
          5 5 5 5 5 5
          5 5 5 5 5 5
          5 5 5 5 5 5
          5 5 5 5 5 5
          5 5 5 5 5 5
          5 5 5 5 5 5
          5 5 5 5 5 5
          5 5 5 5 5 5
          5 5 5 5 5 5
          5 5 5 5 5 5
          5 5 5 5 5 5
          5 5 5 5 5 5
          5 5 5 5 5 5
          5 5 5 5 5 5
          5 5 5 5 5 5
          5 5 5 5 5 5
          5 5 5 5 5 5
          5 5 5 5 5 5
          5 5 5 5 5 5
          5 5 5 5 5 5
          5 5 5 5 5 5
          5 5 5 5 5 5
          5 5 5 5 5 5
          5 5 5 5 5 5
          5 5 5 5 5 5
          5 5 5 5 5 5
          5 5 5 5 5 5
          5 5 5 5 5 5
          5 5 5 5 5 5
          5 5 5 5 5 5
          5 5 5 5 5 5
          5 5 5 5 5 5
          5 5 5 5 5 5
          5 5 5 5 5 5
          5 5 5 5 5 5
          5 5 5 5 5 5
          5 5 5 5 5 5
          5 5 5 5 5 5
          5 5 5 5 5 5
          5 5 5 5 5 5
          5 5 5 5 5 5
          5 5 5 5 5 5
          5 5 5 5 5 5
          5 5 5 5 5 5
          5 5 5 5 5 5
          5 5 5 5 5 5
          5 5 5 5 5 5
          5 5 5 5 5 5
          5 5 5 5 5 5
          5 5 5 5 5 5
          5 5 5 5 5 5
          5 5 5 5 5 5
          5 5 5 5 5 5
          5 5 5 5 5 5
          5 5 5 5 5 5
          5 5 5 5 5 5
          5 5 5 5 5 5
          5 5 5 5 5 5
          5 5 5 5 5 5
          5 5 5 5 5 5
          5 5 5 5 5 5
          5 5 5 5 5 5
          5 5 5 5 5 5
          5 5 5 5 5 5
          5 5 5 5 5 5
          5 5 5 5 5 5
          5 5 5 5 5 5
          5 5 5 5 5 5
          5 5 5 5 5 5
          5 5 5 5 5 5
          5 5 5 5 5 5
          5 5 5 5 5 5
          5 5 5 5 5 5
          5 5 5 5 5 5
          5 5 5 5 5 5
          5 5 5 5 5 5
          5 5 5 5 5 5
          5 5 5 5 5 5
          5 5 5 5 5 5
          5 5 5 5 5 5
          5 5 5 5 5 5
          5 5 5 5 5 5
          5 5 5 5 5 5
          5 5 5 5 5 5
          5 5 5 5 5 5
          5 5 5 5 5 5
          5 5 5 5 5 5
          5 5 5 5 5 5
          5 5 5 5 5 5
          5 5 5 5 5 5
          5 5 5 5 5 5
          5 5 5 5 5 5
          5 5 5 5 5 5
          5 5 5 5 5 5
          5 5 5 5 5 5
          5 5 5 5 5 5
          5 5 5 5 5 5
          5 5 5 5 5 5
          5 5 5 5 5 5
          5 5 5 5 5 5
          5 5 5 5 5 5
          5 5 5 5 5 5
          5 5 5 5 5 5
          5 5 5 5 5 5
          5 5 5 5 5 5
          5 5 5 5 5 5
          5 5 5 5 5 5
          5 5 5 5 5 5
          5 5 5 5 5 5
          5 5 5 5 5 5
          5 5 5 5 5 5
          5 5 5 5 5 5
          5 5 5 5 5 5
          5 5 5 5 5 5
          5 5 5 5 5 5
          5 5 5 5 5 5
          5 5 5 5 5 5
          5 5 5 5 5 5
          5 5 5 5 5 5
          5 5 5 5 5 5
          5 5 5 5 5 5
          5 5 5 5 5 5
          5 5 5 5 5 5
          5 5 5 5 5 5
          5 5 5 5 5 5
          5 5 5 5 5 5
          5 5 5 5 5 5
          5 5 5 5 5 5
          5 5 5 5 5 5
          5 5 5 5 5 5
          5 5 5 5 5 5
          5 5 5 5 5 5
          5 5 5 5 5 5
          5 5 5 5 5 5
          5 5 5 5 5 5
          5 5 5 5 5 5
          5 5 5 5 5 5
          5 5 5 5 5 5
          5 5 5 5 5 5
          5 5 5 5 5 5
          5 5 5 5 5 5
          5 5 5 5 5 5
          5 5 5 5 5 5
          5 5 5 5 5 5
          5 5 5 5 5 5
          5 5 5 5 5 5
          5 5 5 5 5 5
          5 5 5 5 5 5
          5 5 5 5 5 5
          5 5 5 5 5 5
          5 5 5 5 5 5
          5 5 5 5 5 5
          5 5 5 5 5 5
          5 5 5 5 5 5
          5 5 5 5 5 5
          5 5 5 5 5 5
          5 5 5 5 5 5
          5 5 5 5 5 5
          5 5 5 5 5 5
          5 5 5 5 5 5
          5 5 5 5 5 5
          5 5 5 5 5 5
          5 5 5 5 5 5
          5 5 5 5 5 5
          5 5 5 5 5 5
          5 5 5 5 5 5
          5 5 5 5 5 5
          5 5 5 5 5 5
          5 5 5 5 5 5
          5 5 5 5 5 5
          5 5 5 5 5 5
          5 5 5 5 5 5
          5 5 5 5 5 5
          5 5 5 5 5 5
          5 5 5 5 5 5
          5 5 5 5 5 5
          5 5 5 5 5 5
          5 5 5 5 5 5
          5 5 5 5 5 5
          5 5 5 5 5 5
          5 5 5 5 5 5
          5 5 5 5 5 5
          5 5 5 5 5 5
          5 5 5 5 5 5
          5 5 5 5 5 5
          5 5 5 5 5 5
          5 5 5 5 5 5
          5 5 5 5 5 5
          5 5 5 5 5 5
          5 5 5 5 5 5
          5 5 5 5 5 5
          5 5 5 5 5 5
          5 5 5 5 5 5
          5 5 5 5 5 5
          5 5 5 5 5 5
          5 5 5 5 5 5
          5 5 5 5 5 5
          5 5 5 5 5 5
          5 5 5 5 5 5
          5 5 5 5 5 5
          5 5 5 5 5 5
          5 5 5 5 5 5
          5 5 5 5 5 5
          5 5 5 5 5 5
          5 5 5 5 5 5
          5 5 5 5 5 5
          5 5 5 5 5 5
          5 5 5 5 5 5
          5 5 5 5 5 5
          5 5 5 5 5 5
          5 5 5 5 5 5
          5 5 5 5 5 5
          5 5 5 5 5 5
          5 5 5 5 5 5
          5 5 5 5 5 5
          5 5 5 5 5 5
          5 5 5 5 5 5
          5 5 5 5 5 5
          5 5 5 5 5 5
          5 5 5 5 5 5
          5 5 5 5 5 5
          5 5 5 5 5 5
          5 5 5 5 5 5
          5 5 5 5 5 5
          5 5 5 5 5 5
          5 5 5 5 5 5
          5 5 5 5 5 5
          5 5 5 5 5 5
          5 5 5 5 5 5
          5 5 5 5 5 5
          5 5 5 5 5 5
          5 5 5 5 5 5
          5 5 5 5 5 5
          5 5 5 5 5 5
          5 5 5 5 5 5
          5 5 5 5 5 5
          5 5 5 5 5 5
          5 5 5 5 5 5
          5 5 5 5 5 5
          5 5 5 5 5 5
          5 5 5 5 5 5
          5 5 5 5 5 5
          5 5 5 5 5 5
          5 5 5 5 5 5
          5 5 5 5 5 5
          5 5 5 5 5 5
          5 5 5 5 5 5
          5 5 5 5 5 5
          5 5 5 5 5 5
          5 5 5 5 5 5
          5 5 5 5 5 5
          5 5 5 5 5 5
          5 5 5 5 5 5
          5 5 5 5 5 5
          5 5 5 5 5 5
          5 5 5 5 5 5
          5 5 5 5 5 5
          5 5 5 5 5 5
          5 5 5 5 5 5
          5 5 5 5 5 5
          5 5 5 5 5 5
          5 5 5 5 5 5
          5 5 5 5 5 5
          5 5 5 5 5 5
          5 5 5 5 5 5
          5 5 5 5 5 5
          5 5 5 5 5 5
          5 5 5 5 5 5
          5 5 5 5 5 5
          5 5 5 5 5 5
          5 5 5 5 5 5
          5 5 5 5 5 5
          5 5 5 5 5 5
          5 5 5 5 5 5
          5 5 5 5 5 5
          5 5 5 5 5 5
          5 5 5 5 5 5
          5 5 5 5 5 5
          5 5 5 5 5 5
          5 5 5 5 5 5
          5 5 5 5 5 5
          5 5 5 5 5 5
          5 5 5 5 5 5
          5 5 5 5 5 5
          5 5 5 5 5 5
          5 5 5 5 5 5
          5 5 5 5 5 5
          5 5 5 5 5 5
          5 5 5 5 5 5
          5 5 5 5 5 5
          5 5 5 5 5 5
          5 5 5 5 5 5
          5 5 5 5 5 5
          5 5 5 5 5 5
          5 5 5 5 5 5
          5 5 5 5 5 5
          5 5 5 5 5 5
          5 5 5 5 5 5
          5 5 5 5 5 5
          5 5 5 5 5 5
          5 5 5 5 5 5
          5 5 5 5 5 5
          5 5 5 5 5 5
          5 5 5 5 5 5
          5 5 5 5 5 5
          5 5 5 5 5 5
          5 5 5 5 5 5
          5 5 5 5 5 5
          5 5 5 5 5 5
          5 5 5 5 5 5
          5 5 5 5 5 5
          5 5 5 5 5 5
          5 5 5 5 5 5
          5 5 5 5 5 5
          5 5 5 5 5 5
          5 5 5 5 5 5
          5 5 5 5 5 5
          5 5 5 5 5 5
          5 5 5 5 5 5
          5 5 5 5 5 5
          5 5 5 5 5 5
          5 5 5 5 5 5
          5 5 5 5 5 5
          5 5 5 5 5 5
          5 5 5 5 5 5
          5 5 5 5 5 5
          5 5 5 5 5 5
          5 5 5 5 5 5
          5 5 5 5 5 5
          5 5 5 5 5 5
          5 5 5 5 5 5
          5 5 5 5 5 5
          5 5 5 5 5 5
          5 5 5 5 5 5
          5 5 5 5 5 5
          5 5 5 5 5 5
          5 5 5 5 5 5
          5 5 5 5 5 5
          5 5 5 5 5 5
          5 5 5 5 5 5
          5 5 5 5 5 5
          5 5 5 5 5 5
          5 5 5 5 5 5
          5 5 5 5 5 5
          5 5 5 5 5 5
          5 5 5 5 5 5
          5 5 5 5 5 5
          5 5 5 5 5 5
          5 5 5 5 5 5
          5 5 5 5 5 5
          5 5 5 5 5 5
          5 5 5 5 5 5
          5 5 5 5 5 5
          5 5 5 5 5 5
          5 5 5 5 5 5
          5 5 5 5 5 5
          5 5 5 5 5 5
          5 5 5 5 5 5
          5 5 5 5 5 5
          5 5 5 5 5 5
          5 5 5 5 5 5
          5 5 5 5 5 5
          5 5 5 5 5 5
          5 5 5 5 5 5
          5 5 5 5 5 5
          5 5 5 5 5 5
          5 5 5 5 5 5
          5 5 5 5 5 5
          5 5 5 5 5 5
          5 5 5 5 5 5
          5 5 5 5 5 5
          5 5 5 5 5 5
          5 5 5 5 5 5
          5 5 5 5 5 5
          5 5 5 5 5 5
          5 5 5 5 5 5
          5 5 5 5 5 5
          5 5 5 5 5 5
          5 5 5 5 5 5
          5 5 5 5 5 5
          5 5 5 5 5 5
          5 5 5 5 5 5
          5 5 5 5 5 5
          5 5 5 5 5 5
          5 5 5 5 5 5
          5 5 5 5 5 5
          5 5 5 5 5 5
          5 5 5 5 5 5
          5 5 5 5 5 5
          5 5 5 5 5 5
          5 5 5 5 5 5
          5 5 5 5 5 5
          5 5 5 5 5 5
          5 5 5 5 5 5
          5 5 5 5 5 5
          5 5 5 5 5 5
          5 5 5 5 5 5
          5 5 5 5 5 5
          5 5 5 5 5 5
          5 5 5 5 5 5
          5 5 5 5 5 5
          5 5 5 5 5 5
          5 5 5 5 5 5
          5 5 5 5 5 5
          5 5 5 5 5 5
          5 5 5 5 5 5
          5 5 5 5 5 5
          5 5 5 5 5 5
          5 5 5 5 5 5
          5 5 5 5 5 5
          5 5 5 5 5 5
          5 5 5 5 5 5
          5 5 5 5 5 5
          5 5 5 5 5 5
          5 5 5 5 5 5
          5 5 5 5 5 5
          5 5 5 5 5 5
          5 5 5 5 5 5
          5 5 5 5 5 5
          5 5 5 5 5 5
          5 5 5 5 5 5
          5 5 5 5 5 5
          5 5 5 5 5 5
          5 5 5 5 5 5
          5 5 5 5 5 5
          5 5 5 5 5 5
          5 5 5 5 5 5
          5 5 5 5 5 5
          5 5 5 5 5 5
          5 5 5 5 5 5
          5 5 5 5 5 5
          5 5 5 5 5 5
          5 5 5 5 5 5
          5 5 5 5 5 5
          5 5 5 5 5 5
          5 5 5 5 5 5
          5 5 5 5 5 5
          5 5 5 5 5 5
          5 5 5 5 5 5
          5 5 5 5 5 5
          5 5 5 5 5 5
          5 5 5 5 5 5
          5 5 5 5 5 5
          5 5 5 5 5 5
          5 5 5 5 5 5
          5 5 5 5 5 5
          5 5 5 5 5 5
          5 5 5 5 5 5
          5 5 5 5 5 5
          5 5 5 5 5 5
          5 5 5 5 5 5
          5 5 5 5 5 5
          5 5 5 5 5 5
          5 5 5 5 5 5
          5 5 5 5 5 5
          5 5 5 5 5 5
          5 5 5 5 5 5
          5 5 5 5 5 5
          5 5 5 5 5 5
          5 5 5 5 5 5
          5 5 5 5 5 5
          5 5 5 5 5 5
          5 5 5 5 5 5
          5 5 5 5 5 5
          5 5 5 5 5 5
          5 5 5 5 5 5
          5 5 5 5 5 5
          5 5 5 5 5 5
          5 5 5 5 5 5
          5 5 5 5 5 5
          5 5 5 5 5 5
          5 5 5 5 5 5
          5 5 5 5 5 5
          5 5 5 5 5 5
          5 5 5 5 5 5
          5 5 5 5 5 5
          5 5 5 5 5 5
          5 5 5 5 5 5
          5 5 5 5 5 5
          5 5 5 5 5 5
          5 5 5 5 5 5
          5 5 5 5 5 5
          5 5 5 5 5 5
          5 5 5 5 5 5
          5 5 5 5 5 5
          5 5 5 5 5 5
          5 5 5 5 5 5
          5 5 5 5 5 5
          5 5 5 5 5 5
          5 5 5 5 5 5
          5 5 5 5 5 5
          5 5 5 5 5 5
          5 5 5 5 5 5
          5 5 5 5 5 5
          5 5 5 5 5 5
          5 5 5 5 5 5
          5 5 5 5 5 5
          5 5 5 5 5 5
          5 5 5 5 5 5
          5 5 5 5 5 5
          5 5 5 5 5 5
          5 5 5 5 5 5
          5 5 5 5 5 5
          5 5 5 5 5 5
          5 5 5 5 5 5
          5 5 5 5 5 5
          5 5 5 5 5 5
          5 5 5 5 5 5
          5 5 5 5 5 5
          5 5 5 5 5 5
          5 5 5 5 5 5
          5 5 5 5 5 5
          5 5 5 5 5 5
          5 5 5 5 5 5
          5 5 5 5 5 5
          5 5 5 5 5 5
          5 5 5 5 5 5
          5 5 5 5 5 5
          5 5 5 5 5 5
          5 5 5 5 5 5
          5 5 5 5 5 5
          5 5 5 5 5 5
          5 5 5 5 5 5
          5 5 5 5 5 5
          5 5 5 5 5 5
          5 5 5 5 5 5
          5 5 5 5 5 5
          5 5 5 5 5 5
          5 5 5 5 5 5
          5 5 5 5 5 5
          5 5 5 5 5 5
          5 5 5 5 5 5
          5 5 5 5 5 5
          5 5 5 5 5 5
          5 5 5 5 5 5
          5 5 5 5 5 5
          5 5 5 5 5 5
          5 5 5 5 5 5
          5 5 5 5 5 5
          5 5 5 5 5 5
          5 5 5 5 5 5
          5 5 5 5 5 5
          5 5 5 5 5 5
          5 5 5 5 5 5
          5 5 5 5 5 5
          5 5 5 5 5 5
          5 5 5 5 5 5
          5 5 5 5 5 5
          5 5 5 5 5 5
          5 5 5 5 5 5
          5 5 5 5 5 5
          5 5 5 5 5 5
          5 5 5 5 5 5
          5 5 5 5 5 5
          5 5 5 5 5 5
          5 5 5 5 5 5
          5 5 5 5 5 5
          5 5 5 5 5 5
          5 5 5 5 5 5
          5 5 5 5 5 5
          5 5 5 5 5 5
          5 5 5 5 5 5
          5 5 5 5 5 5
          5 5 5 5 5 5
          5 5 5 5 5 5
          5 5 5 5 5 5
          5 5 5 5 5 5
          5 5 5 5 5 5
          5 5 5 5 5 5
          5 5 5 5 5 5
          5 5 5 5 5 5
          5 5 5 5 5 5
          5 5 5 5 5 5
          5 5 5 5 5 5
          5 5 5 5 5 5
          5 5 5 5 5 5
          5 5 5 5 5 5
          5 5 5 5 5 5
          5 5 5 5 5 5
          5 5 5 5 5 5
          5 5 5 5 5 5
          5 5 5 5 5 5
          5 5 5 5 5 5
          5 5 5 5 5 5
          5 5 5 5 5 5
          5 5 5 5 5 5
          5 5 5 5 5 5
          5 5 5 5 5 5
          5 5 5 5 5 5
          5 5 5 5 5 5
          5 5 5 5 5 5
          5 5 5 5 5 5
          5 5 5 5 5 5
          5 5 5 5 5 5
          5 5 5 5 5 5
          5 5 5 5 5 5
          5 5 5 5 5 5
          5 5 5 5 5 5
          5 5 5 5 5 5
          5 5 5 5 5 5
          5 5 5 5 5 5
          5 5 5 5 5 5
          5 5 5 5 5 5
          5 5 5 5 5 5
          5 5 5 5 5 5
          5 5 5 5 5 5
          5 5 5 5 5 5
          5 5 5 5 5 5
          5 5 5 5 5 5
          5 5 5 5 5 5
          5 5 5 5 5 5
          5 5 5 5 5 5
          5 5 5 5 5 5
          5 5 5 5 5 5
          5 5 5 5 5 5
          5 5 5 5 5 5
          5 5
        </DataArray>
      </Cells>
    </Piece>
  </UnstructuredGrid>
</VTKFile>
