0.000000000000000000e+00,0.000000000000000000e+00,0.000000000000000000e+00,0.000000000000000000e+00,0.000000000000000000e+00,0.000000000000000000e+00,0.000000000000000000e+00,0.000000000000000000e+00,0.000000000000000000e+00,0.000000000000000000e+00,0.000000000000000000e+00,0.000000000000000000e+00,0.000000000000000000e+00,0.000000000000000000e+00,0.000000000000000000e+00,0.000000000000000000e+00,0.000000000000000000e+00,0.000000000000000000e+00,0.000000000000000000e+00,0.000000000000000000e+00,0.000000000000000000e+00,0.000000000000000000e+00,0.000000000000000000e+00,0.000000000000000000e+00,0.000000000000000000e+00,0.000000000000000000e+00,0.000000000000000000e+00,0.000000000000000000e+00,0.000000000000000000e+00,0.000000000000000000e+00,0.000000000000000000e+00,0.000000000000000000e+00,0.000000000000000000e+00,0.000000000000000000e+00,0.000000000000000000e+00,0.000000000000000000e+00,0.000000000000000000e+00,0.000000000000000000e+00,0.000000000000000000e+00,0.000000000000000000e+00,0.000000000000000000e+00,0.000000000000000000e+00,0.000000000000000000e+00,0.000000000000000000e+00,0.000000000000000000e+00,0.000000000000000000e+00,0.000000000000000000e+00,0.000000000000000000e+00,0.000000000000000000e+00,0.000000000000000000e+00,0.000000000000000000e+00,0.000000000000000000e+00,0.000000000000000000e+00,0.000000000000000000e+00,0.000000000000000000e+00,0.000000000000000000e+00,0.000000000000000000e+00,0.000000000000000000e+00,0.000000000000000000e+00,0.000000000000000000e+00,0.000000000000000000e+00,0.000000000000000000e+00,0.000000000000000000e+00,0.000000000000000000e+00,0.000000000000000000e+00,0.000000000000000000e+00,0.000000000000000000e+00,0.000000000000000000e+00,0.000000000000000000e+00,0.000000000000000000e+00,0.000000000000000000e+00,0.000000000000000000e+00,0.000000000000000000e+00,0.000000000000000000e+00,0.000000000000000000e+00,0.000000000000000000e+00,0.000000000000000000e+00,0.000000000000000000e+00,0.000000000000000000e+00,0.000000000000000000e+00,0.000000000000000000e+00,0.000000000000000000e+00,0.000000000000000000e+00,0.000000000000000000e+00,0.000000000000000000e+00,0.000000000000000000e+00,0.000000000000000000e+00,0.000000000000000000e+00,0.000000000000000000e+00,0.000000000000000000e+00,0.000000000000000000e+00,0.000000000000000000e+00,0.000000000000000000e+00,0.000000000000000000e+00,0.000000000000000000e+00,0.000000000000000000e+00,0.000000000000000000e+00,0.000000000000000000e+00,0.000000000000000000e+00,0.000000000000000000e+00,0.000000000000000000e+00,0.000000000000000000e+00,0.000000000000000000e+00,0.000000000000000000e+00,0.000000000000000000e+00,0.000000000000000000e+00,0.000000000000000000e+00,0.000000000000000000e+00,0.000000000000000000e+00,0.000000000000000000e+00,0.000000000000000000e+00,0.000000000000000000e+00,0.000000000000000000e+00,0.000000000000000000e+00,0.000000000000000000e+00,0.000000000000000000e+00,0.000000000000000000e+00,0.000000000000000000e+00,0.000000000000000000e+00,0.000000000000000000e+00,0.000000000000000000e+00,0.000000000000000000e+00,0.000000000000000000e+00,0.000000000000000000e+00,0.000000000000000000e+00,0.000000000000000000e+00
0.000000000000000000e+00,0.000000000000000000e+00,0.000000000000000000e+00,0.000000000000000000e+00,0.000000000000000000e+00,0.000000000000000000e+00,0.000000000000000000e+00,0.000000000000000000e+00,0.000000000000000000e+00,0.000000000000000000e+00,0.000000000000000000e+00,0.000000000000000000e+00,0.000000000000000000e+00,0.000000000000000000e+00,0.000000000000000000e+00,0.000000000000000000e+00,0.000000000000000000e+00,0.000000000000000000e+00,0.000000000000000000e+00,0.000000000000000000e+00,0.000000000000000000e+00,0.000000000000000000e+00,0.000000000000000000e+00,0.000000000000000000e+00,0.000000000000000000e+00,0.000000000000000000e+00,0.000000000000000000e+00,0.000000000000000000e+00,0.000000000000000000e+00,0.000000000000000000e+00,0.000000000000000000e+00,0.000000000000000000e+00,0.000000000000000000e+00,0.000000000000000000e+00,0.000000000000000000e+00,0.000000000000000000e+00,0.000000000000000000e+00,0.000000000000000000e+00,0.000000000000000000e+00,0.000000000000000000e+00,0.000000000000000000e+00,0.000000000000000000e+00,0.000000000000000000e+00,0.000000000000000000e+00,0.000000000000000000e+00,0.000000000000000000e+00,0.000000000000000000e+00,0.000000000000000000e+00,0.000000000000000000e+00,0.000000000000000000e+00,0.000000000000000000e+00,0.000000000000000000e+00,0.000000000000000000e+00,0.000000000000000000e+00,0.000000000000000000e+00,0.000000000000000000e+00,0.000000000000000000e+00,0.000000000000000000e+00,0.000000000000000000e+00,0.000000000000000000e+00,0.000000000000000000e+00,0.000000000000000000e+00,0.000000000000000000e+00,0.000000000000000000e+00,0.000000000000000000e+00,0.000000000000000000e+00,0.000000000000000000e+00,0.000000000000000000e+00,0.000000000000000000e+00,0.000000000000000000e+00,0.000000000000000000e+00,0.000000000000000000e+00,0.000000000000000000e+00,0.000000000000000000e+00,0.000000000000000000e+00,0.000000000000000000e+00,0.000000000000000000e+00,0.000000000000000000e+00,0.000000000000000000e+00,0.000000000000000000e+00,0.000000000000000000e+00,0.000000000000000000e+00,0.000000000000000000e+00,0.000000000000000000e+00,0.000000000000000000e+00,0.000000000000000000e+00,0.000000000000000000e+00,0.000000000000000000e+00,0.000000000000000000e+00,0.000000000000000000e+00,0.000000000000000000e+00,0.000000000000000000e+00,0.000000000000000000e+00,0.000000000000000000e+00,0.000000000000000000e+00,0.000000000000000000e+00,0.000000000000000000e+00,0.000000000000000000e+00,0.000000000000000000e+00,0.000000000000000000e+00,0.000000000000000000e+00,0.000000000000000000e+00,0.000000000000000000e+00,0.000000000000000000e+00,0.000000000000000000e+00,0.000000000000000000e+00,0.000000000000000000e+00,0.000000000000000000e+00,0.000000000000000000e+00,0.000000000000000000e+00,0.000000000000000000e+00,0.000000000000000000e+00,0.000000000000000000e+00,0.000000000000000000e+00,0.000000000000000000e+00,0.000000000000000000e+00,0.000000000000000000e+00,0.000000000000000000e+00,0.000000000000000000e+00,0.000000000000000000e+00,0.000000000000000000e+00,0.000000000000000000e+00,0.000000000000000000e+00,0.000000000000000000e+00,0.000000000000000000e+00,0.000000000000000000e+00
0.000000000000000000e+00,0.000000000000000000e+00,0.000000000000000000e+00,0.000000000000000000e+00,0.000000000000000000e+00,0.000000000000000000e+00,0.000000000000000000e+00,0.000000000000000000e+00,0.000000000000000000e+00,0.000000000000000000e+00,0.000000000000000000e+00,0.000000000000000000e+00,0.000000000000000000e+00,0.000000000000000000e+00,0.000000000000000000e+00,0.000000000000000000e+00,0.000000000000000000e+00,0.000000000000000000e+00,0.000000000000000000e+00,0.000000000000000000e+00,0.000000000000000000e+00,0.000000000000000000e+00,0.000000000000000000e+00,0.000000000000000000e+00,0.000000000000000000e+00,0.000000000000000000e+00,0.000000000000000000e+00,0.000000000000000000e+00,0.000000000000000000e+00,0.000000000000000000e+00,0.000000000000000000e+00,0.000000000000000000e+00,0.000000000000000000e+00,0.000000000000000000e+00,0.000000000000000000e+00,0.000000000000000000e+00,0.000000000000000000e+00,0.000000000000000000e+00,0.000000000000000000e+00,0.000000000000000000e+00,0.000000000000000000e+00,0.000000000000000000e+00,0.000000000000000000e+00,0.000000000000000000e+00,0.000000000000000000e+00,0.000000000000000000e+00,0.000000000000000000e+00,0.000000000000000000e+00,0.000000000000000000e+00,0.000000000000000000e+00,0.000000000000000000e+00,0.000000000000000000e+00,0.000000000000000000e+00,0.000000000000000000e+00,0.000000000000000000e+00,0.000000000000000000e+00,0.000000000000000000e+00,0.000000000000000000e+00,0.000000000000000000e+00,0.000000000000000000e+00,0.000000000000000000e+00,0.000000000000000000e+00,0.000000000000000000e+00,0.000000000000000000e+00,0.000000000000000000e+00,0.000000000000000000e+00,0.000000000000000000e+00,0.000000000000000000e+00,0.000000000000000000e+00,0.000000000000000000e+00,0.000000000000000000e+00,0.000000000000000000e+00,0.000000000000000000e+00,0.000000000000000000e+00,0.000000000000000000e+00,0.000000000000000000e+00,0.000000000000000000e+00,0.000000000000000000e+00,0.000000000000000000e+00,0.000000000000000000e+00,0.000000000000000000e+00,0.000000000000000000e+00,0.000000000000000000e+00,0.000000000000000000e+00,0.000000000000000000e+00,0.000000000000000000e+00,0.000000000000000000e+00,0.000000000000000000e+00,0.000000000000000000e+00,0.000000000000000000e+00,0.000000000000000000e+00,0.000000000000000000e+00,0.000000000000000000e+00,0.000000000000000000e+00,0.000000000000000000e+00,0.000000000000000000e+00,0.000000000000000000e+00,0.000000000000000000e+00,0.000000000000000000e+00,0.000000000000000000e+00,0.000000000000000000e+00,0.000000000000000000e+00,0.000000000000000000e+00,0.000000000000000000e+00,0.000000000000000000e+00,0.000000000000000000e+00,0.000000000000000000e+00,0.000000000000000000e+00,0.000000000000000000e+00,0.000000000000000000e+00,0.000000000000000000e+00,0.000000000000000000e+00,0.000000000000000000e+00,0.000000000000000000e+00,0.000000000000000000e+00,0.000000000000000000e+00,0.000000000000000000e+00,0.000000000000000000e+00,0.000000000000000000e+00,0.000000000000000000e+00,0.000000000000000000e+00,0.000000000000000000e+00,0.000000000000000000e+00,0.000000000000000000e+00,0.000000000000000000e+00,0.000000000000000000e+00
0.000000000000000000e+00,0.000000000000000000e+00,0.000000000000000000e+00,0.000000000000000000e+00,0.000000000000000000e+00,0.000000000000000000e+00,0.000000000000000000e+00,0.000000000000000000e+00,0.000000000000000000e+00,0.000000000000000000e+00,0.000000000000000000e+00,0.000000000000000000e+00,0.000000000000000000e+00,0.000000000000000000e+00,0.000000000000000000e+00,0.000000000000000000e+00,0.000000000000000000e+00,0.000000000000000000e+00,0.000000000000000000e+00,0.000000000000000000e+00,0.000000000000000000e+00,0.000000000000000000e+00,0.000000000000000000e+00,0.000000000000000000e+00,0.000000000000000000e+00,0.000000000000000000e+00,0.000000000000000000e+00,0.000000000000000000e+00,0.000000000000000000e+00,0.000000000000000000e+00,0.000000000000000000e+00,0.000000000000000000e+00,0.000000000000000000e+00,0.000000000000000000e+00,0.000000000000000000e+00,0.000000000000000000e+00,0.000000000000000000e+00,0.000000000000000000e+00,0.000000000000000000e+00,0.000000000000000000e+00,0.000000000000000000e+00,0.000000000000000000e+00,0.000000000000000000e+00,0.000000000000000000e+00,0.000000000000000000e+00,0.000000000000000000e+00,0.000000000000000000e+00,0.000000000000000000e+00,0.000000000000000000e+00,0.000000000000000000e+00,0.000000000000000000e+00,0.000000000000000000e+00,0.000000000000000000e+00,0.000000000000000000e+00,0.000000000000000000e+00,0.000000000000000000e+00,0.000000000000000000e+00,0.000000000000000000e+00,0.000000000000000000e+00,0.000000000000000000e+00,0.000000000000000000e+00,0.000000000000000000e+00,0.000000000000000000e+00,0.000000000000000000e+00,0.000000000000000000e+00,0.000000000000000000e+00,0.000000000000000000e+00,0.000000000000000000e+00,0.000000000000000000e+00,0.000000000000000000e+00,0.000000000000000000e+00,0.000000000000000000e+00,0.000000000000000000e+00,0.000000000000000000e+00,0.000000000000000000e+00,0.000000000000000000e+00,0.000000000000000000e+00,0.000000000000000000e+00,0.000000000000000000e+00,0.000000000000000000e+00,0.000000000000000000e+00,0.000000000000000000e+00,0.000000000000000000e+00,0.000000000000000000e+00,0.000000000000000000e+00,0.000000000000000000e+00,0.000000000000000000e+00,0.000000000000000000e+00,0.000000000000000000e+00,0.000000000000000000e+00,0.000000000000000000e+00,0.000000000000000000e+00,0.000000000000000000e+00,0.000000000000000000e+00,0.000000000000000000e+00,0.000000000000000000e+00,0.000000000000000000e+00,0.000000000000000000e+00,0.000000000000000000e+00,0.000000000000000000e+00,0.000000000000000000e+00,0.000000000000000000e+00,0.000000000000000000e+00,0.000000000000000000e+00,0.000000000000000000e+00,0.000000000000000000e+00,0.000000000000000000e+00,0.000000000000000000e+00,0.000000000000000000e+00,0.000000000000000000e+00,0.000000000000000000e+00,0.000000000000000000e+00,0.000000000000000000e+00,0.000000000000000000e+00,0.000000000000000000e+00,0.000000000000000000e+00,0.000000000000000000e+00,0.000000000000000000e+00,0.000000000000000000e+00,0.000000000000000000e+00,0.000000000000000000e+00,0.000000000000000000e+00,0.000000000000000000e+00,0.000000000000000000e+00,0.000000000000000000e+00,0.000000000000000000e+00
0.000000000000000000e+00,0.000000000000000000e+00,0.000000000000000000e+00,0.000000000000000000e+00,0.000000000000000000e+00,0.000000000000000000e+00,0.000000000000000000e+00,0.000000000000000000e+00,0.000000000000000000e+00,0.000000000000000000e+00,0.000000000000000000e+00,0.000000000000000000e+00,0.000000000000000000e+00,0.000000000000000000e+00,0.000000000000000000e+00,0.000000000000000000e+00,0.000000000000000000e+00,0.000000000000000000e+00,0.000000000000000000e+00,0.000000000000000000e+00,0.000000000000000000e+00,0.000000000000000000e+00,0.000000000000000000e+00,0.000000000000000000e+00,0.000000000000000000e+00,0.000000000000000000e+00,0.000000000000000000e+00,0.000000000000000000e+00,0.000000000000000000e+00,0.000000000000000000e+00,0.000000000000000000e+00,0.000000000000000000e+00,0.000000000000000000e+00,0.000000000000000000e+00,0.000000000000000000e+00,0.000000000000000000e+00,0.000000000000000000e+00,0.000000000000000000e+00,0.000000000000000000e+00,0.000000000000000000e+00,0.000000000000000000e+00,0.000000000000000000e+00,0.000000000000000000e+00,0.000000000000000000e+00,0.000000000000000000e+00,0.000000000000000000e+00,0.000000000000000000e+00,0.000000000000000000e+00,0.000000000000000000e+00,0.000000000000000000e+00,0.000000000000000000e+00,0.000000000000000000e+00,0.000000000000000000e+00,0.000000000000000000e+00,0.000000000000000000e+00,0.000000000000000000e+00,0.000000000000000000e+00,0.000000000000000000e+00,0.000000000000000000e+00,0.000000000000000000e+00,0.000000000000000000e+00,0.000000000000000000e+00,0.000000000000000000e+00,0.000000000000000000e+00,0.000000000000000000e+00,0.000000000000000000e+00,0.000000000000000000e+00,0.000000000000000000e+00,0.000000000000000000e+00,0.000000000000000000e+00,0.000000000000000000e+00,0.000000000000000000e+00,0.000000000000000000e+00,0.000000000000000000e+00,0.000000000000000000e+00,0.000000000000000000e+00,0.000000000000000000e+00,0.000000000000000000e+00,0.000000000000000000e+00,0.000000000000000000e+00,0.000000000000000000e+00,0.000000000000000000e+00,0.000000000000000000e+00,0.000000000000000000e+00,0.000000000000000000e+00,0.000000000000000000e+00,0.000000000000000000e+00,0.000000000000000000e+00,0.000000000000000000e+00,0.000000000000000000e+00,0.000000000000000000e+00,0.000000000000000000e+00,0.000000000000000000e+00,0.000000000000000000e+00,0.000000000000000000e+00,0.000000000000000000e+00,0.000000000000000000e+00,0.000000000000000000e+00,0.000000000000000000e+00,0.000000000000000000e+00,0.000000000000000000e+00,0.000000000000000000e+00,0.000000000000000000e+00,0.000000000000000000e+00,0.000000000000000000e+00,0.000000000000000000e+00,0.000000000000000000e+00,0.000000000000000000e+00,0.000000000000000000e+00,0.000000000000000000e+00,0.000000000000000000e+00,0.000000000000000000e+00,0.000000000000000000e+00,0.000000000000000000e+00,0.000000000000000000e+00,0.000000000000000000e+00,0.000000000000000000e+00,0.000000000000000000e+00,0.000000000000000000e+00,0.000000000000000000e+00,0.000000000000000000e+00,0.000000000000000000e+00,0.000000000000000000e+00,0.000000000000000000e+00,0.000000000000000000e+00,0.000000000000000000e+00
0.000000000000000000e+00,0.000000000000000000e+00,0.000000000000000000e+00,0.000000000000000000e+00,0.000000000000000000e+00,0.000000000000000000e+00,0.000000000000000000e+00,0.000000000000000000e+00,0.000000000000000000e+00,0.000000000000000000e+00,0.000000000000000000e+00,0.000000000000000000e+00,0.000000000000000000e+00,0.000000000000000000e+00,0.000000000000000000e+00,0.000000000000000000e+00,0.000000000000000000e+00,0.000000000000000000e+00,0.000000000000000000e+00,0.000000000000000000e+00,0.000000000000000000e+00,0.000000000000000000e+00,0.000000000000000000e+00,0.000000000000000000e+00,0.000000000000000000e+00,0.000000000000000000e+00,0.000000000000000000e+00,0.000000000000000000e+00,0.000000000000000000e+00,0.000000000000000000e+00,0.000000000000000000e+00,0.000000000000000000e+00,0.000000000000000000e+00,0.000000000000000000e+00,0.000000000000000000e+00,0.000000000000000000e+00,0.000000000000000000e+00,0.000000000000000000e+00,0.000000000000000000e+00,0.000000000000000000e+00,0.000000000000000000e+00,0.000000000000000000e+00,0.000000000000000000e+00,0.000000000000000000e+00,0.000000000000000000e+00,0.000000000000000000e+00,0.000000000000000000e+00,0.000000000000000000e+00,0.000000000000000000e+00,0.000000000000000000e+00,0.000000000000000000e+00,0.000000000000000000e+00,0.000000000000000000e+00,0.000000000000000000e+00,0.000000000000000000e+00,0.000000000000000000e+00,0.000000000000000000e+00,0.000000000000000000e+00,0.000000000000000000e+00,0.000000000000000000e+00,0.000000000000000000e+00,0.000000000000000000e+00,0.000000000000000000e+00,0.000000000000000000e+00,0.000000000000000000e+00,0.000000000000000000e+00,0.000000000000000000e+00,0.000000000000000000e+00,0.000000000000000000e+00,0.000000000000000000e+00,0.000000000000000000e+00,0.000000000000000000e+00,0.000000000000000000e+00,0.000000000000000000e+00,0.000000000000000000e+00,0.000000000000000000e+00,0.000000000000000000e+00,0.000000000000000000e+00,0.000000000000000000e+00,0.000000000000000000e+00,0.000000000000000000e+00,0.000000000000000000e+00,0.000000000000000000e+00,0.000000000000000000e+00,0.000000000000000000e+00,0.000000000000000000e+00,0.000000000000000000e+00,0.000000000000000000e+00,0.000000000000000000e+00,0.000000000000000000e+00,0.000000000000000000e+00,0.000000000000000000e+00,0.000000000000000000e+00,0.000000000000000000e+00,0.000000000000000000e+00,0.000000000000000000e+00,0.000000000000000000e+00,0.000000000000000000e+00,0.000000000000000000e+00,0.000000000000000000e+00,0.000000000000000000e+00,0.000000000000000000e+00,0.000000000000000000e+00,0.000000000000000000e+00,0.000000000000000000e+00,0.000000000000000000e+00,0.000000000000000000e+00,0.000000000000000000e+00,0.000000000000000000e+00,0.000000000000000000e+00,0.000000000000000000e+00,0.000000000000000000e+00,0.000000000000000000e+00,0.000000000000000000e+00,0.000000000000000000e+00,0.000000000000000000e+00,0.000000000000000000e+00,0.000000000000000000e+00,0.000000000000000000e+00,0.000000000000000000e+00,0.000000000000000000e+00,0.000000000000000000e+00,0.000000000000000000e+00,0.000000000000000000e+00,0.000000000000000000e+00,0.000000000000000000e+00
0.000000000000000000e+00,0.000000000000000000e+00,0.000000000000000000e+00,0.000000000000000000e+00,0.000000000000000000e+00,0.000000000000000000e+00,0.000000000000000000e+00,0.000000000000000000e+00,0.000000000000000000e+00,0.000000000000000000e+00,0.000000000000000000e+00,0.000000000000000000e+00,0.000000000000000000e+00,0.000000000000000000e+00,0.000000000000000000e+00,0.000000000000000000e+00,0.000000000000000000e+00,0.000000000000000000e+00,0.000000000000000000e+00,0.000000000000000000e+00,0.000000000000000000e+00,0.000000000000000000e+00,0.000000000000000000e+00,0.000000000000000000e+00,0.000000000000000000e+00,0.000000000000000000e+00,0.000000000000000000e+00,0.000000000000000000e+00,0.000000000000000000e+00,0.000000000000000000e+00,0.000000000000000000e+00,0.000000000000000000e+00,0.000000000000000000e+00,0.000000000000000000e+00,0.000000000000000000e+00,0.000000000000000000e+00,0.000000000000000000e+00,0.000000000000000000e+00,0.000000000000000000e+00,0.000000000000000000e+00,0.000000000000000000e+00,0.000000000000000000e+00,0.000000000000000000e+00,0.000000000000000000e+00,0.000000000000000000e+00,0.000000000000000000e+00,0.000000000000000000e+00,0.000000000000000000e+00,0.000000000000000000e+00,0.000000000000000000e+00,0.000000000000000000e+00,0.000000000000000000e+00,0.000000000000000000e+00,0.000000000000000000e+00,0.000000000000000000e+00,0.000000000000000000e+00,0.000000000000000000e+00,0.000000000000000000e+00,0.000000000000000000e+00,0.000000000000000000e+00,0.000000000000000000e+00,0.000000000000000000e+00,0.000000000000000000e+00,0.000000000000000000e+00,0.000000000000000000e+00,0.000000000000000000e+00,0.000000000000000000e+00,0.000000000000000000e+00,0.000000000000000000e+00,0.000000000000000000e+00,0.000000000000000000e+00,0.000000000000000000e+00,0.000000000000000000e+00,0.000000000000000000e+00,0.000000000000000000e+00,0.000000000000000000e+00,0.000000000000000000e+00,0.000000000000000000e+00,0.000000000000000000e+00,0.000000000000000000e+00,0.000000000000000000e+00,0.000000000000000000e+00,0.000000000000000000e+00,0.000000000000000000e+00,0.000000000000000000e+00,0.000000000000000000e+00,0.000000000000000000e+00,0.000000000000000000e+00,0.000000000000000000e+00,0.000000000000000000e+00,0.000000000000000000e+00,0.000000000000000000e+00,0.000000000000000000e+00,0.000000000000000000e+00,0.000000000000000000e+00,0.000000000000000000e+00,0.000000000000000000e+00,0.000000000000000000e+00,0.000000000000000000e+00,0.000000000000000000e+00,0.000000000000000000e+00,0.000000000000000000e+00,0.000000000000000000e+00,0.000000000000000000e+00,0.000000000000000000e+00,0.000000000000000000e+00,0.000000000000000000e+00,0.000000000000000000e+00,0.000000000000000000e+00,0.000000000000000000e+00,0.000000000000000000e+00,0.000000000000000000e+00,0.000000000000000000e+00,0.000000000000000000e+00,0.000000000000000000e+00,0.000000000000000000e+00,0.000000000000000000e+00,0.000000000000000000e+00,0.000000000000000000e+00,0.000000000000000000e+00,0.000000000000000000e+00,0.000000000000000000e+00,0.000000000000000000e+00,0.000000000000000000e+00,0.000000000000000000e+00,0.000000000000000000e+00
0.000000000000000000e+00,0.000000000000000000e+00,0.000000000000000000e+00,0.000000000000000000e+00,0.000000000000000000e+00,0.000000000000000000e+00,0.000000000000000000e+00,0.000000000000000000e+00,0.000000000000000000e+00,0.000000000000000000e+00,0.000000000000000000e+00,0.000000000000000000e+00,0.000000000000000000e+00,0.000000000000000000e+00,0.000000000000000000e+00,0.000000000000000000e+00,0.000000000000000000e+00,0.000000000000000000e+00,0.000000000000000000e+00,0.000000000000000000e+00,0.000000000000000000e+00,0.000000000000000000e+00,0.000000000000000000e+00,0.000000000000000000e+00,0.000000000000000000e+00,0.000000000000000000e+00,0.000000000000000000e+00,0.000000000000000000e+00,0.000000000000000000e+00,0.000000000000000000e+00,0.000000000000000000e+00,0.000000000000000000e+00,0.000000000000000000e+00,0.000000000000000000e+00,0.000000000000000000e+00,0.000000000000000000e+00,0.000000000000000000e+00,0.000000000000000000e+00,0.000000000000000000e+00,0.000000000000000000e+00,0.000000000000000000e+00,0.000000000000000000e+00,0.000000000000000000e+00,0.000000000000000000e+00,0.000000000000000000e+00,0.000000000000000000e+00,0.000000000000000000e+00,0.000000000000000000e+00,0.000000000000000000e+00,0.000000000000000000e+00,0.000000000000000000e+00,0.000000000000000000e+00,0.000000000000000000e+00,0.000000000000000000e+00,0.000000000000000000e+00,0.000000000000000000e+00,0.000000000000000000e+00,0.000000000000000000e+00,0.000000000000000000e+00,0.000000000000000000e+00,0.000000000000000000e+00,0.000000000000000000e+00,0.000000000000000000e+00,0.000000000000000000e+00,0.000000000000000000e+00,0.000000000000000000e+00,0.000000000000000000e+00,0.000000000000000000e+00,0.000000000000000000e+00,0.000000000000000000e+00,0.000000000000000000e+00,0.000000000000000000e+00,0.000000000000000000e+00,0.000000000000000000e+00,0.000000000000000000e+00,0.000000000000000000e+00,0.000000000000000000e+00,0.000000000000000000e+00,0.000000000000000000e+00,0.000000000000000000e+00,0.000000000000000000e+00,0.000000000000000000e+00,0.000000000000000000e+00,0.000000000000000000e+00,0.000000000000000000e+00,0.000000000000000000e+00,0.000000000000000000e+00,0.000000000000000000e+00,0.000000000000000000e+00,0.000000000000000000e+00,0.000000000000000000e+00,0.000000000000000000e+00,0.000000000000000000e+00,0.000000000000000000e+00,0.000000000000000000e+00,0.000000000000000000e+00,0.000000000000000000e+00,0.000000000000000000e+00,0.000000000000000000e+00,0.000000000000000000e+00,0.000000000000000000e+00,0.000000000000000000e+00,0.000000000000000000e+00,0.000000000000000000e+00,0.000000000000000000e+00,0.000000000000000000e+00,0.000000000000000000e+00,0.000000000000000000e+00,0.000000000000000000e+00,0.000000000000000000e+00,0.000000000000000000e+00,0.000000000000000000e+00,0.000000000000000000e+00,0.000000000000000000e+00,0.000000000000000000e+00,0.000000000000000000e+00,0.000000000000000000e+00,0.000000000000000000e+00,0.000000000000000000e+00,0.000000000000000000e+00,0.000000000000000000e+00,0.000000000000000000e+00,0.000000000000000000e+00,0.000000000000000000e+00,0.000000000000000000e+00,0.000000000000000000e+00
0.000000000000000000e+00,0.000000000000000000e+00,0.000000000000000000e+00,0.000000000000000000e+00,0.000000000000000000e+00,0.000000000000000000e+00,0.000000000000000000e+00,0.000000000000000000e+00,1.132840012493263430e+03,1.018601407658092057e+02,3.751302479960193637e+01,0.000000000000000000e+00,0.000000000000000000e+00,0.000000000000000000e+00,3.478651406436785578e+02,-1.884608308939477439e+01,1.151925559123112208e+01,0.000000000000000000e+00,0.000000000000000000e+00,0.000000000000000000e+00,1.291154292867460924e+02,-3.419586204917351324e+01,4.275546632736693553e+00,0.000000000000000000e+00,0.000000000000000000e+00,0.000000000000000000e+00,2.342727074925888076e+01,-3.188281745554654023e+01,7.757739653543166414e-01,0.000000000000000000e+00,0.000000000000000000e+00,0.000000000000000000e+00,-3.235670700152657986e+01,-2.507695653817244974e+01,-1.071464583520735481e+00,0.000000000000000000e+00,0.000000000000000000e+00,0.000000000000000000e+00,-5.961824636692373502e+01,-1.767997455383239824e+01,-1.974207063492552150e+00,0.000000000000000000e+00,0.000000000000000000e+00,0.000000000000000000e+00,-6.957436975268223023e+01,-1.112268349391455935e+01,-2.303895544971817699e+00,0.000000000000000000e+00,0.000000000000000000e+00,0.000000000000000000e+00,-6.936319060110915302e+01,-5.896596631047558823e+00,-2.296902528603423477e+00,0.000000000000000000e+00,0.000000000000000000e+00,0.000000000000000000e+00,-6.362647722112158988e+01,-2.051686630626095020e+00,-2.106936188327319659e+00,0.000000000000000000e+00,0.000000000000000000e+00,0.000000000000000000e+00,-5.530042067836604502e+01,5.689993840415569215e-01,-1.831225971415186393e+00,0.000000000000000000e+00,0.000000000000000000e+00,0.000000000000000000e+00,-4.618946907218730757e+01,2.198437109554539415e+00,-1.529524628082215898e+00,0.000000000000000000e+00,0.000000000000000000e+00,0.000000000000000000e+00,-3.736907441155591414e+01,3.075322484634153586e+00,-1.237444828642302097e+00,0.000000000000000000e+00,0.000000000000000000e+00,0.000000000000000000e+00,-2.944347207711113512e+01,3.411249208384343312e+00,-9.749953091647284298e-01,0.000000000000000000e+00,0.000000000000000000e+00,0.000000000000000000e+00,-2.270417816333460337e+01,3.378998887044262212e+00,-7.518293749363996747e-01,0.000000000000000000e+00,0.000000000000000000e+00,0.000000000000000000e+00,-1.723023054444673718e+01,3.111408996429283480e+00,-5.705642973310268706e-01,0.000000000000000000e+00,0.000000000000000000e+00,0.000000000000000000e+00,-1.295592323696510206e+01,2.704933860709718196e+00,-4.290242790951048213e-01,0.000000000000000000e+00,0.000000000000000000e+00,0.000000000000000000e+00,-9.718339759841127190e+00,2.224922831042310811e+00,-3.218144807751891490e-01,0.000000000000000000e+00,0.000000000000000000e+00,0.000000000000000000e+00,-7.287735267740430345e+00,1.711069822514872385e+00,-2.413270989872481898e-01,0.000000000000000000e+00,0.000000000000000000e+00,0.000000000000000000e+00,-5.370687655685904893e+00,1.182037593491390037e+00,-1.778457125426259611e-01,0.000000000000000000e+00,0.000000000000000000e+00,0.000000000000000000e+00,-3.514764325788092503e+00,6.372775023349702694e-01,-1.163884042441776234e-01,0.000000000000000000e+00
0.000000000000000000e+00,0.000000000000000000e+00,0.000000000000000000e+00,0.000000000000000000e+00,0.000000000000000000e+00,0.000000000000000000e+00,0.000000000000000000e+00,0.000000000000000000e+00,-9.968037506354867219e+02,-3.752610365078000143e+01,-3.300830073580014812e+01,0.000000000000000000e+00,0.000000000000000000e+00,0.000000000000000000e+00,-2.544070678188317913e+02,3.489814562647374174e+01,-8.424471716246532793e+00,0.000000000000000000e+00,0.000000000000000000e+00,0.000000000000000000e+00,-6.496390881889932700e+01,3.749543380207321519e+01,-2.151224087891180137e+00,0.000000000000000000e+00,0.000000000000000000e+00,0.000000000000000000e+00,1.704335057464067305e+01,3.008064754134225538e+01,5.643759275130701969e-01,0.000000000000000000e+00,0.000000000000000000e+00,0.000000000000000000e+00,5.469104742382044293e+01,2.141586122894223010e+01,1.811047099060846932e+00,0.000000000000000000e+00,0.000000000000000000e+00,0.000000000000000000e+00,6.887380124013007787e+01,1.373409757988225977e+01,2.280696819913238471e+00,0.000000000000000000e+00,0.000000000000000000e+00,0.000000000000000000e+00,7.000043125754892515e+01,7.637250284934998135e+00,2.318004206055427563e+00,0.000000000000000000e+00,0.000000000000000000e+00,0.000000000000000000e+00,6.429455970303929746e+01,3.164540162628054709e+00,2.129059166361261912e+00,0.000000000000000000e+00,0.000000000000000000e+00,0.000000000000000000e+00,5.553689792403819325e+01,1.190904988010439980e-01,1.839056712458579046e+00,0.000000000000000000e+00,0.000000000000000000e+00,0.000000000000000000e+00,4.593175638659847237e+01,-1.781719551068856378e+00,1.520990693670428939e+00,0.000000000000000000e+00,0.000000000000000000e+00,0.000000000000000000e+00,3.669895041311508521e+01,-2.824557253045880678e+00,1.215254247540745958e+00,0.000000000000000000e+00,0.000000000000000000e+00,0.000000000000000000e+00,2.846702382716535951e+01,-3.260524299528803738e+00,9.426610633649961102e-01,0.000000000000000000e+00,0.000000000000000000e+00,0.000000000000000000e+00,2.151214704098875075e+01,-3.291618355329725354e+00,7.123562873323950884e-01,0.000000000000000000e+00,0.000000000000000000e+00,0.000000000000000000e+00,1.589645091589920689e+01,-3.070922090879322663e+00,5.263973295940844732e-01,0.000000000000000000e+00,0.000000000000000000e+00,0.000000000000000000e+00,1.154960513955118984e+01,-2.708564216803353464e+00,3.824552622148585934e-01,0.000000000000000000e+00,0.000000000000000000e+00,0.000000000000000000e+00,8.320208227719023242e+00,-2.279258326331273121e+00,2.755165549787926271e-01,0.000000000000000000e+00,0.000000000000000000e+00,0.000000000000000000e+00,6.009675845028869645e+00,-1.829553323225888262e+00,1.990052580469545973e-01,0.000000000000000000e+00,0.000000000000000000e+00,0.000000000000000000e+00,4.392484585402354647e+00,-1.383988435629732061e+00,1.454533573733967355e-01,0.000000000000000000e+00,0.000000000000000000e+00,0.000000000000000000e+00,3.216831216641235613e+00,-9.495545980028876620e-01,1.065226050238176903e-01,0.000000000000000000e+00,0.000000000000000000e+00,0.000000000000000000e+00,2.139386315037976605e+00,-5.162075843620548277e-01,7.084394178072522807e-02,0.000000000000000000e+00
0.000000000000000000e+00,0.000000000000000000e+00,0.000000000000000000e+00,0.000000000000000000e+00,0.000000000000000000e+00,0.000000000000000000e+00,0.000000000000000000e+00,0.000000000000000000e+00,3.751302479960192215e+01,3.373011144114626880e+00,1.242211622202847199e+00,0.000000000000000000e+00,0.000000000000000000e+00,0.000000000000000000e+00,1.151925559123110254e+01,-6.240718676169009216e-01,3.814502629685108670e-01,0.000000000000000000e+00,0.000000000000000000e+00,0.000000000000000000e+00,4.275546632736689112e+00,-1.132366624543146960e+00,1.415810574281423928e-01,0.000000000000000000e+00,0.000000000000000000e+00,0.000000000000000000e+00,7.757739653543229696e-01,-1.055772137902141417e+00,2.568908908608587977e-02,0.000000000000000000e+00,0.000000000000000000e+00,0.000000000000000000e+00,-1.071464583520735037e+00,-8.304018944781029754e-01,-3.548063014215560584e-02,0.000000000000000000e+00,0.000000000000000000e+00,0.000000000000000000e+00,-1.974207063492551484e+00,-5.854571842272305870e-01,-6.537417262420884556e-02,0.000000000000000000e+00,0.000000000000000000e+00,0.000000000000000000e+00,-2.303895544971816811e+00,-3.683181183078323429e-01,-7.629152374659284308e-02,0.000000000000000000e+00,0.000000000000000000e+00,0.000000000000000000e+00,-2.296902528603433691e+00,-1.952607369216244060e-01,-7.605995601102673309e-02,0.000000000000000000e+00,0.000000000000000000e+00,0.000000000000000000e+00,-2.106936188327332982e+00,-6.793984199613078978e-02,-6.976938368371027321e-02,0.000000000000000000e+00,0.000000000000000000e+00,0.000000000000000000e+00,-1.831225971415181730e+00,1.884192628183282633e-02,-6.063947646780484813e-02,0.000000000000000000e+00,0.000000000000000000e+00,0.000000000000000000e+00,-1.529524628082213678e+00,7.279935816318572339e-02,-5.064889540630637677e-02,0.000000000000000000e+00,0.000000000000000000e+00,0.000000000000000000e+00,-1.237444828642300765e+00,1.018366648075473557e-01,-4.097692351352562323e-02,0.000000000000000000e+00,0.000000000000000000e+00,0.000000000000000000e+00,-9.749953091647396430e-01,1.129605899690141052e-01,-3.228613291270863994e-02,0.000000000000000000e+00,0.000000000000000000e+00,0.000000000000000000e+00,-7.518293749363983425e-01,1.118926482553709717e-01,-2.489618452387256514e-02,0.000000000000000000e+00,0.000000000000000000e+00,0.000000000000000000e+00,-5.705642973310257604e-01,1.030316386758544089e-01,-1.889374704239054834e-02,0.000000000000000000e+00,0.000000000000000000e+00,0.000000000000000000e+00,-4.290242790951039886e-01,8.957156339734251294e-02,-1.420677080950273792e-02,0.000000000000000000e+00,0.000000000000000000e+00,0.000000000000000000e+00,-3.218144807751887604e-01,7.367641009995412604e-02,-1.065661034661104928e-02,0.000000000000000000e+00,0.000000000000000000e+00,0.000000000000000000e+00,-2.413270989872510208e-01,5.666060871612494526e-02,-7.991339773742734895e-03,0.000000000000000000e+00,0.000000000000000000e+00,0.000000000000000000e+00,-1.778457125426257113e-01,3.914216047252127434e-02,-5.889208141960894372e-03,0.000000000000000000e+00,0.000000000000000000e+00,0.000000000000000000e+00,-1.163884042441774569e-01,2.110289757218679341e-02,-3.854102120906412361e-03,0.000000000000000000e+00
0.000000000000000000e+00,0.000000000000000000e+00,0.000000000000000000e+00,0.000000000000000000e+00,0.000000000000000000e+00,0.000000000000000000e+00,0.000000000000000000e+00,0.000000000000000000e+00,0.000000000000000000e+00,0.000000000000000000e+00,0.000000000000000000e+00,0.000000000000000000e+00,0.000000000000000000e+00,0.000000000000000000e+00,0.000000000000000000e+00,0.000000000000000000e+00,0.000000000000000000e+00,0.000000000000000000e+00,0.000000000000000000e+00,0.000000000000000000e+00,0.000000000000000000e+00,0.000000000000000000e+00,0.000000000000000000e+00,0.000000000000000000e+00,0.000000000000000000e+00,0.000000000000000000e+00,0.000000000000000000e+00,0.000000000000000000e+00,0.000000000000000000e+00,0.000000000000000000e+00,0.000000000000000000e+00,0.000000000000000000e+00,0.000000000000000000e+00,0.000000000000000000e+00,0.000000000000000000e+00,0.000000000000000000e+00,0.000000000000000000e+00,0.000000000000000000e+00,0.000000000000000000e+00,0.000000000000000000e+00,0.000000000000000000e+00,0.000000000000000000e+00,0.000000000000000000e+00,0.000000000000000000e+00,0.000000000000000000e+00,0.000000000000000000e+00,0.000000000000000000e+00,0.000000000000000000e+00,0.000000000000000000e+00,0.000000000000000000e+00,0.000000000000000000e+00,0.000000000000000000e+00,0.000000000000000000e+00,0.000000000000000000e+00,0.000000000000000000e+00,0.000000000000000000e+00,0.000000000000000000e+00,0.000000000000000000e+00,0.000000000000000000e+00,0.000000000000000000e+00,0.000000000000000000e+00,0.000000000000000000e+00,0.000000000000000000e+00,0.000000000000000000e+00,0.000000000000000000e+00,0.000000000000000000e+00,0.000000000000000000e+00,0.000000000000000000e+00,0.000000000000000000e+00,0.000000000000000000e+00,0.000000000000000000e+00,0.000000000000000000e+00,0.000000000000000000e+00,0.000000000000000000e+00,0.000000000000000000e+00,0.000000000000000000e+00,0.000000000000000000e+00,0.000000000000000000e+00,0.000000000000000000e+00,0.000000000000000000e+00,0.000000000000000000e+00,0.000000000000000000e+00,0.000000000000000000e+00,0.000000000000000000e+00,0.000000000000000000e+00,0.000000000000000000e+00,0.000000000000000000e+00,0.000000000000000000e+00,0.000000000000000000e+00,0.000000000000000000e+00,0.000000000000000000e+00,0.000000000000000000e+00,0.000000000000000000e+00,0.000000000000000000e+00,0.000000000000000000e+00,0.000000000000000000e+00,0.000000000000000000e+00,0.000000000000000000e+00,0.000000000000000000e+00,0.000000000000000000e+00,0.000000000000000000e+00,0.000000000000000000e+00,0.000000000000000000e+00,0.000000000000000000e+00,0.000000000000000000e+00,0.000000000000000000e+00,0.000000000000000000e+00,0.000000000000000000e+00,0.000000000000000000e+00,0.000000000000000000e+00,0.000000000000000000e+00,0.000000000000000000e+00,0.000000000000000000e+00,0.000000000000000000e+00,0.000000000000000000e+00,0.000000000000000000e+00,0.000000000000000000e+00,0.000000000000000000e+00,0.000000000000000000e+00,0.000000000000000000e+00,0.000000000000000000e+00,0.000000000000000000e+00,0.000000000000000000e+00,0.000000000000000000e+00,0.000000000000000000e+00,0.000000000000000000e+00
0.000000000000000000e+00,0.000000000000000000e+00,0.000000000000000000e+00,0.000000000000000000e+00,0.000000000000000000e+00,0.000000000000000000e+00,0.000000000000000000e+00,0.000000000000000000e+00,0.000000000000000000e+00,0.000000000000000000e+00,0.000000000000000000e+00,0.000000000000000000e+00,0.000000000000000000e+00,0.000000000000000000e+00,0.000000000000000000e+00,0.000000000000000000e+00,0.000000000000000000e+00,0.000000000000000000e+00,0.000000000000000000e+00,0.000000000000000000e+00,0.000000000000000000e+00,0.000000000000000000e+00,0.000000000000000000e+00,0.000000000000000000e+00,0.000000000000000000e+00,0.000000000000000000e+00,0.000000000000000000e+00,0.000000000000000000e+00,0.000000000000000000e+00,0.000000000000000000e+00,0.000000000000000000e+00,0.000000000000000000e+00,0.000000000000000000e+00,0.000000000000000000e+00,0.000000000000000000e+00,0.000000000000000000e+00,0.000000000000000000e+00,0.000000000000000000e+00,0.000000000000000000e+00,0.000000000000000000e+00,0.000000000000000000e+00,0.000000000000000000e+00,0.000000000000000000e+00,0.000000000000000000e+00,0.000000000000000000e+00,0.000000000000000000e+00,0.000000000000000000e+00,0.000000000000000000e+00,0.000000000000000000e+00,0.000000000000000000e+00,0.000000000000000000e+00,0.000000000000000000e+00,0.000000000000000000e+00,0.000000000000000000e+00,0.000000000000000000e+00,0.000000000000000000e+00,0.000000000000000000e+00,0.000000000000000000e+00,0.000000000000000000e+00,0.000000000000000000e+00,0.000000000000000000e+00,0.000000000000000000e+00,0.000000000000000000e+00,0.000000000000000000e+00,0.000000000000000000e+00,0.000000000000000000e+00,0.000000000000000000e+00,0.000000000000000000e+00,0.000000000000000000e+00,0.000000000000000000e+00,0.000000000000000000e+00,0.000000000000000000e+00,0.000000000000000000e+00,0.000000000000000000e+00,0.000000000000000000e+00,0.000000000000000000e+00,0.000000000000000000e+00,0.000000000000000000e+00,0.000000000000000000e+00,0.000000000000000000e+00,0.000000000000000000e+00,0.000000000000000000e+00,0.000000000000000000e+00,0.000000000000000000e+00,0.000000000000000000e+00,0.000000000000000000e+00,0.000000000000000000e+00,0.000000000000000000e+00,0.000000000000000000e+00,0.000000000000000000e+00,0.000000000000000000e+00,0.000000000000000000e+00,0.000000000000000000e+00,0.000000000000000000e+00,0.000000000000000000e+00,0.000000000000000000e+00,0.000000000000000000e+00,0.000000000000000000e+00,0.000000000000000000e+00,0.000000000000000000e+00,0.000000000000000000e+00,0.000000000000000000e+00,0.000000000000000000e+00,0.000000000000000000e+00,0.000000000000000000e+00,0.000000000000000000e+00,0.000000000000000000e+00,0.000000000000000000e+00,0.000000000000000000e+00,0.000000000000000000e+00,0.000000000000000000e+00,0.000000000000000000e+00,0.000000000000000000e+00,0.000000000000000000e+00,0.000000000000000000e+00,0.000000000000000000e+00,0.000000000000000000e+00,0.000000000000000000e+00,0.000000000000000000e+00,0.000000000000000000e+00,0.000000000000000000e+00,0.000000000000000000e+00,0.000000000000000000e+00,0.000000000000000000e+00,0.000000000000000000e+00,0.000000000000000000e+00
0.000000000000000000e+00,0.000000000000000000e+00,0.000000000000000000e+00,0.000000000000000000e+00,0.000000000000000000e+00,0.000000000000000000e+00,0.000000000000000000e+00,0.000000000000000000e+00,0.000000000000000000e+00,0.000000000000000000e+00,0.000000000000000000e+00,0.000000000000000000e+00,0.000000000000000000e+00,0.000000000000000000e+00,0.000000000000000000e+00,0.000000000000000000e+00,0.000000000000000000e+00,0.000000000000000000e+00,0.000000000000000000e+00,0.000000000000000000e+00,0.000000000000000000e+00,0.000000000000000000e+00,0.000000000000000000e+00,0.000000000000000000e+00,0.000000000000000000e+00,0.000000000000000000e+00,0.000000000000000000e+00,0.000000000000000000e+00,0.000000000000000000e+00,0.000000000000000000e+00,0.000000000000000000e+00,0.000000000000000000e+00,0.000000000000000000e+00,0.000000000000000000e+00,0.000000000000000000e+00,0.000000000000000000e+00,0.000000000000000000e+00,0.000000000000000000e+00,0.000000000000000000e+00,0.000000000000000000e+00,0.000000000000000000e+00,0.000000000000000000e+00,0.000000000000000000e+00,0.000000000000000000e+00,0.000000000000000000e+00,0.000000000000000000e+00,0.000000000000000000e+00,0.000000000000000000e+00,0.000000000000000000e+00,0.000000000000000000e+00,0.000000000000000000e+00,0.000000000000000000e+00,0.000000000000000000e+00,0.000000000000000000e+00,0.000000000000000000e+00,0.000000000000000000e+00,0.000000000000000000e+00,0.000000000000000000e+00,0.000000000000000000e+00,0.000000000000000000e+00,0.000000000000000000e+00,0.000000000000000000e+00,0.000000000000000000e+00,0.000000000000000000e+00,0.000000000000000000e+00,0.000000000000000000e+00,0.000000000000000000e+00,0.000000000000000000e+00,0.000000000000000000e+00,0.000000000000000000e+00,0.000000000000000000e+00,0.000000000000000000e+00,0.000000000000000000e+00,0.000000000000000000e+00,0.000000000000000000e+00,0.000000000000000000e+00,0.000000000000000000e+00,0.000000000000000000e+00,0.000000000000000000e+00,0.000000000000000000e+00,0.000000000000000000e+00,0.000000000000000000e+00,0.000000000000000000e+00,0.000000000000000000e+00,0.000000000000000000e+00,0.000000000000000000e+00,0.000000000000000000e+00,0.000000000000000000e+00,0.000000000000000000e+00,0.000000000000000000e+00,0.000000000000000000e+00,0.000000000000000000e+00,0.000000000000000000e+00,0.000000000000000000e+00,0.000000000000000000e+00,0.000000000000000000e+00,0.000000000000000000e+00,0.000000000000000000e+00,0.000000000000000000e+00,0.000000000000000000e+00,0.000000000000000000e+00,0.000000000000000000e+00,0.000000000000000000e+00,0.000000000000000000e+00,0.000000000000000000e+00,0.000000000000000000e+00,0.000000000000000000e+00,0.000000000000000000e+00,0.000000000000000000e+00,0.000000000000000000e+00,0.000000000000000000e+00,0.000000000000000000e+00,0.000000000000000000e+00,0.000000000000000000e+00,0.000000000000000000e+00,0.000000000000000000e+00,0.000000000000000000e+00,0.000000000000000000e+00,0.000000000000000000e+00,0.000000000000000000e+00,0.000000000000000000e+00,0.000000000000000000e+00,0.000000000000000000e+00,0.000000000000000000e+00,0.000000000000000000e+00,0.000000000000000000e+00
0.000000000000000000e+00,0.000000000000000000e+00,0.000000000000000000e+00,0.000000000000000000e+00,0.000000000000000000e+00,0.000000000000000000e+00,0.000000000000000000e+00,0.000000000000000000e+00,3.478651406436335378e+02,-2.040639328968027044e+01,1.151925559122960507e+01,0.000000000000000000e+00,0.000000000000000000e+00,0.000000000000000000e+00,1.219411424215758871e+03,8.009094647940466416e+01,4.037976280238053306e+01,0.000000000000000000e+00,0.000000000000000000e+00,0.000000000000000000e+00,3.641773053510935938e+02,-3.651807905644936625e+01,1.205941892626170464e+01,0.000000000000000000e+00,0.000000000000000000e+00,0.000000000000000000e+00,1.150508053605683045e+02,-4.702477291247604541e+01,3.809808681815798348e+00,0.000000000000000000e+00,0.000000000000000000e+00,0.000000000000000000e+00,-3.858694503205465143e+00,-4.040218852578998820e+01,-1.277773569051922908e-01,0.000000000000000000e+00,0.000000000000000000e+00,0.000000000000000000e+00,-6.373506422052364684e+01,-3.013905394038589236e+01,-2.110531953622133639e+00,0.000000000000000000e+00,0.000000000000000000e+00,0.000000000000000000e+00,-9.010140893459596612e+01,-2.015696654072677418e+01,-2.983630830979921988e+00,0.000000000000000000e+00,0.000000000000000000e+00,0.000000000000000000e+00,-9.666744742720180739e+01,-1.179279714994283523e+01,-3.201059560625631129e+00,0.000000000000000000e+00,0.000000000000000000e+00,0.000000000000000000e+00,-9.208364333430827742e+01,-5.397937217259258347e+00,-3.049270821953891986e+00,0.000000000000000000e+00,0.000000000000000000e+00,0.000000000000000000e+00,-8.186751297373515968e+01,-8.734478484991596847e-01,-2.710972432644127128e+00,0.000000000000000000e+00,0.000000000000000000e+00,0.000000000000000000e+00,-6.942780448126399051e+01,2.073358274643094301e+00,-2.299042161792518080e+00,0.000000000000000000e+00,0.000000000000000000e+00,0.000000000000000000e+00,-5.679477622745545062e+01,3.787789708027976321e+00,-1.880710272953085793e+00,0.000000000000000000e+00,0.000000000000000000e+00,0.000000000000000000e+00,-4.512086520730034778e+01,4.595120347425351248e+00,-1.494138728182502485e+00,0.000000000000000000e+00,0.000000000000000000e+00,0.000000000000000000e+00,-3.499731263676726911e+01,4.769623783774649795e+00,-1.158905972938771622e+00,0.000000000000000000e+00,0.000000000000000000e+00,0.000000000000000000e+00,-2.664773440016471895e+01,4.526417542379326697e+00,-8.824168553214225552e-01,0.000000000000000000e+00,0.000000000000000000e+00,0.000000000000000000e+00,-2.004893252816997418e+01,4.024204519854317930e+00,-6.639031944850728451e-01,0.000000000000000000e+00,0.000000000000000000e+00,0.000000000000000000e+00,-1.500903911408382285e+01,3.372332237610745409e+00,-4.970114493622472263e-01,0.000000000000000000e+00,0.000000000000000000e+00,0.000000000000000000e+00,-1.121463239464965334e+01,2.638740018357782269e+00,-3.713629272442462992e-01,0.000000000000000000e+00,0.000000000000000000e+00,0.000000000000000000e+00,-8.234119992572924929e+00,1.856736224987308947e+00,-2.726658169536747556e-01,0.000000000000000000e+00,0.000000000000000000e+00,0.000000000000000000e+00,-5.370687655680843164e+00,1.026012031350858056e+00,-1.778457125424583174e-01,0.000000000000000000e+00
0.000000000000000000e+00,0.000000000000000000e+00,0.000000000000000000e+00,0.000000000000000000e+00,0.000000000000000000e+00,0.000000000000000000e+00,0.000000000000000000e+00,0.000000000000000000e+00,-2.559673780190737205e+02,3.613079068469988897e+01,-8.476140049454420122e+00,0.000000000000000000e+00,0.000000000000000000e+00,0.000000000000000000e+00,-1.043425971609856106e+03,-1.428272966874502892e+01,-3.455215557173135466e+01,0.000000000000000000e+00,0.000000000000000000e+00,0.000000000000000000e+00,-2.496912006027038728e+02,5.094769544734305811e+01,-8.268309820586718928e+00,0.000000000000000000e+00,0.000000000000000000e+00,0.000000000000000000e+00,-4.130519887351241692e+01,4.793314240882440913e+01,-1.367786212180395422e+00,0.000000000000000000e+00,0.000000000000000000e+00,0.000000000000000000e+00,4.662732859246342088e+01,3.630495384417050531e+01,1.544023970320935746e+00,0.000000000000000000e+00,0.000000000000000000e+00,0.000000000000000000e+00,8.391568093385951954e+01,2.461264171350429919e+01,2.778795756886351054e+00,0.000000000000000000e+00,0.000000000000000000e+00,0.000000000000000000e+00,9.475576273772361446e+01,1.486397740775683829e+01,3.137755762759629974e+00,0.000000000000000000e+00,0.000000000000000000e+00,0.000000000000000000e+00,9.140806283259853160e+01,7.448037920630065756e+00,3.026899553429407419e+00,0.000000000000000000e+00,0.000000000000000000e+00,0.000000000000000000e+00,8.112369802324883494e+01,2.212080318378625954e+00,2.686341638907845830e+00,0.000000000000000000e+00,0.000000000000000000e+00,0.000000000000000000e+00,6.820684097138763491e+01,-1.204506006448530675e+00,2.258611003005501772e+00,0.000000000000000000e+00,0.000000000000000000e+00,0.000000000000000000e+00,5.508758714317314542e+01,-3.215590315362074403e+00,1.824178171553046512e+00,0.000000000000000000e+00,0.000000000000000000e+00,0.000000000000000000e+00,4.304476915880637478e+01,-4.207002852318922237e+00,1.425390589262090391e+00,0.000000000000000000e+00,0.000000000000000000e+00,0.000000000000000000e+00,3.267663749997466738e+01,-4.500675061258409215e+00,1.082058807409424839e+00,0.000000000000000000e+00,0.000000000000000000e+00,0.000000000000000000e+00,2.418336098734071982e+01,-4.346224416412249880e+00,8.008112447045426796e-01,0.000000000000000000e+00,0.000000000000000000e+00,0.000000000000000000e+00,1.752933919470958202e+01,-3.926240521068206757e+00,5.804690235865819226e-01,0.000000000000000000e+00,0.000000000000000000e+00,0.000000000000000000e+00,1.253743812738130892e+01,-3.366639782577300899e+00,4.151665038391531559e-01,0.000000000000000000e+00,0.000000000000000000e+00,0.000000000000000000e+00,8.945583994749128465e+00,-2.747634055676406284e+00,2.962253368005416942e-01,0.000000000000000000e+00,0.000000000000000000e+00,0.000000000000000000e+00,6.438407879635613895e+00,-2.113258739055039026e+00,2.132023514310294465e-01,0.000000000000000000e+00,0.000000000000000000e+00,0.000000000000000000e+00,4.648218569145162959e+00,-1.478112396504852155e+00,1.539217687716957217e-01,0.000000000000000000e+00,0.000000000000000000e+00,0.000000000000000000e+00,3.060805654496430162e+00,-8.262944039118513828e-01,1.013559524360192199e-01,0.000000000000000000e+00
0.000000000000000000e+00,0.000000000000000000e+00,0.000000000000000000e+00,0.000000000000000000e+00,0.000000000000000000e+00,0.000000000000000000e+00,0.000000000000000000e+00,0.000000000000000000e+00,1.151925559122962994e+01,-6.757402008262504145e-01,3.814502629684615731e-01,0.000000000000000000e+00,0.000000000000000000e+00,0.000000000000000000e+00,4.037976280238053306e+01,2.652142957850692540e+00,1.337141190902943588e+00,0.000000000000000000e+00,0.000000000000000000e+00,0.000000000000000000e+00,1.205941892626170997e+01,-1.209264847790286312e+00,3.993373082347190794e-01,0.000000000000000000e+00,0.000000000000000000e+00,0.000000000000000000e+00,3.809808681815820997e+00,-1.557184997887647748e+00,1.261585448841522350e-01,0.000000000000000000e+00,0.000000000000000000e+00,0.000000000000000000e+00,-1.277773569051909863e-01,-1.337883799487677772e+00,-4.231237514167989974e-03,0.000000000000000000e+00,0.000000000000000000e+00,0.000000000000000000e+00,-2.110531953622136747e+00,-9.980289056120895674e-01,-6.988845436552805490e-02,0.000000000000000000e+00,0.000000000000000000e+00,0.000000000000000000e+00,-2.983630830979924209e+00,-6.674806480950707943e-01,-9.880037438744029843e-02,0.000000000000000000e+00,0.000000000000000000e+00,0.000000000000000000e+00,-3.201059560625652445e+00,-3.905083569292738810e-01,-1.060003401702466486e-01,0.000000000000000000e+00,0.000000000000000000e+00,0.000000000000000000e+00,-3.049270821953912858e+00,-1.787480583882934959e-01,-1.009739863556764899e-01,0.000000000000000000e+00,0.000000000000000000e+00,0.000000000000000000e+00,-2.710972432644128016e+00,-2.892347590176867420e-02,-8.977152552459061186e-02,0.000000000000000000e+00,0.000000000000000000e+00,0.000000000000000000e+00,-2.299042161792519412e+00,6.865747988894374543e-02,-7.613080812783019902e-02,0.000000000000000000e+00,0.000000000000000000e+00,0.000000000000000000e+00,-1.880710272953085793e+00,1.254294054640620326e-01,-6.227810664533259960e-02,0.000000000000000000e+00,0.000000000000000000e+00,0.000000000000000000e+00,-1.494138728182522247e+00,1.521634667288449261e-01,-4.947712169964452178e-02,0.000000000000000000e+00,0.000000000000000000e+00,0.000000000000000000e+00,-1.158905972938771400e+00,1.579419982630371200e-01,-3.837617670969893646e-02,0.000000000000000000e+00,0.000000000000000000e+00,0.000000000000000000e+00,-8.824168553214225552e-01,1.498884323011489272e-01,-2.922047686540043751e-02,0.000000000000000000e+00,0.000000000000000000e+00,0.000000000000000000e+00,-6.639031944850731781e-01,1.332580790642432789e-01,-2.198458451731430743e-02,0.000000000000000000e+00,0.000000000000000000e+00,0.000000000000000000e+00,-4.970114493622474483e-01,1.116718878807624465e-01,-1.645810760566068093e-02,0.000000000000000000e+00,0.000000000000000000e+00,0.000000000000000000e+00,-3.713629272442512952e-01,8.737961111604575226e-02,-1.229736462848415868e-02,0.000000000000000000e+00,0.000000000000000000e+00,0.000000000000000000e+00,-2.726658169536747556e-01,6.148422662170270614e-02,-9.029094524014057502e-03,0.000000000000000000e+00,0.000000000000000000e+00,0.000000000000000000e+00,-1.778457125424582896e-01,3.397550788486438517e-02,-5.889208141955351063e-03,0.000000000000000000e+00
0.000000000000000000e+00,0.000000000000000000e+00,0.000000000000000000e+00,0.000000000000000000e+00,0.000000000000000000e+00,0.000000000000000000e+00,0.000000000000000000e+00,0.000000000000000000e+00,0.000000000000000000e+00,0.000000000000000000e+00,0.000000000000000000e+00,0.000000000000000000e+00,0.000000000000000000e+00,0.000000000000000000e+00,0.000000000000000000e+00,0.000000000000000000e+00,0.000000000000000000e+00,0.000000000000000000e+00,0.000000000000000000e+00,0.000000000000000000e+00,0.000000000000000000e+00,0.000000000000000000e+00,0.000000000000000000e+00,0.000000000000000000e+00,0.000000000000000000e+00,0.000000000000000000e+00,0.000000000000000000e+00,0.000000000000000000e+00,0.000000000000000000e+00,0.000000000000000000e+00,0.000000000000000000e+00,0.000000000000000000e+00,0.000000000000000000e+00,0.000000000000000000e+00,0.000000000000000000e+00,0.000000000000000000e+00,0.000000000000000000e+00,0.000000000000000000e+00,0.000000000000000000e+00,0.000000000000000000e+00,0.000000000000000000e+00,0.000000000000000000e+00,0.000000000000000000e+00,0.000000000000000000e+00,0.000000000000000000e+00,0.000000000000000000e+00,0.000000000000000000e+00,0.000000000000000000e+00,0.000000000000000000e+00,0.000000000000000000e+00,0.000000000000000000e+00,0.000000000000000000e+00,0.000000000000000000e+00,0.000000000000000000e+00,0.000000000000000000e+00,0.000000000000000000e+00,0.000000000000000000e+00,0.000000000000000000e+00,0.000000000000000000e+00,0.000000000000000000e+00,0.000000000000000000e+00,0.000000000000000000e+00,0.000000000000000000e+00,0.000000000000000000e+00,0.000000000000000000e+00,0.000000000000000000e+00,0.000000000000000000e+00,0.000000000000000000e+00,0.000000000000000000e+00,0.000000000000000000e+00,0.000000000000000000e+00,0.000000000000000000e+00,0.000000000000000000e+00,0.000000000000000000e+00,0.000000000000000000e+00,0.000000000000000000e+00,0.000000000000000000e+00,0.000000000000000000e+00,0.000000000000000000e+00,0.000000000000000000e+00,0.000000000000000000e+00,0.000000000000000000e+00,0.000000000000000000e+00,0.000000000000000000e+00,0.000000000000000000e+00,0.000000000000000000e+00,0.000000000000000000e+00,0.000000000000000000e+00,0.000000000000000000e+00,0.000000000000000000e+00,0.000000000000000000e+00,0.000000000000000000e+00,0.000000000000000000e+00,0.000000000000000000e+00,0.000000000000000000e+00,0.000000000000000000e+00,0.000000000000000000e+00,0.000000000000000000e+00,0.000000000000000000e+00,0.000000000000000000e+00,0.000000000000000000e+00,0.000000000000000000e+00,0.000000000000000000e+00,0.000000000000000000e+00,0.000000000000000000e+00,0.000000000000000000e+00,0.000000000000000000e+00,0.000000000000000000e+00,0.000000000000000000e+00,0.000000000000000000e+00,0.000000000000000000e+00,0.000000000000000000e+00,0.000000000000000000e+00,0.000000000000000000e+00,0.000000000000000000e+00,0.000000000000000000e+00,0.000000000000000000e+00,0.000000000000000000e+00,0.000000000000000000e+00,0.000000000000000000e+00,0.000000000000000000e+00,0.000000000000000000e+00,0.000000000000000000e+00,0.000000000000000000e+00,0.000000000000000000e+00,0.000000000000000000e+00
0.000000000000000000e+00,0.000000000000000000e+00,0.000000000000000000e+00,0.000000000000000000e+00,0.000000000000000000e+00,0.000000000000000000e+00,0.000000000000000000e+00,0.000000000000000000e+00,0.000000000000000000e+00,0.000000000000000000e+00,0.000000000000000000e+00,0.000000000000000000e+00,0.000000000000000000e+00,0.000000000000000000e+00,0.000000000000000000e+00,0.000000000000000000e+00,0.000000000000000000e+00,0.000000000000000000e+00,0.000000000000000000e+00,0.000000000000000000e+00,0.000000000000000000e+00,0.000000000000000000e+00,0.000000000000000000e+00,0.000000000000000000e+00,0.000000000000000000e+00,0.000000000000000000e+00,0.000000000000000000e+00,0.000000000000000000e+00,0.000000000000000000e+00,0.000000000000000000e+00,0.000000000000000000e+00,0.000000000000000000e+00,0.000000000000000000e+00,0.000000000000000000e+00,0.000000000000000000e+00,0.000000000000000000e+00,0.000000000000000000e+00,0.000000000000000000e+00,0.000000000000000000e+00,0.000000000000000000e+00,0.000000000000000000e+00,0.000000000000000000e+00,0.000000000000000000e+00,0.000000000000000000e+00,0.000000000000000000e+00,0.000000000000000000e+00,0.000000000000000000e+00,0.000000000000000000e+00,0.000000000000000000e+00,0.000000000000000000e+00,0.000000000000000000e+00,0.000000000000000000e+00,0.000000000000000000e+00,0.000000000000000000e+00,0.000000000000000000e+00,0.000000000000000000e+00,0.000000000000000000e+00,0.000000000000000000e+00,0.000000000000000000e+00,0.000000000000000000e+00,0.000000000000000000e+00,0.000000000000000000e+00,0.000000000000000000e+00,0.000000000000000000e+00,0.000000000000000000e+00,0.000000000000000000e+00,0.000000000000000000e+00,0.000000000000000000e+00,0.000000000000000000e+00,0.000000000000000000e+00,0.000000000000000000e+00,0.000000000000000000e+00,0.000000000000000000e+00,0.000000000000000000e+00,0.000000000000000000e+00,0.000000000000000000e+00,0.000000000000000000e+00,0.000000000000000000e+00,0.000000000000000000e+00,0.000000000000000000e+00,0.000000000000000000e+00,0.000000000000000000e+00,0.000000000000000000e+00,0.000000000000000000e+00,0.000000000000000000e+00,0.000000000000000000e+00,0.000000000000000000e+00,0.000000000000000000e+00,0.000000000000000000e+00,0.000000000000000000e+00,0.000000000000000000e+00,0.000000000000000000e+00,0.000000000000000000e+00,0.000000000000000000e+00,0.000000000000000000e+00,0.000000000000000000e+00,0.000000000000000000e+00,0.000000000000000000e+00,0.000000000000000000e+00,0.000000000000000000e+00,0.000000000000000000e+00,0.000000000000000000e+00,0.000000000000000000e+00,0.000000000000000000e+00,0.000000000000000000e+00,0.000000000000000000e+00,0.000000000000000000e+00,0.000000000000000000e+00,0.000000000000000000e+00,0.000000000000000000e+00,0.000000000000000000e+00,0.000000000000000000e+00,0.000000000000000000e+00,0.000000000000000000e+00,0.000000000000000000e+00,0.000000000000000000e+00,0.000000000000000000e+00,0.000000000000000000e+00,0.000000000000000000e+00,0.000000000000000000e+00,0.000000000000000000e+00,0.000000000000000000e+00,0.000000000000000000e+00,0.000000000000000000e+00,0.000000000000000000e+00,0.000000000000000000e+00
0.000000000000000000e+00,0.000000000000000000e+00,0.000000000000000000e+00,0.000000000000000000e+00,0.000000000000000000e+00,0.000000000000000000e+00,0.000000000000000000e+00,0.000000000000000000e+00,0.000000000000000000e+00,0.000000000000000000e+00,0.000000000000000000e+00,0.000000000000000000e+00,0.000000000000000000e+00,0.000000000000000000e+00,0.000000000000000000e+00,0.000000000000000000e+00,0.000000000000000000e+00,0.000000000000000000e+00,0.000000000000000000e+00,0.000000000000000000e+00,0.000000000000000000e+00,0.000000000000000000e+00,0.000000000000000000e+00,0.000000000000000000e+00,0.000000000000000000e+00,0.000000000000000000e+00,0.000000000000000000e+00,0.000000000000000000e+00,0.000000000000000000e+00,0.000000000000000000e+00,0.000000000000000000e+00,0.000000000000000000e+00,0.000000000000000000e+00,0.000000000000000000e+00,0.000000000000000000e+00,0.000000000000000000e+00,0.000000000000000000e+00,0.000000000000000000e+00,0.000000000000000000e+00,0.000000000000000000e+00,0.000000000000000000e+00,0.000000000000000000e+00,0.000000000000000000e+00,0.000000000000000000e+00,0.000000000000000000e+00,0.000000000000000000e+00,0.000000000000000000e+00,0.000000000000000000e+00,0.000000000000000000e+00,0.000000000000000000e+00,0.000000000000000000e+00,0.000000000000000000e+00,0.000000000000000000e+00,0.000000000000000000e+00,0.000000000000000000e+00,0.000000000000000000e+00,0.000000000000000000e+00,0.000000000000000000e+00,0.000000000000000000e+00,0.000000000000000000e+00,0.000000000000000000e+00,0.000000000000000000e+00,0.000000000000000000e+00,0.000000000000000000e+00,0.000000000000000000e+00,0.000000000000000000e+00,0.000000000000000000e+00,0.000000000000000000e+00,0.000000000000000000e+00,0.000000000000000000e+00,0.000000000000000000e+00,0.000000000000000000e+00,0.000000000000000000e+00,0.000000000000000000e+00,0.000000000000000000e+00,0.000000000000000000e+00,0.000000000000000000e+00,0.000000000000000000e+00,0.000000000000000000e+00,0.000000000000000000e+00,0.000000000000000000e+00,0.000000000000000000e+00,0.000000000000000000e+00,0.000000000000000000e+00,0.000000000000000000e+00,0.000000000000000000e+00,0.000000000000000000e+00,0.000000000000000000e+00,0.000000000000000000e+00,0.000000000000000000e+00,0.000000000000000000e+00,0.000000000000000000e+00,0.000000000000000000e+00,0.000000000000000000e+00,0.000000000000000000e+00,0.000000000000000000e+00,0.000000000000000000e+00,0.000000000000000000e+00,0.000000000000000000e+00,0.000000000000000000e+00,0.000000000000000000e+00,0.000000000000000000e+00,0.000000000000000000e+00,0.000000000000000000e+00,0.000000000000000000e+00,0.000000000000000000e+00,0.000000000000000000e+00,0.000000000000000000e+00,0.000000000000000000e+00,0.000000000000000000e+00,0.000000000000000000e+00,0.000000000000000000e+00,0.000000000000000000e+00,0.000000000000000000e+00,0.000000000000000000e+00,0.000000000000000000e+00,0.000000000000000000e+00,0.000000000000000000e+00,0.000000000000000000e+00,0.000000000000000000e+00,0.000000000000000000e+00,0.000000000000000000e+00,0.000000000000000000e+00,0.000000000000000000e+00,0.000000000000000000e+00,0.000000000000000000e+00
0.000000000000000000e+00,0.000000000000000000e+00,0.000000000000000000e+00,0.000000000000000000e+00,0.000000000000000000e+00,0.000000000000000000e+00,0.000000000000000000e+00,0.000000000000000000e+00,1.291154292867245488e+02,-3.703728031762637585e+01,4.275546632735972352e+00,0.000000000000000000e+00,0.000000000000000000e+00,0.000000000000000000e+00,3.641773053510526665e+02,-3.800887062466705402e+01,1.205941892626035461e+01,0.000000000000000000e+00,0.000000000000000000e+00,0.000000000000000000e+00,1.207438303902052894e+03,6.940045026782716775e+01,3.998328319863830416e+01,0.000000000000000000e+00,0.000000000000000000e+00,0.000000000000000000e+00,3.426366223401314528e+02,-4.278557285695004708e+01,1.134611769477339749e+01,0.000000000000000000e+00,0.000000000000000000e+00,0.000000000000000000e+00,9.167898296810952274e+01,-5.028097254842738550e+01,3.035870841210618121e+00,0.000000000000000000e+00,0.000000000000000000e+00,0.000000000000000000e+00,-2.540634686006432830e+01,-4.164396560595535135e+01,-8.413093723016334957e-01,0.000000000000000000e+00,0.000000000000000000e+00,0.000000000000000000e+00,-8.186170483683333998e+01,-3.009947329471150823e+01,-2.710780101175222168e+00,0.000000000000000000e+00,0.000000000000000000e+00,0.000000000000000000e+00,-1.043704727225582047e+02,-1.937015020309064184e+01,-3.456138632471520200e+00,0.000000000000000000e+00,0.000000000000000000e+00,0.000000000000000000e+00,-1.072827792040392012e+02,-1.063494327380478488e+01,-3.552577162236538300e+00,0.000000000000000000e+00,0.000000000000000000e+00,0.000000000000000000e+00,-9.956364155121150361e+01,-4.120781057617858956e+00,-3.296964543500788825e+00,0.000000000000000000e+00,0.000000000000000000e+00,0.000000000000000000e+00,-8.684560957445810914e+01,3.657905201982948329e-01,-2.875817829327044883e+00,0.000000000000000000e+00,0.000000000000000000e+00,0.000000000000000000e+00,-7.253715112274201715e+01,3.185543328882130876e+00,-2.402005507354094682e+00,0.000000000000000000e+00,0.000000000000000000e+00,0.000000000000000000e+00,-5.860631921478687900e+01,4.729610825269165986e+00,-1.940697964295056366e+00,0.000000000000000000e+00,0.000000000000000000e+00,0.000000000000000000e+00,-4.611309404323473160e+01,5.351212290143297245e+00,-1.526995534544230981e+00,0.000000000000000000e+00,0.000000000000000000e+00,0.000000000000000000e+00,-3.554289096596097863e+01,5.338778373517627074e+00,-1.176972331089490842e+00,0.000000000000000000e+00,0.000000000000000000e+00,0.000000000000000000e+00,-2.700669116224838362e+01,4.911301033202127186e+00,-8.943034004377032886e-01,0.000000000000000000e+00,0.000000000000000000e+00,0.000000000000000000e+00,-2.036022265792648511e+01,4.223806271210870378e+00,-6.742112999797990058e-01,0.000000000000000000e+00,0.000000000000000000e+00,0.000000000000000000e+00,-1.526977963314369546e+01,3.376138936312197192e+00,-5.056456478809057131e-01,0.000000000000000000e+00,0.000000000000000000e+00,0.000000000000000000e+00,-1.121463239464981143e+01,2.421151712138470913e+00,-3.713629272442566243e-01,0.000000000000000000e+00,0.000000000000000000e+00,0.000000000000000000e+00,-7.287735267744383627e+00,1.364826276112924175e+00,-2.413270989873823602e-01,0.000000000000000000e+00
0.000000000000000000e+00,0.000000000000000000e+00,0.000000000000000000e+00,0.000000000000000000e+00,0.000000000000000000e+00,0.000000000000000000e+00,0.000000000000000000e+00,0.000000000000000000e+00,-6.780532708733727532e+01,3.974015423415097814e+01,-2.245315215318219870e+00,0.000000000000000000e+00,0.000000000000000000e+00,0.000000000000000000e+00,-2.511819921708861898e+02,5.212542078623503272e+01,-8.317676103955522038e+00,0.000000000000000000e+00,0.000000000000000000e+00,0.000000000000000000e+00,-1.023276710350443068e+03,-5.759905080516174003e+00,-3.388493007741424634e+01,0.000000000000000000e+00,0.000000000000000000e+00,0.000000000000000000e+00,-2.267433982801496199e+02,5.527591498442239981e+01,-7.508413040698287411e+00,0.000000000000000000e+00,0.000000000000000000e+00,0.000000000000000000e+00,-2.024247353211860911e+01,4.970235808940950761e+01,-6.703121387320944979e-01,0.000000000000000000e+00,0.000000000000000000e+00,0.000000000000000000e+00,6.402144748021497378e+01,3.653569881014708187e+01,2.120015289489961763e+00,0.000000000000000000e+00,0.000000000000000000e+00,0.000000000000000000e+00,9.722683396473541961e+01,2.397977020436668028e+01,3.219583165745213194e+00,0.000000000000000000e+00,0.000000000000000000e+00,0.000000000000000000e+00,1.042580314956384200e+02,1.381365819454812005e+01,3.452415237740203313e+00,0.000000000000000000e+00,0.000000000000000000e+00,0.000000000000000000e+00,9.769086107823632403e+01,6.265391487950253691e+00,3.234949025376272935e+00,0.000000000000000000e+00,0.000000000000000000e+00,0.000000000000000000e+00,8.487613493647714336e+01,1.067815429484037182e+00,2.810600366912241022e+00,0.000000000000000000e+00,0.000000000000000000e+00,0.000000000000000000e+00,7.009852323347381287e+01,-2.219030810845870505e+00,2.321252437654711898e+00,0.000000000000000000e+00,0.000000000000000000e+00,0.000000000000000000e+00,5.570948374368872180e+01,-4.061484115999894229e+00,1.844771743761520089e+00,0.000000000000000000e+00,0.000000000000000000e+00,0.000000000000000000e+00,4.288573239590500208e+01,-4.877512285734404429e+00,1.420124223345460734e+00,0.000000000000000000e+00,0.000000000000000000e+00,0.000000000000000000e+00,3.211947459720720843e+01,-5.006184778701030957e+00,1.063608836046816331e+00,0.000000000000000000e+00,0.000000000000000000e+00,0.000000000000000000e+00,2.350998994351429872e+01,-4.703465177234940064e+00,7.785131404816885148e-01,0.000000000000000000e+00,0.000000000000000000e+00,0.000000000000000000e+00,1.692799332083871988e+01,-4.150660112394112922e+00,5.605559710541174745e-01,0.000000000000000000e+00,0.000000000000000000e+00,0.000000000000000000e+00,1.210648307175201488e+01,-3.466932238672626010e+00,4.008957970217316702e-01,0.000000000000000000e+00,0.000000000000000000e+00,0.000000000000000000e+00,8.686986973872627971e+00,-2.721305175969379153e+00,2.876621183846443941e-01,0.000000000000000000e+00,0.000000000000000000e+00,0.000000000000000000e+00,6.220819573415765191e+00,-1.941363977141893349e+00,2.059971014069234552e-01,0.000000000000000000e+00,0.000000000000000000e+00,0.000000000000000000e+00,4.046241039004129902e+00,-1.110456033972196055e+00,1.339877994839381303e-01,0.000000000000000000e+00
0.000000000000000000e+00,0.000000000000000000e+00,0.000000000000000000e+00,0.000000000000000000e+00,0.000000000000000000e+00,0.000000000000000000e+00,0.000000000000000000e+00,0.000000000000000000e+00,4.275546632735979458e+00,-1.226457751970684074e+00,1.415810574281186340e-01,0.000000000000000000e+00,0.000000000000000000e+00,0.000000000000000000e+00,1.205941892626034928e+01,-1.258631131160258709e+00,3.993373082346740044e-01,0.000000000000000000e+00,0.000000000000000000e+00,0.000000000000000000e+00,3.998328319863830416e+01,2.298136350490213253e+00,1.324012109087600475e+00,0.000000000000000000e+00,0.000000000000000000e+00,0.000000000000000000e+00,1.134611769477346854e+01,-1.416807526170857479e+00,3.757169501159092206e-01,0.000000000000000000e+00,0.000000000000000000e+00,0.000000000000000000e+00,3.035870841210631443e+00,-1.665011254330568846e+00,1.005302574933544246e-01,0.000000000000000000e+00,0.000000000000000000e+00,0.000000000000000000e+00,-8.413093723016386027e-01,-1.379004181792411021e+00,-2.785923784403458378e-02,0.000000000000000000e+00,0.000000000000000000e+00,0.000000000000000000e+00,-2.710780101175223944e+00,-9.967182264990704921e-01,-8.976515663305856263e-02,0.000000000000000000e+00,0.000000000000000000e+00,0.000000000000000000e+00,-3.456138632471540184e+00,-6.414259003275429860e-01,-1.144470647231288218e-01,0.000000000000000000e+00,0.000000000000000000e+00,0.000000000000000000e+00,-3.552577162236561392e+00,-3.521670195022108540e-01,-1.176405438718306357e-01,0.000000000000000000e+00,0.000000000000000000e+00,0.000000000000000000e+00,-3.296964543500791489e+00,-1.364561282293755562e-01,-1.091761513715858167e-01,0.000000000000000000e+00,0.000000000000000000e+00,0.000000000000000000e+00,-2.875817829327045771e+00,1.211283915145053985e-02,-9.523023936385248411e-02,0.000000000000000000e+00,0.000000000000000000e+00,0.000000000000000000e+00,-2.402005507354093794e+00,1.054865334722384917e-01,-7.954035095197570238e-02,0.000000000000000000e+00,0.000000000000000000e+00,0.000000000000000000e+00,-1.940697964295081901e+00,1.566170034816309897e-01,-6.426454756211261166e-02,0.000000000000000000e+00,0.000000000000000000e+00,0.000000000000000000e+00,-1.526995534544230981e+00,1.772008025266271769e-01,-5.056514664428832240e-02,0.000000000000000000e+00,0.000000000000000000e+00,0.000000000000000000e+00,-1.176972331089491730e+00,1.767890640484740816e-01,-3.897442865513900401e-02,0.000000000000000000e+00,0.000000000000000000e+00,0.000000000000000000e+00,-8.943034004377032886e-01,1.626335187890601830e-01,-2.961408960577958938e-02,0.000000000000000000e+00,0.000000000000000000e+00,0.000000000000000000e+00,-6.742112999797988948e-01,1.398677197602870570e-01,-2.232592858425761287e-02,0.000000000000000000e+00,0.000000000000000000e+00,0.000000000000000000e+00,-5.056456478809121524e-01,1.117979434413157863e-01,-1.674402167965445901e-02,0.000000000000000000e+00,0.000000000000000000e+00,0.000000000000000000e+00,-3.713629272442566243e-01,8.017436109195462401e-02,-1.229736462848449695e-02,0.000000000000000000e+00,0.000000000000000000e+00,0.000000000000000000e+00,-2.413270989873823602e-01,4.519505082654119016e-02,-7.991339773747193134e-03,0.000000000000000000e+00
0.000000000000000000e+00,0.000000000000000000e+00,0.000000000000000000e+00,0.000000000000000000e+00,0.000000000000000000e+00,0.000000000000000000e+00,0.000000000000000000e+00,0.000000000000000000e+00,0.000000000000000000e+00,0.000000000000000000e+00,0.000000000000000000e+00,0.000000000000000000e+00,0.000000000000000000e+00,0.000000000000000000e+00,0.000000000000000000e+00,0.000000000000000000e+00,0.000000000000000000e+00,0.000000000000000000e+00,0.000000000000000000e+00,0.000000000000000000e+00,0.000000000000000000e+00,0.000000000000000000e+00,0.000000000000000000e+00,0.000000000000000000e+00,0.000000000000000000e+00,0.000000000000000000e+00,0.000000000000000000e+00,0.000000000000000000e+00,0.000000000000000000e+00,0.000000000000000000e+00,0.000000000000000000e+00,0.000000000000000000e+00,0.000000000000000000e+00,0.000000000000000000e+00,0.000000000000000000e+00,0.000000000000000000e+00,0.000000000000000000e+00,0.000000000000000000e+00,0.000000000000000000e+00,0.000000000000000000e+00,0.000000000000000000e+00,0.000000000000000000e+00,0.000000000000000000e+00,0.000000000000000000e+00,0.000000000000000000e+00,0.000000000000000000e+00,0.000000000000000000e+00,0.000000000000000000e+00,0.000000000000000000e+00,0.000000000000000000e+00,0.000000000000000000e+00,0.000000000000000000e+00,0.000000000000000000e+00,0.000000000000000000e+00,0.000000000000000000e+00,0.000000000000000000e+00,0.000000000000000000e+00,0.000000000000000000e+00,0.000000000000000000e+00,0.000000000000000000e+00,0.000000000000000000e+00,0.000000000000000000e+00,0.000000000000000000e+00,0.000000000000000000e+00,0.000000000000000000e+00,0.000000000000000000e+00,0.000000000000000000e+00,0.000000000000000000e+00,0.000000000000000000e+00,0.000000000000000000e+00,0.000000000000000000e+00,0.000000000000000000e+00,0.000000000000000000e+00,0.000000000000000000e+00,0.000000000000000000e+00,0.000000000000000000e+00,0.000000000000000000e+00,0.000000000000000000e+00,0.000000000000000000e+00,0.000000000000000000e+00,0.000000000000000000e+00,0.000000000000000000e+00,0.000000000000000000e+00,0.000000000000000000e+00,0.000000000000000000e+00,0.000000000000000000e+00,0.000000000000000000e+00,0.000000000000000000e+00,0.000000000000000000e+00,0.000000000000000000e+00,0.000000000000000000e+00,0.000000000000000000e+00,0.000000000000000000e+00,0.000000000000000000e+00,0.000000000000000000e+00,0.000000000000000000e+00,0.000000000000000000e+00,0.000000000000000000e+00,0.000000000000000000e+00,0.000000000000000000e+00,0.000000000000000000e+00,0.000000000000000000e+00,0.000000000000000000e+00,0.000000000000000000e+00,0.000000000000000000e+00,0.000000000000000000e+00,0.000000000000000000e+00,0.000000000000000000e+00,0.000000000000000000e+00,0.000000000000000000e+00,0.000000000000000000e+00,0.000000000000000000e+00,0.000000000000000000e+00,0.000000000000000000e+00,0.000000000000000000e+00,0.000000000000000000e+00,0.000000000000000000e+00,0.000000000000000000e+00,0.000000000000000000e+00,0.000000000000000000e+00,0.000000000000000000e+00,0.000000000000000000e+00,0.000000000000000000e+00,0.000000000000000000e+00,0.000000000000000000e+00,0.000000000000000000e+00
0.000000000000000000e+00,0.000000000000000000e+00,0.000000000000000000e+00,0.000000000000000000e+00,0.000000000000000000e+00,0.000000000000000000e+00,0.000000000000000000e+00,0.000000000000000000e+00,0.000000000000000000e+00,0.000000000000000000e+00,0.000000000000000000e+00,0.000000000000000000e+00,0.000000000000000000e+00,0.000000000000000000e+00,0.000000000000000000e+00,0.000000000000000000e+00,0.000000000000000000e+00,0.000000000000000000e+00,0.000000000000000000e+00,0.000000000000000000e+00,0.000000000000000000e+00,0.000000000000000000e+00,0.000000000000000000e+00,0.000000000000000000e+00,0.000000000000000000e+00,0.000000000000000000e+00,0.000000000000000000e+00,0.000000000000000000e+00,0.000000000000000000e+00,0.000000000000000000e+00,0.000000000000000000e+00,0.000000000000000000e+00,0.000000000000000000e+00,0.000000000000000000e+00,0.000000000000000000e+00,0.000000000000000000e+00,0.000000000000000000e+00,0.000000000000000000e+00,0.000000000000000000e+00,0.000000000000000000e+00,0.000000000000000000e+00,0.000000000000000000e+00,0.000000000000000000e+00,0.000000000000000000e+00,0.000000000000000000e+00,0.000000000000000000e+00,0.000000000000000000e+00,0.000000000000000000e+00,0.000000000000000000e+00,0.000000000000000000e+00,0.000000000000000000e+00,0.000000000000000000e+00,0.000000000000000000e+00,0.000000000000000000e+00,0.000000000000000000e+00,0.000000000000000000e+00,0.000000000000000000e+00,0.000000000000000000e+00,0.000000000000000000e+00,0.000000000000000000e+00,0.000000000000000000e+00,0.000000000000000000e+00,0.000000000000000000e+00,0.000000000000000000e+00,0.000000000000000000e+00,0.000000000000000000e+00,0.000000000000000000e+00,0.000000000000000000e+00,0.000000000000000000e+00,0.000000000000000000e+00,0.000000000000000000e+00,0.000000000000000000e+00,0.000000000000000000e+00,0.000000000000000000e+00,0.000000000000000000e+00,0.000000000000000000e+00,0.000000000000000000e+00,0.000000000000000000e+00,0.000000000000000000e+00,0.000000000000000000e+00,0.000000000000000000e+00,0.000000000000000000e+00,0.000000000000000000e+00,0.000000000000000000e+00,0.000000000000000000e+00,0.000000000000000000e+00,0.000000000000000000e+00,0.000000000000000000e+00,0.000000000000000000e+00,0.000000000000000000e+00,0.000000000000000000e+00,0.000000000000000000e+00,0.000000000000000000e+00,0.000000000000000000e+00,0.000000000000000000e+00,0.000000000000000000e+00,0.000000000000000000e+00,0.000000000000000000e+00,0.000000000000000000e+00,0.000000000000000000e+00,0.000000000000000000e+00,0.000000000000000000e+00,0.000000000000000000e+00,0.000000000000000000e+00,0.000000000000000000e+00,0.000000000000000000e+00,0.000000000000000000e+00,0.000000000000000000e+00,0.000000000000000000e+00,0.000000000000000000e+00,0.000000000000000000e+00,0.000000000000000000e+00,0.000000000000000000e+00,0.000000000000000000e+00,0.000000000000000000e+00,0.000000000000000000e+00,0.000000000000000000e+00,0.000000000000000000e+00,0.000000000000000000e+00,0.000000000000000000e+00,0.000000000000000000e+00,0.000000000000000000e+00,0.000000000000000000e+00,0.000000000000000000e+00,0.000000000000000000e+00,0.000000000000000000e+00
0.000000000000000000e+00,0.000000000000000000e+00,0.000000000000000000e+00,0.000000000000000000e+00,0.000000000000000000e+00,0.000000000000000000e+00,0.000000000000000000e+00,0.000000000000000000e+00,0.000000000000000000e+00,0.000000000000000000e+00,0.000000000000000000e+00,0.000000000000000000e+00,0.000000000000000000e+00,0.000000000000000000e+00,0.000000000000000000e+00,0.000000000000000000e+00,0.000000000000000000e+00,0.000000000000000000e+00,0.000000000000000000e+00,0.000000000000000000e+00,0.000000000000000000e+00,0.000000000000000000e+00,0.000000000000000000e+00,0.000000000000000000e+00,0.000000000000000000e+00,0.000000000000000000e+00,0.000000000000000000e+00,0.000000000000000000e+00,0.000000000000000000e+00,0.000000000000000000e+00,0.000000000000000000e+00,0.000000000000000000e+00,0.000000000000000000e+00,0.000000000000000000e+00,0.000000000000000000e+00,0.000000000000000000e+00,0.000000000000000000e+00,0.000000000000000000e+00,0.000000000000000000e+00,0.000000000000000000e+00,0.000000000000000000e+00,0.000000000000000000e+00,0.000000000000000000e+00,0.000000000000000000e+00,0.000000000000000000e+00,0.000000000000000000e+00,0.000000000000000000e+00,0.000000000000000000e+00,0.000000000000000000e+00,0.000000000000000000e+00,0.000000000000000000e+00,0.000000000000000000e+00,0.000000000000000000e+00,0.000000000000000000e+00,0.000000000000000000e+00,0.000000000000000000e+00,0.000000000000000000e+00,0.000000000000000000e+00,0.000000000000000000e+00,0.000000000000000000e+00,0.000000000000000000e+00,0.000000000000000000e+00,0.000000000000000000e+00,0.000000000000000000e+00,0.000000000000000000e+00,0.000000000000000000e+00,0.000000000000000000e+00,0.000000000000000000e+00,0.000000000000000000e+00,0.000000000000000000e+00,0.000000000000000000e+00,0.000000000000000000e+00,0.000000000000000000e+00,0.000000000000000000e+00,0.000000000000000000e+00,0.000000000000000000e+00,0.000000000000000000e+00,0.000000000000000000e+00,0.000000000000000000e+00,0.000000000000000000e+00,0.000000000000000000e+00,0.000000000000000000e+00,0.000000000000000000e+00,0.000000000000000000e+00,0.000000000000000000e+00,0.000000000000000000e+00,0.000000000000000000e+00,0.000000000000000000e+00,0.000000000000000000e+00,0.000000000000000000e+00,0.000000000000000000e+00,0.000000000000000000e+00,0.000000000000000000e+00,0.000000000000000000e+00,0.000000000000000000e+00,0.000000000000000000e+00,0.000000000000000000e+00,0.000000000000000000e+00,0.000000000000000000e+00,0.000000000000000000e+00,0.000000000000000000e+00,0.000000000000000000e+00,0.000000000000000000e+00,0.000000000000000000e+00,0.000000000000000000e+00,0.000000000000000000e+00,0.000000000000000000e+00,0.000000000000000000e+00,0.000000000000000000e+00,0.000000000000000000e+00,0.000000000000000000e+00,0.000000000000000000e+00,0.000000000000000000e+00,0.000000000000000000e+00,0.000000000000000000e+00,0.000000000000000000e+00,0.000000000000000000e+00,0.000000000000000000e+00,0.000000000000000000e+00,0.000000000000000000e+00,0.000000000000000000e+00,0.000000000000000000e+00,0.000000000000000000e+00,0.000000000000000000e+00,0.000000000000000000e+00,0.000000000000000000e+00
0.000000000000000000e+00,0.000000000000000000e+00,0.000000000000000000e+00,0.000000000000000000e+00,0.000000000000000000e+00,0.000000000000000000e+00,0.000000000000000000e+00,0.000000000000000000e+00,2.342727074924527741e+01,-3.555089446655470198e+01,7.757739653538707758e-01,0.000000000000000000e+00,0.000000000000000000e+00,0.000000000000000000e+00,1.150508053605542642e+02,-4.958493736133289076e+01,3.809808681815360920e+00,0.000000000000000000e+00,0.000000000000000000e+00,0.000000000000000000e+00,3.426366223401522575e+02,-4.393953336854981728e+01,1.134611769477416132e+01,0.000000000000000000e+00,0.000000000000000000e+00,0.000000000000000000e+00,1.186042816800033052e+03,6.691007998899475240e+01,3.927479000506590978e+01,0.000000000000000000e+00,0.000000000000000000e+00,0.000000000000000000e+00,3.242585943308511105e+02,-4.331166783776344431e+01,1.073754506944518639e+01,0.000000000000000000e+00,0.000000000000000000e+00,0.000000000000000000e+00,7.725930276896215787e+01,-4.971598023262786370e+01,2.558375506523057119e+00,0.000000000000000000e+00,0.000000000000000000e+00,0.000000000000000000e+00,-3.586349635589457563e+01,-4.053902610501981485e+01,-1.187588903430535581e+00,0.000000000000000000e+00,0.000000000000000000e+00,0.000000000000000000e+00,-8.881886794317946965e+01,-2.880152723329164388e+01,-2.941160586738066574e+00,0.000000000000000000e+00,0.000000000000000000e+00,0.000000000000000000e+00,-1.084942239987853014e+02,-1.808828064407678227e+01,-3.592693116941069853e+00,0.000000000000000000e+00,0.000000000000000000e+00,0.000000000000000000e+00,-1.092860595798886578e+02,-9.484220156211357278e+00,-3.618914072648475866e+00,0.000000000000000000e+00,0.000000000000000000e+00,0.000000000000000000e+00,-1.001136192035981480e+02,-3.153817146511189495e+00,-3.315176581463503691e+00,0.000000000000000000e+00,0.000000000000000000e+00,0.000000000000000000e+00,-8.651566848065549209e+01,1.135276745586859981e+00,-2.864892113164369647e+00,0.000000000000000000e+00,0.000000000000000000e+00,0.000000000000000000e+00,-7.178749517835754546e+01,3.765052196894899339e+00,-2.377181294117657551e+00,0.000000000000000000e+00,0.000000000000000000e+00,0.000000000000000000e+00,-5.778080468737704933e+01,5.134802302338639102e+00,-1.913361759184353472e+00,0.000000000000000000e+00,0.000000000000000000e+00,0.000000000000000000e+00,-4.544233571246403613e+01,5.596526045340084465e+00,-1.504783948071962252e+00,0.000000000000000000e+00,0.000000000000000000e+00,0.000000000000000000e+00,-3.514562896213468690e+01,5.430937815789255829e+00,-1.163817340766826858e+00,0.000000000000000000e+00,0.000000000000000000e+00,0.000000000000000000e+00,-2.688221388899754061e+01,4.844907442465654412e+00,-8.901814423615860283e-01,0.000000000000000000e+00,0.000000000000000000e+00,0.000000000000000000e+00,-2.036022265789203445e+01,3.978092828010614035e+00,-6.742112999786493699e-01,0.000000000000000000e+00,0.000000000000000000e+00,0.000000000000000000e+00,-1.500903911407484514e+01,2.911556905375374260e+00,-4.970114493619499640e-01,0.000000000000000000e+00,0.000000000000000000e+00,0.000000000000000000e+00,-9.718339759844683456e+00,1.667812565244046752e+00,-3.218144807753069436e-01,0.000000000000000000e+00
0.000000000000000000e+00,0.000000000000000000e+00,0.000000000000000000e+00,0.000000000000000000e+00,0.000000000000000000e+00,0.000000000000000000e+00,0.000000000000000000e+00,0.000000000000000000e+00,1.337527356363476549e+01,3.297842838003847277e+01,4.429107052723170179e-01,0.000000000000000000e+00,0.000000000000000000e+00,0.000000000000000000e+00,-4.386536332237011493e+01,4.995567232342048669e+01,-1.452563860746759694e+00,0.000000000000000000e+00,0.000000000000000000e+00,0.000000000000000000e+00,-2.278973587917639065e+02,5.618754378858680099e+01,-7.546625452700520320e+00,0.000000000000000000e+00,0.000000000000000000e+00,0.000000000000000000e+00,-1.003883905261025689e+03,-4.602996524982104987e+00,-3.324275397996843395e+01,0.000000000000000000e+00,0.000000000000000000e+00,0.000000000000000000e+00,-2.120449213969867799e+02,5.495350107290101960e+01,-7.021685593085543964e+00,0.000000000000000000e+00,0.000000000000000000e+00,0.000000000000000000e+00,-1.001385570077301956e+01,4.868176754589234889e+01,-3.316002375445469830e-01,0.000000000000000000e+00,0.000000000000000000e+00,0.000000000000000000e+00,7.043559510797435053e+01,3.526864635967420014e+01,2.332414283500495511e+00,0.000000000000000000e+00,0.000000000000000000e+00,0.000000000000000000e+00,1.006234650913482938e+02,2.272187825319449317e+01,3.332059690481717240e+00,0.000000000000000000e+00,0.000000000000000000e+00,0.000000000000000000e+00,1.054287589429465584e+02,1.269775019219387957e+01,3.491182872428340023e+00,0.000000000000000000e+00,0.000000000000000000e+00,0.000000000000000000e+00,9.734709429741272402e+01,5.347356873880548811e+00,3.223565483453255442e+00,0.000000000000000000e+00,0.000000000000000000e+00,0.000000000000000000e+00,8.361490477540837674e+01,3.571151302133989125e-01,2.768835812528211537e+00,0.000000000000000000e+00,0.000000000000000000e+00,0.000000000000000000e+00,6.839311913250999453e+01,-2.738514887550000054e+00,2.264779444445373269e+00,0.000000000000000000e+00,0.000000000000000000e+00,0.000000000000000000e+00,5.391485553052410751e+01,-4.417100645343830401e+00,1.785344170649613371e+00,0.000000000000000000e+00,0.000000000000000000e+00,0.000000000000000000e+00,4.125111489401177778e+01,-5.098038653315051683e+00,1.365995267614629416e+00,0.000000000000000000e+00,0.000000000000000000e+00,0.000000000000000000e+00,3.080220042238720524e+01,-5.115238747129936314e+00,1.019988432244923082e+00,0.000000000000000000e+00,0.000000000000000000e+00,0.000000000000000000e+00,2.258558491163389093e+01,-4.715123248729764960e+00,7.479022611841912305e-01,0.000000000000000000e+00,0.000000000000000000e+00,0.000000000000000000e+00,1.639204152984032703e+01,-4.066389894020917772e+00,5.428083874541489440e-01,0.000000000000000000e+00,0.000000000000000000e+00,0.000000000000000000e+00,1.186076962852219374e+01,-3.272818618544445002e+00,3.927592072227932829e-01,0.000000000000000000e+00,0.000000000000000000e+00,0.000000000000000000e+00,8.484808662508122268e+00,-2.383621543210373783e+00,2.809671571151693414e-01,0.000000000000000000e+00,0.000000000000000000e+00,0.000000000000000000e+00,5.452565579236041238e+00,-1.389436213245129226e+00,1.805570297125731472e-01,0.000000000000000000e+00
0.000000000000000000e+00,0.000000000000000000e+00,0.000000000000000000e+00,0.000000000000000000e+00,0.000000000000000000e+00,0.000000000000000000e+00,0.000000000000000000e+00,0.000000000000000000e+00,7.757739653538673341e-01,-1.177237360142964206e+00,2.568908908607092992e-02,0.000000000000000000e+00,0.000000000000000000e+00,0.000000000000000000e+00,3.809808681815344045e+00,-1.641962646453968055e+00,1.261585448841373025e-01,0.000000000000000000e+00,0.000000000000000000e+00,0.000000000000000000e+00,1.134611769477407783e+01,-1.455019938172547933e+00,3.757169501159320357e-01,0.000000000000000000e+00,0.000000000000000000e+00,0.000000000000000000e+00,3.927479000506593110e+01,2.215669875966191249e+00,1.300550965018063998e+00,0.000000000000000000e+00,0.000000000000000000e+00,0.000000000000000000e+00,1.073754506944515086e+01,-1.434228709960749804e+00,3.555645899109995400e-01,0.000000000000000000e+00,0.000000000000000000e+00,0.000000000000000000e+00,2.558375506523035359e+00,-1.646302018674653089e+00,8.471840927622931172e-02,0.000000000000000000e+00,0.000000000000000000e+00,0.000000000000000000e+00,-1.187588903430528919e+00,-1.342415058488547919e+00,-3.932598733696873738e-02,0.000000000000000000e+00,0.000000000000000000e+00,0.000000000000000000e+00,-2.941160586738068794e+00,-9.537378565848454448e-01,-9.739400869773963410e-02,0.000000000000000000e+00,0.000000000000000000e+00,0.000000000000000000e+00,-3.592693116941068965e+00,-5.989778899934851131e-01,-1.189689492839752089e-01,0.000000000000000000e+00,0.000000000000000000e+00,0.000000000000000000e+00,-3.618914072648450109e+00,-3.140618110246666261e-01,-1.198372337291513379e-01,0.000000000000000000e+00,0.000000000000000000e+00,0.000000000000000000e+00,-3.315176581463484151e+00,-1.044359481707361759e-01,-1.097792273789755108e-01,0.000000000000000000e+00,0.000000000000000000e+00,0.000000000000000000e+00,-2.864892113164349663e+00,3.759371512476847310e-02,-9.486844364967865484e-02,0.000000000000000000e+00,0.000000000000000000e+00,0.000000000000000000e+00,-2.377181294117673538e+00,1.246764722964382455e-01,-7.871831843502737069e-02,0.000000000000000000e+00,0.000000000000000000e+00,0.000000000000000000e+00,-1.913361759184340150e+00,1.700345715055919804e-01,-6.335933259006344687e-02,0.000000000000000000e+00,0.000000000000000000e+00,0.000000000000000000e+00,-1.504783948071952038e+00,1.853241569993612781e-01,-4.982962902045432602e-02,0.000000000000000000e+00,0.000000000000000000e+00,0.000000000000000000e+00,-1.163817340766819308e+00,1.798408448871846588e-01,-3.853881244034199072e-02,0.000000000000000000e+00,0.000000000000000000e+00,0.000000000000000000e+00,-8.901814423615799221e-01,1.604349520114340955e-01,-2.947759450159251685e-02,0.000000000000000000e+00,0.000000000000000000e+00,0.000000000000000000e+00,-6.742112999786535887e-01,1.317311299623320775e-01,-2.232592858421939344e-02,0.000000000000000000e+00,0.000000000000000000e+00,0.000000000000000000e+00,-4.970114493619465224e-01,9.641370819557597283e-02,-1.645810760565071668e-02,0.000000000000000000e+00,0.000000000000000000e+00,0.000000000000000000e+00,-3.218144807753048897e-01,5.522818176539239649e-02,-1.065661034661489343e-02,0.000000000000000000e+00
0.000000000000000000e+00,0.000000000000000000e+00,0.000000000000000000e+00,0.000000000000000000e+00,0.000000000000000000e+00,0.000000000000000000e+00,0.000000000000000000e+00,0.000000000000000000e+00,0.000000000000000000e+00,0.000000000000000000e+00,0.000000000000000000e+00,0.000000000000000000e+00,0.000000000000000000e+00,0.000000000000000000e+00,0.000000000000000000e+00,0.000000000000000000e+00,0.000000000000000000e+00,0.000000000000000000e+00,0.000000000000000000e+00,0.000000000000000000e+00,0.000000000000000000e+00,0.000000000000000000e+00,0.000000000000000000e+00,0.000000000000000000e+00,0.000000000000000000e+00,0.000000000000000000e+00,0.000000000000000000e+00,0.000000000000000000e+00,0.000000000000000000e+00,0.000000000000000000e+00,0.000000000000000000e+00,0.000000000000000000e+00,0.000000000000000000e+00,0.000000000000000000e+00,0.000000000000000000e+00,0.000000000000000000e+00,0.000000000000000000e+00,0.000000000000000000e+00,0.000000000000000000e+00,0.000000000000000000e+00,0.000000000000000000e+00,0.000000000000000000e+00,0.000000000000000000e+00,0.000000000000000000e+00,0.000000000000000000e+00,0.000000000000000000e+00,0.000000000000000000e+00,0.000000000000000000e+00,0.000000000000000000e+00,0.000000000000000000e+00,0.000000000000000000e+00,0.000000000000000000e+00,0.000000000000000000e+00,0.000000000000000000e+00,0.000000000000000000e+00,0.000000000000000000e+00,0.000000000000000000e+00,0.000000000000000000e+00,0.000000000000000000e+00,0.000000000000000000e+00,0.000000000000000000e+00,0.000000000000000000e+00,0.000000000000000000e+00,0.000000000000000000e+00,0.000000000000000000e+00,0.000000000000000000e+00,0.000000000000000000e+00,0.000000000000000000e+00,0.000000000000000000e+00,0.000000000000000000e+00,0.000000000000000000e+00,0.000000000000000000e+00,0.000000000000000000e+00,0.000000000000000000e+00,0.000000000000000000e+00,0.000000000000000000e+00,0.000000000000000000e+00,0.000000000000000000e+00,0.000000000000000000e+00,0.000000000000000000e+00,0.000000000000000000e+00,0.000000000000000000e+00,0.000000000000000000e+00,0.000000000000000000e+00,0.000000000000000000e+00,0.000000000000000000e+00,0.000000000000000000e+00,0.000000000000000000e+00,0.000000000000000000e+00,0.000000000000000000e+00,0.000000000000000000e+00,0.000000000000000000e+00,0.000000000000000000e+00,0.000000000000000000e+00,0.000000000000000000e+00,0.000000000000000000e+00,0.000000000000000000e+00,0.000000000000000000e+00,0.000000000000000000e+00,0.000000000000000000e+00,0.000000000000000000e+00,0.000000000000000000e+00,0.000000000000000000e+00,0.000000000000000000e+00,0.000000000000000000e+00,0.000000000000000000e+00,0.000000000000000000e+00,0.000000000000000000e+00,0.000000000000000000e+00,0.000000000000000000e+00,0.000000000000000000e+00,0.000000000000000000e+00,0.000000000000000000e+00,0.000000000000000000e+00,0.000000000000000000e+00,0.000000000000000000e+00,0.000000000000000000e+00,0.000000000000000000e+00,0.000000000000000000e+00,0.000000000000000000e+00,0.000000000000000000e+00,0.000000000000000000e+00,0.000000000000000000e+00,0.000000000000000000e+00,0.000000000000000000e+00,0.000000000000000000e+00
0.000000000000000000e+00,0.000000000000000000e+00,0.000000000000000000e+00,0.000000000000000000e+00,0.000000000000000000e+00,0.000000000000000000e+00,0.000000000000000000e+00,0.000000000000000000e+00,0.000000000000000000e+00,0.000000000000000000e+00,0.000000000000000000e+00,0.000000000000000000e+00,0.000000000000000000e+00,0.000000000000000000e+00,0.000000000000000000e+00,0.000000000000000000e+00,0.000000000000000000e+00,0.000000000000000000e+00,0.000000000000000000e+00,0.000000000000000000e+00,0.000000000000000000e+00,0.000000000000000000e+00,0.000000000000000000e+00,0.000000000000000000e+00,0.000000000000000000e+00,0.000000000000000000e+00,0.000000000000000000e+00,0.000000000000000000e+00,0.000000000000000000e+00,0.000000000000000000e+00,0.000000000000000000e+00,0.000000000000000000e+00,0.000000000000000000e+00,0.000000000000000000e+00,0.000000000000000000e+00,0.000000000000000000e+00,0.000000000000000000e+00,0.000000000000000000e+00,0.000000000000000000e+00,0.000000000000000000e+00,0.000000000000000000e+00,0.000000000000000000e+00,0.000000000000000000e+00,0.000000000000000000e+00,0.000000000000000000e+00,0.000000000000000000e+00,0.000000000000000000e+00,0.000000000000000000e+00,0.000000000000000000e+00,0.000000000000000000e+00,0.000000000000000000e+00,0.000000000000000000e+00,0.000000000000000000e+00,0.000000000000000000e+00,0.000000000000000000e+00,0.000000000000000000e+00,0.000000000000000000e+00,0.000000000000000000e+00,0.000000000000000000e+00,0.000000000000000000e+00,0.000000000000000000e+00,0.000000000000000000e+00,0.000000000000000000e+00,0.000000000000000000e+00,0.000000000000000000e+00,0.000000000000000000e+00,0.000000000000000000e+00,0.000000000000000000e+00,0.000000000000000000e+00,0.000000000000000000e+00,0.000000000000000000e+00,0.000000000000000000e+00,0.000000000000000000e+00,0.000000000000000000e+00,0.000000000000000000e+00,0.000000000000000000e+00,0.000000000000000000e+00,0.000000000000000000e+00,0.000000000000000000e+00,0.000000000000000000e+00,0.000000000000000000e+00,0.000000000000000000e+00,0.000000000000000000e+00,0.000000000000000000e+00,0.000000000000000000e+00,0.000000000000000000e+00,0.000000000000000000e+00,0.000000000000000000e+00,0.000000000000000000e+00,0.000000000000000000e+00,0.000000000000000000e+00,0.000000000000000000e+00,0.000000000000000000e+00,0.000000000000000000e+00,0.000000000000000000e+00,0.000000000000000000e+00,0.000000000000000000e+00,0.000000000000000000e+00,0.000000000000000000e+00,0.000000000000000000e+00,0.000000000000000000e+00,0.000000000000000000e+00,0.000000000000000000e+00,0.000000000000000000e+00,0.000000000000000000e+00,0.000000000000000000e+00,0.000000000000000000e+00,0.000000000000000000e+00,0.000000000000000000e+00,0.000000000000000000e+00,0.000000000000000000e+00,0.000000000000000000e+00,0.000000000000000000e+00,0.000000000000000000e+00,0.000000000000000000e+00,0.000000000000000000e+00,0.000000000000000000e+00,0.000000000000000000e+00,0.000000000000000000e+00,0.000000000000000000e+00,0.000000000000000000e+00,0.000000000000000000e+00,0.000000000000000000e+00,0.000000000000000000e+00,0.000000000000000000e+00,0.000000000000000000e+00
0.000000000000000000e+00,0.000000000000000000e+00,0.000000000000000000e+00,0.000000000000000000e+00,0.000000000000000000e+00,0.000000000000000000e+00,0.000000000000000000e+00,0.000000000000000000e+00,0.000000000000000000e+00,0.000000000000000000e+00,0.000000000000000000e+00,0.000000000000000000e+00,0.000000000000000000e+00,0.000000000000000000e+00,0.000000000000000000e+00,0.000000000000000000e+00,0.000000000000000000e+00,0.000000000000000000e+00,0.000000000000000000e+00,0.000000000000000000e+00,0.000000000000000000e+00,0.000000000000000000e+00,0.000000000000000000e+00,0.000000000000000000e+00,0.000000000000000000e+00,0.000000000000000000e+00,0.000000000000000000e+00,0.000000000000000000e+00,0.000000000000000000e+00,0.000000000000000000e+00,0.000000000000000000e+00,0.000000000000000000e+00,0.000000000000000000e+00,0.000000000000000000e+00,0.000000000000000000e+00,0.000000000000000000e+00,0.000000000000000000e+00,0.000000000000000000e+00,0.000000000000000000e+00,0.000000000000000000e+00,0.000000000000000000e+00,0.000000000000000000e+00,0.000000000000000000e+00,0.000000000000000000e+00,0.000000000000000000e+00,0.000000000000000000e+00,0.000000000000000000e+00,0.000000000000000000e+00,0.000000000000000000e+00,0.000000000000000000e+00,0.000000000000000000e+00,0.000000000000000000e+00,0.000000000000000000e+00,0.000000000000000000e+00,0.000000000000000000e+00,0.000000000000000000e+00,0.000000000000000000e+00,0.000000000000000000e+00,0.000000000000000000e+00,0.000000000000000000e+00,0.000000000000000000e+00,0.000000000000000000e+00,0.000000000000000000e+00,0.000000000000000000e+00,0.000000000000000000e+00,0.000000000000000000e+00,0.000000000000000000e+00,0.000000000000000000e+00,0.000000000000000000e+00,0.000000000000000000e+00,0.000000000000000000e+00,0.000000000000000000e+00,0.000000000000000000e+00,0.000000000000000000e+00,0.000000000000000000e+00,0.000000000000000000e+00,0.000000000000000000e+00,0.000000000000000000e+00,0.000000000000000000e+00,0.000000000000000000e+00,0.000000000000000000e+00,0.000000000000000000e+00,0.000000000000000000e+00,0.000000000000000000e+00,0.000000000000000000e+00,0.000000000000000000e+00,0.000000000000000000e+00,0.000000000000000000e+00,0.000000000000000000e+00,0.000000000000000000e+00,0.000000000000000000e+00,0.000000000000000000e+00,0.000000000000000000e+00,0.000000000000000000e+00,0.000000000000000000e+00,0.000000000000000000e+00,0.000000000000000000e+00,0.000000000000000000e+00,0.000000000000000000e+00,0.000000000000000000e+00,0.000000000000000000e+00,0.000000000000000000e+00,0.000000000000000000e+00,0.000000000000000000e+00,0.000000000000000000e+00,0.000000000000000000e+00,0.000000000000000000e+00,0.000000000000000000e+00,0.000000000000000000e+00,0.000000000000000000e+00,0.000000000000000000e+00,0.000000000000000000e+00,0.000000000000000000e+00,0.000000000000000000e+00,0.000000000000000000e+00,0.000000000000000000e+00,0.000000000000000000e+00,0.000000000000000000e+00,0.000000000000000000e+00,0.000000000000000000e+00,0.000000000000000000e+00,0.000000000000000000e+00,0.000000000000000000e+00,0.000000000000000000e+00,0.000000000000000000e+00,0.000000000000000000e+00
0.000000000000000000e+00,0.000000000000000000e+00,0.000000000000000000e+00,0.000000000000000000e+00,0.000000000000000000e+00,0.000000000000000000e+00,0.000000000000000000e+00,0.000000000000000000e+00,-3.235670700153053048e+01,-2.912924889261556061e+01,-1.071464583520865599e+00,0.000000000000000000e+00,0.000000000000000000e+00,0.000000000000000000e+00,-3.858694503209759930e+00,-4.357895993493361431e+01,-1.277773569053353431e-01,0.000000000000000000e+00,0.000000000000000000e+00,0.000000000000000000e+00,9.167898296810463421e+01,-5.218392301269039280e+01,3.035870841210466242e+00,0.000000000000000000e+00,0.000000000000000000e+00,0.000000000000000000e+00,3.242585943308536685e+02,-4.411936812438341349e+01,1.073754506944523612e+01,0.000000000000000000e+00,0.000000000000000000e+00,0.000000000000000000e+00,1.172718626518539850e+03,6.787104716919988334e+01,3.883357087884167669e+01,0.000000000000000000e+00,0.000000000000000000e+00,0.000000000000000000e+00,3.154400203947311638e+02,-4.188871520506442181e+01,1.044552556173494473e+01,0.000000000000000000e+00,0.000000000000000000e+00,0.000000000000000000e+00,7.214272596606683408e+01,-4.820855196890740757e+01,2.388944456790232262e+00,0.000000000000000000e+00,0.000000000000000000e+00,0.000000000000000000e+00,-3.814150174901280366e+01,-3.914846687800751823e+01,-1.263023097017668794e+00,0.000000000000000000e+00,0.000000000000000000e+00,0.000000000000000000e+00,-8.908069832939797550e+01,-2.762177373301486938e+01,-2.949830875272356323e+00,0.000000000000000000e+00,0.000000000000000000e+00,0.000000000000000000e+00,-1.074673916043227280e+02,-1.714847508463905257e+01,-3.558690443435827078e+00,0.000000000000000000e+00,0.000000000000000000e+00,0.000000000000000000e+00,-1.075762408324426787e+02,-8.776688016686451377e+00,-3.562294892209570740e+00,0.000000000000000000e+00,0.000000000000000000e+00,0.000000000000000000e+00,-9.819620591170459534e+01,-2.653100051032855955e+00,-3.251683085844839560e+00,0.000000000000000000e+00,0.000000000000000000e+00,0.000000000000000000e+00,-8.473953572401570966e+01,1.459231992102522746e+00,-2.806077001222290423e+00,0.000000000000000000e+00,0.000000000000000000e+00,0.000000000000000000e+00,-7.038429992451879968e+01,3.937781380239450346e+00,-2.330715687522380897e+00,0.000000000000000000e+00,0.000000000000000000e+00,0.000000000000000000e+00,-5.687296749938418827e+01,5.171218554665912848e+00,-1.883299509818511241e+00,0.000000000000000000e+00,0.000000000000000000e+00,0.000000000000000000e+00,-4.504327542408638863e+01,5.497090585149881470e+00,-1.491569409099684940e+00,0.000000000000000000e+00,0.000000000000000000e+00,0.000000000000000000e+00,-3.514562896213541165e+01,5.179461968453741960e+00,-1.163817340766851283e+00,0.000000000000000000e+00,0.000000000000000000e+00,0.000000000000000000e+00,-2.700669116225140698e+01,4.407292697338571763e+00,-8.943034004377916624e-01,0.000000000000000000e+00,0.000000000000000000e+00,0.000000000000000000e+00,-2.004893252819473659e+01,3.301218569872448771e+00,-6.639031944858930778e-01,0.000000000000000000e+00,0.000000000000000000e+00,0.000000000000000000e+00,-1.295592323696956960e+01,1.914971129484159373e+00,-4.290242790952527030e-01,0.000000000000000000e+00
0.000000000000000000e+00,0.000000000000000000e+00,0.000000000000000000e+00,0.000000000000000000e+00,0.000000000000000000e+00,0.000000000000000000e+00,0.000000000000000000e+00,0.000000000000000000e+00,5.063875506937998949e+01,2.461717218895244130e+01,1.676858915459536359e+00,0.000000000000000000e+00,0.000000000000000000e+00,0.000000000000000000e+00,4.345055718331813210e+01,3.881460325739377737e+01,1.438827911442641216e+00,0.000000000000000000e+00,0.000000000000000000e+00,0.000000000000000000e+00,-2.214542399637303660e+01,5.120568895617738292e+01,-7.333267102256280090e-01,0.000000000000000000e+00,0.000000000000000000e+00,0.000000000000000000e+00,-2.128526216836065714e+02,5.559158429933071943e+01,-7.048431894900839545e+00,0.000000000000000000e+00,0.000000000000000000e+00,0.000000000000000000e+00,-9.943187621188493495e+02,-5.931583338276237960e+00,-3.292601247371251816e+01,0.000000000000000000e+00,0.000000000000000000e+00,0.000000000000000000e+00,-2.067719620579420337e+02,5.344329717043524397e+01,-6.847076069877140014e+00,0.000000000000000000e+00,0.000000000000000000e+00,0.000000000000000000e+00,-7.926268195159898333e+00,4.726722508746323115e+01,-2.624715688836941618e-01,0.000000000000000000e+00,0.000000000000000000e+00,0.000000000000000000e+00,7.030008738398635160e+01,3.407471163638768274e+01,2.327927061514639462e+00,0.000000000000000000e+00,0.000000000000000000e+00,0.000000000000000000e+00,9.906383117649382086e+01,2.178672449831626068e+01,3.280413751884026841e+00,0.000000000000000000e+00,0.000000000000000000e+00,0.000000000000000000e+00,1.030838988610919671e+02,1.201194340087571533e+01,3.413534843199056645e+00,0.000000000000000000e+00,0.000000000000000000e+00,0.000000000000000000e+00,9.470793391202650469e+01,4.878090404533378610e+00,3.136171952243826944e+00,0.000000000000000000e+00,0.000000000000000000e+00,0.000000000000000000e+00,8.104105608333622968e+01,6.346301245214323872e-02,2.683605021991759543e+00,0.000000000000000000e+00,0.000000000000000000e+00,0.000000000000000000e+00,6.613184666497569708e+01,-2.895902767842744030e+00,2.189899347328561507e+00,0.000000000000000000e+00,0.000000000000000000e+00,0.000000000000000000e+00,5.211949199217057327e+01,-4.469840563750401508e+00,1.725892247875186802e+00,0.000000000000000000e+00,0.000000000000000000e+00,0.000000000000000000e+00,3.999542764242466575e+01,-5.066155405618671281e+00,1.324414261921108116e+00,0.000000000000000000e+00,0.000000000000000000e+00,0.000000000000000000e+00,3.008709699987953812e+01,-5.004768801185613292e+00,9.963083961171649294e-01,0.000000000000000000e+00,0.000000000000000000e+00,0.000000000000000000e+00,2.233410906429650211e+01,-4.516457329335022308e+00,7.395748543185861612e-01,0.000000000000000000e+00,0.000000000000000000e+00,0.000000000000000000e+00,1.642398498497748349e+01,-3.752493527062096490e+00,5.438661675568307041e-01,0.000000000000000000e+00,0.000000000000000000e+00,0.000000000000000000e+00,1.181445217742268561e+01,-2.795480882091661012e+00,3.912254445797170299e-01,0.000000000000000000e+00,0.000000000000000000e+00,0.000000000000000000e+00,7.530245496497784075e+00,-1.655187768663170189e+00,2.493576170879579224e-01,0.000000000000000000e+00
0.000000000000000000e+00,0.000000000000000000e+00,0.000000000000000000e+00,0.000000000000000000e+00,0.000000000000000000e+00,0.000000000000000000e+00,0.000000000000000000e+00,0.000000000000000000e+00,-1.071464583520868485e+00,-9.645900780795017004e-01,-3.548063014216008837e-02,0.000000000000000000e+00,0.000000000000000000e+00,0.000000000000000000e+00,-1.277773569053367864e-01,-1.443079858365914570e+00,-4.231237514172809903e-03,0.000000000000000000e+00,0.000000000000000000e+00,0.000000000000000000e+00,3.035870841210448035e+00,-1.728025825824372586e+00,1.005302574933487209e-01,0.000000000000000000e+00,0.000000000000000000e+00,0.000000000000000000e+00,1.073754506944525033e+01,-1.460975011776071142e+00,3.555645899110015939e-01,0.000000000000000000e+00,0.000000000000000000e+00,0.000000000000000000e+00,3.883357087884168379e+01,2.247491479427504046e+00,1.285940372311618729e+00,0.000000000000000000e+00,0.000000000000000000e+00,0.000000000000000000e+00,1.044552556173491098e+01,-1.387108854720462192e+00,3.458946145271052930e-01,0.000000000000000000e+00,0.000000000000000000e+00,0.000000000000000000e+00,2.388944456790227377e+00,-1.596384825410884556e+00,7.910784547167154512e-02,0.000000000000000000e+00,0.000000000000000000e+00,0.000000000000000000e+00,-1.263023097017670127e+00,-1.296367883077236716e+00,-4.182392591926164388e-02,0.000000000000000000e+00,0.000000000000000000e+00,0.000000000000000000e+00,-2.949830875272367869e+00,-9.146713318988982655e-01,-9.768111786162865517e-02,0.000000000000000000e+00,0.000000000000000000e+00,0.000000000000000000e+00,-3.558690443435812423e+00,-5.678570354428085221e-01,-1.178429799322683325e-01,0.000000000000000000e+00,0.000000000000000000e+00,0.000000000000000000e+00,-3.562294892209555197e+00,-2.906324914351368083e-01,-1.179623381600385240e-01,0.000000000000000000e+00,0.000000000000000000e+00,0.000000000000000000e+00,-3.251683085844826682e+00,-8.785513127416416657e-02,-1.076766947622877502e-01,0.000000000000000000e+00,0.000000000000000000e+00,0.000000000000000000e+00,-2.806077001222320177e+00,4.832121509165006323e-02,-9.292083169340763227e-02,0.000000000000000000e+00,0.000000000000000000e+00,0.000000000000000000e+00,-2.330715687522374235e+00,1.303962509650604118e-01,-7.717964974985221105e-02,0.000000000000000000e+00,0.000000000000000000e+00,0.000000000000000000e+00,-1.883299509818504136e+00,1.712404644486348881e-01,-6.236384700202313169e-02,0.000000000000000000e+00,0.000000000000000000e+00,0.000000000000000000e+00,-1.491569409099680055e+00,1.820314370716245855e-01,-4.939204090323102286e-02,0.000000000000000000e+00,0.000000000000000000e+00,0.000000000000000000e+00,-1.163817340766847286e+00,1.715134380216424281e-01,-3.853881244034292053e-02,0.000000000000000000e+00,0.000000000000000000e+00,0.000000000000000000e+00,-8.943034004378008772e-01,1.459437152917030800e-01,-2.961408960578241351e-02,0.000000000000000000e+00,0.000000000000000000e+00,0.000000000000000000e+00,-6.639031944858906353e-01,1.093170198040368107e-01,-2.198458451734137953e-02,0.000000000000000000e+00,0.000000000000000000e+00,0.000000000000000000e+00,-4.290242790952514262e-01,6.341262550636482531e-02,-1.420677080950761943e-02,0.000000000000000000e+00
0.000000000000000000e+00,0.000000000000000000e+00,0.000000000000000000e+00,0.000000000000000000e+00,0.000000000000000000e+00,0.000000000000000000e+00,0.000000000000000000e+00,0.000000000000000000e+00,0.000000000000000000e+00,0.000000000000000000e+00,0.000000000000000000e+00,0.000000000000000000e+00,0.000000000000000000e+00,0.000000000000000000e+00,0.000000000000000000e+00,0.000000000000000000e+00,0.000000000000000000e+00,0.000000000000000000e+00,0.000000000000000000e+00,0.000000000000000000e+00,0.000000000000000000e+00,0.000000000000000000e+00,0.000000000000000000e+00,0.000000000000000000e+00,0.000000000000000000e+00,0.000000000000000000e+00,0.000000000000000000e+00,0.000000000000000000e+00,0.000000000000000000e+00,0.000000000000000000e+00,0.000000000000000000e+00,0.000000000000000000e+00,0.000000000000000000e+00,0.000000000000000000e+00,0.000000000000000000e+00,0.000000000000000000e+00,0.000000000000000000e+00,0.000000000000000000e+00,0.000000000000000000e+00,0.000000000000000000e+00,0.000000000000000000e+00,0.000000000000000000e+00,0.000000000000000000e+00,0.000000000000000000e+00,0.000000000000000000e+00,0.000000000000000000e+00,0.000000000000000000e+00,0.000000000000000000e+00,0.000000000000000000e+00,0.000000000000000000e+00,0.000000000000000000e+00,0.000000000000000000e+00,0.000000000000000000e+00,0.000000000000000000e+00,0.000000000000000000e+00,0.000000000000000000e+00,0.000000000000000000e+00,0.000000000000000000e+00,0.000000000000000000e+00,0.000000000000000000e+00,0.000000000000000000e+00,0.000000000000000000e+00,0.000000000000000000e+00,0.000000000000000000e+00,0.000000000000000000e+00,0.000000000000000000e+00,0.000000000000000000e+00,0.000000000000000000e+00,0.000000000000000000e+00,0.000000000000000000e+00,0.000000000000000000e+00,0.000000000000000000e+00,0.000000000000000000e+00,0.000000000000000000e+00,0.000000000000000000e+00,0.000000000000000000e+00,0.000000000000000000e+00,0.000000000000000000e+00,0.000000000000000000e+00,0.000000000000000000e+00,0.000000000000000000e+00,0.000000000000000000e+00,0.000000000000000000e+00,0.000000000000000000e+00,0.000000000000000000e+00,0.000000000000000000e+00,0.000000000000000000e+00,0.000000000000000000e+00,0.000000000000000000e+00,0.000000000000000000e+00,0.000000000000000000e+00,0.000000000000000000e+00,0.000000000000000000e+00,0.000000000000000000e+00,0.000000000000000000e+00,0.000000000000000000e+00,0.000000000000000000e+00,0.000000000000000000e+00,0.000000000000000000e+00,0.000000000000000000e+00,0.000000000000000000e+00,0.000000000000000000e+00,0.000000000000000000e+00,0.000000000000000000e+00,0.000000000000000000e+00,0.000000000000000000e+00,0.000000000000000000e+00,0.000000000000000000e+00,0.000000000000000000e+00,0.000000000000000000e+00,0.000000000000000000e+00,0.000000000000000000e+00,0.000000000000000000e+00,0.000000000000000000e+00,0.000000000000000000e+00,0.000000000000000000e+00,0.000000000000000000e+00,0.000000000000000000e+00,0.000000000000000000e+00,0.000000000000000000e+00,0.000000000000000000e+00,0.000000000000000000e+00,0.000000000000000000e+00,0.000000000000000000e+00,0.000000000000000000e+00,0.000000000000000000e+00
0.000000000000000000e+00,0.000000000000000000e+00,0.000000000000000000e+00,0.000000000000000000e+00,0.000000000000000000e+00,0.000000000000000000e+00,0.000000000000000000e+00,0.000000000000000000e+00,0.000000000000000000e+00,0.000000000000000000e+00,0.000000000000000000e+00,0.000000000000000000e+00,0.000000000000000000e+00,0.000000000000000000e+00,0.000000000000000000e+00,0.000000000000000000e+00,0.000000000000000000e+00,0.000000000000000000e+00,0.000000000000000000e+00,0.000000000000000000e+00,0.000000000000000000e+00,0.000000000000000000e+00,0.000000000000000000e+00,0.000000000000000000e+00,0.000000000000000000e+00,0.000000000000000000e+00,0.000000000000000000e+00,0.000000000000000000e+00,0.000000000000000000e+00,0.000000000000000000e+00,0.000000000000000000e+00,0.000000000000000000e+00,0.000000000000000000e+00,0.000000000000000000e+00,0.000000000000000000e+00,0.000000000000000000e+00,0.000000000000000000e+00,0.000000000000000000e+00,0.000000000000000000e+00,0.000000000000000000e+00,0.000000000000000000e+00,0.000000000000000000e+00,0.000000000000000000e+00,0.000000000000000000e+00,0.000000000000000000e+00,0.000000000000000000e+00,0.000000000000000000e+00,0.000000000000000000e+00,0.000000000000000000e+00,0.000000000000000000e+00,0.000000000000000000e+00,0.000000000000000000e+00,0.000000000000000000e+00,0.000000000000000000e+00,0.000000000000000000e+00,0.000000000000000000e+00,0.000000000000000000e+00,0.000000000000000000e+00,0.000000000000000000e+00,0.000000000000000000e+00,0.000000000000000000e+00,0.000000000000000000e+00,0.000000000000000000e+00,0.000000000000000000e+00,0.000000000000000000e+00,0.000000000000000000e+00,0.000000000000000000e+00,0.000000000000000000e+00,0.000000000000000000e+00,0.000000000000000000e+00,0.000000000000000000e+00,0.000000000000000000e+00,0.000000000000000000e+00,0.000000000000000000e+00,0.000000000000000000e+00,0.000000000000000000e+00,0.000000000000000000e+00,0.000000000000000000e+00,0.000000000000000000e+00,0.000000000000000000e+00,0.000000000000000000e+00,0.000000000000000000e+00,0.000000000000000000e+00,0.000000000000000000e+00,0.000000000000000000e+00,0.000000000000000000e+00,0.000000000000000000e+00,0.000000000000000000e+00,0.000000000000000000e+00,0.000000000000000000e+00,0.000000000000000000e+00,0.000000000000000000e+00,0.000000000000000000e+00,0.000000000000000000e+00,0.000000000000000000e+00,0.000000000000000000e+00,0.000000000000000000e+00,0.000000000000000000e+00,0.000000000000000000e+00,0.000000000000000000e+00,0.000000000000000000e+00,0.000000000000000000e+00,0.000000000000000000e+00,0.000000000000000000e+00,0.000000000000000000e+00,0.000000000000000000e+00,0.000000000000000000e+00,0.000000000000000000e+00,0.000000000000000000e+00,0.000000000000000000e+00,0.000000000000000000e+00,0.000000000000000000e+00,0.000000000000000000e+00,0.000000000000000000e+00,0.000000000000000000e+00,0.000000000000000000e+00,0.000000000000000000e+00,0.000000000000000000e+00,0.000000000000000000e+00,0.000000000000000000e+00,0.000000000000000000e+00,0.000000000000000000e+00,0.000000000000000000e+00,0.000000000000000000e+00,0.000000000000000000e+00,0.000000000000000000e+00
0.000000000000000000e+00,0.000000000000000000e+00,0.000000000000000000e+00,0.000000000000000000e+00,0.000000000000000000e+00,0.000000000000000000e+00,0.000000000000000000e+00,0.000000000000000000e+00,0.000000000000000000e+00,0.000000000000000000e+00,0.000000000000000000e+00,0.000000000000000000e+00,0.000000000000000000e+00,0.000000000000000000e+00,0.000000000000000000e+00,0.000000000000000000e+00,0.000000000000000000e+00,0.000000000000000000e+00,0.000000000000000000e+00,0.000000000000000000e+00,0.000000000000000000e+00,0.000000000000000000e+00,0.000000000000000000e+00,0.000000000000000000e+00,0.000000000000000000e+00,0.000000000000000000e+00,0.000000000000000000e+00,0.000000000000000000e+00,0.000000000000000000e+00,0.000000000000000000e+00,0.000000000000000000e+00,0.000000000000000000e+00,0.000000000000000000e+00,0.000000000000000000e+00,0.000000000000000000e+00,0.000000000000000000e+00,0.000000000000000000e+00,0.000000000000000000e+00,0.000000000000000000e+00,0.000000000000000000e+00,0.000000000000000000e+00,0.000000000000000000e+00,0.000000000000000000e+00,0.000000000000000000e+00,0.000000000000000000e+00,0.000000000000000000e+00,0.000000000000000000e+00,0.000000000000000000e+00,0.000000000000000000e+00,0.000000000000000000e+00,0.000000000000000000e+00,0.000000000000000000e+00,0.000000000000000000e+00,0.000000000000000000e+00,0.000000000000000000e+00,0.000000000000000000e+00,0.000000000000000000e+00,0.000000000000000000e+00,0.000000000000000000e+00,0.000000000000000000e+00,0.000000000000000000e+00,0.000000000000000000e+00,0.000000000000000000e+00,0.000000000000000000e+00,0.000000000000000000e+00,0.000000000000000000e+00,0.000000000000000000e+00,0.000000000000000000e+00,0.000000000000000000e+00,0.000000000000000000e+00,0.000000000000000000e+00,0.000000000000000000e+00,0.000000000000000000e+00,0.000000000000000000e+00,0.000000000000000000e+00,0.000000000000000000e+00,0.000000000000000000e+00,0.000000000000000000e+00,0.000000000000000000e+00,0.000000000000000000e+00,0.000000000000000000e+00,0.000000000000000000e+00,0.000000000000000000e+00,0.000000000000000000e+00,0.000000000000000000e+00,0.000000000000000000e+00,0.000000000000000000e+00,0.000000000000000000e+00,0.000000000000000000e+00,0.000000000000000000e+00,0.000000000000000000e+00,0.000000000000000000e+00,0.000000000000000000e+00,0.000000000000000000e+00,0.000000000000000000e+00,0.000000000000000000e+00,0.000000000000000000e+00,0.000000000000000000e+00,0.000000000000000000e+00,0.000000000000000000e+00,0.000000000000000000e+00,0.000000000000000000e+00,0.000000000000000000e+00,0.000000000000000000e+00,0.000000000000000000e+00,0.000000000000000000e+00,0.000000000000000000e+00,0.000000000000000000e+00,0.000000000000000000e+00,0.000000000000000000e+00,0.000000000000000000e+00,0.000000000000000000e+00,0.000000000000000000e+00,0.000000000000000000e+00,0.000000000000000000e+00,0.000000000000000000e+00,0.000000000000000000e+00,0.000000000000000000e+00,0.000000000000000000e+00,0.000000000000000000e+00,0.000000000000000000e+00,0.000000000000000000e+00,0.000000000000000000e+00,0.000000000000000000e+00,0.000000000000000000e+00,0.000000000000000000e+00
0.000000000000000000e+00,0.000000000000000000e+00,0.000000000000000000e+00,0.000000000000000000e+00,0.000000000000000000e+00,0.000000000000000000e+00,0.000000000000000000e+00,0.000000000000000000e+00,-5.961824636693278734e+01,-2.177538661026006750e+01,-1.974207063492850578e+00,0.000000000000000000e+00,0.000000000000000000e+00,0.000000000000000000e+00,-6.373506422055536547e+01,-3.356498019964863033e+01,-2.110531953623183465e+00,0.000000000000000000e+00,0.000000000000000000e+00,0.000000000000000000e+00,-2.540634686007632581e+01,-4.395043346076671753e+01,-8.413093723020310666e-01,0.000000000000000000e+00,0.000000000000000000e+00,0.000000000000000000e+00,7.725930276898657212e+01,-5.102099348670425627e+01,2.558375506523847154e+00,0.000000000000000000e+00,0.000000000000000000e+00,0.000000000000000000e+00,3.154400203947041632e+02,-4.242565405389783706e+01,1.044552556173401214e+01,0.000000000000000000e+00,0.000000000000000000e+00,0.000000000000000000e+00,1.168173781379091224e+03,6.961264550304525756e+01,3.868307223247844462e+01,0.000000000000000000e+00,0.000000000000000000e+00,0.000000000000000000e+00,3.139963060592468196e+02,-4.033075224055065888e+01,1.039771820052480500e+01,0.000000000000000000e+00,0.000000000000000000e+00,0.000000000000000000e+00,7.280294097302969192e+01,-4.692759405822776841e+01,2.410806910142967219e+00,0.000000000000000000e+00,0.000000000000000000e+00,0.000000000000000000e+00,-3.619998126996243570e+01,-3.816128525457178711e+01,-1.198731312585320286e+00,0.000000000000000000e+00,0.000000000000000000e+00,0.000000000000000000e+00,-8.651626015393580360e+01,-2.690533484839908951e+01,-2.864911705917265294e+00,0.000000000000000000e+00,0.000000000000000000e+00,0.000000000000000000e+00,-1.047868800925389081e+02,-1.666268616524243029e+01,-3.469927605163671824e+00,0.000000000000000000e+00,0.000000000000000000e+00,0.000000000000000000e+00,-1.051494215291740204e+02,-8.478813969803425721e+00,-3.481932853701322550e+00,0.000000000000000000e+00,0.000000000000000000e+00,0.000000000000000000e+00,-9.627114423490586148e+01,-2.507092426783264383e+00,-3.187936320523912848e+00,0.000000000000000000e+00,0.000000000000000000e+00,0.000000000000000000e+00,-8.345569185979788074e+01,1.476707760231897648e+00,-2.763563613465813695e+00,0.000000000000000000e+00,0.000000000000000000e+00,0.000000000000000000e+00,-6.977851358497090928e+01,3.833668371603598413e+00,-2.310655592779871981e+00,0.000000000000000000e+00,0.000000000000000000e+00,0.000000000000000000e+00,-5.687296749937856788e+01,4.934216682088448991e+00,-1.883299509818324502e+00,0.000000000000000000e+00,0.000000000000000000e+00,0.000000000000000000e+00,-4.544233571246591907e+01,5.097244790458009156e+00,-1.504783948072023980e+00,0.000000000000000000e+00,0.000000000000000000e+00,0.000000000000000000e+00,-3.554289096596301789e+01,4.568893919593279840e+00,-1.176972331089542578e+00,0.000000000000000000e+00,0.000000000000000000e+00,0.000000000000000000e+00,-2.664773440013469497e+01,3.522370981421429903e+00,-8.824168553204281285e-01,0.000000000000000000e+00,0.000000000000000000e+00,0.000000000000000000e+00,-1.723023054444271196e+01,2.062276990561113799e+00,-5.705642973308935328e-01,0.000000000000000000e+00
0.000000000000000000e+00,0.000000000000000000e+00,0.000000000000000000e+00,0.000000000000000000e+00,0.000000000000000000e+00,0.000000000000000000e+00,0.000000000000000000e+00,0.000000000000000000e+00,6.477838918371014643e+01,1.696947310446003598e+01,2.145080764386609218e+00,0.000000000000000000e+00,0.000000000000000000e+00,0.000000000000000000e+00,8.048975467462456379e+01,2.731912345832169464e+01,2.665349148974403448e+00,0.000000000000000000e+00,0.000000000000000000e+00,0.000000000000000000e+00,6.171497962541727844e+01,3.835780841544769260e+01,2.043638585911069949e+00,0.000000000000000000e+00,0.000000000000000000e+00,0.000000000000000000e+00,-1.131886895486667832e+01,4.971272801661282870e+01,-3.748146314790239408e-01,0.000000000000000000e+00,0.000000000000000000e+00,0.000000000000000000e+00,-2.073089009067505799e+02,5.386747886101330351e+01,-6.864856339049365097e+00,0.000000000000000000e+00,0.000000000000000000e+00,0.000000000000000000e+00,-9.924699327925301304e+02,-7.529939834944047838e+00,-3.286479007725454693e+01,0.000000000000000000e+00,0.000000000000000000e+00,0.000000000000000000e+00,-2.073807045209063631e+02,5.211762723360379113e+01,-6.867234054109612629e+00,0.000000000000000000e+00,0.000000000000000000e+00,0.000000000000000000e+00,-1.004116743032117220e+01,4.625129931655372673e+01,-3.325046420293455429e-01,0.000000000000000000e+00,0.000000000000000000e+00,0.000000000000000000e+00,6.739744752174703990e+01,3.334922246967784787e+01,2.231808633549822840e+00,0.000000000000000000e+00,0.000000000000000000e+00,0.000000000000000000e+00,9.590475248550247045e+01,2.130696136939016583e+01,3.175803572183357737e+00,0.000000000000000000e+00,0.000000000000000000e+00,0.000000000000000000e+00,1.000492115977256589e+02,1.172589372528489982e+01,3.313043778870258027e+00,0.000000000000000000e+00,0.000000000000000000e+00,0.000000000000000000e+00,9.205738734697838765e+01,4.737021816923366657e+00,3.048401377466619877e+00,0.000000000000000000e+00,0.000000000000000000e+00,0.000000000000000000e+00,7.893725889379035721e+01,2.813363125354746697e-02,2.613939583558742896e+00,0.000000000000000000e+00,0.000000000000000000e+00,0.000000000000000000e+00,6.465841626696671085e+01,-2.851603391561733591e+00,2.141107964210555714e+00,0.000000000000000000e+00,0.000000000000000000e+00,0.000000000000000000e+00,5.129135736052290184e+01,-4.356807008438329909e+00,1.698469280261220238e+00,0.000000000000000000e+00,0.000000000000000000e+00,0.000000000000000000e+00,3.975842576984540244e+01,-4.878923926282274337e+00,1.316566148307914963e+00,0.000000000000000000e+00,0.000000000000000000e+00,0.000000000000000000e+00,3.030291916750783443e+01,-4.720806555773163993e+00,1.003455161977531152e+00,0.000000000000000000e+00,0.000000000000000000e+00,0.000000000000000000e+00,2.274010548959341804e+01,-4.095256458634819019e+00,7.530190775122755920e-01,0.000000000000000000e+00,0.000000000000000000e+00,0.000000000000000000e+00,1.652529263372633395e+01,-3.133043737911610727e+00,5.472208834019648416e-01,0.000000000000000000e+00,0.000000000000000000e+00,0.000000000000000000e+00,1.050047313368205337e+01,-1.879749932167467108e+00,3.477141562156040311e-01,0.000000000000000000e+00
0.000000000000000000e+00,0.000000000000000000e+00,0.000000000000000000e+00,0.000000000000000000e+00,0.000000000000000000e+00,0.000000000000000000e+00,0.000000000000000000e+00,0.000000000000000000e+00,-1.974207063492854131e+00,-7.210732397541125271e-01,-6.537417262421879594e-02,0.000000000000000000e+00,0.000000000000000000e+00,0.000000000000000000e+00,-2.110531953623186130e+00,-1.111475513524957659e+00,-6.988845436556276325e-02,0.000000000000000000e+00,0.000000000000000000e+00,0.000000000000000000e+00,-8.413093723020275139e-01,-1.455380885371759137e+00,-2.785923784404752482e-02,0.000000000000000000e+00,0.000000000000000000e+00,0.000000000000000000e+00,2.558375506523866250e+00,-1.689516412608574214e+00,8.471840927625622075e-02,0.000000000000000000e+00,0.000000000000000000e+00,0.000000000000000000e+00,1.044552556173404945e+01,-1.404889123893537040e+00,3.458946145270755945e-01,0.000000000000000000e+00,0.000000000000000000e+00,0.000000000000000000e+00,3.868307223247846593e+01,2.305163013596485122e+00,1.280956738796679373e+00,0.000000000000000000e+00,0.000000000000000000e+00,0.000000000000000000e+00,1.039771820052480500e+01,-1.335518248209279113e+00,3.443115147893662242e-01,0.000000000000000000e+00,0.000000000000000000e+00,0.000000000000000000e+00,2.410806910142986315e+00,-1.553967003529038715e+00,7.983180185188144817e-02,0.000000000000000000e+00,0.000000000000000000e+00,0.000000000000000000e+00,-1.198731312585327613e+00,-1.263678210825865067e+00,-3.969495865360777448e-02,0.000000000000000000e+00,0.000000000000000000e+00,0.000000000000000000e+00,-2.864911705917265294e+00,-8.909470730895402424e-01,-9.486909244687680154e-02,0.000000000000000000e+00,0.000000000000000000e+00,0.000000000000000000e+00,-3.469927605163672268e+00,-5.517705522856799494e-01,-1.149036747200016112e-01,0.000000000000000000e+00,0.000000000000000000e+00,0.000000000000000000e+00,-3.481932853701323882e+00,-2.807686480109554683e-01,-1.153012182223069754e-01,0.000000000000000000e+00,0.000000000000000000e+00,0.000000000000000000e+00,-3.187936320523955036e+00,-8.302021410227583553e-02,-1.055657753367681695e-01,0.000000000000000000e+00,0.000000000000000000e+00,0.000000000000000000e+00,-2.763563613465815472e+00,4.889991015538312780e-02,-9.151303734324736650e-02,0.000000000000000000e+00,0.000000000000000000e+00,0.000000000000000000e+00,-2.310655592779872425e+00,1.269486380348615884e-01,-7.651537692821906711e-02,0.000000000000000000e+00,0.000000000000000000e+00,0.000000000000000000e+00,-1.883299509818324280e+00,1.633923508355021592e-01,-6.236384700201719894e-02,0.000000000000000000e+00,0.000000000000000000e+00,0.000000000000000000e+00,-1.504783948072023758e+00,1.687908867318811679e-01,-4.982962902045669912e-02,0.000000000000000000e+00,0.000000000000000000e+00,0.000000000000000000e+00,-1.176972331089558566e+00,1.512950010789566035e-01,-3.897442865514069710e-02,0.000000000000000000e+00,0.000000000000000000e+00,0.000000000000000000e+00,-8.824168553204281285e-01,1.166402921173710083e-01,-2.922047686536750552e-02,0.000000000000000000e+00,0.000000000000000000e+00,0.000000000000000000e+00,-5.705642973308935328e-01,6.829053267663226512e-02,-1.889374704238617336e-02,0.000000000000000000e+00
0.000000000000000000e+00,0.000000000000000000e+00,0.000000000000000000e+00,0.000000000000000000e+00,0.000000000000000000e+00,0.000000000000000000e+00,0.000000000000000000e+00,0.000000000000000000e+00,0.000000000000000000e+00,0.000000000000000000e+00,0.000000000000000000e+00,0.000000000000000000e+00,0.000000000000000000e+00,0.000000000000000000e+00,0.000000000000000000e+00,0.000000000000000000e+00,0.000000000000000000e+00,0.000000000000000000e+00,0.000000000000000000e+00,0.000000000000000000e+00,0.000000000000000000e+00,0.000000000000000000e+00,0.000000000000000000e+00,0.000000000000000000e+00,0.000000000000000000e+00,0.000000000000000000e+00,0.000000000000000000e+00,0.000000000000000000e+00,0.000000000000000000e+00,0.000000000000000000e+00,0.000000000000000000e+00,0.000000000000000000e+00,0.000000000000000000e+00,0.000000000000000000e+00,0.000000000000000000e+00,0.000000000000000000e+00,0.000000000000000000e+00,0.000000000000000000e+00,0.000000000000000000e+00,0.000000000000000000e+00,0.000000000000000000e+00,0.000000000000000000e+00,0.000000000000000000e+00,0.000000000000000000e+00,0.000000000000000000e+00,0.000000000000000000e+00,0.000000000000000000e+00,0.000000000000000000e+00,0.000000000000000000e+00,0.000000000000000000e+00,0.000000000000000000e+00,0.000000000000000000e+00,0.000000000000000000e+00,0.000000000000000000e+00,0.000000000000000000e+00,0.000000000000000000e+00,0.000000000000000000e+00,0.000000000000000000e+00,0.000000000000000000e+00,0.000000000000000000e+00,0.000000000000000000e+00,0.000000000000000000e+00,0.000000000000000000e+00,0.000000000000000000e+00,0.000000000000000000e+00,0.000000000000000000e+00,0.000000000000000000e+00,0.000000000000000000e+00,0.000000000000000000e+00,0.000000000000000000e+00,0.000000000000000000e+00,0.000000000000000000e+00,0.000000000000000000e+00,0.000000000000000000e+00,0.000000000000000000e+00,0.000000000000000000e+00,0.000000000000000000e+00,0.000000000000000000e+00,0.000000000000000000e+00,0.000000000000000000e+00,0.000000000000000000e+00,0.000000000000000000e+00,0.000000000000000000e+00,0.000000000000000000e+00,0.000000000000000000e+00,0.000000000000000000e+00,0.000000000000000000e+00,0.000000000000000000e+00,0.000000000000000000e+00,0.000000000000000000e+00,0.000000000000000000e+00,0.000000000000000000e+00,0.000000000000000000e+00,0.000000000000000000e+00,0.000000000000000000e+00,0.000000000000000000e+00,0.000000000000000000e+00,0.000000000000000000e+00,0.000000000000000000e+00,0.000000000000000000e+00,0.000000000000000000e+00,0.000000000000000000e+00,0.000000000000000000e+00,0.000000000000000000e+00,0.000000000000000000e+00,0.000000000000000000e+00,0.000000000000000000e+00,0.000000000000000000e+00,0.000000000000000000e+00,0.000000000000000000e+00,0.000000000000000000e+00,0.000000000000000000e+00,0.000000000000000000e+00,0.000000000000000000e+00,0.000000000000000000e+00,0.000000000000000000e+00,0.000000000000000000e+00,0.000000000000000000e+00,0.000000000000000000e+00,0.000000000000000000e+00,0.000000000000000000e+00,0.000000000000000000e+00,0.000000000000000000e+00,0.000000000000000000e+00,0.000000000000000000e+00,0.000000000000000000e+00
0.000000000000000000e+00,0.000000000000000000e+00,0.000000000000000000e+00,0.000000000000000000e+00,0.000000000000000000e+00,0.000000000000000000e+00,0.000000000000000000e+00,0.000000000000000000e+00,0.000000000000000000e+00,0.000000000000000000e+00,0.000000000000000000e+00,0.000000000000000000e+00,0.000000000000000000e+00,0.000000000000000000e+00,0.000000000000000000e+00,0.000000000000000000e+00,0.000000000000000000e+00,0.000000000000000000e+00,0.000000000000000000e+00,0.000000000000000000e+00,0.000000000000000000e+00,0.000000000000000000e+00,0.000000000000000000e+00,0.000000000000000000e+00,0.000000000000000000e+00,0.000000000000000000e+00,0.000000000000000000e+00,0.000000000000000000e+00,0.000000000000000000e+00,0.000000000000000000e+00,0.000000000000000000e+00,0.000000000000000000e+00,0.000000000000000000e+00,0.000000000000000000e+00,0.000000000000000000e+00,0.000000000000000000e+00,0.000000000000000000e+00,0.000000000000000000e+00,0.000000000000000000e+00,0.000000000000000000e+00,0.000000000000000000e+00,0.000000000000000000e+00,0.000000000000000000e+00,0.000000000000000000e+00,0.000000000000000000e+00,0.000000000000000000e+00,0.000000000000000000e+00,0.000000000000000000e+00,0.000000000000000000e+00,0.000000000000000000e+00,0.000000000000000000e+00,0.000000000000000000e+00,0.000000000000000000e+00,0.000000000000000000e+00,0.000000000000000000e+00,0.000000000000000000e+00,0.000000000000000000e+00,0.000000000000000000e+00,0.000000000000000000e+00,0.000000000000000000e+00,0.000000000000000000e+00,0.000000000000000000e+00,0.000000000000000000e+00,0.000000000000000000e+00,0.000000000000000000e+00,0.000000000000000000e+00,0.000000000000000000e+00,0.000000000000000000e+00,0.000000000000000000e+00,0.000000000000000000e+00,0.000000000000000000e+00,0.000000000000000000e+00,0.000000000000000000e+00,0.000000000000000000e+00,0.000000000000000000e+00,0.000000000000000000e+00,0.000000000000000000e+00,0.000000000000000000e+00,0.000000000000000000e+00,0.000000000000000000e+00,0.000000000000000000e+00,0.000000000000000000e+00,0.000000000000000000e+00,0.000000000000000000e+00,0.000000000000000000e+00,0.000000000000000000e+00,0.000000000000000000e+00,0.000000000000000000e+00,0.000000000000000000e+00,0.000000000000000000e+00,0.000000000000000000e+00,0.000000000000000000e+00,0.000000000000000000e+00,0.000000000000000000e+00,0.000000000000000000e+00,0.000000000000000000e+00,0.000000000000000000e+00,0.000000000000000000e+00,0.000000000000000000e+00,0.000000000000000000e+00,0.000000000000000000e+00,0.000000000000000000e+00,0.000000000000000000e+00,0.000000000000000000e+00,0.000000000000000000e+00,0.000000000000000000e+00,0.000000000000000000e+00,0.000000000000000000e+00,0.000000000000000000e+00,0.000000000000000000e+00,0.000000000000000000e+00,0.000000000000000000e+00,0.000000000000000000e+00,0.000000000000000000e+00,0.000000000000000000e+00,0.000000000000000000e+00,0.000000000000000000e+00,0.000000000000000000e+00,0.000000000000000000e+00,0.000000000000000000e+00,0.000000000000000000e+00,0.000000000000000000e+00,0.000000000000000000e+00,0.000000000000000000e+00,0.000000000000000000e+00,0.000000000000000000e+00
0.000000000000000000e+00,0.000000000000000000e+00,0.000000000000000000e+00,0.000000000000000000e+00,0.000000000000000000e+00,0.000000000000000000e+00,0.000000000000000000e+00,0.000000000000000000e+00,0.000000000000000000e+00,0.000000000000000000e+00,0.000000000000000000e+00,0.000000000000000000e+00,0.000000000000000000e+00,0.000000000000000000e+00,0.000000000000000000e+00,0.000000000000000000e+00,0.000000000000000000e+00,0.000000000000000000e+00,0.000000000000000000e+00,0.000000000000000000e+00,0.000000000000000000e+00,0.000000000000000000e+00,0.000000000000000000e+00,0.000000000000000000e+00,0.000000000000000000e+00,0.000000000000000000e+00,0.000000000000000000e+00,0.000000000000000000e+00,0.000000000000000000e+00,0.000000000000000000e+00,0.000000000000000000e+00,0.000000000000000000e+00,0.000000000000000000e+00,0.000000000000000000e+00,0.000000000000000000e+00,0.000000000000000000e+00,0.000000000000000000e+00,0.000000000000000000e+00,0.000000000000000000e+00,0.000000000000000000e+00,0.000000000000000000e+00,0.000000000000000000e+00,0.000000000000000000e+00,0.000000000000000000e+00,0.000000000000000000e+00,0.000000000000000000e+00,0.000000000000000000e+00,0.000000000000000000e+00,0.000000000000000000e+00,0.000000000000000000e+00,0.000000000000000000e+00,0.000000000000000000e+00,0.000000000000000000e+00,0.000000000000000000e+00,0.000000000000000000e+00,0.000000000000000000e+00,0.000000000000000000e+00,0.000000000000000000e+00,0.000000000000000000e+00,0.000000000000000000e+00,0.000000000000000000e+00,0.000000000000000000e+00,0.000000000000000000e+00,0.000000000000000000e+00,0.000000000000000000e+00,0.000000000000000000e+00,0.000000000000000000e+00,0.000000000000000000e+00,0.000000000000000000e+00,0.000000000000000000e+00,0.000000000000000000e+00,0.000000000000000000e+00,0.000000000000000000e+00,0.000000000000000000e+00,0.000000000000000000e+00,0.000000000000000000e+00,0.000000000000000000e+00,0.000000000000000000e+00,0.000000000000000000e+00,0.000000000000000000e+00,0.000000000000000000e+00,0.000000000000000000e+00,0.000000000000000000e+00,0.000000000000000000e+00,0.000000000000000000e+00,0.000000000000000000e+00,0.000000000000000000e+00,0.000000000000000000e+00,0.000000000000000000e+00,0.000000000000000000e+00,0.000000000000000000e+00,0.000000000000000000e+00,0.000000000000000000e+00,0.000000000000000000e+00,0.000000000000000000e+00,0.000000000000000000e+00,0.000000000000000000e+00,0.000000000000000000e+00,0.000000000000000000e+00,0.000000000000000000e+00,0.000000000000000000e+00,0.000000000000000000e+00,0.000000000000000000e+00,0.000000000000000000e+00,0.000000000000000000e+00,0.000000000000000000e+00,0.000000000000000000e+00,0.000000000000000000e+00,0.000000000000000000e+00,0.000000000000000000e+00,0.000000000000000000e+00,0.000000000000000000e+00,0.000000000000000000e+00,0.000000000000000000e+00,0.000000000000000000e+00,0.000000000000000000e+00,0.000000000000000000e+00,0.000000000000000000e+00,0.000000000000000000e+00,0.000000000000000000e+00,0.000000000000000000e+00,0.000000000000000000e+00,0.000000000000000000e+00,0.000000000000000000e+00,0.000000000000000000e+00,0.000000000000000000e+00
0.000000000000000000e+00,0.000000000000000000e+00,0.000000000000000000e+00,0.000000000000000000e+00,0.000000000000000000e+00,0.000000000000000000e+00,0.000000000000000000e+00,0.000000000000000000e+00,-6.957436975267818013e+01,-1.503667915292723123e+01,-2.303895544971681808e+00,0.000000000000000000e+00,0.000000000000000000e+00,0.000000000000000000e+00,-9.010140893460278733e+01,-2.357564967939023859e+01,-2.983630830980147142e+00,0.000000000000000000e+00,0.000000000000000000e+00,0.000000000000000000e+00,-8.186170483684438182e+01,-3.255608714363349776e+01,-2.710780101175587653e+00,0.000000000000000000e+00,0.000000000000000000e+00,0.000000000000000000e+00,-3.586349635589917284e+01,-4.210343298681306834e+01,-1.187588903430678577e+00,0.000000000000000000e+00,0.000000000000000000e+00,0.000000000000000000e+00,7.214272596606259924e+01,-4.906648531802735391e+01,2.388944456790082604e+00,0.000000000000000000e+00,0.000000000000000000e+00,0.000000000000000000e+00,3.139963060591382487e+02,-4.067637726590124458e+01,1.039771820052120432e+01,0.000000000000000000e+00,0.000000000000000000e+00,0.000000000000000000e+00,1.169120368647606483e+03,7.103843291051128972e+01,3.871441765750511621e+01,0.000000000000000000e+00,0.000000000000000000e+00,0.000000000000000000e+00,3.163502304885162744e+02,-3.924638112730439587e+01,1.047566638783957238e+01,0.000000000000000000e+00,0.000000000000000000e+00,0.000000000000000000e+00,7.581934956569726580e+01,-4.615308307276677624e+01,2.510692691978505753e+00,0.000000000000000000e+00,0.000000000000000000e+00,0.000000000000000000e+00,-3.307577085100710690e+01,-3.764519648798345486e+01,-1.095275765788826572e+00,0.000000000000000000e+00,0.000000000000000000e+00,0.000000000000000000e+00,-8.368402103834557693e+01,-2.659377626302493169e+01,-2.771124538259140291e+00,0.000000000000000000e+00,0.000000000000000000e+00,0.000000000000000000e+00,-1.025177675431409341e+02,-1.650967520620745077e+01,-3.394787890464407987e+00,0.000000000000000000e+00,0.000000000000000000e+00,0.000000000000000000e+00,-1.036053732027567094e+02,-8.452534234835280103e+00,-3.430803018488980172e+00,0.000000000000000000e+00,0.000000000000000000e+00,0.000000000000000000e+00,-9.551620848628195404e+01,-2.593607901455238895e+00,-3.162937271101341263e+00,0.000000000000000000e+00,0.000000000000000000e+00,0.000000000000000000e+00,-8.345569185977852555e+01,1.271580302273199958e+00,-2.763563613465173763e+00,0.000000000000000000e+00,0.000000000000000000e+00,0.000000000000000000e+00,-7.038429992449674444e+01,3.484104948199814533e+00,-2.330715687521649926e+00,0.000000000000000000e+00,0.000000000000000000e+00,0.000000000000000000e+00,-5.778080468736657593e+01,4.395720809016415487e+00,-1.913361759184006194e+00,0.000000000000000000e+00,0.000000000000000000e+00,0.000000000000000000e+00,-4.611309404326146932e+01,4.309869696944930162e+00,-1.526995534545095845e+00,0.000000000000000000e+00,0.000000000000000000e+00,0.000000000000000000e+00,-3.499731263675728599e+01,3.464515995706115348e+00,-1.158905972938440332e+00,0.000000000000000000e+00,0.000000000000000000e+00,0.000000000000000000e+00,-2.270417816333105776e+01,2.039849833135231272e+00,-7.518293749362821021e-01,0.000000000000000000e+00
0.000000000000000000e+00,0.000000000000000000e+00,0.000000000000000000e+00,0.000000000000000000e+00,0.000000000000000000e+00,0.000000000000000000e+00,0.000000000000000000e+00,0.000000000000000000e+00,6.608643559852922067e+01,1.072930685555510877e+01,2.188395598835422895e+00,0.000000000000000000e+00,0.000000000000000000e+00,0.000000000000000000e+00,9.133707959905949281e+01,1.756473708730087324e+01,3.024549004569271116e+00,0.000000000000000000e+00,0.000000000000000000e+00,0.000000000000000000e+00,9.477022011581773597e+01,2.592049514501501761e+01,3.138234506427759030e+00,0.000000000000000000e+00,0.000000000000000000e+00,0.000000000000000000e+00,6.887118822617917147e+01,3.650452779629095090e+01,2.280610292198753886e+00,0.000000000000000000e+00,0.000000000000000000e+00,0.000000000000000000e+00,-8.784201544285432206e+00,4.794499243326754367e+01,-2.908812954533950834e-01,0.000000000000000000e+00,0.000000000000000000e+00,0.000000000000000000e+00,-2.077263295461637824e+02,5.239067100363112672e+01,-6.878679130202314695e+00,0.000000000000000000e+00,0.000000000000000000e+00,0.000000000000000000e+00,-9.946435241421130513e+02,-8.661244338212519267e+00,-3.293676668939915686e+01,0.000000000000000000e+00,0.000000000000000000e+00,0.000000000000000000e+00,-2.104556215820687441e+02,5.131294902326469298e+01,-6.969057293666782726e+00,0.000000000000000000e+00,0.000000000000000000e+00,0.000000000000000000e+00,-1.341422912659735722e+01,4.572198286190366190e+01,-4.442006853077853923e-01,0.000000000000000000e+00,0.000000000000000000e+00,0.000000000000000000e+00,6.414445233772990207e+01,3.303474173041459494e+01,2.124088489782630873e+00,0.000000000000000000e+00,0.000000000000000000e+00,0.000000000000000000e+00,9.305288067339770919e+01,2.115035904427809044e+01,3.081366284629120766e+00,0.000000000000000000e+00,0.000000000000000000e+00,0.000000000000000000e+00,9.777628028048067677e+01,1.168073840202885449e+01,3.237777608951043717e+00,0.000000000000000000e+00,0.000000000000000000e+00,0.000000000000000000e+00,9.046160390757204084e+01,4.771141298053378499e+00,2.995558378387222387e+00,0.000000000000000000e+00,0.000000000000000000e+00,0.000000000000000000e+00,7.805141260561740069e+01,1.255918268353751199e-01,2.584605543967670727e+00,0.000000000000000000e+00,0.000000000000000000e+00,0.000000000000000000e+00,6.445328880899113244e+01,-2.689552699774657718e+00,2.134315344482037524e+00,0.000000000000000000e+00,0.000000000000000000e+00,0.000000000000000000e+00,5.166581556011294651e+01,-4.111436182439160980e+00,1.710869142177043445e+00,0.000000000000000000e+00,0.000000000000000000e+00,0.000000000000000000e+00,4.051203340068006042e+01,-4.514164273590829168e+00,1.341521218249742242e+00,0.000000000000000000e+00,0.000000000000000000e+00,0.000000000000000000e+00,3.107813200403541032e+01,-4.183524130074422587e+00,1.029125669764072271e+00,0.000000000000000000e+00,0.000000000000000000e+00,0.000000000000000000e+00,2.287825319926521317e+01,-3.315189263838267841e+00,7.575937203583842372e-01,0.000000000000000000e+00,0.000000000000000000e+00,0.000000000000000000e+00,1.455730186198953469e+01,-2.012994338291245633e+00,4.820525579443666331e-01,0.000000000000000000e+00
0.000000000000000000e+00,0.000000000000000000e+00,0.000000000000000000e+00,0.000000000000000000e+00,0.000000000000000000e+00,0.000000000000000000e+00,0.000000000000000000e+00,0.000000000000000000e+00,-2.303895544971686249e+00,-4.979267255276005333e-01,-7.629152374658840219e-02,0.000000000000000000e+00,0.000000000000000000e+00,0.000000000000000000e+00,-2.983630830980144921e+00,-7.806874062854098906e-01,-9.880037438744768141e-02,0.000000000000000000e+00,0.000000000000000000e+00,0.000000000000000000e+00,-2.710780101175585433e+00,-1.078066885816668652e+00,-8.976515663307053916e-02,0.000000000000000000e+00,0.000000000000000000e+00,0.000000000000000000e+00,-1.187588903430686793e+00,-1.394219049790219378e+00,-3.932598733697372645e-02,0.000000000000000000e+00,0.000000000000000000e+00,0.000000000000000000e+00,2.388944456790082160e+00,-1.624794551980402568e+00,7.910784547166646585e-02,0.000000000000000000e+00,0.000000000000000000e+00,0.000000000000000000e+00,1.039771820052120610e+01,-1.346963324305069598e+00,3.443115147892472083e-01,0.000000000000000000e+00,0.000000000000000000e+00,0.000000000000000000e+00,3.871441765750512332e+01,2.352376739970355679e+00,1.281994715645494054e+00,0.000000000000000000e+00,0.000000000000000000e+00,0.000000000000000000e+00,1.047566638783963811e+01,-1.299610229411769957e+00,3.468927021164163738e-01,0.000000000000000000e+00,0.000000000000000000e+00,0.000000000000000000e+00,2.510692691978523072e+00,-1.528319736938219764e+00,8.313943379443378134e-02,0.000000000000000000e+00,0.000000000000000000e+00,0.000000000000000000e+00,-1.095275765788827016e+00,-1.246588374232598939e+00,-3.626911700797967597e-02,0.000000000000000000e+00,0.000000000000000000e+00,0.000000000000000000e+00,-2.771124538259143399e+00,-8.806300779174258686e-01,-9.176341087892064818e-02,0.000000000000000000e+00,0.000000000000000000e+00,0.000000000000000000e+00,-3.394787890464407099e+00,-5.467037256927022026e-01,-1.124154875533558279e-01,0.000000000000000000e+00,0.000000000000000000e+00,0.000000000000000000e+00,-3.430803018489026357e+00,-2.798984171410048849e-01,-1.136080976093629125e-01,0.000000000000000000e+00,0.000000000000000000e+00,0.000000000000000000e+00,-3.162937271101340375e+00,-8.588509979763196689e-02,-1.047379532695625476e-01,0.000000000000000000e+00,0.000000000000000000e+00,0.000000000000000000e+00,-2.763563613465173763e+00,4.210729042742372003e-02,-9.151303734322618899e-02,0.000000000000000000e+00,0.000000000000000000e+00,0.000000000000000000e+00,-2.330715687521650370e+00,1.153731452675120506e-01,-7.717964974982824411e-02,0.000000000000000000e+00,0.000000000000000000e+00,0.000000000000000000e+00,-1.913361759184007527e+00,1.455605221410203043e-01,-6.335933259005238627e-02,0.000000000000000000e+00,0.000000000000000000e+00,0.000000000000000000e+00,-1.526995534545116717e+00,1.427176362430171708e-01,-5.056514664431694533e-02,0.000000000000000000e+00,0.000000000000000000e+00,0.000000000000000000e+00,-1.158905972938440998e+00,1.147244739171095762e-01,-3.837617670968799383e-02,0.000000000000000000e+00,0.000000000000000000e+00,0.000000000000000000e+00,-7.518293749362821021e-01,6.754787660567478091e-02,-2.489618452386872099e-02,0.000000000000000000e+00
0.000000000000000000e+00,0.000000000000000000e+00,0.000000000000000000e+00,0.000000000000000000e+00,0.000000000000000000e+00,0.000000000000000000e+00,0.000000000000000000e+00,0.000000000000000000e+00,0.000000000000000000e+00,0.000000000000000000e+00,0.000000000000000000e+00,0.000000000000000000e+00,0.000000000000000000e+00,0.000000000000000000e+00,0.000000000000000000e+00,0.000000000000000000e+00,0.000000000000000000e+00,0.000000000000000000e+00,0.000000000000000000e+00,0.000000000000000000e+00,0.000000000000000000e+00,0.000000000000000000e+00,0.000000000000000000e+00,0.000000000000000000e+00,0.000000000000000000e+00,0.000000000000000000e+00,0.000000000000000000e+00,0.000000000000000000e+00,0.000000000000000000e+00,0.000000000000000000e+00,0.000000000000000000e+00,0.000000000000000000e+00,0.000000000000000000e+00,0.000000000000000000e+00,0.000000000000000000e+00,0.000000000000000000e+00,0.000000000000000000e+00,0.000000000000000000e+00,0.000000000000000000e+00,0.000000000000000000e+00,0.000000000000000000e+00,0.000000000000000000e+00,0.000000000000000000e+00,0.000000000000000000e+00,0.000000000000000000e+00,0.000000000000000000e+00,0.000000000000000000e+00,0.000000000000000000e+00,0.000000000000000000e+00,0.000000000000000000e+00,0.000000000000000000e+00,0.000000000000000000e+00,0.000000000000000000e+00,0.000000000000000000e+00,0.000000000000000000e+00,0.000000000000000000e+00,0.000000000000000000e+00,0.000000000000000000e+00,0.000000000000000000e+00,0.000000000000000000e+00,0.000000000000000000e+00,0.000000000000000000e+00,0.000000000000000000e+00,0.000000000000000000e+00,0.000000000000000000e+00,0.000000000000000000e+00,0.000000000000000000e+00,0.000000000000000000e+00,0.000000000000000000e+00,0.000000000000000000e+00,0.000000000000000000e+00,0.000000000000000000e+00,0.000000000000000000e+00,0.000000000000000000e+00,0.000000000000000000e+00,0.000000000000000000e+00,0.000000000000000000e+00,0.000000000000000000e+00,0.000000000000000000e+00,0.000000000000000000e+00,0.000000000000000000e+00,0.000000000000000000e+00,0.000000000000000000e+00,0.000000000000000000e+00,0.000000000000000000e+00,0.000000000000000000e+00,0.000000000000000000e+00,0.000000000000000000e+00,0.000000000000000000e+00,0.000000000000000000e+00,0.000000000000000000e+00,0.000000000000000000e+00,0.000000000000000000e+00,0.000000000000000000e+00,0.000000000000000000e+00,0.000000000000000000e+00,0.000000000000000000e+00,0.000000000000000000e+00,0.000000000000000000e+00,0.000000000000000000e+00,0.000000000000000000e+00,0.000000000000000000e+00,0.000000000000000000e+00,0.000000000000000000e+00,0.000000000000000000e+00,0.000000000000000000e+00,0.000000000000000000e+00,0.000000000000000000e+00,0.000000000000000000e+00,0.000000000000000000e+00,0.000000000000000000e+00,0.000000000000000000e+00,0.000000000000000000e+00,0.000000000000000000e+00,0.000000000000000000e+00,0.000000000000000000e+00,0.000000000000000000e+00,0.000000000000000000e+00,0.000000000000000000e+00,0.000000000000000000e+00,0.000000000000000000e+00,0.000000000000000000e+00,0.000000000000000000e+00,0.000000000000000000e+00,0.000000000000000000e+00,0.000000000000000000e+00
0.000000000000000000e+00,0.000000000000000000e+00,0.000000000000000000e+00,0.000000000000000000e+00,0.000000000000000000e+00,0.000000000000000000e+00,0.000000000000000000e+00,0.000000000000000000e+00,0.000000000000000000e+00,0.000000000000000000e+00,0.000000000000000000e+00,0.000000000000000000e+00,0.000000000000000000e+00,0.000000000000000000e+00,0.000000000000000000e+00,0.000000000000000000e+00,0.000000000000000000e+00,0.000000000000000000e+00,0.000000000000000000e+00,0.000000000000000000e+00,0.000000000000000000e+00,0.000000000000000000e+00,0.000000000000000000e+00,0.000000000000000000e+00,0.000000000000000000e+00,0.000000000000000000e+00,0.000000000000000000e+00,0.000000000000000000e+00,0.000000000000000000e+00,0.000000000000000000e+00,0.000000000000000000e+00,0.000000000000000000e+00,0.000000000000000000e+00,0.000000000000000000e+00,0.000000000000000000e+00,0.000000000000000000e+00,0.000000000000000000e+00,0.000000000000000000e+00,0.000000000000000000e+00,0.000000000000000000e+00,0.000000000000000000e+00,0.000000000000000000e+00,0.000000000000000000e+00,0.000000000000000000e+00,0.000000000000000000e+00,0.000000000000000000e+00,0.000000000000000000e+00,0.000000000000000000e+00,0.000000000000000000e+00,0.000000000000000000e+00,0.000000000000000000e+00,0.000000000000000000e+00,0.000000000000000000e+00,0.000000000000000000e+00,0.000000000000000000e+00,0.000000000000000000e+00,0.000000000000000000e+00,0.000000000000000000e+00,0.000000000000000000e+00,0.000000000000000000e+00,0.000000000000000000e+00,0.000000000000000000e+00,0.000000000000000000e+00,0.000000000000000000e+00,0.000000000000000000e+00,0.000000000000000000e+00,0.000000000000000000e+00,0.000000000000000000e+00,0.000000000000000000e+00,0.000000000000000000e+00,0.000000000000000000e+00,0.000000000000000000e+00,0.000000000000000000e+00,0.000000000000000000e+00,0.000000000000000000e+00,0.000000000000000000e+00,0.000000000000000000e+00,0.000000000000000000e+00,0.000000000000000000e+00,0.000000000000000000e+00,0.000000000000000000e+00,0.000000000000000000e+00,0.000000000000000000e+00,0.000000000000000000e+00,0.000000000000000000e+00,0.000000000000000000e+00,0.000000000000000000e+00,0.000000000000000000e+00,0.000000000000000000e+00,0.000000000000000000e+00,0.000000000000000000e+00,0.000000000000000000e+00,0.000000000000000000e+00,0.000000000000000000e+00,0.000000000000000000e+00,0.000000000000000000e+00,0.000000000000000000e+00,0.000000000000000000e+00,0.000000000000000000e+00,0.000000000000000000e+00,0.000000000000000000e+00,0.000000000000000000e+00,0.000000000000000000e+00,0.000000000000000000e+00,0.000000000000000000e+00,0.000000000000000000e+00,0.000000000000000000e+00,0.000000000000000000e+00,0.000000000000000000e+00,0.000000000000000000e+00,0.000000000000000000e+00,0.000000000000000000e+00,0.000000000000000000e+00,0.000000000000000000e+00,0.000000000000000000e+00,0.000000000000000000e+00,0.000000000000000000e+00,0.000000000000000000e+00,0.000000000000000000e+00,0.000000000000000000e+00,0.000000000000000000e+00,0.000000000000000000e+00,0.000000000000000000e+00,0.000000000000000000e+00,0.000000000000000000e+00,0.000000000000000000e+00
0.000000000000000000e+00,0.000000000000000000e+00,0.000000000000000000e+00,0.000000000000000000e+00,0.000000000000000000e+00,0.000000000000000000e+00,0.000000000000000000e+00,0.000000000000000000e+00,0.000000000000000000e+00,0.000000000000000000e+00,0.000000000000000000e+00,0.000000000000000000e+00,0.000000000000000000e+00,0.000000000000000000e+00,0.000000000000000000e+00,0.000000000000000000e+00,0.000000000000000000e+00,0.000000000000000000e+00,0.000000000000000000e+00,0.000000000000000000e+00,0.000000000000000000e+00,0.000000000000000000e+00,0.000000000000000000e+00,0.000000000000000000e+00,0.000000000000000000e+00,0.000000000000000000e+00,0.000000000000000000e+00,0.000000000000000000e+00,0.000000000000000000e+00,0.000000000000000000e+00,0.000000000000000000e+00,0.000000000000000000e+00,0.000000000000000000e+00,0.000000000000000000e+00,0.000000000000000000e+00,0.000000000000000000e+00,0.000000000000000000e+00,0.000000000000000000e+00,0.000000000000000000e+00,0.000000000000000000e+00,0.000000000000000000e+00,0.000000000000000000e+00,0.000000000000000000e+00,0.000000000000000000e+00,0.000000000000000000e+00,0.000000000000000000e+00,0.000000000000000000e+00,0.000000000000000000e+00,0.000000000000000000e+00,0.000000000000000000e+00,0.000000000000000000e+00,0.000000000000000000e+00,0.000000000000000000e+00,0.000000000000000000e+00,0.000000000000000000e+00,0.000000000000000000e+00,0.000000000000000000e+00,0.000000000000000000e+00,0.000000000000000000e+00,0.000000000000000000e+00,0.000000000000000000e+00,0.000000000000000000e+00,0.000000000000000000e+00,0.000000000000000000e+00,0.000000000000000000e+00,0.000000000000000000e+00,0.000000000000000000e+00,0.000000000000000000e+00,0.000000000000000000e+00,0.000000000000000000e+00,0.000000000000000000e+00,0.000000000000000000e+00,0.000000000000000000e+00,0.000000000000000000e+00,0.000000000000000000e+00,0.000000000000000000e+00,0.000000000000000000e+00,0.000000000000000000e+00,0.000000000000000000e+00,0.000000000000000000e+00,0.000000000000000000e+00,0.000000000000000000e+00,0.000000000000000000e+00,0.000000000000000000e+00,0.000000000000000000e+00,0.000000000000000000e+00,0.000000000000000000e+00,0.000000000000000000e+00,0.000000000000000000e+00,0.000000000000000000e+00,0.000000000000000000e+00,0.000000000000000000e+00,0.000000000000000000e+00,0.000000000000000000e+00,0.000000000000000000e+00,0.000000000000000000e+00,0.000000000000000000e+00,0.000000000000000000e+00,0.000000000000000000e+00,0.000000000000000000e+00,0.000000000000000000e+00,0.000000000000000000e+00,0.000000000000000000e+00,0.000000000000000000e+00,0.000000000000000000e+00,0.000000000000000000e+00,0.000000000000000000e+00,0.000000000000000000e+00,0.000000000000000000e+00,0.000000000000000000e+00,0.000000000000000000e+00,0.000000000000000000e+00,0.000000000000000000e+00,0.000000000000000000e+00,0.000000000000000000e+00,0.000000000000000000e+00,0.000000000000000000e+00,0.000000000000000000e+00,0.000000000000000000e+00,0.000000000000000000e+00,0.000000000000000000e+00,0.000000000000000000e+00,0.000000000000000000e+00,0.000000000000000000e+00,0.000000000000000000e+00,0.000000000000000000e+00
0.000000000000000000e+00,0.000000000000000000e+00,0.000000000000000000e+00,0.000000000000000000e+00,0.000000000000000000e+00,0.000000000000000000e+00,0.000000000000000000e+00,0.000000000000000000e+00,-6.936319060110670875e+01,-9.497639128163887889e+00,-2.296902528603353755e+00,0.000000000000000000e+00,0.000000000000000000e+00,0.000000000000000000e+00,-9.666744742719306771e+01,-1.504077936510985047e+01,-3.201059560625362899e+00,0.000000000000000000e+00,0.000000000000000000e+00,0.000000000000000000e+00,-1.043704727225655233e+02,-2.180535804481930384e+01,-3.456138632471783545e+00,0.000000000000000000e+00,0.000000000000000000e+00,0.000000000000000000e+00,-8.881886794318104705e+01,-3.045655941623658336e+01,-2.941160586738118532e+00,0.000000000000000000e+00,0.000000000000000000e+00,0.000000000000000000e+00,-3.814150174901199364e+01,-4.016830100226584221e+01,-1.263023097017641927e+00,0.000000000000000000e+00,0.000000000000000000e+00,0.000000000000000000e+00,7.280294097302649448e+01,-4.747315593837210912e+01,2.410806910142877957e+00,0.000000000000000000e+00,0.000000000000000000e+00,0.000000000000000000e+00,3.163502304885066678e+02,-3.946106050386114816e+01,1.047566638783932547e+01,0.000000000000000000e+00,0.000000000000000000e+00,0.000000000000000000e+00,1.172275573185284429e+03,7.190673525880077932e+01,3.881889954794341691e+01,0.000000000000000000e+00,0.000000000000000000e+00,0.000000000000000000e+00,3.196722186671298118e+02,-3.866664361862905253e+01,1.058567117541239355e+01,0.000000000000000000e+00,0.000000000000000000e+00,0.000000000000000000e+00,7.886415092701386698e+01,-4.579863476066818606e+01,2.611518675980929238e+00,0.000000000000000000e+00,0.000000000000000000e+00,0.000000000000000000e+00,-3.060771477905987226e+01,-3.746066870381244485e+01,-1.013548207075573693e+00,0.000000000000000000e+00,0.000000000000000000e+00,0.000000000000000000e+00,-8.197837470072327903e+01,-2.653880234624994827e+01,-2.714643523590747343e+00,0.000000000000000000e+00,0.000000000000000000e+00,0.000000000000000000e+00,-1.016646475710143704e+02,-1.656283250144317165e+01,-3.366537554743094240e+00,0.000000000000000000e+00,0.000000000000000000e+00,0.000000000000000000e+00,-1.036053732026852430e+02,-8.613359077388636820e+00,-3.430803018486658917e+00,0.000000000000000000e+00,0.000000000000000000e+00,0.000000000000000000e+00,-9.627114423491906336e+01,-2.883054948220154845e+00,-3.187936320524392464e+00,0.000000000000000000e+00,0.000000000000000000e+00,0.000000000000000000e+00,-8.473953572401551071e+01,8.123865569937809283e-01,-2.806077001222321510e+00,0.000000000000000000e+00,0.000000000000000000e+00,0.000000000000000000e+00,-7.178749517835284166e+01,2.797265660375830798e+00,-2.377181294117533650e+00,0.000000000000000000e+00,0.000000000000000000e+00,0.000000000000000000e+00,-5.860631921479014750e+01,3.413259783773973322e+00,-1.940697964295164057e+00,0.000000000000000000e+00,0.000000000000000000e+00,0.000000000000000000e+00,-4.512086520729445027e+01,2.968846013791214045e+00,-1.494138728182327291e+00,0.000000000000000000e+00,0.000000000000000000e+00,0.000000000000000000e+00,-2.944347207710323033e+01,1.748195899928260522e+00,-9.749953091644798508e-01,0.000000000000000000e+00
0.000000000000000000e+00,0.000000000000000000e+00,0.000000000000000000e+00,0.000000000000000000e+00,0.000000000000000000e+00,0.000000000000000000e+00,0.000000000000000000e+00,0.000000000000000000e+00,6.069351720592135280e+01,6.009363735350107483e+00,2.009813734518258066e+00,0.000000000000000000e+00,0.000000000000000000e+00,0.000000000000000000e+00,8.816008061742633117e+01,1.001394387061234603e+01,2.919345409823341786e+00,0.000000000000000000e+00,0.000000000000000000e+00,0.000000000000000000e+00,1.018228236539164158e+02,1.573747238951395921e+01,3.371775419980219013e+00,0.000000000000000000e+00,0.000000000000000000e+00,0.000000000000000000e+00,9.896843290840645579e+01,2.402935367772159481e+01,3.277254720108019548e+00,0.000000000000000000e+00,0.000000000000000000e+00,0.000000000000000000e+00,6.928025325972410542e+01,3.488038059455224982e+01,2.294156129721085069e+00,0.000000000000000000e+00,0.000000000000000000e+00,0.000000000000000000e+00,-1.058672931047209964e+01,4.668229320186760845e+01,-3.505704554841323484e-01,0.000000000000000000e+00,0.000000000000000000e+00,0.000000000000000000e+00,-2.106703009586125859e+02,5.148254573074557072e+01,-6.976166216981189550e+00,0.000000000000000000e+00,0.000000000000000000e+00,0.000000000000000000e+00,-9.980044380751800190e+02,-9.266134426596670082e+00,-3.304806046992402457e+01,0.000000000000000000e+00,0.000000000000000000e+00,0.000000000000000000e+00,-2.137505925339517887e+02,5.094547506936414294e+01,-7.078167428962864882e+00,0.000000000000000000e+00,0.000000000000000000e+00,0.000000000000000000e+00,-1.632811179189494410e+01,4.552808205075256609e+01,-5.406914090471990342e-01,0.000000000000000000e+00,0.000000000000000000e+00,0.000000000000000000e+00,6.180964090751893281e+01,3.296120420024603703e+01,2.046773213028648897e+00,0.000000000000000000e+00,0.000000000000000000e+00,0.000000000000000000e+00,9.141120551870224631e+01,2.115892748748309060e+01,3.027003620782670712e+00,0.000000000000000000e+00,0.000000000000000000e+00,0.000000000000000000e+00,9.687790408254170416e+01,1.175018412518148736e+01,3.208028652151279303e+00,0.000000000000000000e+00,0.000000000000000000e+00,0.000000000000000000e+00,9.030077906495004925e+01,4.898192923670186438e+00,2.990232801745248192e+00,0.000000000000000000e+00,0.000000000000000000e+00,0.000000000000000000e+00,7.856129637236807639e+01,3.251440231886724153e-01,2.601489907316504091e+00,0.000000000000000000e+00,0.000000000000000000e+00,0.000000000000000000e+00,6.548500122987216798e+01,-2.384894874106570306e+00,2.168479615874065125e+00,0.000000000000000000e+00,0.000000000000000000e+00,0.000000000000000000e+00,5.294706899400447497e+01,-3.652549281493818967e+00,1.753296750056433817e+00,0.000000000000000000e+00,0.000000000000000000e+00,0.000000000000000000e+00,4.156938135441573223e+01,-3.837594962953423394e+00,1.376534388311573931e+00,0.000000000000000000e+00,0.000000000000000000e+00,0.000000000000000000e+00,3.105036316634009097e+01,-3.215918337687447170e+00,1.028206128535287256e+00,0.000000000000000000e+00,0.000000000000000000e+00,0.000000000000000000e+00,1.984909373252919096e+01,-1.977806241649473495e+00,6.572857042709906450e-01,0.000000000000000000e+00
0.000000000000000000e+00,0.000000000000000000e+00,0.000000000000000000e+00,0.000000000000000000e+00,0.000000000000000000e+00,0.000000000000000000e+00,0.000000000000000000e+00,0.000000000000000000e+00,-2.296902528603342653e+00,-3.145061687645841486e-01,-7.605995601102409631e-02,0.000000000000000000e+00,0.000000000000000000e+00,0.000000000000000000e+00,-3.201059560625342915e+00,-4.980625005351851375e-01,-1.060003401702370868e-01,0.000000000000000000e+00,0.000000000000000000e+00,0.000000000000000000e+00,-3.456138632471764449e+00,-7.220657180877644299e-01,-1.144470647231370097e-01,0.000000000000000000e+00,0.000000000000000000e+00,0.000000000000000000e+00,-2.941160586738118088e+00,-1.008542826958650052e+00,-9.739400869774129943e-02,0.000000000000000000e+00,0.000000000000000000e+00,0.000000000000000000e+00,-1.263023097017634822e+00,-1.330138814870673203e+00,-4.182392591926064468e-02,0.000000000000000000e+00,0.000000000000000000e+00,0.000000000000000000e+00,2.410806910142857085e+00,-1.572032816983590875e+00,7.983180185187772893e-02,0.000000000000000000e+00,0.000000000000000000e+00,0.000000000000000000e+00,1.047566638783925796e+01,-1.306719152726549371e+00,3.468927021164059377e-01,0.000000000000000000e+00,0.000000000000000000e+00,0.000000000000000000e+00,3.881889954794338848e+01,2.381129827048595438e+00,1.285454543779993353e+00,0.000000000000000000e+00,0.000000000000000000e+00,0.000000000000000000e+00,1.058567117541239710e+01,-1.280412719348243300e+00,3.505354162497294479e-01,0.000000000000000000e+00,0.000000000000000000e+00,0.000000000000000000e+00,2.611518675980908366e+00,-1.516582485273987535e+00,8.647819972485140672e-02,0.000000000000000000e+00,0.000000000000000000e+00,0.000000000000000000e+00,-1.013548207075564145e+00,-1.240477895023274657e+00,-3.356277904056101380e-02,0.000000000000000000e+00,0.000000000000000000e+00,0.000000000000000000e+00,-2.714643523590728247e+00,-8.788096638425578755e-01,-8.989309055072197685e-02,0.000000000000000000e+00,0.000000000000000000e+00,0.000000000000000000e+00,-3.366537554743119998e+00,-5.484639839043312648e-01,-1.114800019306516621e-01,0.000000000000000000e+00,0.000000000000000000e+00,0.000000000000000000e+00,-3.430803018486638489e+00,-2.852239937807423686e-01,-1.136080976092853217e-01,0.000000000000000000e+00,0.000000000000000000e+00,0.000000000000000000e+00,-3.187936320524370259e+00,-9.546989034503257365e-02,-1.055657753367833379e-01,0.000000000000000000e+00,0.000000000000000000e+00,0.000000000000000000e+00,-2.806077001222301970e+00,2.690148363695070086e-02,-9.292083169340828452e-02,0.000000000000000000e+00,0.000000000000000000e+00,0.000000000000000000e+00,-2.377181294117518107e+00,9.262905170325323734e-02,-7.871831843502326287e-02,0.000000000000000000e+00,0.000000000000000000e+00,0.000000000000000000e+00,-1.940697964295176936e+00,1.130271684475460808e-01,-6.426454756211576191e-02,0.000000000000000000e+00,0.000000000000000000e+00,0.000000000000000000e+00,-1.494138728182316633e+00,9.831078785470689918e-02,-4.947712169963837392e-02,0.000000000000000000e+00,0.000000000000000000e+00,0.000000000000000000e+00,-9.749953091644733005e-01,5.789000690771514690e-02,-3.228613291270026470e-02,0.000000000000000000e+00
0.000000000000000000e+00,0.000000000000000000e+00,0.000000000000000000e+00,0.000000000000000000e+00,0.000000000000000000e+00,0.000000000000000000e+00,0.000000000000000000e+00,0.000000000000000000e+00,0.000000000000000000e+00,0.000000000000000000e+00,0.000000000000000000e+00,0.000000000000000000e+00,0.000000000000000000e+00,0.000000000000000000e+00,0.000000000000000000e+00,0.000000000000000000e+00,0.000000000000000000e+00,0.000000000000000000e+00,0.000000000000000000e+00,0.000000000000000000e+00,0.000000000000000000e+00,0.000000000000000000e+00,0.000000000000000000e+00,0.000000000000000000e+00,0.000000000000000000e+00,0.000000000000000000e+00,0.000000000000000000e+00,0.000000000000000000e+00,0.000000000000000000e+00,0.000000000000000000e+00,0.000000000000000000e+00,0.000000000000000000e+00,0.000000000000000000e+00,0.000000000000000000e+00,0.000000000000000000e+00,0.000000000000000000e+00,0.000000000000000000e+00,0.000000000000000000e+00,0.000000000000000000e+00,0.000000000000000000e+00,0.000000000000000000e+00,0.000000000000000000e+00,0.000000000000000000e+00,0.000000000000000000e+00,0.000000000000000000e+00,0.000000000000000000e+00,0.000000000000000000e+00,0.000000000000000000e+00,0.000000000000000000e+00,0.000000000000000000e+00,0.000000000000000000e+00,0.000000000000000000e+00,0.000000000000000000e+00,0.000000000000000000e+00,0.000000000000000000e+00,0.000000000000000000e+00,0.000000000000000000e+00,0.000000000000000000e+00,0.000000000000000000e+00,0.000000000000000000e+00,0.000000000000000000e+00,0.000000000000000000e+00,0.000000000000000000e+00,0.000000000000000000e+00,0.000000000000000000e+00,0.000000000000000000e+00,0.000000000000000000e+00,0.000000000000000000e+00,0.000000000000000000e+00,0.000000000000000000e+00,0.000000000000000000e+00,0.000000000000000000e+00,0.000000000000000000e+00,0.000000000000000000e+00,0.000000000000000000e+00,0.000000000000000000e+00,0.000000000000000000e+00,0.000000000000000000e+00,0.000000000000000000e+00,0.000000000000000000e+00,0.000000000000000000e+00,0.000000000000000000e+00,0.000000000000000000e+00,0.000000000000000000e+00,0.000000000000000000e+00,0.000000000000000000e+00,0.000000000000000000e+00,0.000000000000000000e+00,0.000000000000000000e+00,0.000000000000000000e+00,0.000000000000000000e+00,0.000000000000000000e+00,0.000000000000000000e+00,0.000000000000000000e+00,0.000000000000000000e+00,0.000000000000000000e+00,0.000000000000000000e+00,0.000000000000000000e+00,0.000000000000000000e+00,0.000000000000000000e+00,0.000000000000000000e+00,0.000000000000000000e+00,0.000000000000000000e+00,0.000000000000000000e+00,0.000000000000000000e+00,0.000000000000000000e+00,0.000000000000000000e+00,0.000000000000000000e+00,0.000000000000000000e+00,0.000000000000000000e+00,0.000000000000000000e+00,0.000000000000000000e+00,0.000000000000000000e+00,0.000000000000000000e+00,0.000000000000000000e+00,0.000000000000000000e+00,0.000000000000000000e+00,0.000000000000000000e+00,0.000000000000000000e+00,0.000000000000000000e+00,0.000000000000000000e+00,0.000000000000000000e+00,0.000000000000000000e+00,0.000000000000000000e+00,0.000000000000000000e+00,0.000000000000000000e+00
0.000000000000000000e+00,0.000000000000000000e+00,0.000000000000000000e+00,0.000000000000000000e+00,0.000000000000000000e+00,0.000000000000000000e+00,0.000000000000000000e+00,0.000000000000000000e+00,0.000000000000000000e+00,0.000000000000000000e+00,0.000000000000000000e+00,0.000000000000000000e+00,0.000000000000000000e+00,0.000000000000000000e+00,0.000000000000000000e+00,0.000000000000000000e+00,0.000000000000000000e+00,0.000000000000000000e+00,0.000000000000000000e+00,0.000000000000000000e+00,0.000000000000000000e+00,0.000000000000000000e+00,0.000000000000000000e+00,0.000000000000000000e+00,0.000000000000000000e+00,0.000000000000000000e+00,0.000000000000000000e+00,0.000000000000000000e+00,0.000000000000000000e+00,0.000000000000000000e+00,0.000000000000000000e+00,0.000000000000000000e+00,0.000000000000000000e+00,0.000000000000000000e+00,0.000000000000000000e+00,0.000000000000000000e+00,0.000000000000000000e+00,0.000000000000000000e+00,0.000000000000000000e+00,0.000000000000000000e+00,0.000000000000000000e+00,0.000000000000000000e+00,0.000000000000000000e+00,0.000000000000000000e+00,0.000000000000000000e+00,0.000000000000000000e+00,0.000000000000000000e+00,0.000000000000000000e+00,0.000000000000000000e+00,0.000000000000000000e+00,0.000000000000000000e+00,0.000000000000000000e+00,0.000000000000000000e+00,0.000000000000000000e+00,0.000000000000000000e+00,0.000000000000000000e+00,0.000000000000000000e+00,0.000000000000000000e+00,0.000000000000000000e+00,0.000000000000000000e+00,0.000000000000000000e+00,0.000000000000000000e+00,0.000000000000000000e+00,0.000000000000000000e+00,0.000000000000000000e+00,0.000000000000000000e+00,0.000000000000000000e+00,0.000000000000000000e+00,0.000000000000000000e+00,0.000000000000000000e+00,0.000000000000000000e+00,0.000000000000000000e+00,0.000000000000000000e+00,0.000000000000000000e+00,0.000000000000000000e+00,0.000000000000000000e+00,0.000000000000000000e+00,0.000000000000000000e+00,0.000000000000000000e+00,0.000000000000000000e+00,0.000000000000000000e+00,0.000000000000000000e+00,0.000000000000000000e+00,0.000000000000000000e+00,0.000000000000000000e+00,0.000000000000000000e+00,0.000000000000000000e+00,0.000000000000000000e+00,0.000000000000000000e+00,0.000000000000000000e+00,0.000000000000000000e+00,0.000000000000000000e+00,0.000000000000000000e+00,0.000000000000000000e+00,0.000000000000000000e+00,0.000000000000000000e+00,0.000000000000000000e+00,0.000000000000000000e+00,0.000000000000000000e+00,0.000000000000000000e+00,0.000000000000000000e+00,0.000000000000000000e+00,0.000000000000000000e+00,0.000000000000000000e+00,0.000000000000000000e+00,0.000000000000000000e+00,0.000000000000000000e+00,0.000000000000000000e+00,0.000000000000000000e+00,0.000000000000000000e+00,0.000000000000000000e+00,0.000000000000000000e+00,0.000000000000000000e+00,0.000000000000000000e+00,0.000000000000000000e+00,0.000000000000000000e+00,0.000000000000000000e+00,0.000000000000000000e+00,0.000000000000000000e+00,0.000000000000000000e+00,0.000000000000000000e+00,0.000000000000000000e+00,0.000000000000000000e+00,0.000000000000000000e+00,0.000000000000000000e+00,0.000000000000000000e+00
0.000000000000000000e+00,0.000000000000000000e+00,0.000000000000000000e+00,0.000000000000000000e+00,0.000000000000000000e+00,0.000000000000000000e+00,0.000000000000000000e+00,0.000000000000000000e+00,0.000000000000000000e+00,0.000000000000000000e+00,0.000000000000000000e+00,0.000000000000000000e+00,0.000000000000000000e+00,0.000000000000000000e+00,0.000000000000000000e+00,0.000000000000000000e+00,0.000000000000000000e+00,0.000000000000000000e+00,0.000000000000000000e+00,0.000000000000000000e+00,0.000000000000000000e+00,0.000000000000000000e+00,0.000000000000000000e+00,0.000000000000000000e+00,0.000000000000000000e+00,0.000000000000000000e+00,0.000000000000000000e+00,0.000000000000000000e+00,0.000000000000000000e+00,0.000000000000000000e+00,0.000000000000000000e+00,0.000000000000000000e+00,0.000000000000000000e+00,0.000000000000000000e+00,0.000000000000000000e+00,0.000000000000000000e+00,0.000000000000000000e+00,0.000000000000000000e+00,0.000000000000000000e+00,0.000000000000000000e+00,0.000000000000000000e+00,0.000000000000000000e+00,0.000000000000000000e+00,0.000000000000000000e+00,0.000000000000000000e+00,0.000000000000000000e+00,0.000000000000000000e+00,0.000000000000000000e+00,0.000000000000000000e+00,0.000000000000000000e+00,0.000000000000000000e+00,0.000000000000000000e+00,0.000000000000000000e+00,0.000000000000000000e+00,0.000000000000000000e+00,0.000000000000000000e+00,0.000000000000000000e+00,0.000000000000000000e+00,0.000000000000000000e+00,0.000000000000000000e+00,0.000000000000000000e+00,0.000000000000000000e+00,0.000000000000000000e+00,0.000000000000000000e+00,0.000000000000000000e+00,0.000000000000000000e+00,0.000000000000000000e+00,0.000000000000000000e+00,0.000000000000000000e+00,0.000000000000000000e+00,0.000000000000000000e+00,0.000000000000000000e+00,0.000000000000000000e+00,0.000000000000000000e+00,0.000000000000000000e+00,0.000000000000000000e+00,0.000000000000000000e+00,0.000000000000000000e+00,0.000000000000000000e+00,0.000000000000000000e+00,0.000000000000000000e+00,0.000000000000000000e+00,0.000000000000000000e+00,0.000000000000000000e+00,0.000000000000000000e+00,0.000000000000000000e+00,0.000000000000000000e+00,0.000000000000000000e+00,0.000000000000000000e+00,0.000000000000000000e+00,0.000000000000000000e+00,0.000000000000000000e+00,0.000000000000000000e+00,0.000000000000000000e+00,0.000000000000000000e+00,0.000000000000000000e+00,0.000000000000000000e+00,0.000000000000000000e+00,0.000000000000000000e+00,0.000000000000000000e+00,0.000000000000000000e+00,0.000000000000000000e+00,0.000000000000000000e+00,0.000000000000000000e+00,0.000000000000000000e+00,0.000000000000000000e+00,0.000000000000000000e+00,0.000000000000000000e+00,0.000000000000000000e+00,0.000000000000000000e+00,0.000000000000000000e+00,0.000000000000000000e+00,0.000000000000000000e+00,0.000000000000000000e+00,0.000000000000000000e+00,0.000000000000000000e+00,0.000000000000000000e+00,0.000000000000000000e+00,0.000000000000000000e+00,0.000000000000000000e+00,0.000000000000000000e+00,0.000000000000000000e+00,0.000000000000000000e+00,0.000000000000000000e+00,0.000000000000000000e+00,0.000000000000000000e+00
0.000000000000000000e+00,0.000000000000000000e+00,0.000000000000000000e+00,0.000000000000000000e+00,0.000000000000000000e+00,0.000000000000000000e+00,0.000000000000000000e+00,0.000000000000000000e+00,-6.362647722112057380e+01,-5.271980919352881934e+00,-2.106936188327297010e+00,0.000000000000000000e+00,0.000000000000000000e+00,0.000000000000000000e+00,-9.208364333428939119e+01,-8.377619789145306584e+00,-3.049270821953285804e+00,0.000000000000000000e+00,0.000000000000000000e+00,0.000000000000000000e+00,-1.072827792040394144e+02,-1.293746550704632270e+01,-3.552577162236569386e+00,0.000000000000000000e+00,0.000000000000000000e+00,0.000000000000000000e+00,-1.084942239987796739e+02,-1.971832198390602642e+01,-3.592693116940882447e+00,0.000000000000000000e+00,0.000000000000000000e+00,0.000000000000000000e+00,-8.908069832939096955e+01,-2.869007949626811182e+01,-2.949830875272133834e+00,0.000000000000000000e+00,0.000000000000000000e+00,0.000000000000000000e+00,-3.619998126995929510e+01,-3.879946231847505089e+01,-1.198731312585222586e+00,0.000000000000000000e+00,0.000000000000000000e+00,0.000000000000000000e+00,7.581934956569081407e+01,-4.648305703030475655e+01,2.510692691978309465e+00,0.000000000000000000e+00,0.000000000000000000e+00,0.000000000000000000e+00,3.196722186670867814e+02,-3.879046021307969028e+01,1.058567117541096714e+01,0.000000000000000000e+00,0.000000000000000000e+00,0.000000000000000000e+00,1.175385209844266683e+03,7.232765607447653622e+01,3.892187249718573838e+01,0.000000000000000000e+00,0.000000000000000000e+00,0.000000000000000000e+00,3.222285196385812469e+02,-3.843158475292706555e+01,1.067032088824018565e+01,0.000000000000000000e+00,0.000000000000000000e+00,0.000000000000000000e+00,8.065427451529482994e+01,-4.570053717751473243e+01,2.670797082305702563e+00,0.000000000000000000e+00,0.000000000000000000e+00,0.000000000000000000e+00,-2.969793628918384343e+01,-3.747015890014181139e+01,-9.834216731639137121e-01,0.000000000000000000e+00,0.000000000000000000e+00,0.000000000000000000e+00,-8.197837470066060916e+01,-2.664828950513262384e+01,-2.714643523588633922e+00,0.000000000000000000e+00,0.000000000000000000e+00,0.000000000000000000e+00,-1.025177675431479827e+02,-1.678724392140410870e+01,-3.394787890464642022e+00,0.000000000000000000e+00,0.000000000000000000e+00,0.000000000000000000e+00,-1.051494215292025558e+02,-8.989344338939373458e+00,-3.481932853702267572e+00,0.000000000000000000e+00,0.000000000000000000e+00,0.000000000000000000e+00,-9.819620591167431201e+01,-3.466053413092083701e+00,-3.251683085843835030e+00,0.000000000000000000e+00,0.000000000000000000e+00,0.000000000000000000e+00,-8.651566848064094017e+01,-4.574103279612207890e-02,-2.864892113163886922e+00,0.000000000000000000e+00,0.000000000000000000e+00,0.000000000000000000e+00,-7.253715112273252430e+01,1.594865643271770494e+00,-2.402005507353747848e+00,0.000000000000000000e+00,0.000000000000000000e+00,0.000000000000000000e+00,-5.679477622742575704e+01,1.823104060881600708e+00,-1.880710272952103024e+00,0.000000000000000000e+00,0.000000000000000000e+00,0.000000000000000000e+00,-3.736907441153810083e+01,1.054544957961748297e+00,-1.237444828641712569e+00,0.000000000000000000e+00
0.000000000000000000e+00,0.000000000000000000e+00,0.000000000000000000e+00,0.000000000000000000e+00,0.000000000000000000e+00,0.000000000000000000e+00,0.000000000000000000e+00,0.000000000000000000e+00,5.231660363531020863e+01,2.663122986895114952e+00,1.732419430774659652e+00,0.000000000000000000e+00,0.000000000000000000e+00,0.000000000000000000e+00,7.814401545134676041e+01,4.566029550168488882e+00,2.587672007731353307e+00,0.000000000000000000e+00,0.000000000000000000e+00,0.000000000000000000e+00,9.538833884499648263e+01,8.084384052211028404e+00,3.158702977669118450e+00,0.000000000000000000e+00,0.000000000000000000e+00,0.000000000000000000e+00,1.037987176031129337e+02,1.398548285065893637e+01,3.437205452376791204e+00,0.000000000000000000e+00,0.000000000000000000e+00,0.000000000000000000e+00,9.799552541323404853e+01,2.263068605128631106e+01,3.245037723363893623e+00,0.000000000000000000e+00,0.000000000000000000e+00,0.000000000000000000e+00,6.675927045783970470e+01,3.385338235016142505e+01,2.210675947768194316e+00,0.000000000000000000e+00,0.000000000000000000e+00,0.000000000000000000e+00,-1.374420308412656055e+01,4.598266228835908720e+01,-4.551274897245671802e-01,0.000000000000000000e+00,0.000000000000000000e+00,0.000000000000000000e+00,-2.138744091283737134e+02,5.104329017897943288e+01,-7.082267509226564783e+00,0.000000000000000000e+00,0.000000000000000000e+00,0.000000000000000000e+00,-1.000881971851442131e+03,-9.513771581800897437e+00,-3.314334753139797840e+01,0.000000000000000000e+00,0.000000000000000000e+00,0.000000000000000000e+00,-2.160724135693349126e+02,5.083012328493362020e+01,-7.155052539940648160e+00,0.000000000000000000e+00,0.000000000000000000e+00,0.000000000000000000e+00,-1.796117317255481538e+01,4.550066927458063759e+01,-5.947688351588864553e-01,0.000000000000000000e+00,0.000000000000000000e+00,0.000000000000000000e+00,6.093152856859348532e+01,3.299489170164221008e+01,2.017695276529524850e+00,0.000000000000000000e+00,0.000000000000000000e+00,0.000000000000000000e+00,9.130171835976527461e+01,2.124542234300049870e+01,3.023378047477356834e+00,0.000000000000000000e+00,0.000000000000000000e+00,0.000000000000000000e+00,9.749871156529233929e+01,1.190001768703465679e+01,3.228586159159701818e+00,0.000000000000000000e+00,0.000000000000000000e+00,0.000000000000000000e+00,9.154685697787141407e+01,5.140340808540994288e+00,3.031495602435679615e+00,0.000000000000000000e+00,0.000000000000000000e+00,0.000000000000000000e+00,8.022810272125541076e+01,7.056961684792069089e-01,2.656684769090788212e+00,0.000000000000000000e+00,0.000000000000000000e+00,0.000000000000000000e+00,6.721210135412052011e+01,-1.805510842627377821e+00,2.225671054274735994e+00,0.000000000000000000e+00,0.000000000000000000e+00,0.000000000000000000e+00,5.411880605807782985e+01,-2.804848744367637536e+00,1.792097817337265031e+00,0.000000000000000000e+00,0.000000000000000000e+00,0.000000000000000000e+00,4.108008351164029648e+01,-2.654901191073297362e+00,1.360331710168163344e+00,0.000000000000000000e+00,0.000000000000000000e+00,0.000000000000000000e+00,2.644624630048311786e+01,-1.664110053457593441e+00,8.757447498194769198e-01,0.000000000000000000e+00
0.000000000000000000e+00,0.000000000000000000e+00,0.000000000000000000e+00,0.000000000000000000e+00,0.000000000000000000e+00,0.000000000000000000e+00,0.000000000000000000e+00,0.000000000000000000e+00,-2.106936188327286352e+00,-1.745771236800203186e-01,-6.976938368370909360e-02,0.000000000000000000e+00,0.000000000000000000e+00,0.000000000000000000e+00,-3.049270821953266708e+00,-2.774176895642714302e-01,-1.009739863556557843e-01,0.000000000000000000e+00,0.000000000000000000e+00,0.000000000000000000e+00,-3.552577162236545849e+00,-4.284130672094414449e-01,-1.176405438718309548e-01,0.000000000000000000e+00,0.000000000000000000e+00,0.000000000000000000e+00,-3.592693116940881559e+00,-6.529553100448929337e-01,-1.189689492839689916e-01,0.000000000000000000e+00,0.000000000000000000e+00,0.000000000000000000e+00,-2.949830875272122732e+00,-9.500473604188233168e-01,-9.768111786162089749e-02,0.000000000000000000e+00,0.000000000000000000e+00,0.000000000000000000e+00,-1.198731312585212594e+00,-1.284810896607365693e+00,-3.969495865360422870e-02,0.000000000000000000e+00,0.000000000000000000e+00,0.000000000000000000e+00,2.510692691978292146e+00,-1.539246541355277609e+00,8.313943379442670367e-02,0.000000000000000000e+00,0.000000000000000000e+00,0.000000000000000000e+00,1.058567117541097424e+01,-1.284512799612891332e+00,3.505354162496822079e-01,0.000000000000000000e+00,0.000000000000000000e+00,0.000000000000000000e+00,3.892187249718572417e+01,2.395068258621426693e+00,1.288864404621784976e+00,0.000000000000000000e+00,0.000000000000000000e+00,0.000000000000000000e+00,1.067032088824011282e+01,-1.272628946740281153e+00,3.533385188428299628e-01,0.000000000000000000e+00,0.000000000000000000e+00,0.000000000000000000e+00,2.670797082305686576e+00,-1.513334067996144006e+00,8.844115327700229068e-02,0.000000000000000000e+00,0.000000000000000000e+00,0.000000000000000000e+00,-9.834216731639083831e-01,-1.240792154730142371e+00,-3.256516472495555453e-02,0.000000000000000000e+00,0.000000000000000000e+00,0.000000000000000000e+00,-2.714643523588654350e+00,-8.824352371460315592e-01,-8.989309055065212994e-02,0.000000000000000000e+00,0.000000000000000000e+00,0.000000000000000000e+00,-3.394787890464618485e+00,-5.558951754843142190e-01,-1.124154875533628639e-01,0.000000000000000000e+00,0.000000000000000000e+00,0.000000000000000000e+00,-3.481932853702242703e+00,-2.976744230428547966e-01,-1.153012182223373955e-01,0.000000000000000000e+00,0.000000000000000000e+00,0.000000000000000000e+00,-3.251683085843814602e+00,-1.147753841744185849e-01,-1.076766947622541937e-01,0.000000000000000000e+00,0.000000000000000000e+00,0.000000000000000000e+00,-2.864892113163867382e+00,-1.514675045652820549e-03,-9.486844364966268150e-02,0.000000000000000000e+00,0.000000000000000000e+00,0.000000000000000000e+00,-2.402005507353763392e+00,5.281260704802499123e-02,-7.954035095196369809e-02,0.000000000000000000e+00,0.000000000000000000e+00,0.000000000000000000e+00,-1.880710272952090367e+00,6.037052637078608314e-02,-6.227810664529963292e-02,0.000000000000000000e+00,0.000000000000000000e+00,0.000000000000000000e+00,-1.237444828641704797e+00,3.492035126235391168e-02,-4.097692351350589596e-02,0.000000000000000000e+00
0.000000000000000000e+00,0.000000000000000000e+00,0.000000000000000000e+00,0.000000000000000000e+00,0.000000000000000000e+00,0.000000000000000000e+00,0.000000000000000000e+00,0.000000000000000000e+00,0.000000000000000000e+00,0.000000000000000000e+00,0.000000000000000000e+00,0.000000000000000000e+00,0.000000000000000000e+00,0.000000000000000000e+00,0.000000000000000000e+00,0.000000000000000000e+00,0.000000000000000000e+00,0.000000000000000000e+00,0.000000000000000000e+00,0.000000000000000000e+00,0.000000000000000000e+00,0.000000000000000000e+00,0.000000000000000000e+00,0.000000000000000000e+00,0.000000000000000000e+00,0.000000000000000000e+00,0.000000000000000000e+00,0.000000000000000000e+00,0.000000000000000000e+00,0.000000000000000000e+00,0.000000000000000000e+00,0.000000000000000000e+00,0.000000000000000000e+00,0.000000000000000000e+00,0.000000000000000000e+00,0.000000000000000000e+00,0.000000000000000000e+00,0.000000000000000000e+00,0.000000000000000000e+00,0.000000000000000000e+00,0.000000000000000000e+00,0.000000000000000000e+00,0.000000000000000000e+00,0.000000000000000000e+00,0.000000000000000000e+00,0.000000000000000000e+00,0.000000000000000000e+00,0.000000000000000000e+00,0.000000000000000000e+00,0.000000000000000000e+00,0.000000000000000000e+00,0.000000000000000000e+00,0.000000000000000000e+00,0.000000000000000000e+00,0.000000000000000000e+00,0.000000000000000000e+00,0.000000000000000000e+00,0.000000000000000000e+00,0.000000000000000000e+00,0.000000000000000000e+00,0.000000000000000000e+00,0.000000000000000000e+00,0.000000000000000000e+00,0.000000000000000000e+00,0.000000000000000000e+00,0.000000000000000000e+00,0.000000000000000000e+00,0.000000000000000000e+00,0.000000000000000000e+00,0.000000000000000000e+00,0.000000000000000000e+00,0.000000000000000000e+00,0.000000000000000000e+00,0.000000000000000000e+00,0.000000000000000000e+00,0.000000000000000000e+00,0.000000000000000000e+00,0.000000000000000000e+00,0.000000000000000000e+00,0.000000000000000000e+00,0.000000000000000000e+00,0.000000000000000000e+00,0.000000000000000000e+00,0.000000000000000000e+00,0.000000000000000000e+00,0.000000000000000000e+00,0.000000000000000000e+00,0.000000000000000000e+00,0.000000000000000000e+00,0.000000000000000000e+00,0.000000000000000000e+00,0.000000000000000000e+00,0.000000000000000000e+00,0.000000000000000000e+00,0.000000000000000000e+00,0.000000000000000000e+00,0.000000000000000000e+00,0.000000000000000000e+00,0.000000000000000000e+00,0.000000000000000000e+00,0.000000000000000000e+00,0.000000000000000000e+00,0.000000000000000000e+00,0.000000000000000000e+00,0.000000000000000000e+00,0.000000000000000000e+00,0.000000000000000000e+00,0.000000000000000000e+00,0.000000000000000000e+00,0.000000000000000000e+00,0.000000000000000000e+00,0.000000000000000000e+00,0.000000000000000000e+00,0.000000000000000000e+00,0.000000000000000000e+00,0.000000000000000000e+00,0.000000000000000000e+00,0.000000000000000000e+00,0.000000000000000000e+00,0.000000000000000000e+00,0.000000000000000000e+00,0.000000000000000000e+00,0.000000000000000000e+00,0.000000000000000000e+00,0.000000000000000000e+00,0.000000000000000000e+00
0.000000000000000000e+00,0.000000000000000000e+00,0.000000000000000000e+00,0.000000000000000000e+00,0.000000000000000000e+00,0.000000000000000000e+00,0.000000000000000000e+00,0.000000000000000000e+00,0.000000000000000000e+00,0.000000000000000000e+00,0.000000000000000000e+00,0.000000000000000000e+00,0.000000000000000000e+00,0.000000000000000000e+00,0.000000000000000000e+00,0.000000000000000000e+00,0.000000000000000000e+00,0.000000000000000000e+00,0.000000000000000000e+00,0.000000000000000000e+00,0.000000000000000000e+00,0.000000000000000000e+00,0.000000000000000000e+00,0.000000000000000000e+00,0.000000000000000000e+00,0.000000000000000000e+00,0.000000000000000000e+00,0.000000000000000000e+00,0.000000000000000000e+00,0.000000000000000000e+00,0.000000000000000000e+00,0.000000000000000000e+00,0.000000000000000000e+00,0.000000000000000000e+00,0.000000000000000000e+00,0.000000000000000000e+00,0.000000000000000000e+00,0.000000000000000000e+00,0.000000000000000000e+00,0.000000000000000000e+00,0.000000000000000000e+00,0.000000000000000000e+00,0.000000000000000000e+00,0.000000000000000000e+00,0.000000000000000000e+00,0.000000000000000000e+00,0.000000000000000000e+00,0.000000000000000000e+00,0.000000000000000000e+00,0.000000000000000000e+00,0.000000000000000000e+00,0.000000000000000000e+00,0.000000000000000000e+00,0.000000000000000000e+00,0.000000000000000000e+00,0.000000000000000000e+00,0.000000000000000000e+00,0.000000000000000000e+00,0.000000000000000000e+00,0.000000000000000000e+00,0.000000000000000000e+00,0.000000000000000000e+00,0.000000000000000000e+00,0.000000000000000000e+00,0.000000000000000000e+00,0.000000000000000000e+00,0.000000000000000000e+00,0.000000000000000000e+00,0.000000000000000000e+00,0.000000000000000000e+00,0.000000000000000000e+00,0.000000000000000000e+00,0.000000000000000000e+00,0.000000000000000000e+00,0.000000000000000000e+00,0.000000000000000000e+00,0.000000000000000000e+00,0.000000000000000000e+00,0.000000000000000000e+00,0.000000000000000000e+00,0.000000000000000000e+00,0.000000000000000000e+00,0.000000000000000000e+00,0.000000000000000000e+00,0.000000000000000000e+00,0.000000000000000000e+00,0.000000000000000000e+00,0.000000000000000000e+00,0.000000000000000000e+00,0.000000000000000000e+00,0.000000000000000000e+00,0.000000000000000000e+00,0.000000000000000000e+00,0.000000000000000000e+00,0.000000000000000000e+00,0.000000000000000000e+00,0.000000000000000000e+00,0.000000000000000000e+00,0.000000000000000000e+00,0.000000000000000000e+00,0.000000000000000000e+00,0.000000000000000000e+00,0.000000000000000000e+00,0.000000000000000000e+00,0.000000000000000000e+00,0.000000000000000000e+00,0.000000000000000000e+00,0.000000000000000000e+00,0.000000000000000000e+00,0.000000000000000000e+00,0.000000000000000000e+00,0.000000000000000000e+00,0.000000000000000000e+00,0.000000000000000000e+00,0.000000000000000000e+00,0.000000000000000000e+00,0.000000000000000000e+00,0.000000000000000000e+00,0.000000000000000000e+00,0.000000000000000000e+00,0.000000000000000000e+00,0.000000000000000000e+00,0.000000000000000000e+00,0.000000000000000000e+00,0.000000000000000000e+00,0.000000000000000000e+00
0.000000000000000000e+00,0.000000000000000000e+00,0.000000000000000000e+00,0.000000000000000000e+00,0.000000000000000000e+00,0.000000000000000000e+00,0.000000000000000000e+00,0.000000000000000000e+00,0.000000000000000000e+00,0.000000000000000000e+00,0.000000000000000000e+00,0.000000000000000000e+00,0.000000000000000000e+00,0.000000000000000000e+00,0.000000000000000000e+00,0.000000000000000000e+00,0.000000000000000000e+00,0.000000000000000000e+00,0.000000000000000000e+00,0.000000000000000000e+00,0.000000000000000000e+00,0.000000000000000000e+00,0.000000000000000000e+00,0.000000000000000000e+00,0.000000000000000000e+00,0.000000000000000000e+00,0.000000000000000000e+00,0.000000000000000000e+00,0.000000000000000000e+00,0.000000000000000000e+00,0.000000000000000000e+00,0.000000000000000000e+00,0.000000000000000000e+00,0.000000000000000000e+00,0.000000000000000000e+00,0.000000000000000000e+00,0.000000000000000000e+00,0.000000000000000000e+00,0.000000000000000000e+00,0.000000000000000000e+00,0.000000000000000000e+00,0.000000000000000000e+00,0.000000000000000000e+00,0.000000000000000000e+00,0.000000000000000000e+00,0.000000000000000000e+00,0.000000000000000000e+00,0.000000000000000000e+00,0.000000000000000000e+00,0.000000000000000000e+00,0.000000000000000000e+00,0.000000000000000000e+00,0.000000000000000000e+00,0.000000000000000000e+00,0.000000000000000000e+00,0.000000000000000000e+00,0.000000000000000000e+00,0.000000000000000000e+00,0.000000000000000000e+00,0.000000000000000000e+00,0.000000000000000000e+00,0.000000000000000000e+00,0.000000000000000000e+00,0.000000000000000000e+00,0.000000000000000000e+00,0.000000000000000000e+00,0.000000000000000000e+00,0.000000000000000000e+00,0.000000000000000000e+00,0.000000000000000000e+00,0.000000000000000000e+00,0.000000000000000000e+00,0.000000000000000000e+00,0.000000000000000000e+00,0.000000000000000000e+00,0.000000000000000000e+00,0.000000000000000000e+00,0.000000000000000000e+00,0.000000000000000000e+00,0.000000000000000000e+00,0.000000000000000000e+00,0.000000000000000000e+00,0.000000000000000000e+00,0.000000000000000000e+00,0.000000000000000000e+00,0.000000000000000000e+00,0.000000000000000000e+00,0.000000000000000000e+00,0.000000000000000000e+00,0.000000000000000000e+00,0.000000000000000000e+00,0.000000000000000000e+00,0.000000000000000000e+00,0.000000000000000000e+00,0.000000000000000000e+00,0.000000000000000000e+00,0.000000000000000000e+00,0.000000000000000000e+00,0.000000000000000000e+00,0.000000000000000000e+00,0.000000000000000000e+00,0.000000000000000000e+00,0.000000000000000000e+00,0.000000000000000000e+00,0.000000000000000000e+00,0.000000000000000000e+00,0.000000000000000000e+00,0.000000000000000000e+00,0.000000000000000000e+00,0.000000000000000000e+00,0.000000000000000000e+00,0.000000000000000000e+00,0.000000000000000000e+00,0.000000000000000000e+00,0.000000000000000000e+00,0.000000000000000000e+00,0.000000000000000000e+00,0.000000000000000000e+00,0.000000000000000000e+00,0.000000000000000000e+00,0.000000000000000000e+00,0.000000000000000000e+00,0.000000000000000000e+00,0.000000000000000000e+00,0.000000000000000000e+00,0.000000000000000000e+00
0.000000000000000000e+00,0.000000000000000000e+00,0.000000000000000000e+00,0.000000000000000000e+00,0.000000000000000000e+00,0.000000000000000000e+00,0.000000000000000000e+00,0.000000000000000000e+00,-5.530042067836286890e+01,-2.244424050690299488e+00,-1.831225971415078924e+00,0.000000000000000000e+00,0.000000000000000000e+00,0.000000000000000000e+00,-8.186751297372266833e+01,-3.531505722137481929e+00,-2.710972432643713237e+00,0.000000000000000000e+00,0.000000000000000000e+00,0.000000000000000000e+00,-9.956364155121133308e+01,-6.220858111021588144e+00,-3.296964543500785272e+00,0.000000000000000000e+00,0.000000000000000000e+00,0.000000000000000000e+00,-1.092860595798795629e+02,-1.101110722930089914e+01,-3.618914072648149460e+00,0.000000000000000000e+00,0.000000000000000000e+00,0.000000000000000000e+00,-1.074673916043119135e+02,-1.818465949367727319e+01,-3.558690443435457151e+00,0.000000000000000000e+00,0.000000000000000000e+00,0.000000000000000000e+00,-8.651626015392697866e+01,-2.755690696389194727e+01,-2.864911705916973084e+00,0.000000000000000000e+00,0.000000000000000000e+00,0.000000000000000000e+00,-3.307577085101317493e+01,-3.801459336543160106e+01,-1.095275765789026856e+00,0.000000000000000000e+00,0.000000000000000000e+00,0.000000000000000000e+00,7.886415092699758134e+01,-4.597456744044670529e+01,2.611518675980372350e+00,0.000000000000000000e+00,0.000000000000000000e+00,0.000000000000000000e+00,3.222285196386094981e+02,-3.848811694513811688e+01,1.067032088824104896e+01,0.000000000000000000e+00,0.000000000000000000e+00,0.000000000000000000e+00,1.177201092786895288e+03,7.248070800395008462e+01,3.898200390242305957e+01,0.000000000000000000e+00,0.000000000000000000e+00,0.000000000000000000e+00,3.231634434639290703e+02,-3.839032265960839396e+01,1.070128008835602351e+01,0.000000000000000000e+00,0.000000000000000000e+00,0.000000000000000000e+00,8.065427451535236969e+01,-4.575570369452765362e+01,2.670797082307608150e+00,0.000000000000000000e+00,0.000000000000000000e+00,0.000000000000000000e+00,-3.060771477906027016e+01,-3.762954623206422866e+01,-1.013548207075574137e+00,0.000000000000000000e+00,0.000000000000000000e+00,0.000000000000000000e+00,-8.368402103843145312e+01,-2.694250405310546626e+01,-2.771124538261984682e+00,0.000000000000000000e+00,0.000000000000000000e+00,0.000000000000000000e+00,-1.047868800926329982e+02,-1.726757632462647507e+01,-3.469927605166788442e+00,0.000000000000000000e+00,0.000000000000000000e+00,0.000000000000000000e+00,-1.075762408324307842e+02,-9.722703654395038697e+00,-3.562294892209178609e+00,0.000000000000000000e+00,0.000000000000000000e+00,0.000000000000000000e+00,-1.001136192035811092e+02,-4.525145604566729318e+00,-3.315176581462938810e+00,0.000000000000000000e+00,0.000000000000000000e+00,0.000000000000000000e+00,-8.684560957443277118e+01,-1.490491669653142726e+00,-2.875817829326169139e+00,0.000000000000000000e+00,0.000000000000000000e+00,0.000000000000000000e+00,-6.942780448122802284e+01,-2.396216029758692634e-01,-2.299042161791326588e+00,0.000000000000000000e+00,0.000000000000000000e+00,0.000000000000000000e+00,-4.618946907216115960e+01,-2.092698460878383293e-01,-1.529524628081350590e+00,0.000000000000000000e+00
0.000000000000000000e+00,0.000000000000000000e+00,0.000000000000000000e+00,0.000000000000000000e+00,0.000000000000000000e+00,0.000000000000000000e+00,0.000000000000000000e+00,0.000000000000000000e+00,4.311833295186443138e+01,4.408849623692143727e-01,1.427826591136056589e+00,0.000000000000000000e+00,0.000000000000000000e+00,0.000000000000000000e+00,6.554878309773941680e+01,8.953597137256148475e-01,2.170591697690280153e+00,0.000000000000000000e+00,0.000000000000000000e+00,0.000000000000000000e+00,8.277605788307468515e+01,2.726876301672812364e+00,2.741058117594991739e+00,0.000000000000000000e+00,0.000000000000000000e+00,0.000000000000000000e+00,9.582020722431843751e+01,6.553597661621303416e+00,3.173003928416778585e+00,0.000000000000000000e+00,0.000000000000000000e+00,0.000000000000000000e+00,1.020477144520458097e+02,1.283052908401579195e+01,3.379222485756830707e+00,0.000000000000000000e+00,0.000000000000000000e+00,0.000000000000000000e+00,9.525318036999865967e+01,2.182170334062914563e+01,3.154227320763859588e+00,0.000000000000000000e+00,0.000000000000000000e+00,0.000000000000000000e+00,6.377505546028910999e+01,3.332656526359869531e+01,2.111856229206104718e+00,0.000000000000000000e+00,0.000000000000000000e+00,0.000000000000000000e+00,-1.650404447166054211e+01,4.566706886777735974e+01,-5.465172687505281957e-01,0.000000000000000000e+00,0.000000000000000000e+00,0.000000000000000000e+00,-2.161289457615767731e+02,5.087478371677993039e+01,-7.156924554970223618e+00,0.000000000000000000e+00,0.000000000000000000e+00,0.000000000000000000e+00,-1.002469571305593831e+03,-9.585260004223673747e+00,-3.319591952482941366e+01,0.000000000000000000e+00,0.000000000000000000e+00,0.000000000000000000e+00,-2.169087976768989279e+02,5.082305133611567527e+01,-7.182748681869806084e+00,0.000000000000000000e+00,0.000000000000000000e+00,0.000000000000000000e+00,-1.801633968962387655e+01,4.554425082302055472e+01,-5.965956270271955963e-01,0.000000000000000000e+00,0.000000000000000000e+00,0.000000000000000000e+00,6.164076337926255889e+01,3.309461744756517021e+01,2.041180978612719965e+00,0.000000000000000000e+00,0.000000000000000000e+00,0.000000000000000000e+00,9.270415288338593029e+01,2.142585399844186256e+01,3.069818463144400766e+00,0.000000000000000000e+00,0.000000000000000000e+00,0.000000000000000000e+00,9.944432143842381322e+01,1.220375695119880710e+01,3.293013360367488040e+00,0.000000000000000000e+00,0.000000000000000000e+00,0.000000000000000000e+00,9.376191827430827175e+01,5.625442758323489834e+00,3.104845456280436622e+00,0.000000000000000000e+00,0.000000000000000000e+00,0.000000000000000000e+00,8.224357631734085317e+01,1.440464612077412498e+00,2.723425447526477861e+00,0.000000000000000000e+00,0.000000000000000000e+00,0.000000000000000000e+00,6.824224104360369836e+01,-7.525678808633122774e-01,2.259783246016226599e+00,0.000000000000000000e+00,0.000000000000000000e+00,0.000000000000000000e+00,5.277460726552885006e+01,-1.388336212042956541e+00,1.747585827926264379e+00,0.000000000000000000e+00,0.000000000000000000e+00,0.000000000000000000e+00,3.429124345745462676e+01,-9.224687580883843552e-01,1.135525098021142876e+00,0.000000000000000000e+00
0.000000000000000000e+00,0.000000000000000000e+00,0.000000000000000000e+00,0.000000000000000000e+00,0.000000000000000000e+00,0.000000000000000000e+00,0.000000000000000000e+00,0.000000000000000000e+00,-1.831225971415083364e+00,-7.432217625246424764e-02,-6.063947646780146888e-02,0.000000000000000000e+00,0.000000000000000000e+00,0.000000000000000000e+00,-2.710972432643713237e+00,-1.169427812166621145e-01,-8.977152552457687285e-02,0.000000000000000000e+00,0.000000000000000000e+00,0.000000000000000000e+00,-3.296964543500783495e+00,-2.059983775466674716e-01,-1.091761513715856086e-01,0.000000000000000000e+00,0.000000000000000000e+00,0.000000000000000000e+00,-3.618914072648174773e+00,-3.646233660609662364e-01,-1.198372337291414708e-01,0.000000000000000000e+00,0.000000000000000000e+00,0.000000000000000000e+00,-3.558690443435466477e+00,-6.021693928847616784e-01,-1.178429799322565918e-01,0.000000000000000000e+00,0.000000000000000000e+00,0.000000000000000000e+00,-2.864911705916973528e+00,-9.125233245086767919e-01,-9.486909244686707321e-02,0.000000000000000000e+00,0.000000000000000000e+00,0.000000000000000000e+00,-1.095275765789020639e+00,-1.258820634809369121e+00,-3.626911700798612220e-02,0.000000000000000000e+00,0.000000000000000000e+00,0.000000000000000000e+00,2.611518675980391446e+00,-1.522408344977757899e+00,8.647819972483371254e-02,0.000000000000000000e+00,0.000000000000000000e+00,0.000000000000000000e+00,1.067032088824112712e+01,-1.274500961768892937e+00,3.533385188428611046e-01,0.000000000000000000e+00,0.000000000000000000e+00,0.000000000000000000e+00,3.898200390242307378e+01,2.400136441915313501e+00,1.290855604500882325e+00,0.000000000000000000e+00,0.000000000000000000e+00,0.000000000000000000e+00,1.070128008835602529e+01,-1.271262587931565990e+00,3.543637061851873660e-01,0.000000000000000000e+00,0.000000000000000000e+00,0.000000000000000000e+00,2.670797082307609926e+00,-1.515160859862604736e+00,8.844115327706598972e-02,0.000000000000000000e+00,0.000000000000000000e+00,0.000000000000000000e+00,-1.013548207075592567e+00,-1.246070129439031282e+00,-3.356277904056155503e-02,0.000000000000000000e+00,0.000000000000000000e+00,0.000000000000000000e+00,-2.771124538261985570e+00,-8.921778994044252675e-01,-9.176341087901479510e-02,0.000000000000000000e+00,0.000000000000000000e+00,0.000000000000000000e+00,-3.469927605166790219e+00,-5.718009707911733130e-01,-1.149036747201048064e-01,0.000000000000000000e+00,0.000000000000000000e+00,0.000000000000000000e+00,-3.562294892209179498e+00,-3.219589873982059980e-01,-1.179623381600260756e-01,0.000000000000000000e+00,0.000000000000000000e+00,0.000000000000000000e+00,-3.315176581462940142e+00,-1.498463131720739194e-01,-1.097792273789575529e-01,0.000000000000000000e+00,0.000000000000000000e+00,0.000000000000000000e+00,-2.875817829326206443e+00,-4.935635248638509109e-02,-9.523023936382339627e-02,0.000000000000000000e+00,0.000000000000000000e+00,0.000000000000000000e+00,-2.299042161791325700e+00,-7.934863736999395872e-03,-7.613080812779067508e-02,0.000000000000000000e+00,0.000000000000000000e+00,0.000000000000000000e+00,-1.529524628081350368e+00,-6.929791355819182527e-03,-5.064889540627780934e-02,0.000000000000000000e+00
0.000000000000000000e+00,0.000000000000000000e+00,0.000000000000000000e+00,0.000000000000000000e+00,0.000000000000000000e+00,0.000000000000000000e+00,0.000000000000000000e+00,0.000000000000000000e+00,0.000000000000000000e+00,0.000000000000000000e+00,0.000000000000000000e+00,0.000000000000000000e+00,0.000000000000000000e+00,0.000000000000000000e+00,0.000000000000000000e+00,0.000000000000000000e+00,0.000000000000000000e+00,0.000000000000000000e+00,0.000000000000000000e+00,0.000000000000000000e+00,0.000000000000000000e+00,0.000000000000000000e+00,0.000000000000000000e+00,0.000000000000000000e+00,0.000000000000000000e+00,0.000000000000000000e+00,0.000000000000000000e+00,0.000000000000000000e+00,0.000000000000000000e+00,0.000000000000000000e+00,0.000000000000000000e+00,0.000000000000000000e+00,0.000000000000000000e+00,0.000000000000000000e+00,0.000000000000000000e+00,0.000000000000000000e+00,0.000000000000000000e+00,0.000000000000000000e+00,0.000000000000000000e+00,0.000000000000000000e+00,0.000000000000000000e+00,0.000000000000000000e+00,0.000000000000000000e+00,0.000000000000000000e+00,0.000000000000000000e+00,0.000000000000000000e+00,0.000000000000000000e+00,0.000000000000000000e+00,0.000000000000000000e+00,0.000000000000000000e+00,0.000000000000000000e+00,0.000000000000000000e+00,0.000000000000000000e+00,0.000000000000000000e+00,0.000000000000000000e+00,0.000000000000000000e+00,0.000000000000000000e+00,0.000000000000000000e+00,0.000000000000000000e+00,0.000000000000000000e+00,0.000000000000000000e+00,0.000000000000000000e+00,0.000000000000000000e+00,0.000000000000000000e+00,0.000000000000000000e+00,0.000000000000000000e+00,0.000000000000000000e+00,0.000000000000000000e+00,0.000000000000000000e+00,0.000000000000000000e+00,0.000000000000000000e+00,0.000000000000000000e+00,0.000000000000000000e+00,0.000000000000000000e+00,0.000000000000000000e+00,0.000000000000000000e+00,0.000000000000000000e+00,0.000000000000000000e+00,0.000000000000000000e+00,0.000000000000000000e+00,0.000000000000000000e+00,0.000000000000000000e+00,0.000000000000000000e+00,0.000000000000000000e+00,0.000000000000000000e+00,0.000000000000000000e+00,0.000000000000000000e+00,0.000000000000000000e+00,0.000000000000000000e+00,0.000000000000000000e+00,0.000000000000000000e+00,0.000000000000000000e+00,0.000000000000000000e+00,0.000000000000000000e+00,0.000000000000000000e+00,0.000000000000000000e+00,0.000000000000000000e+00,0.000000000000000000e+00,0.000000000000000000e+00,0.000000000000000000e+00,0.000000000000000000e+00,0.000000000000000000e+00,0.000000000000000000e+00,0.000000000000000000e+00,0.000000000000000000e+00,0.000000000000000000e+00,0.000000000000000000e+00,0.000000000000000000e+00,0.000000000000000000e+00,0.000000000000000000e+00,0.000000000000000000e+00,0.000000000000000000e+00,0.000000000000000000e+00,0.000000000000000000e+00,0.000000000000000000e+00,0.000000000000000000e+00,0.000000000000000000e+00,0.000000000000000000e+00,0.000000000000000000e+00,0.000000000000000000e+00,0.000000000000000000e+00,0.000000000000000000e+00,0.000000000000000000e+00,0.000000000000000000e+00,0.000000000000000000e+00,0.000000000000000000e+00
0.000000000000000000e+00,0.000000000000000000e+00,0.000000000000000000e+00,0.000000000000000000e+00,0.000000000000000000e+00,0.000000000000000000e+00,0.000000000000000000e+00,0.000000000000000000e+00,0.000000000000000000e+00,0.000000000000000000e+00,0.000000000000000000e+00,0.000000000000000000e+00,0.000000000000000000e+00,0.000000000000000000e+00,0.000000000000000000e+00,0.000000000000000000e+00,0.000000000000000000e+00,0.000000000000000000e+00,0.000000000000000000e+00,0.000000000000000000e+00,0.000000000000000000e+00,0.000000000000000000e+00,0.000000000000000000e+00,0.000000000000000000e+00,0.000000000000000000e+00,0.000000000000000000e+00,0.000000000000000000e+00,0.000000000000000000e+00,0.000000000000000000e+00,0.000000000000000000e+00,0.000000000000000000e+00,0.000000000000000000e+00,0.000000000000000000e+00,0.000000000000000000e+00,0.000000000000000000e+00,0.000000000000000000e+00,0.000000000000000000e+00,0.000000000000000000e+00,0.000000000000000000e+00,0.000000000000000000e+00,0.000000000000000000e+00,0.000000000000000000e+00,0.000000000000000000e+00,0.000000000000000000e+00,0.000000000000000000e+00,0.000000000000000000e+00,0.000000000000000000e+00,0.000000000000000000e+00,0.000000000000000000e+00,0.000000000000000000e+00,0.000000000000000000e+00,0.000000000000000000e+00,0.000000000000000000e+00,0.000000000000000000e+00,0.000000000000000000e+00,0.000000000000000000e+00,0.000000000000000000e+00,0.000000000000000000e+00,0.000000000000000000e+00,0.000000000000000000e+00,0.000000000000000000e+00,0.000000000000000000e+00,0.000000000000000000e+00,0.000000000000000000e+00,0.000000000000000000e+00,0.000000000000000000e+00,0.000000000000000000e+00,0.000000000000000000e+00,0.000000000000000000e+00,0.000000000000000000e+00,0.000000000000000000e+00,0.000000000000000000e+00,0.000000000000000000e+00,0.000000000000000000e+00,0.000000000000000000e+00,0.000000000000000000e+00,0.000000000000000000e+00,0.000000000000000000e+00,0.000000000000000000e+00,0.000000000000000000e+00,0.000000000000000000e+00,0.000000000000000000e+00,0.000000000000000000e+00,0.000000000000000000e+00,0.000000000000000000e+00,0.000000000000000000e+00,0.000000000000000000e+00,0.000000000000000000e+00,0.000000000000000000e+00,0.000000000000000000e+00,0.000000000000000000e+00,0.000000000000000000e+00,0.000000000000000000e+00,0.000000000000000000e+00,0.000000000000000000e+00,0.000000000000000000e+00,0.000000000000000000e+00,0.000000000000000000e+00,0.000000000000000000e+00,0.000000000000000000e+00,0.000000000000000000e+00,0.000000000000000000e+00,0.000000000000000000e+00,0.000000000000000000e+00,0.000000000000000000e+00,0.000000000000000000e+00,0.000000000000000000e+00,0.000000000000000000e+00,0.000000000000000000e+00,0.000000000000000000e+00,0.000000000000000000e+00,0.000000000000000000e+00,0.000000000000000000e+00,0.000000000000000000e+00,0.000000000000000000e+00,0.000000000000000000e+00,0.000000000000000000e+00,0.000000000000000000e+00,0.000000000000000000e+00,0.000000000000000000e+00,0.000000000000000000e+00,0.000000000000000000e+00,0.000000000000000000e+00,0.000000000000000000e+00,0.000000000000000000e+00,0.000000000000000000e+00
0.000000000000000000e+00,0.000000000000000000e+00,0.000000000000000000e+00,0.000000000000000000e+00,0.000000000000000000e+00,0.000000000000000000e+00,0.000000000000000000e+00,0.000000000000000000e+00,0.000000000000000000e+00,0.000000000000000000e+00,0.000000000000000000e+00,0.000000000000000000e+00,0.000000000000000000e+00,0.000000000000000000e+00,0.000000000000000000e+00,0.000000000000000000e+00,0.000000000000000000e+00,0.000000000000000000e+00,0.000000000000000000e+00,0.000000000000000000e+00,0.000000000000000000e+00,0.000000000000000000e+00,0.000000000000000000e+00,0.000000000000000000e+00,0.000000000000000000e+00,0.000000000000000000e+00,0.000000000000000000e+00,0.000000000000000000e+00,0.000000000000000000e+00,0.000000000000000000e+00,0.000000000000000000e+00,0.000000000000000000e+00,0.000000000000000000e+00,0.000000000000000000e+00,0.000000000000000000e+00,0.000000000000000000e+00,0.000000000000000000e+00,0.000000000000000000e+00,0.000000000000000000e+00,0.000000000000000000e+00,0.000000000000000000e+00,0.000000000000000000e+00,0.000000000000000000e+00,0.000000000000000000e+00,0.000000000000000000e+00,0.000000000000000000e+00,0.000000000000000000e+00,0.000000000000000000e+00,0.000000000000000000e+00,0.000000000000000000e+00,0.000000000000000000e+00,0.000000000000000000e+00,0.000000000000000000e+00,0.000000000000000000e+00,0.000000000000000000e+00,0.000000000000000000e+00,0.000000000000000000e+00,0.000000000000000000e+00,0.000000000000000000e+00,0.000000000000000000e+00,0.000000000000000000e+00,0.000000000000000000e+00,0.000000000000000000e+00,0.000000000000000000e+00,0.000000000000000000e+00,0.000000000000000000e+00,0.000000000000000000e+00,0.000000000000000000e+00,0.000000000000000000e+00,0.000000000000000000e+00,0.000000000000000000e+00,0.000000000000000000e+00,0.000000000000000000e+00,0.000000000000000000e+00,0.000000000000000000e+00,0.000000000000000000e+00,0.000000000000000000e+00,0.000000000000000000e+00,0.000000000000000000e+00,0.000000000000000000e+00,0.000000000000000000e+00,0.000000000000000000e+00,0.000000000000000000e+00,0.000000000000000000e+00,0.000000000000000000e+00,0.000000000000000000e+00,0.000000000000000000e+00,0.000000000000000000e+00,0.000000000000000000e+00,0.000000000000000000e+00,0.000000000000000000e+00,0.000000000000000000e+00,0.000000000000000000e+00,0.000000000000000000e+00,0.000000000000000000e+00,0.000000000000000000e+00,0.000000000000000000e+00,0.000000000000000000e+00,0.000000000000000000e+00,0.000000000000000000e+00,0.000000000000000000e+00,0.000000000000000000e+00,0.000000000000000000e+00,0.000000000000000000e+00,0.000000000000000000e+00,0.000000000000000000e+00,0.000000000000000000e+00,0.000000000000000000e+00,0.000000000000000000e+00,0.000000000000000000e+00,0.000000000000000000e+00,0.000000000000000000e+00,0.000000000000000000e+00,0.000000000000000000e+00,0.000000000000000000e+00,0.000000000000000000e+00,0.000000000000000000e+00,0.000000000000000000e+00,0.000000000000000000e+00,0.000000000000000000e+00,0.000000000000000000e+00,0.000000000000000000e+00,0.000000000000000000e+00,0.000000000000000000e+00,0.000000000000000000e+00,0.000000000000000000e+00
0.000000000000000000e+00,0.000000000000000000e+00,0.000000000000000000e+00,0.000000000000000000e+00,0.000000000000000000e+00,0.000000000000000000e+00,0.000000000000000000e+00,0.000000000000000000e+00,-4.618946907218554543e+01,-2.092698460873267940e-01,-1.529524628082155502e+00,0.000000000000000000e+00,0.000000000000000000e+00,0.000000000000000000e+00,-6.942780448125898829e+01,-2.396216029745110165e-01,-2.299042161792352434e+00,0.000000000000000000e+00,0.000000000000000000e+00,0.000000000000000000e+00,-8.684560957446124974e+01,-1.490491669652858064e+00,-2.875817829327149688e+00,0.000000000000000000e+00,0.000000000000000000e+00,0.000000000000000000e+00,-1.001136192036025534e+02,-4.525145604566970903e+00,-3.315176581463625816e+00,0.000000000000000000e+00,0.000000000000000000e+00,0.000000000000000000e+00,-1.075762408324368096e+02,-9.722703654396942952e+00,-3.562294892209366903e+00,0.000000000000000000e+00,0.000000000000000000e+00,0.000000000000000000e+00,-1.047868800925437256e+02,-1.726757632462039638e+01,-3.469927605163832141e+00,0.000000000000000000e+00,0.000000000000000000e+00,0.000000000000000000e+00,-8.368402103835190076e+01,-2.694250405310678431e+01,-2.771124538259349457e+00,0.000000000000000000e+00,0.000000000000000000e+00,0.000000000000000000e+00,-3.060771477906660465e+01,-3.762954623206200466e+01,-1.013548207075789298e+00,0.000000000000000000e+00,0.000000000000000000e+00,0.000000000000000000e+00,8.065427451526811353e+01,-4.575570369453312480e+01,2.670797082304799286e+00,0.000000000000000000e+00,0.000000000000000000e+00,0.000000000000000000e+00,3.231634434640196218e+02,-3.839032265960128854e+01,1.070128008835902556e+01,0.000000000000000000e+00,0.000000000000000000e+00,0.000000000000000000e+00,1.177201092786750678e+03,7.248070800394073387e+01,3.898200390241827051e+01,0.000000000000000000e+00,0.000000000000000000e+00,0.000000000000000000e+00,3.222285196386649773e+02,-3.848811694513061354e+01,1.067032088824296032e+01,0.000000000000000000e+00,0.000000000000000000e+00,0.000000000000000000e+00,7.886415092695115447e+01,-4.597456744044092858e+01,2.611518675978818038e+00,0.000000000000000000e+00,0.000000000000000000e+00,0.000000000000000000e+00,-3.307577085111130799e+01,-3.801459336543686618e+01,-1.095275765792276479e+00,0.000000000000000000e+00,0.000000000000000000e+00,0.000000000000000000e+00,-8.651626015399573078e+01,-2.755690696389292427e+01,-2.864911705919252594e+00,0.000000000000000000e+00,0.000000000000000000e+00,0.000000000000000000e+00,-1.074673916043102793e+02,-1.818465949367501366e+01,-3.558690443435413631e+00,0.000000000000000000e+00,0.000000000000000000e+00,0.000000000000000000e+00,-1.092860595797660181e+02,-1.101110722929543151e+01,-3.618914072644413782e+00,0.000000000000000000e+00,0.000000000000000000e+00,0.000000000000000000e+00,-9.956364155118581039e+01,-6.220858111024672787e+00,-3.296964543499896649e+00,0.000000000000000000e+00,0.000000000000000000e+00,0.000000000000000000e+00,-8.186751297370057046e+01,-3.531505722139022474e+00,-2.710972432642981822e+00,0.000000000000000000e+00,0.000000000000000000e+00,0.000000000000000000e+00,-5.530042067834254738e+01,-2.244424050691875561e+00,-1.831225971414410125e+00,0.000000000000000000e+00
0.000000000000000000e+00,0.000000000000000000e+00,0.000000000000000000e+00,0.000000000000000000e+00,0.000000000000000000e+00,0.000000000000000000e+00,0.000000000000000000e+00,0.000000000000000000e+00,3.429124345747208480e+01,-9.224687580887270810e-01,1.135525098021718637e+00,0.000000000000000000e+00,0.000000000000000000e+00,0.000000000000000000e+00,5.277460726555174375e+01,-1.388336212044027240e+00,1.747585827927022661e+00,0.000000000000000000e+00,0.000000000000000000e+00,0.000000000000000000e+00,6.824224104362681942e+01,-7.525678808631768302e-01,2.259783246017021519e+00,0.000000000000000000e+00,0.000000000000000000e+00,0.000000000000000000e+00,8.224357631735668406e+01,1.440464612077765327e+00,2.723425447526985010e+00,0.000000000000000000e+00,0.000000000000000000e+00,0.000000000000000000e+00,9.376191827431125603e+01,5.625442758325080561e+00,3.104845456280525884e+00,0.000000000000000000e+00,0.000000000000000000e+00,0.000000000000000000e+00,9.944432143834794147e+01,1.220375695119370008e+01,3.293013360364973163e+00,0.000000000000000000e+00,0.000000000000000000e+00,0.000000000000000000e+00,9.270415288332159776e+01,2.142585399844335825e+01,3.069818463142268694e+00,0.000000000000000000e+00,0.000000000000000000e+00,0.000000000000000000e+00,6.164076337926932325e+01,3.309461744756308832e+01,2.041180978612955776e+00,0.000000000000000000e+00,0.000000000000000000e+00,0.000000000000000000e+00,-1.801633968954759979e+01,4.554425082302542904e+01,-5.965956270246658422e-01,0.000000000000000000e+00,0.000000000000000000e+00,0.000000000000000000e+00,-2.169087976769652073e+02,5.082305133611027514e+01,-7.182748681872001661e+00,0.000000000000000000e+00,0.000000000000000000e+00,0.000000000000000000e+00,-1.002469571305478212e+03,-9.585260004215594876e+00,-3.319591952482559805e+01,0.000000000000000000e+00,0.000000000000000000e+00,0.000000000000000000e+00,-2.161289457616305185e+02,5.087478371677302391e+01,-7.156924554972052377e+00,0.000000000000000000e+00,0.000000000000000000e+00,0.000000000000000000e+00,-1.650404447162325638e+01,4.566706886777262753e+01,-5.465172687492885206e-01,0.000000000000000000e+00,0.000000000000000000e+00,0.000000000000000000e+00,6.377505546036856288e+01,3.332656526360296567e+01,2.111856229208734614e+00,0.000000000000000000e+00,0.000000000000000000e+00,0.000000000000000000e+00,9.525318037006010741e+01,2.182170334063016170e+01,3.154227320765893072e+00,0.000000000000000000e+00,0.000000000000000000e+00,0.000000000000000000e+00,1.020477144520464208e+02,1.283052908401397119e+01,3.379222485756864458e+00,0.000000000000000000e+00,0.000000000000000000e+00,0.000000000000000000e+00,9.582020722422005576e+01,6.553597661616326064e+00,3.173003928413542507e+00,0.000000000000000000e+00,0.000000000000000000e+00,0.000000000000000000e+00,8.277605788305415047e+01,2.726876301675309033e+00,2.741058117594275867e+00,0.000000000000000000e+00,0.000000000000000000e+00,0.000000000000000000e+00,6.554878309772439593e+01,8.953597137269138084e-01,2.170591697689782773e+00,0.000000000000000000e+00,0.000000000000000000e+00,0.000000000000000000e+00,4.311833295185038395e+01,4.408849623705396459e-01,1.427826591135593404e+00,0.000000000000000000e+00
0.000000000000000000e+00,0.000000000000000000e+00,0.000000000000000000e+00,0.000000000000000000e+00,0.000000000000000000e+00,0.000000000000000000e+00,0.000000000000000000e+00,0.000000000000000000e+00,-1.529524628082156834e+00,-6.929791355802613316e-03,-5.064889540630442000e-02,0.000000000000000000e+00,0.000000000000000000e+00,0.000000000000000000e+00,-2.299042161792355099e+00,-7.934863736953203656e-03,-7.613080812782471729e-02,0.000000000000000000e+00,0.000000000000000000e+00,0.000000000000000000e+00,-2.875817829327149688e+00,-4.935635248637655625e-02,-9.523023936385593968e-02,0.000000000000000000e+00,0.000000000000000000e+00,0.000000000000000000e+00,-3.315176581463645356e+00,-1.498463131720834396e-01,-1.097792273789802153e-01,0.000000000000000000e+00,0.000000000000000000e+00,0.000000000000000000e+00,-3.562294892209378894e+00,-3.219589873982685591e-01,-1.179623381600323345e-01,0.000000000000000000e+00,0.000000000000000000e+00,0.000000000000000000e+00,-3.469927605163833917e+00,-5.718009707909732509e-01,-1.149036747200068848e-01,0.000000000000000000e+00,0.000000000000000000e+00,0.000000000000000000e+00,-2.771124538259353010e+00,-8.921778994044666788e-01,-9.176341087892755932e-02,0.000000000000000000e+00,0.000000000000000000e+00,0.000000000000000000e+00,-1.013548207075793739e+00,-1.246070129438960006e+00,-3.356277904056837597e-02,0.000000000000000000e+00,0.000000000000000000e+00,0.000000000000000000e+00,2.670797082304814385e+00,-1.515160859862786591e+00,8.844115327697274487e-02,0.000000000000000000e+00,0.000000000000000000e+00,0.000000000000000000e+00,1.070128008835902023e+01,-1.271262587931324850e+00,3.543637061852863979e-01,0.000000000000000000e+00,0.000000000000000000e+00,0.000000000000000000e+00,3.898200390241823499e+01,2.400136441915014185e+00,1.290855604500722675e+00,0.000000000000000000e+00,0.000000000000000000e+00,0.000000000000000000e+00,1.067032088824296210e+01,-1.274500961768647578e+00,3.533385188429243873e-01,0.000000000000000000e+00,0.000000000000000000e+00,0.000000000000000000e+00,2.611518675978855342e+00,-1.522408344977568051e+00,8.647819972478228145e-02,0.000000000000000000e+00,0.000000000000000000e+00,0.000000000000000000e+00,-1.095275765792274703e+00,-1.258820634809543648e+00,-3.626911700809386935e-02,0.000000000000000000e+00,0.000000000000000000e+00,0.000000000000000000e+00,-2.864911705919264140e+00,-9.125233245087062128e-01,-9.486909244694304022e-02,0.000000000000000000e+00,0.000000000000000000e+00,0.000000000000000000e+00,-3.558690443435420292e+00,-6.021693928846839627e-01,-1.178429799322553845e-01,0.000000000000000000e+00,0.000000000000000000e+00,0.000000000000000000e+00,-3.618914072644414670e+00,-3.646233660607876570e-01,-1.198372337290177642e-01,0.000000000000000000e+00,0.000000000000000000e+00,0.000000000000000000e+00,-3.296964543499933953e+00,-2.059983775467705558e-01,-1.091761513715560072e-01,0.000000000000000000e+00,0.000000000000000000e+00,0.000000000000000000e+00,-2.710972432642986263e+00,-1.169427812167117137e-01,-8.977152552455280876e-02,0.000000000000000000e+00,0.000000000000000000e+00,0.000000000000000000e+00,-1.831225971414409015e+00,-7.432217625251669180e-02,-6.063947646777924361e-02,0.000000000000000000e+00
0.000000000000000000e+00,0.000000000000000000e+00,0.000000000000000000e+00,0.000000000000000000e+00,0.000000000000000000e+00,0.000000000000000000e+00,0.000000000000000000e+00,0.000000000000000000e+00,0.000000000000000000e+00,0.000000000000000000e+00,0.000000000000000000e+00,0.000000000000000000e+00,0.000000000000000000e+00,0.000000000000000000e+00,0.000000000000000000e+00,0.000000000000000000e+00,0.000000000000000000e+00,0.000000000000000000e+00,0.000000000000000000e+00,0.000000000000000000e+00,0.000000000000000000e+00,0.000000000000000000e+00,0.000000000000000000e+00,0.000000000000000000e+00,0.000000000000000000e+00,0.000000000000000000e+00,0.000000000000000000e+00,0.000000000000000000e+00,0.000000000000000000e+00,0.000000000000000000e+00,0.000000000000000000e+00,0.000000000000000000e+00,0.000000000000000000e+00,0.000000000000000000e+00,0.000000000000000000e+00,0.000000000000000000e+00,0.000000000000000000e+00,0.000000000000000000e+00,0.000000000000000000e+00,0.000000000000000000e+00,0.000000000000000000e+00,0.000000000000000000e+00,0.000000000000000000e+00,0.000000000000000000e+00,0.000000000000000000e+00,0.000000000000000000e+00,0.000000000000000000e+00,0.000000000000000000e+00,0.000000000000000000e+00,0.000000000000000000e+00,0.000000000000000000e+00,0.000000000000000000e+00,0.000000000000000000e+00,0.000000000000000000e+00,0.000000000000000000e+00,0.000000000000000000e+00,0.000000000000000000e+00,0.000000000000000000e+00,0.000000000000000000e+00,0.000000000000000000e+00,0.000000000000000000e+00,0.000000000000000000e+00,0.000000000000000000e+00,0.000000000000000000e+00,0.000000000000000000e+00,0.000000000000000000e+00,0.000000000000000000e+00,0.000000000000000000e+00,0.000000000000000000e+00,0.000000000000000000e+00,0.000000000000000000e+00,0.000000000000000000e+00,0.000000000000000000e+00,0.000000000000000000e+00,0.000000000000000000e+00,0.000000000000000000e+00,0.000000000000000000e+00,0.000000000000000000e+00,0.000000000000000000e+00,0.000000000000000000e+00,0.000000000000000000e+00,0.000000000000000000e+00,0.000000000000000000e+00,0.000000000000000000e+00,0.000000000000000000e+00,0.000000000000000000e+00,0.000000000000000000e+00,0.000000000000000000e+00,0.000000000000000000e+00,0.000000000000000000e+00,0.000000000000000000e+00,0.000000000000000000e+00,0.000000000000000000e+00,0.000000000000000000e+00,0.000000000000000000e+00,0.000000000000000000e+00,0.000000000000000000e+00,0.000000000000000000e+00,0.000000000000000000e+00,0.000000000000000000e+00,0.000000000000000000e+00,0.000000000000000000e+00,0.000000000000000000e+00,0.000000000000000000e+00,0.000000000000000000e+00,0.000000000000000000e+00,0.000000000000000000e+00,0.000000000000000000e+00,0.000000000000000000e+00,0.000000000000000000e+00,0.000000000000000000e+00,0.000000000000000000e+00,0.000000000000000000e+00,0.000000000000000000e+00,0.000000000000000000e+00,0.000000000000000000e+00,0.000000000000000000e+00,0.000000000000000000e+00,0.000000000000000000e+00,0.000000000000000000e+00,0.000000000000000000e+00,0.000000000000000000e+00,0.000000000000000000e+00,0.000000000000000000e+00,0.000000000000000000e+00,0.000000000000000000e+00
0.000000000000000000e+00,0.000000000000000000e+00,0.000000000000000000e+00,0.000000000000000000e+00,0.000000000000000000e+00,0.000000000000000000e+00,0.000000000000000000e+00,0.000000000000000000e+00,0.000000000000000000e+00,0.000000000000000000e+00,0.000000000000000000e+00,0.000000000000000000e+00,0.000000000000000000e+00,0.000000000000000000e+00,0.000000000000000000e+00,0.000000000000000000e+00,0.000000000000000000e+00,0.000000000000000000e+00,0.000000000000000000e+00,0.000000000000000000e+00,0.000000000000000000e+00,0.000000000000000000e+00,0.000000000000000000e+00,0.000000000000000000e+00,0.000000000000000000e+00,0.000000000000000000e+00,0.000000000000000000e+00,0.000000000000000000e+00,0.000000000000000000e+00,0.000000000000000000e+00,0.000000000000000000e+00,0.000000000000000000e+00,0.000000000000000000e+00,0.000000000000000000e+00,0.000000000000000000e+00,0.000000000000000000e+00,0.000000000000000000e+00,0.000000000000000000e+00,0.000000000000000000e+00,0.000000000000000000e+00,0.000000000000000000e+00,0.000000000000000000e+00,0.000000000000000000e+00,0.000000000000000000e+00,0.000000000000000000e+00,0.000000000000000000e+00,0.000000000000000000e+00,0.000000000000000000e+00,0.000000000000000000e+00,0.000000000000000000e+00,0.000000000000000000e+00,0.000000000000000000e+00,0.000000000000000000e+00,0.000000000000000000e+00,0.000000000000000000e+00,0.000000000000000000e+00,0.000000000000000000e+00,0.000000000000000000e+00,0.000000000000000000e+00,0.000000000000000000e+00,0.000000000000000000e+00,0.000000000000000000e+00,0.000000000000000000e+00,0.000000000000000000e+00,0.000000000000000000e+00,0.000000000000000000e+00,0.000000000000000000e+00,0.000000000000000000e+00,0.000000000000000000e+00,0.000000000000000000e+00,0.000000000000000000e+00,0.000000000000000000e+00,0.000000000000000000e+00,0.000000000000000000e+00,0.000000000000000000e+00,0.000000000000000000e+00,0.000000000000000000e+00,0.000000000000000000e+00,0.000000000000000000e+00,0.000000000000000000e+00,0.000000000000000000e+00,0.000000000000000000e+00,0.000000000000000000e+00,0.000000000000000000e+00,0.000000000000000000e+00,0.000000000000000000e+00,0.000000000000000000e+00,0.000000000000000000e+00,0.000000000000000000e+00,0.000000000000000000e+00,0.000000000000000000e+00,0.000000000000000000e+00,0.000000000000000000e+00,0.000000000000000000e+00,0.000000000000000000e+00,0.000000000000000000e+00,0.000000000000000000e+00,0.000000000000000000e+00,0.000000000000000000e+00,0.000000000000000000e+00,0.000000000000000000e+00,0.000000000000000000e+00,0.000000000000000000e+00,0.000000000000000000e+00,0.000000000000000000e+00,0.000000000000000000e+00,0.000000000000000000e+00,0.000000000000000000e+00,0.000000000000000000e+00,0.000000000000000000e+00,0.000000000000000000e+00,0.000000000000000000e+00,0.000000000000000000e+00,0.000000000000000000e+00,0.000000000000000000e+00,0.000000000000000000e+00,0.000000000000000000e+00,0.000000000000000000e+00,0.000000000000000000e+00,0.000000000000000000e+00,0.000000000000000000e+00,0.000000000000000000e+00,0.000000000000000000e+00,0.000000000000000000e+00,0.000000000000000000e+00,0.000000000000000000e+00
0.000000000000000000e+00,0.000000000000000000e+00,0.000000000000000000e+00,0.000000000000000000e+00,0.000000000000000000e+00,0.000000000000000000e+00,0.000000000000000000e+00,0.000000000000000000e+00,0.000000000000000000e+00,0.000000000000000000e+00,0.000000000000000000e+00,0.000000000000000000e+00,0.000000000000000000e+00,0.000000000000000000e+00,0.000000000000000000e+00,0.000000000000000000e+00,0.000000000000000000e+00,0.000000000000000000e+00,0.000000000000000000e+00,0.000000000000000000e+00,0.000000000000000000e+00,0.000000000000000000e+00,0.000000000000000000e+00,0.000000000000000000e+00,0.000000000000000000e+00,0.000000000000000000e+00,0.000000000000000000e+00,0.000000000000000000e+00,0.000000000000000000e+00,0.000000000000000000e+00,0.000000000000000000e+00,0.000000000000000000e+00,0.000000000000000000e+00,0.000000000000000000e+00,0.000000000000000000e+00,0.000000000000000000e+00,0.000000000000000000e+00,0.000000000000000000e+00,0.000000000000000000e+00,0.000000000000000000e+00,0.000000000000000000e+00,0.000000000000000000e+00,0.000000000000000000e+00,0.000000000000000000e+00,0.000000000000000000e+00,0.000000000000000000e+00,0.000000000000000000e+00,0.000000000000000000e+00,0.000000000000000000e+00,0.000000000000000000e+00,0.000000000000000000e+00,0.000000000000000000e+00,0.000000000000000000e+00,0.000000000000000000e+00,0.000000000000000000e+00,0.000000000000000000e+00,0.000000000000000000e+00,0.000000000000000000e+00,0.000000000000000000e+00,0.000000000000000000e+00,0.000000000000000000e+00,0.000000000000000000e+00,0.000000000000000000e+00,0.000000000000000000e+00,0.000000000000000000e+00,0.000000000000000000e+00,0.000000000000000000e+00,0.000000000000000000e+00,0.000000000000000000e+00,0.000000000000000000e+00,0.000000000000000000e+00,0.000000000000000000e+00,0.000000000000000000e+00,0.000000000000000000e+00,0.000000000000000000e+00,0.000000000000000000e+00,0.000000000000000000e+00,0.000000000000000000e+00,0.000000000000000000e+00,0.000000000000000000e+00,0.000000000000000000e+00,0.000000000000000000e+00,0.000000000000000000e+00,0.000000000000000000e+00,0.000000000000000000e+00,0.000000000000000000e+00,0.000000000000000000e+00,0.000000000000000000e+00,0.000000000000000000e+00,0.000000000000000000e+00,0.000000000000000000e+00,0.000000000000000000e+00,0.000000000000000000e+00,0.000000000000000000e+00,0.000000000000000000e+00,0.000000000000000000e+00,0.000000000000000000e+00,0.000000000000000000e+00,0.000000000000000000e+00,0.000000000000000000e+00,0.000000000000000000e+00,0.000000000000000000e+00,0.000000000000000000e+00,0.000000000000000000e+00,0.000000000000000000e+00,0.000000000000000000e+00,0.000000000000000000e+00,0.000000000000000000e+00,0.000000000000000000e+00,0.000000000000000000e+00,0.000000000000000000e+00,0.000000000000000000e+00,0.000000000000000000e+00,0.000000000000000000e+00,0.000000000000000000e+00,0.000000000000000000e+00,0.000000000000000000e+00,0.000000000000000000e+00,0.000000000000000000e+00,0.000000000000000000e+00,0.000000000000000000e+00,0.000000000000000000e+00,0.000000000000000000e+00,0.000000000000000000e+00,0.000000000000000000e+00,0.000000000000000000e+00
0.000000000000000000e+00,0.000000000000000000e+00,0.000000000000000000e+00,0.000000000000000000e+00,0.000000000000000000e+00,0.000000000000000000e+00,0.000000000000000000e+00,0.000000000000000000e+00,-3.736907441155269538e+01,1.054544957963361229e+00,-1.237444828642193739e+00,0.000000000000000000e+00,0.000000000000000000e+00,0.000000000000000000e+00,-5.679477622744833809e+01,1.823104060883269373e+00,-1.880710272952850648e+00,0.000000000000000000e+00,0.000000000000000000e+00,0.000000000000000000e+00,-7.253715112273792442e+01,1.594865643276999201e+00,-2.402005507353959679e+00,0.000000000000000000e+00,0.000000000000000000e+00,0.000000000000000000e+00,-8.651566848065176885e+01,-4.574103279250910092e-02,-2.864892113164226650e+00,0.000000000000000000e+00,0.000000000000000000e+00,0.000000000000000000e+00,-9.819620591169780255e+01,-3.466053413089923207e+00,-3.251683085844603305e+00,0.000000000000000000e+00,0.000000000000000000e+00,0.000000000000000000e+00,-1.051494215291692029e+02,-8.989344338930960632e+00,-3.481932853701162234e+00,0.000000000000000000e+00,0.000000000000000000e+00,0.000000000000000000e+00,-1.025177675431457516e+02,-1.678724392139923083e+01,-3.394787890464567859e+00,0.000000000000000000e+00,0.000000000000000000e+00,0.000000000000000000e+00,-8.197837470071056032e+01,-2.664828950512936956e+01,-2.714643523590308138e+00,0.000000000000000000e+00,0.000000000000000000e+00,0.000000000000000000e+00,-2.969793628917920003e+01,-3.747015890013821604e+01,-9.834216731637553943e-01,0.000000000000000000e+00,0.000000000000000000e+00,0.000000000000000000e+00,8.065427451535168757e+01,-4.570053717750246847e+01,2.670797082307585057e+00,0.000000000000000000e+00,0.000000000000000000e+00,0.000000000000000000e+00,3.222285196386641246e+02,-3.843158475290990594e+01,1.067032088824293190e+01,0.000000000000000000e+00,0.000000000000000000e+00,0.000000000000000000e+00,1.175385209844112751e+03,7.232765607446981448e+01,3.892187249718087827e+01,0.000000000000000000e+00,0.000000000000000000e+00,0.000000000000000000e+00,3.196722186668450263e+02,-3.879046021308675307e+01,1.058567117540289182e+01,0.000000000000000000e+00,0.000000000000000000e+00,0.000000000000000000e+00,7.581934956566871620e+01,-4.648305703029609504e+01,2.510692691977577606e+00,0.000000000000000000e+00,0.000000000000000000e+00,0.000000000000000000e+00,-3.619998126993467480e+01,-3.879946231847059579e+01,-1.198731312584410569e+00,0.000000000000000000e+00,0.000000000000000000e+00,0.000000000000000000e+00,-8.908069832927846221e+01,-2.869007949625914478e+01,-2.949830875268415920e+00,0.000000000000000000e+00,0.000000000000000000e+00,0.000000000000000000e+00,-1.084942239987354355e+02,-1.971832198390553259e+01,-3.592693116939439157e+00,0.000000000000000000e+00,0.000000000000000000e+00,0.000000000000000000e+00,-1.072827792040842638e+02,-1.293746550705564324e+01,-3.552577162238006014e+00,0.000000000000000000e+00,0.000000000000000000e+00,0.000000000000000000e+00,-9.208364333422170489e+01,-8.377619789142949358e+00,-3.049270821951045818e+00,0.000000000000000000e+00,0.000000000000000000e+00,0.000000000000000000e+00,-6.362647722108000892e+01,-5.271980919352489359e+00,-2.106936188325957193e+00,0.000000000000000000e+00
0.000000000000000000e+00,0.000000000000000000e+00,0.000000000000000000e+00,0.000000000000000000e+00,0.000000000000000000e+00,0.000000000000000000e+00,0.000000000000000000e+00,0.000000000000000000e+00,2.644624630049227321e+01,-1.664110053458914162e+00,8.757447498197786784e-01,0.000000000000000000e+00,0.000000000000000000e+00,0.000000000000000000e+00,4.108008351165624816e+01,-2.654901191074618527e+00,1.360331710168691588e+00,0.000000000000000000e+00,0.000000000000000000e+00,0.000000000000000000e+00,5.411880605808189415e+01,-2.804848744371787106e+00,1.792097817337424015e+00,0.000000000000000000e+00,0.000000000000000000e+00,0.000000000000000000e+00,6.721210135412800923e+01,-1.805510842630278612e+00,2.225671054274968697e+00,0.000000000000000000e+00,0.000000000000000000e+00,0.000000000000000000e+00,8.022810272127367170e+01,7.056961684773301879e-01,2.656684769091385068e+00,0.000000000000000000e+00,0.000000000000000000e+00,0.000000000000000000e+00,9.154685697784482556e+01,5.140340808534062944e+00,3.031495602434798986e+00,0.000000000000000000e+00,0.000000000000000000e+00,0.000000000000000000e+00,9.749871156529256666e+01,1.190001768703049656e+01,3.228586159159710256e+00,0.000000000000000000e+00,0.000000000000000000e+00,0.000000000000000000e+00,9.130171835980952721e+01,2.124542234299776311e+01,3.023378047478844532e+00,0.000000000000000000e+00,0.000000000000000000e+00,0.000000000000000000e+00,6.093152856859161659e+01,3.299489170163931817e+01,2.017695276529450688e+00,0.000000000000000000e+00,0.000000000000000000e+00,0.000000000000000000e+00,-1.796117317259498591e+01,4.550066927457083210e+01,-5.947688351602157253e-01,0.000000000000000000e+00,0.000000000000000000e+00,0.000000000000000000e+00,-2.160724135694168240e+02,5.083012328491818721e+01,-7.155052539943361545e+00,0.000000000000000000e+00,0.000000000000000000e+00,0.000000000000000000e+00,-1.000881971851317758e+03,-9.513771581794673082e+00,-3.314334753139406331e+01,0.000000000000000000e+00,0.000000000000000000e+00,0.000000000000000000e+00,-2.138744091281619149e+02,5.104329017898626120e+01,-7.082267509219503765e+00,0.000000000000000000e+00,0.000000000000000000e+00,0.000000000000000000e+00,-1.374420308411124658e+01,4.598266228835078095e+01,-4.551274897240586426e-01,0.000000000000000000e+00,0.000000000000000000e+00,0.000000000000000000e+00,6.675927045782511016e+01,3.385338235015808550e+01,2.210675947767716032e+00,0.000000000000000000e+00,0.000000000000000000e+00,0.000000000000000000e+00,9.799552541313602205e+01,2.263068605127835298e+01,3.245037723360657100e+00,0.000000000000000000e+00,0.000000000000000000e+00,0.000000000000000000e+00,1.037987176030715517e+02,1.398548285065808194e+01,3.437205452375441617e+00,0.000000000000000000e+00,0.000000000000000000e+00,0.000000000000000000e+00,9.538833884503839045e+01,8.084384052219267147e+00,3.158702977670464040e+00,0.000000000000000000e+00,0.000000000000000000e+00,0.000000000000000000e+00,7.814401545129103965e+01,4.566029550166480711e+00,2.587672007729508117e+00,0.000000000000000000e+00,0.000000000000000000e+00,0.000000000000000000e+00,5.231660363527713997e+01,2.663122986894689515e+00,1.732419430773566305e+00,0.000000000000000000e+00
0.000000000000000000e+00,0.000000000000000000e+00,0.000000000000000000e+00,0.000000000000000000e+00,0.000000000000000000e+00,0.000000000000000000e+00,0.000000000000000000e+00,0.000000000000000000e+00,-1.237444828642195294e+00,3.492035126240738280e-02,-4.097692351352208440e-02,0.000000000000000000e+00,0.000000000000000000e+00,0.000000000000000000e+00,-1.880710272952851536e+00,6.037052637084171225e-02,-6.227810664532484192e-02,0.000000000000000000e+00,0.000000000000000000e+00,0.000000000000000000e+00,-2.402005507353958347e+00,5.281260704819815827e-02,-7.954035095197121985e-02,0.000000000000000000e+00,0.000000000000000000e+00,0.000000000000000000e+00,-2.864892113164244858e+00,-1.514675045532574071e-03,-9.486844364967458865e-02,0.000000000000000000e+00,0.000000000000000000e+00,0.000000000000000000e+00,-3.251683085844616183e+00,-1.147753841743473224e-01,-1.076766947622803811e-01,0.000000000000000000e+00,0.000000000000000000e+00,0.000000000000000000e+00,-3.481932853701164898e+00,-2.976744230425779625e-01,-1.153012182223017157e-01,0.000000000000000000e+00,0.000000000000000000e+00,0.000000000000000000e+00,-3.394787890464566971e+00,-5.558951754841577886e-01,-1.124154875533610737e-01,0.000000000000000000e+00,0.000000000000000000e+00,0.000000000000000000e+00,-2.714643523590329011e+00,-8.824352371459296407e-01,-8.989309055070816845e-02,0.000000000000000000e+00,0.000000000000000000e+00,0.000000000000000000e+00,-9.834216731637599462e-01,-1.240792154730032459e+00,-3.256516472495039893e-02,0.000000000000000000e+00,0.000000000000000000e+00,0.000000000000000000e+00,2.670797082307581061e+00,-1.513334067995745880e+00,8.844115327706501828e-02,0.000000000000000000e+00,0.000000000000000000e+00,0.000000000000000000e+00,1.067032088824293012e+01,-1.272628946739722933e+00,3.533385188429232215e-01,0.000000000000000000e+00,0.000000000000000000e+00,0.000000000000000000e+00,3.892187249718084985e+01,2.395068258621212198e+00,1.288864404621632209e+00,0.000000000000000000e+00,0.000000000000000000e+00,0.000000000000000000e+00,1.058567117540303926e+01,-1.284512799613134248e+00,3.505354162494171422e-01,0.000000000000000000e+00,0.000000000000000000e+00,0.000000000000000000e+00,2.510692691977575830e+00,-1.539246541354999831e+00,8.313943379440298653e-02,0.000000000000000000e+00,0.000000000000000000e+00,0.000000000000000000e+00,-1.198731312584409681e+00,-1.284810896607226471e+00,-3.969495865357759029e-02,0.000000000000000000e+00,0.000000000000000000e+00,0.000000000000000000e+00,-2.949830875268421249e+00,-9.500473604185312171e-01,-9.768111786149857867e-02,0.000000000000000000e+00,0.000000000000000000e+00,0.000000000000000000e+00,-3.592693116939438269e+00,-6.529553100448810543e-01,-1.189689492839219459e-01,0.000000000000000000e+00,0.000000000000000000e+00,0.000000000000000000e+00,-3.552577162238052644e+00,-4.284130672097541392e-01,-1.176405438718792912e-01,0.000000000000000000e+00,0.000000000000000000e+00,0.000000000000000000e+00,-3.049270821951044930e+00,-2.774176895641958795e-01,-1.009739863555821626e-01,0.000000000000000000e+00,0.000000000000000000e+00,0.000000000000000000e+00,-2.106936188325957193e+00,-1.745771236800086057e-01,-6.976938368366517040e-02,0.000000000000000000e+00
0.000000000000000000e+00,0.000000000000000000e+00,0.000000000000000000e+00,0.000000000000000000e+00,0.000000000000000000e+00,0.000000000000000000e+00,0.000000000000000000e+00,0.000000000000000000e+00,0.000000000000000000e+00,0.000000000000000000e+00,0.000000000000000000e+00,0.000000000000000000e+00,0.000000000000000000e+00,0.000000000000000000e+00,0.000000000000000000e+00,0.000000000000000000e+00,0.000000000000000000e+00,0.000000000000000000e+00,0.000000000000000000e+00,0.000000000000000000e+00,0.000000000000000000e+00,0.000000000000000000e+00,0.000000000000000000e+00,0.000000000000000000e+00,0.000000000000000000e+00,0.000000000000000000e+00,0.000000000000000000e+00,0.000000000000000000e+00,0.000000000000000000e+00,0.000000000000000000e+00,0.000000000000000000e+00,0.000000000000000000e+00,0.000000000000000000e+00,0.000000000000000000e+00,0.000000000000000000e+00,0.000000000000000000e+00,0.000000000000000000e+00,0.000000000000000000e+00,0.000000000000000000e+00,0.000000000000000000e+00,0.000000000000000000e+00,0.000000000000000000e+00,0.000000000000000000e+00,0.000000000000000000e+00,0.000000000000000000e+00,0.000000000000000000e+00,0.000000000000000000e+00,0.000000000000000000e+00,0.000000000000000000e+00,0.000000000000000000e+00,0.000000000000000000e+00,0.000000000000000000e+00,0.000000000000000000e+00,0.000000000000000000e+00,0.000000000000000000e+00,0.000000000000000000e+00,0.000000000000000000e+00,0.000000000000000000e+00,0.000000000000000000e+00,0.000000000000000000e+00,0.000000000000000000e+00,0.000000000000000000e+00,0.000000000000000000e+00,0.000000000000000000e+00,0.000000000000000000e+00,0.000000000000000000e+00,0.000000000000000000e+00,0.000000000000000000e+00,0.000000000000000000e+00,0.000000000000000000e+00,0.000000000000000000e+00,0.000000000000000000e+00,0.000000000000000000e+00,0.000000000000000000e+00,0.000000000000000000e+00,0.000000000000000000e+00,0.000000000000000000e+00,0.000000000000000000e+00,0.000000000000000000e+00,0.000000000000000000e+00,0.000000000000000000e+00,0.000000000000000000e+00,0.000000000000000000e+00,0.000000000000000000e+00,0.000000000000000000e+00,0.000000000000000000e+00,0.000000000000000000e+00,0.000000000000000000e+00,0.000000000000000000e+00,0.000000000000000000e+00,0.000000000000000000e+00,0.000000000000000000e+00,0.000000000000000000e+00,0.000000000000000000e+00,0.000000000000000000e+00,0.000000000000000000e+00,0.000000000000000000e+00,0.000000000000000000e+00,0.000000000000000000e+00,0.000000000000000000e+00,0.000000000000000000e+00,0.000000000000000000e+00,0.000000000000000000e+00,0.000000000000000000e+00,0.000000000000000000e+00,0.000000000000000000e+00,0.000000000000000000e+00,0.000000000000000000e+00,0.000000000000000000e+00,0.000000000000000000e+00,0.000000000000000000e+00,0.000000000000000000e+00,0.000000000000000000e+00,0.000000000000000000e+00,0.000000000000000000e+00,0.000000000000000000e+00,0.000000000000000000e+00,0.000000000000000000e+00,0.000000000000000000e+00,0.000000000000000000e+00,0.000000000000000000e+00,0.000000000000000000e+00,0.000000000000000000e+00,0.000000000000000000e+00,0.000000000000000000e+00,0.000000000000000000e+00
0.000000000000000000e+00,0.000000000000000000e+00,0.000000000000000000e+00,0.000000000000000000e+00,0.000000000000000000e+00,0.000000000000000000e+00,0.000000000000000000e+00,0.000000000000000000e+00,0.000000000000000000e+00,0.000000000000000000e+00,0.000000000000000000e+00,0.000000000000000000e+00,0.000000000000000000e+00,0.000000000000000000e+00,0.000000000000000000e+00,0.000000000000000000e+00,0.000000000000000000e+00,0.000000000000000000e+00,0.000000000000000000e+00,0.000000000000000000e+00,0.000000000000000000e+00,0.000000000000000000e+00,0.000000000000000000e+00,0.000000000000000000e+00,0.000000000000000000e+00,0.000000000000000000e+00,0.000000000000000000e+00,0.000000000000000000e+00,0.000000000000000000e+00,0.000000000000000000e+00,0.000000000000000000e+00,0.000000000000000000e+00,0.000000000000000000e+00,0.000000000000000000e+00,0.000000000000000000e+00,0.000000000000000000e+00,0.000000000000000000e+00,0.000000000000000000e+00,0.000000000000000000e+00,0.000000000000000000e+00,0.000000000000000000e+00,0.000000000000000000e+00,0.000000000000000000e+00,0.000000000000000000e+00,0.000000000000000000e+00,0.000000000000000000e+00,0.000000000000000000e+00,0.000000000000000000e+00,0.000000000000000000e+00,0.000000000000000000e+00,0.000000000000000000e+00,0.000000000000000000e+00,0.000000000000000000e+00,0.000000000000000000e+00,0.000000000000000000e+00,0.000000000000000000e+00,0.000000000000000000e+00,0.000000000000000000e+00,0.000000000000000000e+00,0.000000000000000000e+00,0.000000000000000000e+00,0.000000000000000000e+00,0.000000000000000000e+00,0.000000000000000000e+00,0.000000000000000000e+00,0.000000000000000000e+00,0.000000000000000000e+00,0.000000000000000000e+00,0.000000000000000000e+00,0.000000000000000000e+00,0.000000000000000000e+00,0.000000000000000000e+00,0.000000000000000000e+00,0.000000000000000000e+00,0.000000000000000000e+00,0.000000000000000000e+00,0.000000000000000000e+00,0.000000000000000000e+00,0.000000000000000000e+00,0.000000000000000000e+00,0.000000000000000000e+00,0.000000000000000000e+00,0.000000000000000000e+00,0.000000000000000000e+00,0.000000000000000000e+00,0.000000000000000000e+00,0.000000000000000000e+00,0.000000000000000000e+00,0.000000000000000000e+00,0.000000000000000000e+00,0.000000000000000000e+00,0.000000000000000000e+00,0.000000000000000000e+00,0.000000000000000000e+00,0.000000000000000000e+00,0.000000000000000000e+00,0.000000000000000000e+00,0.000000000000000000e+00,0.000000000000000000e+00,0.000000000000000000e+00,0.000000000000000000e+00,0.000000000000000000e+00,0.000000000000000000e+00,0.000000000000000000e+00,0.000000000000000000e+00,0.000000000000000000e+00,0.000000000000000000e+00,0.000000000000000000e+00,0.000000000000000000e+00,0.000000000000000000e+00,0.000000000000000000e+00,0.000000000000000000e+00,0.000000000000000000e+00,0.000000000000000000e+00,0.000000000000000000e+00,0.000000000000000000e+00,0.000000000000000000e+00,0.000000000000000000e+00,0.000000000000000000e+00,0.000000000000000000e+00,0.000000000000000000e+00,0.000000000000000000e+00,0.000000000000000000e+00,0.000000000000000000e+00,0.000000000000000000e+00,0.000000000000000000e+00
0.000000000000000000e+00,0.000000000000000000e+00,0.000000000000000000e+00,0.000000000000000000e+00,0.000000000000000000e+00,0.000000000000000000e+00,0.000000000000000000e+00,0.000000000000000000e+00,0.000000000000000000e+00,0.000000000000000000e+00,0.000000000000000000e+00,0.000000000000000000e+00,0.000000000000000000e+00,0.000000000000000000e+00,0.000000000000000000e+00,0.000000000000000000e+00,0.000000000000000000e+00,0.000000000000000000e+00,0.000000000000000000e+00,0.000000000000000000e+00,0.000000000000000000e+00,0.000000000000000000e+00,0.000000000000000000e+00,0.000000000000000000e+00,0.000000000000000000e+00,0.000000000000000000e+00,0.000000000000000000e+00,0.000000000000000000e+00,0.000000000000000000e+00,0.000000000000000000e+00,0.000000000000000000e+00,0.000000000000000000e+00,0.000000000000000000e+00,0.000000000000000000e+00,0.000000000000000000e+00,0.000000000000000000e+00,0.000000000000000000e+00,0.000000000000000000e+00,0.000000000000000000e+00,0.000000000000000000e+00,0.000000000000000000e+00,0.000000000000000000e+00,0.000000000000000000e+00,0.000000000000000000e+00,0.000000000000000000e+00,0.000000000000000000e+00,0.000000000000000000e+00,0.000000000000000000e+00,0.000000000000000000e+00,0.000000000000000000e+00,0.000000000000000000e+00,0.000000000000000000e+00,0.000000000000000000e+00,0.000000000000000000e+00,0.000000000000000000e+00,0.000000000000000000e+00,0.000000000000000000e+00,0.000000000000000000e+00,0.000000000000000000e+00,0.000000000000000000e+00,0.000000000000000000e+00,0.000000000000000000e+00,0.000000000000000000e+00,0.000000000000000000e+00,0.000000000000000000e+00,0.000000000000000000e+00,0.000000000000000000e+00,0.000000000000000000e+00,0.000000000000000000e+00,0.000000000000000000e+00,0.000000000000000000e+00,0.000000000000000000e+00,0.000000000000000000e+00,0.000000000000000000e+00,0.000000000000000000e+00,0.000000000000000000e+00,0.000000000000000000e+00,0.000000000000000000e+00,0.000000000000000000e+00,0.000000000000000000e+00,0.000000000000000000e+00,0.000000000000000000e+00,0.000000000000000000e+00,0.000000000000000000e+00,0.000000000000000000e+00,0.000000000000000000e+00,0.000000000000000000e+00,0.000000000000000000e+00,0.000000000000000000e+00,0.000000000000000000e+00,0.000000000000000000e+00,0.000000000000000000e+00,0.000000000000000000e+00,0.000000000000000000e+00,0.000000000000000000e+00,0.000000000000000000e+00,0.000000000000000000e+00,0.000000000000000000e+00,0.000000000000000000e+00,0.000000000000000000e+00,0.000000000000000000e+00,0.000000000000000000e+00,0.000000000000000000e+00,0.000000000000000000e+00,0.000000000000000000e+00,0.000000000000000000e+00,0.000000000000000000e+00,0.000000000000000000e+00,0.000000000000000000e+00,0.000000000000000000e+00,0.000000000000000000e+00,0.000000000000000000e+00,0.000000000000000000e+00,0.000000000000000000e+00,0.000000000000000000e+00,0.000000000000000000e+00,0.000000000000000000e+00,0.000000000000000000e+00,0.000000000000000000e+00,0.000000000000000000e+00,0.000000000000000000e+00,0.000000000000000000e+00,0.000000000000000000e+00,0.000000000000000000e+00,0.000000000000000000e+00,0.000000000000000000e+00
0.000000000000000000e+00,0.000000000000000000e+00,0.000000000000000000e+00,0.000000000000000000e+00,0.000000000000000000e+00,0.000000000000000000e+00,0.000000000000000000e+00,0.000000000000000000e+00,-2.944347207711203396e+01,1.748195899929083197e+00,-9.749953091647700631e-01,0.000000000000000000e+00,0.000000000000000000e+00,0.000000000000000000e+00,-4.512086520730584738e+01,2.968846013792056926e+00,-1.494138728182704989e+00,0.000000000000000000e+00,0.000000000000000000e+00,0.000000000000000000e+00,-5.860631921477752115e+01,3.413259783777654377e+00,-1.940697964294772815e+00,0.000000000000000000e+00,0.000000000000000000e+00,0.000000000000000000e+00,-7.178749517835541383e+01,2.797265660379028684e+00,-2.377181294117602928e+00,0.000000000000000000e+00,0.000000000000000000e+00,0.000000000000000000e+00,-8.473953572402655254e+01,8.123865569969195288e-01,-2.806077001222678557e+00,0.000000000000000000e+00,0.000000000000000000e+00,0.000000000000000000e+00,-9.627114423491478590e+01,-2.883054948214796465e+00,-3.187936320524249023e+00,0.000000000000000000e+00,0.000000000000000000e+00,0.000000000000000000e+00,-1.036053732027654064e+02,-8.613359077394017405e+00,-3.430803018489313239e+00,0.000000000000000000e+00,0.000000000000000000e+00,0.000000000000000000e+00,-1.016646475710307271e+02,-1.656283250144131358e+01,-3.366537554743660010e+00,0.000000000000000000e+00,0.000000000000000000e+00,0.000000000000000000e+00,-8.197837470068766663e+01,-2.653880234624622148e+01,-2.714643523589550522e+00,0.000000000000000000e+00,0.000000000000000000e+00,0.000000000000000000e+00,-3.060771477905027282e+01,-3.746066870380830238e+01,-1.013548207075255503e+00,0.000000000000000000e+00,0.000000000000000000e+00,0.000000000000000000e+00,7.886415092700237039e+01,-4.579863476066951478e+01,2.611518675980547322e+00,0.000000000000000000e+00,0.000000000000000000e+00,0.000000000000000000e+00,3.196722186669482539e+02,-3.866664361864010857e+01,1.058567117540645341e+01,0.000000000000000000e+00,0.000000000000000000e+00,0.000000000000000000e+00,1.172275573185396752e+03,7.190673525880704631e+01,3.881889954794686304e+01,0.000000000000000000e+00,0.000000000000000000e+00,0.000000000000000000e+00,3.163502304886279717e+02,-3.946106050386444508e+01,1.047566638784333826e+01,0.000000000000000000e+00,0.000000000000000000e+00,0.000000000000000000e+00,7.280294097307469769e+01,-4.747315593837489445e+01,2.410806910144472237e+00,0.000000000000000000e+00,0.000000000000000000e+00,0.000000000000000000e+00,-3.814150174903252832e+01,-4.016830100227706168e+01,-1.263023097018324048e+00,0.000000000000000000e+00,0.000000000000000000e+00,0.000000000000000000e+00,-8.881886794325320977e+01,-3.045655941624620766e+01,-2.941160586740529936e+00,0.000000000000000000e+00,0.000000000000000000e+00,0.000000000000000000e+00,-1.043704727225451734e+02,-2.180535804482177298e+01,-3.456138632471064565e+00,0.000000000000000000e+00,0.000000000000000000e+00,0.000000000000000000e+00,-9.666744742710055505e+01,-1.504077936510865143e+01,-3.201059560622297351e+00,0.000000000000000000e+00,0.000000000000000000e+00,0.000000000000000000e+00,-6.936319060108790779e+01,-9.497639128168023248e+00,-2.296902528602736471e+00,0.000000000000000000e+00
0.000000000000000000e+00,0.000000000000000000e+00,0.000000000000000000e+00,0.000000000000000000e+00,0.000000000000000000e+00,0.000000000000000000e+00,0.000000000000000000e+00,0.000000000000000000e+00,1.984909373253392317e+01,-1.977806241650088337e+00,6.572857042711460762e-01,0.000000000000000000e+00,0.000000000000000000e+00,0.000000000000000000e+00,3.105036316634685534e+01,-3.215918337688037809e+00,1.028206128535510855e+00,0.000000000000000000e+00,0.000000000000000000e+00,0.000000000000000000e+00,4.156938135440506699e+01,-3.837594962956106137e+00,1.376534388311238866e+00,0.000000000000000000e+00,0.000000000000000000e+00,0.000000000000000000e+00,5.294706899400515709e+01,-3.652549281496271227e+00,1.753296750056444919e+00,0.000000000000000000e+00,0.000000000000000000e+00,0.000000000000000000e+00,6.548500122987891814e+01,-2.384894874109149132e+00,2.168479615874281397e+00,0.000000000000000000e+00,0.000000000000000000e+00,0.000000000000000000e+00,7.856129637236529106e+01,3.251440231844900941e-01,2.601489907316411720e+00,0.000000000000000000e+00,0.000000000000000000e+00,0.000000000000000000e+00,9.030077906502002349e+01,4.898192923674970167e+00,2.990232801747564562e+00,0.000000000000000000e+00,0.000000000000000000e+00,0.000000000000000000e+00,9.687790408255730767e+01,1.175018412518020128e+01,3.208028652151818871e+00,0.000000000000000000e+00,0.000000000000000000e+00,0.000000000000000000e+00,9.141120551867433619e+01,2.115892748748017027e+01,3.027003620781725690e+00,0.000000000000000000e+00,0.000000000000000000e+00,0.000000000000000000e+00,6.180964090751420770e+01,3.296120420024306696e+01,2.046773213028491689e+00,0.000000000000000000e+00,0.000000000000000000e+00,0.000000000000000000e+00,-1.632811179189367934e+01,4.552808205075323400e+01,-5.406914090471577339e-01,0.000000000000000000e+00,0.000000000000000000e+00,0.000000000000000000e+00,-2.137505925338050758e+02,5.094547506937306736e+01,-7.078167428958057172e+00,0.000000000000000000e+00,0.000000000000000000e+00,0.000000000000000000e+00,-9.980044380752717643e+02,-9.266134426601389862e+00,-3.304806046992683122e+01,0.000000000000000000e+00,0.000000000000000000e+00,0.000000000000000000e+00,-2.106703009587211000e+02,5.148254573074732576e+01,-6.976166216984784008e+00,0.000000000000000000e+00,0.000000000000000000e+00,0.000000000000000000e+00,-1.058672931049988719e+01,4.668229320187070641e+01,-3.505704554850523347e-01,0.000000000000000000e+00,0.000000000000000000e+00,0.000000000000000000e+00,6.928025325974007842e+01,3.488038059456177820e+01,2.294156129721621085e+00,0.000000000000000000e+00,0.000000000000000000e+00,0.000000000000000000e+00,9.896843290846145180e+01,2.402935367772949604e+01,3.277254720109859853e+00,0.000000000000000000e+00,0.000000000000000000e+00,0.000000000000000000e+00,1.018228236539025318e+02,1.573747238951660776e+01,3.371775419979713639e+00,0.000000000000000000e+00,0.000000000000000000e+00,0.000000000000000000e+00,8.816008061734659407e+01,1.001394387061137614e+01,2.919345409820700787e+00,0.000000000000000000e+00,0.000000000000000000e+00,0.000000000000000000e+00,6.069351720590577770e+01,6.009363735353629998e+00,2.009813734517744255e+00,0.000000000000000000e+00
0.000000000000000000e+00,0.000000000000000000e+00,0.000000000000000000e+00,0.000000000000000000e+00,0.000000000000000000e+00,0.000000000000000000e+00,0.000000000000000000e+00,0.000000000000000000e+00,-9.749953091647586279e-01,5.789000690774168817e-02,-3.228613291270963220e-02,0.000000000000000000e+00,0.000000000000000000e+00,0.000000000000000000e+00,-1.494138728182683895e+00,9.831078785473396087e-02,-4.947712169965055168e-02,0.000000000000000000e+00,0.000000000000000000e+00,0.000000000000000000e+00,-1.940697964294746170e+00,1.130271684476674143e-01,-6.426454756210234209e-02,0.000000000000000000e+00,0.000000000000000000e+00,0.000000000000000000e+00,-2.377181294117584276e+00,9.262905170335788974e-02,-7.871831843502494208e-02,0.000000000000000000e+00,0.000000000000000000e+00,0.000000000000000000e+00,-2.806077001222646583e+00,2.690148363705405915e-02,-9.292083169341935900e-02,0.000000000000000000e+00,0.000000000000000000e+00,0.000000000000000000e+00,-3.187936320524210387e+00,-9.546989034485411918e-02,-1.055657753367780227e-01,0.000000000000000000e+00,0.000000000000000000e+00,0.000000000000000000e+00,-3.430803018489266609e+00,-2.852239937809183390e-01,-1.136080976093724049e-01,0.000000000000000000e+00,0.000000000000000000e+00,0.000000000000000000e+00,-3.366537554743636029e+00,-5.484639839042674270e-01,-1.114800019306694812e-01,0.000000000000000000e+00,0.000000000000000000e+00,0.000000000000000000e+00,-2.714643523589534091e+00,-8.788096638424282014e-01,-8.989309055068192555e-02,0.000000000000000000e+00,0.000000000000000000e+00,0.000000000000000000e+00,-1.013548207075249286e+00,-1.240477895023120336e+00,-3.356277904055059852e-02,0.000000000000000000e+00,0.000000000000000000e+00,0.000000000000000000e+00,2.611518675980506909e+00,-1.516582485274015513e+00,8.647819972483813955e-02,0.000000000000000000e+00,0.000000000000000000e+00,0.000000000000000000e+00,1.058567117540630598e+01,-1.280412719348593908e+00,3.505354162495301074e-01,0.000000000000000000e+00,0.000000000000000000e+00,0.000000000000000000e+00,3.881889954794689146e+01,2.381129827048764636e+00,1.285454543780101044e+00,0.000000000000000000e+00,0.000000000000000000e+00,0.000000000000000000e+00,1.047566638784320148e+01,-1.306719152726647071e+00,3.468927021165366109e-01,0.000000000000000000e+00,0.000000000000000000e+00,0.000000000000000000e+00,2.410806910144424275e+00,-1.572032816983670367e+00,7.983180185192961797e-02,0.000000000000000000e+00,0.000000000000000000e+00,0.000000000000000000e+00,-1.263023097018312724e+00,-1.330138814871033581e+00,-4.182392591928318915e-02,0.000000000000000000e+00,0.000000000000000000e+00,0.000000000000000000e+00,-2.941160586740486860e+00,-1.008542826958965799e+00,-9.739400869782040282e-02,0.000000000000000000e+00,0.000000000000000000e+00,0.000000000000000000e+00,-3.456138632471061456e+00,-7.220657180878440329e-01,-1.144470647231122101e-01,0.000000000000000000e+00,0.000000000000000000e+00,0.000000000000000000e+00,-3.201059560622251610e+00,-4.980625005351421164e-01,-1.060003401701347520e-01,0.000000000000000000e+00,0.000000000000000000e+00,0.000000000000000000e+00,-2.296902528602708493e+00,-3.145061687647181525e-01,-7.605995601100322412e-02,0.000000000000000000e+00
0.000000000000000000e+00,0.000000000000000000e+00,0.000000000000000000e+00,0.000000000000000000e+00,0.000000000000000000e+00,0.000000000000000000e+00,0.000000000000000000e+00,0.000000000000000000e+00,0.000000000000000000e+00,0.000000000000000000e+00,0.000000000000000000e+00,0.000000000000000000e+00,0.000000000000000000e+00,0.000000000000000000e+00,0.000000000000000000e+00,0.000000000000000000e+00,0.000000000000000000e+00,0.000000000000000000e+00,0.000000000000000000e+00,0.000000000000000000e+00,0.000000000000000000e+00,0.000000000000000000e+00,0.000000000000000000e+00,0.000000000000000000e+00,0.000000000000000000e+00,0.000000000000000000e+00,0.000000000000000000e+00,0.000000000000000000e+00,0.000000000000000000e+00,0.000000000000000000e+00,0.000000000000000000e+00,0.000000000000000000e+00,0.000000000000000000e+00,0.000000000000000000e+00,0.000000000000000000e+00,0.000000000000000000e+00,0.000000000000000000e+00,0.000000000000000000e+00,0.000000000000000000e+00,0.000000000000000000e+00,0.000000000000000000e+00,0.000000000000000000e+00,0.000000000000000000e+00,0.000000000000000000e+00,0.000000000000000000e+00,0.000000000000000000e+00,0.000000000000000000e+00,0.000000000000000000e+00,0.000000000000000000e+00,0.000000000000000000e+00,0.000000000000000000e+00,0.000000000000000000e+00,0.000000000000000000e+00,0.000000000000000000e+00,0.000000000000000000e+00,0.000000000000000000e+00,0.000000000000000000e+00,0.000000000000000000e+00,0.000000000000000000e+00,0.000000000000000000e+00,0.000000000000000000e+00,0.000000000000000000e+00,0.000000000000000000e+00,0.000000000000000000e+00,0.000000000000000000e+00,0.000000000000000000e+00,0.000000000000000000e+00,0.000000000000000000e+00,0.000000000000000000e+00,0.000000000000000000e+00,0.000000000000000000e+00,0.000000000000000000e+00,0.000000000000000000e+00,0.000000000000000000e+00,0.000000000000000000e+00,0.000000000000000000e+00,0.000000000000000000e+00,0.000000000000000000e+00,0.000000000000000000e+00,0.000000000000000000e+00,0.000000000000000000e+00,0.000000000000000000e+00,0.000000000000000000e+00,0.000000000000000000e+00,0.000000000000000000e+00,0.000000000000000000e+00,0.000000000000000000e+00,0.000000000000000000e+00,0.000000000000000000e+00,0.000000000000000000e+00,0.000000000000000000e+00,0.000000000000000000e+00,0.000000000000000000e+00,0.000000000000000000e+00,0.000000000000000000e+00,0.000000000000000000e+00,0.000000000000000000e+00,0.000000000000000000e+00,0.000000000000000000e+00,0.000000000000000000e+00,0.000000000000000000e+00,0.000000000000000000e+00,0.000000000000000000e+00,0.000000000000000000e+00,0.000000000000000000e+00,0.000000000000000000e+00,0.000000000000000000e+00,0.000000000000000000e+00,0.000000000000000000e+00,0.000000000000000000e+00,0.000000000000000000e+00,0.000000000000000000e+00,0.000000000000000000e+00,0.000000000000000000e+00,0.000000000000000000e+00,0.000000000000000000e+00,0.000000000000000000e+00,0.000000000000000000e+00,0.000000000000000000e+00,0.000000000000000000e+00,0.000000000000000000e+00,0.000000000000000000e+00,0.000000000000000000e+00,0.000000000000000000e+00,0.000000000000000000e+00,0.000000000000000000e+00
0.000000000000000000e+00,0.000000000000000000e+00,0.000000000000000000e+00,0.000000000000000000e+00,0.000000000000000000e+00,0.000000000000000000e+00,0.000000000000000000e+00,0.000000000000000000e+00,0.000000000000000000e+00,0.000000000000000000e+00,0.000000000000000000e+00,0.000000000000000000e+00,0.000000000000000000e+00,0.000000000000000000e+00,0.000000000000000000e+00,0.000000000000000000e+00,0.000000000000000000e+00,0.000000000000000000e+00,0.000000000000000000e+00,0.000000000000000000e+00,0.000000000000000000e+00,0.000000000000000000e+00,0.000000000000000000e+00,0.000000000000000000e+00,0.000000000000000000e+00,0.000000000000000000e+00,0.000000000000000000e+00,0.000000000000000000e+00,0.000000000000000000e+00,0.000000000000000000e+00,0.000000000000000000e+00,0.000000000000000000e+00,0.000000000000000000e+00,0.000000000000000000e+00,0.000000000000000000e+00,0.000000000000000000e+00,0.000000000000000000e+00,0.000000000000000000e+00,0.000000000000000000e+00,0.000000000000000000e+00,0.000000000000000000e+00,0.000000000000000000e+00,0.000000000000000000e+00,0.000000000000000000e+00,0.000000000000000000e+00,0.000000000000000000e+00,0.000000000000000000e+00,0.000000000000000000e+00,0.000000000000000000e+00,0.000000000000000000e+00,0.000000000000000000e+00,0.000000000000000000e+00,0.000000000000000000e+00,0.000000000000000000e+00,0.000000000000000000e+00,0.000000000000000000e+00,0.000000000000000000e+00,0.000000000000000000e+00,0.000000000000000000e+00,0.000000000000000000e+00,0.000000000000000000e+00,0.000000000000000000e+00,0.000000000000000000e+00,0.000000000000000000e+00,0.000000000000000000e+00,0.000000000000000000e+00,0.000000000000000000e+00,0.000000000000000000e+00,0.000000000000000000e+00,0.000000000000000000e+00,0.000000000000000000e+00,0.000000000000000000e+00,0.000000000000000000e+00,0.000000000000000000e+00,0.000000000000000000e+00,0.000000000000000000e+00,0.000000000000000000e+00,0.000000000000000000e+00,0.000000000000000000e+00,0.000000000000000000e+00,0.000000000000000000e+00,0.000000000000000000e+00,0.000000000000000000e+00,0.000000000000000000e+00,0.000000000000000000e+00,0.000000000000000000e+00,0.000000000000000000e+00,0.000000000000000000e+00,0.000000000000000000e+00,0.000000000000000000e+00,0.000000000000000000e+00,0.000000000000000000e+00,0.000000000000000000e+00,0.000000000000000000e+00,0.000000000000000000e+00,0.000000000000000000e+00,0.000000000000000000e+00,0.000000000000000000e+00,0.000000000000000000e+00,0.000000000000000000e+00,0.000000000000000000e+00,0.000000000000000000e+00,0.000000000000000000e+00,0.000000000000000000e+00,0.000000000000000000e+00,0.000000000000000000e+00,0.000000000000000000e+00,0.000000000000000000e+00,0.000000000000000000e+00,0.000000000000000000e+00,0.000000000000000000e+00,0.000000000000000000e+00,0.000000000000000000e+00,0.000000000000000000e+00,0.000000000000000000e+00,0.000000000000000000e+00,0.000000000000000000e+00,0.000000000000000000e+00,0.000000000000000000e+00,0.000000000000000000e+00,0.000000000000000000e+00,0.000000000000000000e+00,0.000000000000000000e+00,0.000000000000000000e+00,0.000000000000000000e+00,0.000000000000000000e+00
0.000000000000000000e+00,0.000000000000000000e+00,0.000000000000000000e+00,0.000000000000000000e+00,0.000000000000000000e+00,0.000000000000000000e+00,0.000000000000000000e+00,0.000000000000000000e+00,0.000000000000000000e+00,0.000000000000000000e+00,0.000000000000000000e+00,0.000000000000000000e+00,0.000000000000000000e+00,0.000000000000000000e+00,0.000000000000000000e+00,0.000000000000000000e+00,0.000000000000000000e+00,0.000000000000000000e+00,0.000000000000000000e+00,0.000000000000000000e+00,0.000000000000000000e+00,0.000000000000000000e+00,0.000000000000000000e+00,0.000000000000000000e+00,0.000000000000000000e+00,0.000000000000000000e+00,0.000000000000000000e+00,0.000000000000000000e+00,0.000000000000000000e+00,0.000000000000000000e+00,0.000000000000000000e+00,0.000000000000000000e+00,0.000000000000000000e+00,0.000000000000000000e+00,0.000000000000000000e+00,0.000000000000000000e+00,0.000000000000000000e+00,0.000000000000000000e+00,0.000000000000000000e+00,0.000000000000000000e+00,0.000000000000000000e+00,0.000000000000000000e+00,0.000000000000000000e+00,0.000000000000000000e+00,0.000000000000000000e+00,0.000000000000000000e+00,0.000000000000000000e+00,0.000000000000000000e+00,0.000000000000000000e+00,0.000000000000000000e+00,0.000000000000000000e+00,0.000000000000000000e+00,0.000000000000000000e+00,0.000000000000000000e+00,0.000000000000000000e+00,0.000000000000000000e+00,0.000000000000000000e+00,0.000000000000000000e+00,0.000000000000000000e+00,0.000000000000000000e+00,0.000000000000000000e+00,0.000000000000000000e+00,0.000000000000000000e+00,0.000000000000000000e+00,0.000000000000000000e+00,0.000000000000000000e+00,0.000000000000000000e+00,0.000000000000000000e+00,0.000000000000000000e+00,0.000000000000000000e+00,0.000000000000000000e+00,0.000000000000000000e+00,0.000000000000000000e+00,0.000000000000000000e+00,0.000000000000000000e+00,0.000000000000000000e+00,0.000000000000000000e+00,0.000000000000000000e+00,0.000000000000000000e+00,0.000000000000000000e+00,0.000000000000000000e+00,0.000000000000000000e+00,0.000000000000000000e+00,0.000000000000000000e+00,0.000000000000000000e+00,0.000000000000000000e+00,0.000000000000000000e+00,0.000000000000000000e+00,0.000000000000000000e+00,0.000000000000000000e+00,0.000000000000000000e+00,0.000000000000000000e+00,0.000000000000000000e+00,0.000000000000000000e+00,0.000000000000000000e+00,0.000000000000000000e+00,0.000000000000000000e+00,0.000000000000000000e+00,0.000000000000000000e+00,0.000000000000000000e+00,0.000000000000000000e+00,0.000000000000000000e+00,0.000000000000000000e+00,0.000000000000000000e+00,0.000000000000000000e+00,0.000000000000000000e+00,0.000000000000000000e+00,0.000000000000000000e+00,0.000000000000000000e+00,0.000000000000000000e+00,0.000000000000000000e+00,0.000000000000000000e+00,0.000000000000000000e+00,0.000000000000000000e+00,0.000000000000000000e+00,0.000000000000000000e+00,0.000000000000000000e+00,0.000000000000000000e+00,0.000000000000000000e+00,0.000000000000000000e+00,0.000000000000000000e+00,0.000000000000000000e+00,0.000000000000000000e+00,0.000000000000000000e+00,0.000000000000000000e+00,0.000000000000000000e+00
0.000000000000000000e+00,0.000000000000000000e+00,0.000000000000000000e+00,0.000000000000000000e+00,0.000000000000000000e+00,0.000000000000000000e+00,0.000000000000000000e+00,0.000000000000000000e+00,-2.270417816333529970e+01,2.039849833135336077e+00,-7.518293749364214351e-01,0.000000000000000000e+00,0.000000000000000000e+00,0.000000000000000000e+00,-3.499731263676922310e+01,3.464515995705610418e+00,-1.158905972938836237e+00,0.000000000000000000e+00,0.000000000000000000e+00,0.000000000000000000e+00,-4.611309404323831984e+01,4.309869696948320339e+00,-1.526995534544349997e+00,0.000000000000000000e+00,0.000000000000000000e+00,0.000000000000000000e+00,-5.778080468738247077e+01,4.395720809016307129e+00,-1.913361759184520006e+00,0.000000000000000000e+00,0.000000000000000000e+00,0.000000000000000000e+00,-7.038429992452161343e+01,3.484104948199707064e+00,-2.330715687522466162e+00,0.000000000000000000e+00,0.000000000000000000e+00,0.000000000000000000e+00,-8.345569185979829285e+01,1.271580302274159191e+00,-2.763563613465828350e+00,0.000000000000000000e+00,0.000000000000000000e+00,0.000000000000000000e+00,-9.551620848629438854e+01,-2.593607901455608822e+00,-3.162937271101750714e+00,0.000000000000000000e+00,0.000000000000000000e+00,0.000000000000000000e+00,-1.036053732026860104e+02,-8.452534234829608195e+00,-3.430803018486661582e+00,0.000000000000000000e+00,0.000000000000000000e+00,0.000000000000000000e+00,-1.025177675431537523e+02,-1.650967520620691431e+01,-3.394787890464810776e+00,0.000000000000000000e+00,0.000000000000000000e+00,0.000000000000000000e+00,-8.368402103842912254e+01,-2.659377626302751096e+01,-2.771124538261906967e+00,0.000000000000000000e+00,0.000000000000000000e+00,0.000000000000000000e+00,-3.307577085111313409e+01,-3.764519648799369378e+01,-1.095275765792337985e+00,0.000000000000000000e+00,0.000000000000000000e+00,0.000000000000000000e+00,7.581934956566213657e+01,-4.615308307277023658e+01,2.510692691977360447e+00,0.000000000000000000e+00,0.000000000000000000e+00,0.000000000000000000e+00,3.163502304886793581e+02,-3.924638112729282113e+01,1.047566638784490678e+01,0.000000000000000000e+00,0.000000000000000000e+00,0.000000000000000000e+00,1.169120368647492342e+03,7.103843291048924868e+01,3.871441765750132902e+01,0.000000000000000000e+00,0.000000000000000000e+00,0.000000000000000000e+00,3.139963060592377815e+02,-4.067637726590783132e+01,1.039771820052450302e+01,0.000000000000000000e+00,0.000000000000000000e+00,0.000000000000000000e+00,7.214272596609838217e+01,-4.906648531803674729e+01,2.388944456791275872e+00,0.000000000000000000e+00,0.000000000000000000e+00,0.000000000000000000e+00,-3.586349635589684226e+01,-4.210343298682640523e+01,-1.187588903430610632e+00,0.000000000000000000e+00,0.000000000000000000e+00,0.000000000000000000e+00,-8.186170483674754905e+01,-3.255608714363901868e+01,-2.710780101172344025e+00,0.000000000000000000e+00,0.000000000000000000e+00,0.000000000000000000e+00,-9.010140893451971067e+01,-2.357564967939480027e+01,-2.983630830977396009e+00,0.000000000000000000e+00,0.000000000000000000e+00,0.000000000000000000e+00,-6.957436975267111734e+01,-1.503667915293653756e+01,-2.303895544971449549e+00,0.000000000000000000e+00
0.000000000000000000e+00,0.000000000000000000e+00,0.000000000000000000e+00,0.000000000000000000e+00,0.000000000000000000e+00,0.000000000000000000e+00,0.000000000000000000e+00,0.000000000000000000e+00,1.455730186199111031e+01,-2.012994338291260288e+00,4.820525579444180364e-01,0.000000000000000000e+00,0.000000000000000000e+00,0.000000000000000000e+00,2.287825319927313927e+01,-3.315189263837738487e+00,7.575937203586469160e-01,0.000000000000000000e+00,0.000000000000000000e+00,0.000000000000000000e+00,3.107813200401599474e+01,-4.183524130076919256e+00,1.029125669763442996e+00,0.000000000000000000e+00,0.000000000000000000e+00,0.000000000000000000e+00,4.051203340069325520e+01,-4.514164273590442811e+00,1.341521218250170122e+00,0.000000000000000000e+00,0.000000000000000000e+00,0.000000000000000000e+00,5.166581556013252907e+01,-4.111436182438943376e+00,1.710869142177685820e+00,0.000000000000000000e+00,0.000000000000000000e+00,0.000000000000000000e+00,6.445328880900859758e+01,-2.689552699775110689e+00,2.134315344482614396e+00,0.000000000000000000e+00,0.000000000000000000e+00,0.000000000000000000e+00,7.805141260562729144e+01,1.255918268355941669e-01,2.584605543967998464e+00,0.000000000000000000e+00,0.000000000000000000e+00,0.000000000000000000e+00,9.046160390751212788e+01,4.771141298048770629e+00,2.995558378385255960e+00,0.000000000000000000e+00,0.000000000000000000e+00,0.000000000000000000e+00,9.777628028049539921e+01,1.168073840202888114e+01,3.237777608951509123e+00,0.000000000000000000e+00,0.000000000000000000e+00,0.000000000000000000e+00,9.305288067346953085e+01,2.115035904428097879e+01,3.081366284631498864e+00,0.000000000000000000e+00,0.000000000000000000e+00,0.000000000000000000e+00,6.414445233781451350e+01,3.303474173042310014e+01,2.124088489785430411e+00,0.000000000000000000e+00,0.000000000000000000e+00,0.000000000000000000e+00,-1.341422912657502842e+01,4.572198286190612748e+01,-4.442006853070480377e-01,0.000000000000000000e+00,0.000000000000000000e+00,0.000000000000000000e+00,-2.104556215821991998e+02,5.131294902325591778e+01,-6.969057293671057529e+00,0.000000000000000000e+00,0.000000000000000000e+00,0.000000000000000000e+00,-9.946435241420157354e+02,-8.661244338193991865e+00,-3.293676668939591679e+01,0.000000000000000000e+00,0.000000000000000000e+00,0.000000000000000000e+00,-2.077263295462320798e+02,5.239067100363811136e+01,-6.878679130204575998e+00,0.000000000000000000e+00,0.000000000000000000e+00,0.000000000000000000e+00,-8.784201544323350319e+00,4.794499243327547333e+01,-2.908812954546518559e-01,0.000000000000000000e+00,0.000000000000000000e+00,0.000000000000000000e+00,6.887118822616477587e+01,3.650452779630192168e+01,2.280610292198291145e+00,0.000000000000000000e+00,0.000000000000000000e+00,0.000000000000000000e+00,9.477022011573838256e+01,2.592049514502106433e+01,3.138234506425087833e+00,0.000000000000000000e+00,0.000000000000000000e+00,0.000000000000000000e+00,9.133707959898273998e+01,1.756473708730498373e+01,3.024549004566729593e+00,0.000000000000000000e+00,0.000000000000000000e+00,0.000000000000000000e+00,6.608643559852103522e+01,1.072930685556327113e+01,2.188395598835156441e+00,0.000000000000000000e+00
0.000000000000000000e+00,0.000000000000000000e+00,0.000000000000000000e+00,0.000000000000000000e+00,0.000000000000000000e+00,0.000000000000000000e+00,0.000000000000000000e+00,0.000000000000000000e+00,-7.518293749364225453e-01,6.754787660567815322e-02,-2.489618452387332842e-02,0.000000000000000000e+00,0.000000000000000000e+00,0.000000000000000000e+00,-1.158905972938836237e+00,1.147244739170927424e-01,-3.837617670970108752e-02,0.000000000000000000e+00,0.000000000000000000e+00,0.000000000000000000e+00,-1.526995534544349775e+00,1.427176362431291368e-01,-5.056514664429224287e-02,0.000000000000000000e+00,0.000000000000000000e+00,0.000000000000000000e+00,-1.913361759184532884e+00,1.455605221410166961e-01,-6.335933259006941431e-02,0.000000000000000000e+00,0.000000000000000000e+00,0.000000000000000000e+00,-2.330715687522474600e+00,1.153731452675084146e-01,-7.717964974985527804e-02,0.000000000000000000e+00,0.000000000000000000e+00,0.000000000000000000e+00,-2.763563613465828350e+00,4.210729042745540995e-02,-9.151303734324779671e-02,0.000000000000000000e+00,0.000000000000000000e+00,0.000000000000000000e+00,-3.162937271101752046e+00,-8.588509979764323565e-02,-1.047379532695761895e-01,0.000000000000000000e+00,0.000000000000000000e+00,0.000000000000000000e+00,-3.430803018486686007e+00,-2.798984171408165356e-01,-1.136080976092862238e-01,0.000000000000000000e+00,0.000000000000000000e+00,0.000000000000000000e+00,-3.394787890464832092e+00,-5.467037256926852162e-01,-1.124154875533691783e-01,0.000000000000000000e+00,0.000000000000000000e+00,0.000000000000000000e+00,-2.771124538261908299e+00,-8.806300779175120219e-01,-9.176341087901221383e-02,0.000000000000000000e+00,0.000000000000000000e+00,0.000000000000000000e+00,-1.095275765792336653e+00,-1.246588374232937557e+00,-3.626911700809592326e-02,0.000000000000000000e+00,0.000000000000000000e+00,0.000000000000000000e+00,2.510692691977364888e+00,-1.528319736938336115e+00,8.313943379439599213e-02,0.000000000000000000e+00,0.000000000000000000e+00,0.000000000000000000e+00,1.047566638784504356e+01,-1.299610229411384710e+00,3.468927021165929547e-01,0.000000000000000000e+00,0.000000000000000000e+00,0.000000000000000000e+00,3.871441765750132902e+01,2.352376739969623376e+00,1.281994715645369265e+00,0.000000000000000000e+00,0.000000000000000000e+00,0.000000000000000000e+00,1.039771820052450124e+01,-1.346963324305286980e+00,3.443115147893562877e-01,0.000000000000000000e+00,0.000000000000000000e+00,0.000000000000000000e+00,2.388944456791278093e+00,-1.624794551980716983e+00,7.910784547170636449e-02,0.000000000000000000e+00,0.000000000000000000e+00,0.000000000000000000e+00,-1.187588903430611520e+00,-1.394219049790662801e+00,-3.932598733697146437e-02,0.000000000000000000e+00,0.000000000000000000e+00,0.000000000000000000e+00,-2.710780101172386214e+00,-1.078066885816848730e+00,-8.976515663296340264e-02,0.000000000000000000e+00,0.000000000000000000e+00,0.000000000000000000e+00,-2.983630830977392900e+00,-7.806874062855602148e-01,-9.880037438735658761e-02,0.000000000000000000e+00,0.000000000000000000e+00,0.000000000000000000e+00,-2.303895544971450882e+00,-4.979267255279100635e-01,-7.629152374658071389e-02,0.000000000000000000e+00
0.000000000000000000e+00,0.000000000000000000e+00,0.000000000000000000e+00,0.000000000000000000e+00,0.000000000000000000e+00,0.000000000000000000e+00,0.000000000000000000e+00,0.000000000000000000e+00,0.000000000000000000e+00,0.000000000000000000e+00,0.000000000000000000e+00,0.000000000000000000e+00,0.000000000000000000e+00,0.000000000000000000e+00,0.000000000000000000e+00,0.000000000000000000e+00,0.000000000000000000e+00,0.000000000000000000e+00,0.000000000000000000e+00,0.000000000000000000e+00,0.000000000000000000e+00,0.000000000000000000e+00,0.000000000000000000e+00,0.000000000000000000e+00,0.000000000000000000e+00,0.000000000000000000e+00,0.000000000000000000e+00,0.000000000000000000e+00,0.000000000000000000e+00,0.000000000000000000e+00,0.000000000000000000e+00,0.000000000000000000e+00,0.000000000000000000e+00,0.000000000000000000e+00,0.000000000000000000e+00,0.000000000000000000e+00,0.000000000000000000e+00,0.000000000000000000e+00,0.000000000000000000e+00,0.000000000000000000e+00,0.000000000000000000e+00,0.000000000000000000e+00,0.000000000000000000e+00,0.000000000000000000e+00,0.000000000000000000e+00,0.000000000000000000e+00,0.000000000000000000e+00,0.000000000000000000e+00,0.000000000000000000e+00,0.000000000000000000e+00,0.000000000000000000e+00,0.000000000000000000e+00,0.000000000000000000e+00,0.000000000000000000e+00,0.000000000000000000e+00,0.000000000000000000e+00,0.000000000000000000e+00,0.000000000000000000e+00,0.000000000000000000e+00,0.000000000000000000e+00,0.000000000000000000e+00,0.000000000000000000e+00,0.000000000000000000e+00,0.000000000000000000e+00,0.000000000000000000e+00,0.000000000000000000e+00,0.000000000000000000e+00,0.000000000000000000e+00,0.000000000000000000e+00,0.000000000000000000e+00,0.000000000000000000e+00,0.000000000000000000e+00,0.000000000000000000e+00,0.000000000000000000e+00,0.000000000000000000e+00,0.000000000000000000e+00,0.000000000000000000e+00,0.000000000000000000e+00,0.000000000000000000e+00,0.000000000000000000e+00,0.000000000000000000e+00,0.000000000000000000e+00,0.000000000000000000e+00,0.000000000000000000e+00,0.000000000000000000e+00,0.000000000000000000e+00,0.000000000000000000e+00,0.000000000000000000e+00,0.000000000000000000e+00,0.000000000000000000e+00,0.000000000000000000e+00,0.000000000000000000e+00,0.000000000000000000e+00,0.000000000000000000e+00,0.000000000000000000e+00,0.000000000000000000e+00,0.000000000000000000e+00,0.000000000000000000e+00,0.000000000000000000e+00,0.000000000000000000e+00,0.000000000000000000e+00,0.000000000000000000e+00,0.000000000000000000e+00,0.000000000000000000e+00,0.000000000000000000e+00,0.000000000000000000e+00,0.000000000000000000e+00,0.000000000000000000e+00,0.000000000000000000e+00,0.000000000000000000e+00,0.000000000000000000e+00,0.000000000000000000e+00,0.000000000000000000e+00,0.000000000000000000e+00,0.000000000000000000e+00,0.000000000000000000e+00,0.000000000000000000e+00,0.000000000000000000e+00,0.000000000000000000e+00,0.000000000000000000e+00,0.000000000000000000e+00,0.000000000000000000e+00,0.000000000000000000e+00,0.000000000000000000e+00,0.000000000000000000e+00,0.000000000000000000e+00
0.000000000000000000e+00,0.000000000000000000e+00,0.000000000000000000e+00,0.000000000000000000e+00,0.000000000000000000e+00,0.000000000000000000e+00,0.000000000000000000e+00,0.000000000000000000e+00,0.000000000000000000e+00,0.000000000000000000e+00,0.000000000000000000e+00,0.000000000000000000e+00,0.000000000000000000e+00,0.000000000000000000e+00,0.000000000000000000e+00,0.000000000000000000e+00,0.000000000000000000e+00,0.000000000000000000e+00,0.000000000000000000e+00,0.000000000000000000e+00,0.000000000000000000e+00,0.000000000000000000e+00,0.000000000000000000e+00,0.000000000000000000e+00,0.000000000000000000e+00,0.000000000000000000e+00,0.000000000000000000e+00,0.000000000000000000e+00,0.000000000000000000e+00,0.000000000000000000e+00,0.000000000000000000e+00,0.000000000000000000e+00,0.000000000000000000e+00,0.000000000000000000e+00,0.000000000000000000e+00,0.000000000000000000e+00,0.000000000000000000e+00,0.000000000000000000e+00,0.000000000000000000e+00,0.000000000000000000e+00,0.000000000000000000e+00,0.000000000000000000e+00,0.000000000000000000e+00,0.000000000000000000e+00,0.000000000000000000e+00,0.000000000000000000e+00,0.000000000000000000e+00,0.000000000000000000e+00,0.000000000000000000e+00,0.000000000000000000e+00,0.000000000000000000e+00,0.000000000000000000e+00,0.000000000000000000e+00,0.000000000000000000e+00,0.000000000000000000e+00,0.000000000000000000e+00,0.000000000000000000e+00,0.000000000000000000e+00,0.000000000000000000e+00,0.000000000000000000e+00,0.000000000000000000e+00,0.000000000000000000e+00,0.000000000000000000e+00,0.000000000000000000e+00,0.000000000000000000e+00,0.000000000000000000e+00,0.000000000000000000e+00,0.000000000000000000e+00,0.000000000000000000e+00,0.000000000000000000e+00,0.000000000000000000e+00,0.000000000000000000e+00,0.000000000000000000e+00,0.000000000000000000e+00,0.000000000000000000e+00,0.000000000000000000e+00,0.000000000000000000e+00,0.000000000000000000e+00,0.000000000000000000e+00,0.000000000000000000e+00,0.000000000000000000e+00,0.000000000000000000e+00,0.000000000000000000e+00,0.000000000000000000e+00,0.000000000000000000e+00,0.000000000000000000e+00,0.000000000000000000e+00,0.000000000000000000e+00,0.000000000000000000e+00,0.000000000000000000e+00,0.000000000000000000e+00,0.000000000000000000e+00,0.000000000000000000e+00,0.000000000000000000e+00,0.000000000000000000e+00,0.000000000000000000e+00,0.000000000000000000e+00,0.000000000000000000e+00,0.000000000000000000e+00,0.000000000000000000e+00,0.000000000000000000e+00,0.000000000000000000e+00,0.000000000000000000e+00,0.000000000000000000e+00,0.000000000000000000e+00,0.000000000000000000e+00,0.000000000000000000e+00,0.000000000000000000e+00,0.000000000000000000e+00,0.000000000000000000e+00,0.000000000000000000e+00,0.000000000000000000e+00,0.000000000000000000e+00,0.000000000000000000e+00,0.000000000000000000e+00,0.000000000000000000e+00,0.000000000000000000e+00,0.000000000000000000e+00,0.000000000000000000e+00,0.000000000000000000e+00,0.000000000000000000e+00,0.000000000000000000e+00,0.000000000000000000e+00,0.000000000000000000e+00,0.000000000000000000e+00,0.000000000000000000e+00
0.000000000000000000e+00,0.000000000000000000e+00,0.000000000000000000e+00,0.000000000000000000e+00,0.000000000000000000e+00,0.000000000000000000e+00,0.000000000000000000e+00,0.000000000000000000e+00,0.000000000000000000e+00,0.000000000000000000e+00,0.000000000000000000e+00,0.000000000000000000e+00,0.000000000000000000e+00,0.000000000000000000e+00,0.000000000000000000e+00,0.000000000000000000e+00,0.000000000000000000e+00,0.000000000000000000e+00,0.000000000000000000e+00,0.000000000000000000e+00,0.000000000000000000e+00,0.000000000000000000e+00,0.000000000000000000e+00,0.000000000000000000e+00,0.000000000000000000e+00,0.000000000000000000e+00,0.000000000000000000e+00,0.000000000000000000e+00,0.000000000000000000e+00,0.000000000000000000e+00,0.000000000000000000e+00,0.000000000000000000e+00,0.000000000000000000e+00,0.000000000000000000e+00,0.000000000000000000e+00,0.000000000000000000e+00,0.000000000000000000e+00,0.000000000000000000e+00,0.000000000000000000e+00,0.000000000000000000e+00,0.000000000000000000e+00,0.000000000000000000e+00,0.000000000000000000e+00,0.000000000000000000e+00,0.000000000000000000e+00,0.000000000000000000e+00,0.000000000000000000e+00,0.000000000000000000e+00,0.000000000000000000e+00,0.000000000000000000e+00,0.000000000000000000e+00,0.000000000000000000e+00,0.000000000000000000e+00,0.000000000000000000e+00,0.000000000000000000e+00,0.000000000000000000e+00,0.000000000000000000e+00,0.000000000000000000e+00,0.000000000000000000e+00,0.000000000000000000e+00,0.000000000000000000e+00,0.000000000000000000e+00,0.000000000000000000e+00,0.000000000000000000e+00,0.000000000000000000e+00,0.000000000000000000e+00,0.000000000000000000e+00,0.000000000000000000e+00,0.000000000000000000e+00,0.000000000000000000e+00,0.000000000000000000e+00,0.000000000000000000e+00,0.000000000000000000e+00,0.000000000000000000e+00,0.000000000000000000e+00,0.000000000000000000e+00,0.000000000000000000e+00,0.000000000000000000e+00,0.000000000000000000e+00,0.000000000000000000e+00,0.000000000000000000e+00,0.000000000000000000e+00,0.000000000000000000e+00,0.000000000000000000e+00,0.000000000000000000e+00,0.000000000000000000e+00,0.000000000000000000e+00,0.000000000000000000e+00,0.000000000000000000e+00,0.000000000000000000e+00,0.000000000000000000e+00,0.000000000000000000e+00,0.000000000000000000e+00,0.000000000000000000e+00,0.000000000000000000e+00,0.000000000000000000e+00,0.000000000000000000e+00,0.000000000000000000e+00,0.000000000000000000e+00,0.000000000000000000e+00,0.000000000000000000e+00,0.000000000000000000e+00,0.000000000000000000e+00,0.000000000000000000e+00,0.000000000000000000e+00,0.000000000000000000e+00,0.000000000000000000e+00,0.000000000000000000e+00,0.000000000000000000e+00,0.000000000000000000e+00,0.000000000000000000e+00,0.000000000000000000e+00,0.000000000000000000e+00,0.000000000000000000e+00,0.000000000000000000e+00,0.000000000000000000e+00,0.000000000000000000e+00,0.000000000000000000e+00,0.000000000000000000e+00,0.000000000000000000e+00,0.000000000000000000e+00,0.000000000000000000e+00,0.000000000000000000e+00,0.000000000000000000e+00,0.000000000000000000e+00,0.000000000000000000e+00
0.000000000000000000e+00,0.000000000000000000e+00,0.000000000000000000e+00,0.000000000000000000e+00,0.000000000000000000e+00,0.000000000000000000e+00,0.000000000000000000e+00,0.000000000000000000e+00,-1.723023054444399094e+01,2.062276990562707191e+00,-5.705642973309347221e-01,0.000000000000000000e+00,0.000000000000000000e+00,0.000000000000000000e+00,-2.664773440016717032e+01,3.522370981421385050e+00,-8.824168553215037125e-01,0.000000000000000000e+00,0.000000000000000000e+00,0.000000000000000000e+00,-3.554289096596316000e+01,4.568893919596278330e+00,-1.176972331089563450e+00,0.000000000000000000e+00,0.000000000000000000e+00,0.000000000000000000e+00,-4.544233571247106340e+01,5.097244790460463193e+00,-1.504783948072184074e+00,0.000000000000000000e+00,0.000000000000000000e+00,0.000000000000000000e+00,-5.687296749938251139e+01,4.934216682091427941e+00,-1.883299509818447515e+00,0.000000000000000000e+00,0.000000000000000000e+00,0.000000000000000000e+00,-6.977851358497689205e+01,3.833668371606263392e+00,-2.310655592780070489e+00,0.000000000000000000e+00,0.000000000000000000e+00,0.000000000000000000e+00,-8.345569185979118743e+01,1.476707760234739819e+00,-2.763563613465590763e+00,0.000000000000000000e+00,0.000000000000000000e+00,0.000000000000000000e+00,-9.627114423492965045e+01,-2.507092426780657135e+00,-3.187936320524720646e+00,0.000000000000000000e+00,0.000000000000000000e+00,0.000000000000000000e+00,-1.051494215291876912e+02,-8.478813969798466132e+00,-3.481932853701751984e+00,0.000000000000000000e+00,0.000000000000000000e+00,0.000000000000000000e+00,-1.047868800926462001e+02,-1.666268616524319413e+01,-3.469927605167224538e+00,0.000000000000000000e+00,0.000000000000000000e+00,0.000000000000000000e+00,-8.651626015400267988e+01,-2.690533484840079836e+01,-2.864911705919480855e+00,0.000000000000000000e+00,0.000000000000000000e+00,0.000000000000000000e+00,-3.619998126994463661e+01,-3.816128525457632747e+01,-1.198731312584739639e+00,0.000000000000000000e+00,0.000000000000000000e+00,0.000000000000000000e+00,7.280294097308448897e+01,-4.692759405822592100e+01,2.410806910144767112e+00,0.000000000000000000e+00,0.000000000000000000e+00,0.000000000000000000e+00,3.139963060591690009e+02,-4.033075224057067487e+01,1.039771820052222395e+01,0.000000000000000000e+00,0.000000000000000000e+00,0.000000000000000000e+00,1.168173781379318143e+03,6.961264550305172349e+01,3.868307223248597637e+01,0.000000000000000000e+00,0.000000000000000000e+00,0.000000000000000000e+00,3.154400203947565728e+02,-4.242565405391205502e+01,1.044552556173578317e+01,0.000000000000000000e+00,0.000000000000000000e+00,0.000000000000000000e+00,7.725930276900552940e+01,-5.102099348672349066e+01,2.558375506524491527e+00,0.000000000000000000e+00,0.000000000000000000e+00,0.000000000000000000e+00,-2.540634685995667752e+01,-4.395043346076887048e+01,-8.413093722980602429e-01,0.000000000000000000e+00,0.000000000000000000e+00,0.000000000000000000e+00,-6.373506422054092724e+01,-3.356498019965943769e+01,-2.110531953622706069e+00,0.000000000000000000e+00,0.000000000000000000e+00,0.000000000000000000e+00,-5.961824636690815282e+01,-2.177538661026814637e+01,-1.974207063492036784e+00,0.000000000000000000e+00
0.000000000000000000e+00,0.000000000000000000e+00,0.000000000000000000e+00,0.000000000000000000e+00,0.000000000000000000e+00,0.000000000000000000e+00,0.000000000000000000e+00,0.000000000000000000e+00,1.050047313368173718e+01,-1.879749932168818471e+00,3.477141562155929844e-01,0.000000000000000000e+00,0.000000000000000000e+00,0.000000000000000000e+00,1.652529263375302548e+01,-3.133043737911533455e+00,5.472208834028486901e-01,0.000000000000000000e+00,0.000000000000000000e+00,0.000000000000000000e+00,2.274010548959429556e+01,-4.095256458637123842e+00,7.530190775123151159e-01,0.000000000000000000e+00,0.000000000000000000e+00,0.000000000000000000e+00,3.030291916751242454e+01,-4.720806555775123314e+00,1.003455161977676591e+00,0.000000000000000000e+00,0.000000000000000000e+00,0.000000000000000000e+00,3.975842576984704380e+01,-4.878923926284841173e+00,1.316566148307964701e+00,0.000000000000000000e+00,0.000000000000000000e+00,0.000000000000000000e+00,5.129135736052817407e+01,-4.356807008440509499e+00,1.698469280261394543e+00,0.000000000000000000e+00,0.000000000000000000e+00,0.000000000000000000e+00,6.465841626696102651e+01,-2.851603391564337286e+00,2.141107964210367420e+00,0.000000000000000000e+00,0.000000000000000000e+00,0.000000000000000000e+00,7.893725889381433092e+01,2.813363125151048874e-02,2.613939583559554247e+00,0.000000000000000000e+00,0.000000000000000000e+00,0.000000000000000000e+00,9.205738734699477277e+01,4.737021816919396500e+00,3.048401377467141682e+00,0.000000000000000000e+00,0.000000000000000000e+00,0.000000000000000000e+00,1.000492115978167789e+02,1.172589372528584839e+01,3.313043778873273837e+00,0.000000000000000000e+00,0.000000000000000000e+00,0.000000000000000000e+00,9.590475248555617327e+01,2.130696136939122098e+01,3.175803572185136314e+00,0.000000000000000000e+00,0.000000000000000000e+00,0.000000000000000000e+00,6.739744752173044162e+01,3.334922246968164927e+01,2.231808633549287268e+00,0.000000000000000000e+00,0.000000000000000000e+00,0.000000000000000000e+00,-1.004116743035713455e+01,4.625129931655369120e+01,-3.325046420305334816e-01,0.000000000000000000e+00,0.000000000000000000e+00,0.000000000000000000e+00,-2.073807045208417605e+02,5.211762723362115679e+01,-6.867234054107471231e+00,0.000000000000000000e+00,0.000000000000000000e+00,0.000000000000000000e+00,-9.924699327927086188e+02,-7.529939834948057076e+00,-3.286479007726045865e+01,0.000000000000000000e+00,0.000000000000000000e+00,0.000000000000000000e+00,-2.073089009068098960e+02,5.386747886102594407e+01,-6.864856339051351952e+00,0.000000000000000000e+00,0.000000000000000000e+00,0.000000000000000000e+00,-1.131886895490189460e+01,4.971272801662973251e+01,-3.748146314801932832e-01,0.000000000000000000e+00,0.000000000000000000e+00,0.000000000000000000e+00,6.171497962531586268e+01,3.835780841545201270e+01,2.043638585907685101e+00,0.000000000000000000e+00,0.000000000000000000e+00,0.000000000000000000e+00,8.048975467459993638e+01,2.731912345833166356e+01,2.665349148973589877e+00,0.000000000000000000e+00,0.000000000000000000e+00,0.000000000000000000e+00,6.477838918368333054e+01,1.696947310446770985e+01,2.145080764385723260e+00,0.000000000000000000e+00
0.000000000000000000e+00,0.000000000000000000e+00,0.000000000000000000e+00,0.000000000000000000e+00,0.000000000000000000e+00,0.000000000000000000e+00,0.000000000000000000e+00,0.000000000000000000e+00,-5.705642973309359434e-01,6.829053267668500071e-02,-1.889374704238753686e-02,0.000000000000000000e+00,0.000000000000000000e+00,0.000000000000000000e+00,-8.824168553215034905e-01,1.166402921173695512e-01,-2.922047686540311939e-02,0.000000000000000000e+00,0.000000000000000000e+00,0.000000000000000000e+00,-1.176972331089563006e+00,1.512950010790558852e-01,-3.897442865514137711e-02,0.000000000000000000e+00,0.000000000000000000e+00,0.000000000000000000e+00,-1.504783948072194733e+00,1.687908867319624084e-01,-4.982962902046202125e-02,0.000000000000000000e+00,0.000000000000000000e+00,0.000000000000000000e+00,-1.883299509818454398e+00,1.633923508356006637e-01,-6.236384700202127207e-02,0.000000000000000000e+00,0.000000000000000000e+00,0.000000000000000000e+00,-2.310655592780069600e+00,1.269486380349497956e-01,-7.651537692822556191e-02,0.000000000000000000e+00,0.000000000000000000e+00,0.000000000000000000e+00,-2.763563613465590763e+00,4.889991015547751757e-02,-9.151303734323996963e-02,0.000000000000000000e+00,0.000000000000000000e+00,0.000000000000000000e+00,-3.187936320524742406e+00,-8.302021410218947406e-02,-1.055657753367949397e-01,0.000000000000000000e+00,0.000000000000000000e+00,0.000000000000000000e+00,-3.481932853701774633e+00,-2.807686480107920435e-01,-1.153012182223212001e-01,0.000000000000000000e+00,0.000000000000000000e+00,0.000000000000000000e+00,-3.469927605167226758e+00,-5.517705522857049294e-01,-1.149036747201192254e-01,0.000000000000000000e+00,0.000000000000000000e+00,0.000000000000000000e+00,-2.864911705919480411e+00,-8.909470730895967527e-01,-9.486909244695015953e-02,0.000000000000000000e+00,0.000000000000000000e+00,0.000000000000000000e+00,-1.198731312584742303e+00,-1.263678210826014947e+00,-3.969495865358856762e-02,0.000000000000000000e+00,0.000000000000000000e+00,0.000000000000000000e+00,2.410806910144795978e+00,-1.553967003528974766e+00,7.983180185194084511e-02,0.000000000000000000e+00,0.000000000000000000e+00,0.000000000000000000e+00,1.039771820052223106e+01,-1.335518248209942138e+00,3.443115147892809036e-01,0.000000000000000000e+00,0.000000000000000000e+00,0.000000000000000000e+00,3.868307223248596216e+01,2.305163013596689403e+00,1.280956738796928285e+00,0.000000000000000000e+00,0.000000000000000000e+00,0.000000000000000000e+00,1.044552556173578672e+01,-1.404889123894008884e+00,3.458946145271342698e-01,0.000000000000000000e+00,0.000000000000000000e+00,0.000000000000000000e+00,2.558375506524492859e+00,-1.689516412609210372e+00,8.471840927627755091e-02,0.000000000000000000e+00,0.000000000000000000e+00,0.000000000000000000e+00,-8.413093722980714562e-01,-1.455380885371827970e+00,-2.785923784391616462e-02,0.000000000000000000e+00,0.000000000000000000e+00,0.000000000000000000e+00,-2.110531953622705181e+00,-1.111475513525315595e+00,-6.988845436554687318e-02,0.000000000000000000e+00,0.000000000000000000e+00,0.000000000000000000e+00,-1.974207063492036784e+00,-7.210732397543798688e-01,-6.537417262419184527e-02,0.000000000000000000e+00
0.000000000000000000e+00,0.000000000000000000e+00,0.000000000000000000e+00,0.000000000000000000e+00,0.000000000000000000e+00,0.000000000000000000e+00,0.000000000000000000e+00,0.000000000000000000e+00,0.000000000000000000e+00,0.000000000000000000e+00,0.000000000000000000e+00,0.000000000000000000e+00,0.000000000000000000e+00,0.000000000000000000e+00,0.000000000000000000e+00,0.000000000000000000e+00,0.000000000000000000e+00,0.000000000000000000e+00,0.000000000000000000e+00,0.000000000000000000e+00,0.000000000000000000e+00,0.000000000000000000e+00,0.000000000000000000e+00,0.000000000000000000e+00,0.000000000000000000e+00,0.000000000000000000e+00,0.000000000000000000e+00,0.000000000000000000e+00,0.000000000000000000e+00,0.000000000000000000e+00,0.000000000000000000e+00,0.000000000000000000e+00,0.000000000000000000e+00,0.000000000000000000e+00,0.000000000000000000e+00,0.000000000000000000e+00,0.000000000000000000e+00,0.000000000000000000e+00,0.000000000000000000e+00,0.000000000000000000e+00,0.000000000000000000e+00,0.000000000000000000e+00,0.000000000000000000e+00,0.000000000000000000e+00,0.000000000000000000e+00,0.000000000000000000e+00,0.000000000000000000e+00,0.000000000000000000e+00,0.000000000000000000e+00,0.000000000000000000e+00,0.000000000000000000e+00,0.000000000000000000e+00,0.000000000000000000e+00,0.000000000000000000e+00,0.000000000000000000e+00,0.000000000000000000e+00,0.000000000000000000e+00,0.000000000000000000e+00,0.000000000000000000e+00,0.000000000000000000e+00,0.000000000000000000e+00,0.000000000000000000e+00,0.000000000000000000e+00,0.000000000000000000e+00,0.000000000000000000e+00,0.000000000000000000e+00,0.000000000000000000e+00,0.000000000000000000e+00,0.000000000000000000e+00,0.000000000000000000e+00,0.000000000000000000e+00,0.000000000000000000e+00,0.000000000000000000e+00,0.000000000000000000e+00,0.000000000000000000e+00,0.000000000000000000e+00,0.000000000000000000e+00,0.000000000000000000e+00,0.000000000000000000e+00,0.000000000000000000e+00,0.000000000000000000e+00,0.000000000000000000e+00,0.000000000000000000e+00,0.000000000000000000e+00,0.000000000000000000e+00,0.000000000000000000e+00,0.000000000000000000e+00,0.000000000000000000e+00,0.000000000000000000e+00,0.000000000000000000e+00,0.000000000000000000e+00,0.000000000000000000e+00,0.000000000000000000e+00,0.000000000000000000e+00,0.000000000000000000e+00,0.000000000000000000e+00,0.000000000000000000e+00,0.000000000000000000e+00,0.000000000000000000e+00,0.000000000000000000e+00,0.000000000000000000e+00,0.000000000000000000e+00,0.000000000000000000e+00,0.000000000000000000e+00,0.000000000000000000e+00,0.000000000000000000e+00,0.000000000000000000e+00,0.000000000000000000e+00,0.000000000000000000e+00,0.000000000000000000e+00,0.000000000000000000e+00,0.000000000000000000e+00,0.000000000000000000e+00,0.000000000000000000e+00,0.000000000000000000e+00,0.000000000000000000e+00,0.000000000000000000e+00,0.000000000000000000e+00,0.000000000000000000e+00,0.000000000000000000e+00,0.000000000000000000e+00,0.000000000000000000e+00,0.000000000000000000e+00,0.000000000000000000e+00,0.000000000000000000e+00,0.000000000000000000e+00
0.000000000000000000e+00,0.000000000000000000e+00,0.000000000000000000e+00,0.000000000000000000e+00,0.000000000000000000e+00,0.000000000000000000e+00,0.000000000000000000e+00,0.000000000000000000e+00,0.000000000000000000e+00,0.000000000000000000e+00,0.000000000000000000e+00,0.000000000000000000e+00,0.000000000000000000e+00,0.000000000000000000e+00,0.000000000000000000e+00,0.000000000000000000e+00,0.000000000000000000e+00,0.000000000000000000e+00,0.000000000000000000e+00,0.000000000000000000e+00,0.000000000000000000e+00,0.000000000000000000e+00,0.000000000000000000e+00,0.000000000000000000e+00,0.000000000000000000e+00,0.000000000000000000e+00,0.000000000000000000e+00,0.000000000000000000e+00,0.000000000000000000e+00,0.000000000000000000e+00,0.000000000000000000e+00,0.000000000000000000e+00,0.000000000000000000e+00,0.000000000000000000e+00,0.000000000000000000e+00,0.000000000000000000e+00,0.000000000000000000e+00,0.000000000000000000e+00,0.000000000000000000e+00,0.000000000000000000e+00,0.000000000000000000e+00,0.000000000000000000e+00,0.000000000000000000e+00,0.000000000000000000e+00,0.000000000000000000e+00,0.000000000000000000e+00,0.000000000000000000e+00,0.000000000000000000e+00,0.000000000000000000e+00,0.000000000000000000e+00,0.000000000000000000e+00,0.000000000000000000e+00,0.000000000000000000e+00,0.000000000000000000e+00,0.000000000000000000e+00,0.000000000000000000e+00,0.000000000000000000e+00,0.000000000000000000e+00,0.000000000000000000e+00,0.000000000000000000e+00,0.000000000000000000e+00,0.000000000000000000e+00,0.000000000000000000e+00,0.000000000000000000e+00,0.000000000000000000e+00,0.000000000000000000e+00,0.000000000000000000e+00,0.000000000000000000e+00,0.000000000000000000e+00,0.000000000000000000e+00,0.000000000000000000e+00,0.000000000000000000e+00,0.000000000000000000e+00,0.000000000000000000e+00,0.000000000000000000e+00,0.000000000000000000e+00,0.000000000000000000e+00,0.000000000000000000e+00,0.000000000000000000e+00,0.000000000000000000e+00,0.000000000000000000e+00,0.000000000000000000e+00,0.000000000000000000e+00,0.000000000000000000e+00,0.000000000000000000e+00,0.000000000000000000e+00,0.000000000000000000e+00,0.000000000000000000e+00,0.000000000000000000e+00,0.000000000000000000e+00,0.000000000000000000e+00,0.000000000000000000e+00,0.000000000000000000e+00,0.000000000000000000e+00,0.000000000000000000e+00,0.000000000000000000e+00,0.000000000000000000e+00,0.000000000000000000e+00,0.000000000000000000e+00,0.000000000000000000e+00,0.000000000000000000e+00,0.000000000000000000e+00,0.000000000000000000e+00,0.000000000000000000e+00,0.000000000000000000e+00,0.000000000000000000e+00,0.000000000000000000e+00,0.000000000000000000e+00,0.000000000000000000e+00,0.000000000000000000e+00,0.000000000000000000e+00,0.000000000000000000e+00,0.000000000000000000e+00,0.000000000000000000e+00,0.000000000000000000e+00,0.000000000000000000e+00,0.000000000000000000e+00,0.000000000000000000e+00,0.000000000000000000e+00,0.000000000000000000e+00,0.000000000000000000e+00,0.000000000000000000e+00,0.000000000000000000e+00,0.000000000000000000e+00,0.000000000000000000e+00,0.000000000000000000e+00
0.000000000000000000e+00,0.000000000000000000e+00,0.000000000000000000e+00,0.000000000000000000e+00,0.000000000000000000e+00,0.000000000000000000e+00,0.000000000000000000e+00,0.000000000000000000e+00,0.000000000000000000e+00,0.000000000000000000e+00,0.000000000000000000e+00,0.000000000000000000e+00,0.000000000000000000e+00,0.000000000000000000e+00,0.000000000000000000e+00,0.000000000000000000e+00,0.000000000000000000e+00,0.000000000000000000e+00,0.000000000000000000e+00,0.000000000000000000e+00,0.000000000000000000e+00,0.000000000000000000e+00,0.000000000000000000e+00,0.000000000000000000e+00,0.000000000000000000e+00,0.000000000000000000e+00,0.000000000000000000e+00,0.000000000000000000e+00,0.000000000000000000e+00,0.000000000000000000e+00,0.000000000000000000e+00,0.000000000000000000e+00,0.000000000000000000e+00,0.000000000000000000e+00,0.000000000000000000e+00,0.000000000000000000e+00,0.000000000000000000e+00,0.000000000000000000e+00,0.000000000000000000e+00,0.000000000000000000e+00,0.000000000000000000e+00,0.000000000000000000e+00,0.000000000000000000e+00,0.000000000000000000e+00,0.000000000000000000e+00,0.000000000000000000e+00,0.000000000000000000e+00,0.000000000000000000e+00,0.000000000000000000e+00,0.000000000000000000e+00,0.000000000000000000e+00,0.000000000000000000e+00,0.000000000000000000e+00,0.000000000000000000e+00,0.000000000000000000e+00,0.000000000000000000e+00,0.000000000000000000e+00,0.000000000000000000e+00,0.000000000000000000e+00,0.000000000000000000e+00,0.000000000000000000e+00,0.000000000000000000e+00,0.000000000000000000e+00,0.000000000000000000e+00,0.000000000000000000e+00,0.000000000000000000e+00,0.000000000000000000e+00,0.000000000000000000e+00,0.000000000000000000e+00,0.000000000000000000e+00,0.000000000000000000e+00,0.000000000000000000e+00,0.000000000000000000e+00,0.000000000000000000e+00,0.000000000000000000e+00,0.000000000000000000e+00,0.000000000000000000e+00,0.000000000000000000e+00,0.000000000000000000e+00,0.000000000000000000e+00,0.000000000000000000e+00,0.000000000000000000e+00,0.000000000000000000e+00,0.000000000000000000e+00,0.000000000000000000e+00,0.000000000000000000e+00,0.000000000000000000e+00,0.000000000000000000e+00,0.000000000000000000e+00,0.000000000000000000e+00,0.000000000000000000e+00,0.000000000000000000e+00,0.000000000000000000e+00,0.000000000000000000e+00,0.000000000000000000e+00,0.000000000000000000e+00,0.000000000000000000e+00,0.000000000000000000e+00,0.000000000000000000e+00,0.000000000000000000e+00,0.000000000000000000e+00,0.000000000000000000e+00,0.000000000000000000e+00,0.000000000000000000e+00,0.000000000000000000e+00,0.000000000000000000e+00,0.000000000000000000e+00,0.000000000000000000e+00,0.000000000000000000e+00,0.000000000000000000e+00,0.000000000000000000e+00,0.000000000000000000e+00,0.000000000000000000e+00,0.000000000000000000e+00,0.000000000000000000e+00,0.000000000000000000e+00,0.000000000000000000e+00,0.000000000000000000e+00,0.000000000000000000e+00,0.000000000000000000e+00,0.000000000000000000e+00,0.000000000000000000e+00,0.000000000000000000e+00,0.000000000000000000e+00,0.000000000000000000e+00,0.000000000000000000e+00
0.000000000000000000e+00,0.000000000000000000e+00,0.000000000000000000e+00,0.000000000000000000e+00,0.000000000000000000e+00,0.000000000000000000e+00,0.000000000000000000e+00,0.000000000000000000e+00,-1.295592323696438086e+01,1.914971129483286294e+00,-4.290242790950801188e-01,0.000000000000000000e+00,0.000000000000000000e+00,0.000000000000000000e+00,-2.004893252816845717e+01,3.301218569872855557e+00,-6.639031944850228850e-01,0.000000000000000000e+00,0.000000000000000000e+00,0.000000000000000000e+00,-2.700669116224919364e+01,4.407292697337204856e+00,-8.943034004377302670e-01,0.000000000000000000e+00,0.000000000000000000e+00,0.000000000000000000e+00,-3.514562896213559640e+01,5.179461968451933629e+00,-1.163817340766849728e+00,0.000000000000000000e+00,0.000000000000000000e+00,0.000000000000000000e+00,-4.504327542408418594e+01,5.497090585148429298e+00,-1.491569409099607002e+00,0.000000000000000000e+00,0.000000000000000000e+00,0.000000000000000000e+00,-5.687296749937702600e+01,5.171218554663248312e+00,-1.883299509818272766e+00,0.000000000000000000e+00,0.000000000000000000e+00,0.000000000000000000e+00,-7.038429992449565020e+01,3.937781380238425388e+00,-2.330715687521614399e+00,0.000000000000000000e+00,0.000000000000000000e+00,0.000000000000000000e+00,-8.473953572400920109e+01,1.459231992099711217e+00,-2.806077001222094136e+00,0.000000000000000000e+00,0.000000000000000000e+00,0.000000000000000000e+00,-9.819620591166547285e+01,-2.653100051032988738e+00,-3.251683085843521948e+00,0.000000000000000000e+00,0.000000000000000000e+00,0.000000000000000000e+00,-1.075762408324292920e+02,-8.776688016688677152e+00,-3.562294892209129316e+00,0.000000000000000000e+00,0.000000000000000000e+00,0.000000000000000000e+00,-1.074673916042989958e+02,-1.714847508464075787e+01,-3.558690443435040596e+00,0.000000000000000000e+00,0.000000000000000000e+00,0.000000000000000000e+00,-8.908069832926888409e+01,-2.762177373300490757e+01,-2.949830875268098840e+00,0.000000000000000000e+00,0.000000000000000000e+00,0.000000000000000000e+00,-3.814150174902282231e+01,-3.914846687799980174e+01,-1.263023097017988539e+00,0.000000000000000000e+00,0.000000000000000000e+00,0.000000000000000000e+00,7.214272596608756771e+01,-4.820855196889115035e+01,2.388944456790916160e+00,0.000000000000000000e+00,0.000000000000000000e+00,0.000000000000000000e+00,3.154400203946680108e+02,-4.188871520505348656e+01,1.044552556173284863e+01,0.000000000000000000e+00,0.000000000000000000e+00,0.000000000000000000e+00,1.172718626518421615e+03,6.787104716921618319e+01,3.883357087883790371e+01,0.000000000000000000e+00,0.000000000000000000e+00,0.000000000000000000e+00,3.242585943306473268e+02,-4.411936812438052158e+01,1.073754506943847176e+01,0.000000000000000000e+00,0.000000000000000000e+00,0.000000000000000000e+00,9.167898296810213310e+01,-5.218392301266731437e+01,3.035870841210342785e+00,0.000000000000000000e+00,0.000000000000000000e+00,0.000000000000000000e+00,-3.858694503247140251e+00,-4.357895993491856501e+01,-1.277773569065712433e-01,0.000000000000000000e+00,0.000000000000000000e+00,0.000000000000000000e+00,-3.235670700159902680e+01,-2.912924889260775529e+01,-1.071464583523138003e+00,0.000000000000000000e+00
0.000000000000000000e+00,0.000000000000000000e+00,0.000000000000000000e+00,0.000000000000000000e+00,0.000000000000000000e+00,0.000000000000000000e+00,0.000000000000000000e+00,0.000000000000000000e+00,7.530245496492375068e+00,-1.655187768662369274e+00,2.493576170877784548e-01,0.000000000000000000e+00,0.000000000000000000e+00,0.000000000000000000e+00,1.181445217739889308e+01,-2.795480882091953223e+00,3.912254445789290491e-01,0.000000000000000000e+00,0.000000000000000000e+00,0.000000000000000000e+00,1.642398498497549753e+01,-3.752493527060739797e+00,5.438661675567720843e-01,0.000000000000000000e+00,0.000000000000000000e+00,0.000000000000000000e+00,2.233410906429759279e+01,-4.516457329333245951e+00,7.395748543186172475e-01,0.000000000000000000e+00,0.000000000000000000e+00,0.000000000000000000e+00,3.008709699987631225e+01,-5.004768801184351190e+00,9.963083961170545733e-01,0.000000000000000000e+00,0.000000000000000000e+00,0.000000000000000000e+00,3.999542764241858350e+01,-5.066155405616266094e+00,1.324414261920906499e+00,0.000000000000000000e+00,0.000000000000000000e+00,0.000000000000000000e+00,5.211949199215082729e+01,-4.469840563749602147e+00,1.725892247874533103e+00,0.000000000000000000e+00,0.000000000000000000e+00,0.000000000000000000e+00,6.613184666497252806e+01,-2.895902767840168757e+00,2.189899347328471801e+00,0.000000000000000000e+00,0.000000000000000000e+00,0.000000000000000000e+00,8.104105608330696953e+01,6.346301245254443169e-02,2.683605021990772332e+00,0.000000000000000000e+00,0.000000000000000000e+00,0.000000000000000000e+00,9.470793391201320333e+01,4.878090404535482705e+00,3.136171952243385519e+00,0.000000000000000000e+00,0.000000000000000000e+00,0.000000000000000000e+00,1.030838988610718729e+02,1.201194340087711687e+01,3.413534843198391400e+00,0.000000000000000000e+00,0.000000000000000000e+00,0.000000000000000000e+00,9.906383117638377200e+01,2.178672449830769864e+01,3.280413751880403961e+00,0.000000000000000000e+00,0.000000000000000000e+00,0.000000000000000000e+00,7.030008738400417201e+01,3.407471163638255973e+01,2.327927061515215001e+00,0.000000000000000000e+00,0.000000000000000000e+00,0.000000000000000000e+00,-7.926268195178539422e+00,4.726722508744968110e+01,-2.624715688843115013e-01,0.000000000000000000e+00,0.000000000000000000e+00,0.000000000000000000e+00,-2.067719620578700983e+02,5.344329717042839434e+01,-6.847076069874758808e+00,0.000000000000000000e+00,0.000000000000000000e+00,0.000000000000000000e+00,-9.943187621187628338e+02,-5.931583338289211582e+00,-3.292601247370976125e+01,0.000000000000000000e+00,0.000000000000000000e+00,0.000000000000000000e+00,-2.128526216834469551e+02,5.559158429932933387e+01,-7.048431894895603733e+00,0.000000000000000000e+00,0.000000000000000000e+00,0.000000000000000000e+00,-2.214542399637267778e+01,5.120568895616050042e+01,-7.333267102256050274e-01,0.000000000000000000e+00,0.000000000000000000e+00,0.000000000000000000e+00,4.345055718332952921e+01,3.881460325738137129e+01,1.438827911443018026e+00,0.000000000000000000e+00,0.000000000000000000e+00,0.000000000000000000e+00,5.063875506943200833e+01,2.461717218894687775e+01,1.676858915461261645e+00,0.000000000000000000e+00
0.000000000000000000e+00,0.000000000000000000e+00,0.000000000000000000e+00,0.000000000000000000e+00,0.000000000000000000e+00,0.000000000000000000e+00,0.000000000000000000e+00,0.000000000000000000e+00,-4.290242790950808405e-01,6.341262550633611217e-02,-1.420677080950194689e-02,0.000000000000000000e+00,0.000000000000000000e+00,0.000000000000000000e+00,-6.639031944850231071e-01,1.093170198040507579e-01,-2.198458451731264210e-02,0.000000000000000000e+00,0.000000000000000000e+00,0.000000000000000000e+00,-8.943034004377308221e-01,1.459437152916583103e-01,-2.961408960578048796e-02,0.000000000000000000e+00,0.000000000000000000e+00,0.000000000000000000e+00,-1.163817340766857500e+00,1.715134380215831422e-01,-3.853881244034298992e-02,0.000000000000000000e+00,0.000000000000000000e+00,0.000000000000000000e+00,-1.491569409099612109e+00,1.820314370715767349e-01,-4.939204090322859425e-02,0.000000000000000000e+00,0.000000000000000000e+00,0.000000000000000000e+00,-1.883299509818273210e+00,1.712404644485469030e-01,-6.236384700201549197e-02,0.000000000000000000e+00,0.000000000000000000e+00,0.000000000000000000e+00,-2.330715687521615287e+00,1.303962509650262447e-01,-7.717964974982707838e-02,0.000000000000000000e+00,0.000000000000000000e+00,0.000000000000000000e+00,-2.806077001222112788e+00,4.832121509155704042e-02,-9.292083169340135951e-02,0.000000000000000000e+00,0.000000000000000000e+00,0.000000000000000000e+00,-3.251683085843545040e+00,-8.785513127416894053e-02,-1.076766947622445902e-01,0.000000000000000000e+00,0.000000000000000000e+00,0.000000000000000000e+00,-3.562294892209129316e+00,-2.906324914352092503e-01,-1.179623381600244519e-01,0.000000000000000000e+00,0.000000000000000000e+00,0.000000000000000000e+00,-3.558690443435041928e+00,-5.678570354428661426e-01,-1.178429799322429500e-01,0.000000000000000000e+00,0.000000000000000000e+00,0.000000000000000000e+00,-2.949830875268099728e+00,-9.146713318985746355e-01,-9.768111786148792053e-02,0.000000000000000000e+00,0.000000000000000000e+00,0.000000000000000000e+00,-1.263023097018002749e+00,-1.296367883076991800e+00,-4.182392591927234365e-02,0.000000000000000000e+00,0.000000000000000000e+00,0.000000000000000000e+00,2.388944456790907278e+00,-1.596384825410343433e+00,7.910784547169406877e-02,0.000000000000000000e+00,0.000000000000000000e+00,0.000000000000000000e+00,1.044552556173284685e+01,-1.387108854720100481e+00,3.458946145270369588e-01,0.000000000000000000e+00,0.000000000000000000e+00,0.000000000000000000e+00,3.883357087883788950e+01,2.247491479428024963e+00,1.285940372311497049e+00,0.000000000000000000e+00,0.000000000000000000e+00,0.000000000000000000e+00,1.073754506943848597e+01,-1.460975011775993426e+00,3.555645899107798824e-01,0.000000000000000000e+00,0.000000000000000000e+00,0.000000000000000000e+00,3.035870841210379201e+00,-1.728025825823621853e+00,1.005302574933451265e-01,0.000000000000000000e+00,0.000000000000000000e+00,0.000000000000000000e+00,-1.277773569065787651e-01,-1.443079858365416523e+00,-4.231237514214045148e-03,0.000000000000000000e+00,0.000000000000000000e+00,0.000000000000000000e+00,-1.071464583523142888e+00,-9.645900780792460161e-01,-3.548063014223547251e-02,0.000000000000000000e+00
0.000000000000000000e+00,0.000000000000000000e+00,0.000000000000000000e+00,0.000000000000000000e+00,0.000000000000000000e+00,0.000000000000000000e+00,0.000000000000000000e+00,0.000000000000000000e+00,0.000000000000000000e+00,0.000000000000000000e+00,0.000000000000000000e+00,0.000000000000000000e+00,0.000000000000000000e+00,0.000000000000000000e+00,0.000000000000000000e+00,0.000000000000000000e+00,0.000000000000000000e+00,0.000000000000000000e+00,0.000000000000000000e+00,0.000000000000000000e+00,0.000000000000000000e+00,0.000000000000000000e+00,0.000000000000000000e+00,0.000000000000000000e+00,0.000000000000000000e+00,0.000000000000000000e+00,0.000000000000000000e+00,0.000000000000000000e+00,0.000000000000000000e+00,0.000000000000000000e+00,0.000000000000000000e+00,0.000000000000000000e+00,0.000000000000000000e+00,0.000000000000000000e+00,0.000000000000000000e+00,0.000000000000000000e+00,0.000000000000000000e+00,0.000000000000000000e+00,0.000000000000000000e+00,0.000000000000000000e+00,0.000000000000000000e+00,0.000000000000000000e+00,0.000000000000000000e+00,0.000000000000000000e+00,0.000000000000000000e+00,0.000000000000000000e+00,0.000000000000000000e+00,0.000000000000000000e+00,0.000000000000000000e+00,0.000000000000000000e+00,0.000000000000000000e+00,0.000000000000000000e+00,0.000000000000000000e+00,0.000000000000000000e+00,0.000000000000000000e+00,0.000000000000000000e+00,0.000000000000000000e+00,0.000000000000000000e+00,0.000000000000000000e+00,0.000000000000000000e+00,0.000000000000000000e+00,0.000000000000000000e+00,0.000000000000000000e+00,0.000000000000000000e+00,0.000000000000000000e+00,0.000000000000000000e+00,0.000000000000000000e+00,0.000000000000000000e+00,0.000000000000000000e+00,0.000000000000000000e+00,0.000000000000000000e+00,0.000000000000000000e+00,0.000000000000000000e+00,0.000000000000000000e+00,0.000000000000000000e+00,0.000000000000000000e+00,0.000000000000000000e+00,0.000000000000000000e+00,0.000000000000000000e+00,0.000000000000000000e+00,0.000000000000000000e+00,0.000000000000000000e+00,0.000000000000000000e+00,0.000000000000000000e+00,0.000000000000000000e+00,0.000000000000000000e+00,0.000000000000000000e+00,0.000000000000000000e+00,0.000000000000000000e+00,0.000000000000000000e+00,0.000000000000000000e+00,0.000000000000000000e+00,0.000000000000000000e+00,0.000000000000000000e+00,0.000000000000000000e+00,0.000000000000000000e+00,0.000000000000000000e+00,0.000000000000000000e+00,0.000000000000000000e+00,0.000000000000000000e+00,0.000000000000000000e+00,0.000000000000000000e+00,0.000000000000000000e+00,0.000000000000000000e+00,0.000000000000000000e+00,0.000000000000000000e+00,0.000000000000000000e+00,0.000000000000000000e+00,0.000000000000000000e+00,0.000000000000000000e+00,0.000000000000000000e+00,0.000000000000000000e+00,0.000000000000000000e+00,0.000000000000000000e+00,0.000000000000000000e+00,0.000000000000000000e+00,0.000000000000000000e+00,0.000000000000000000e+00,0.000000000000000000e+00,0.000000000000000000e+00,0.000000000000000000e+00,0.000000000000000000e+00,0.000000000000000000e+00,0.000000000000000000e+00,0.000000000000000000e+00,0.000000000000000000e+00
0.000000000000000000e+00,0.000000000000000000e+00,0.000000000000000000e+00,0.000000000000000000e+00,0.000000000000000000e+00,0.000000000000000000e+00,0.000000000000000000e+00,0.000000000000000000e+00,0.000000000000000000e+00,0.000000000000000000e+00,0.000000000000000000e+00,0.000000000000000000e+00,0.000000000000000000e+00,0.000000000000000000e+00,0.000000000000000000e+00,0.000000000000000000e+00,0.000000000000000000e+00,0.000000000000000000e+00,0.000000000000000000e+00,0.000000000000000000e+00,0.000000000000000000e+00,0.000000000000000000e+00,0.000000000000000000e+00,0.000000000000000000e+00,0.000000000000000000e+00,0.000000000000000000e+00,0.000000000000000000e+00,0.000000000000000000e+00,0.000000000000000000e+00,0.000000000000000000e+00,0.000000000000000000e+00,0.000000000000000000e+00,0.000000000000000000e+00,0.000000000000000000e+00,0.000000000000000000e+00,0.000000000000000000e+00,0.000000000000000000e+00,0.000000000000000000e+00,0.000000000000000000e+00,0.000000000000000000e+00,0.000000000000000000e+00,0.000000000000000000e+00,0.000000000000000000e+00,0.000000000000000000e+00,0.000000000000000000e+00,0.000000000000000000e+00,0.000000000000000000e+00,0.000000000000000000e+00,0.000000000000000000e+00,0.000000000000000000e+00,0.000000000000000000e+00,0.000000000000000000e+00,0.000000000000000000e+00,0.000000000000000000e+00,0.000000000000000000e+00,0.000000000000000000e+00,0.000000000000000000e+00,0.000000000000000000e+00,0.000000000000000000e+00,0.000000000000000000e+00,0.000000000000000000e+00,0.000000000000000000e+00,0.000000000000000000e+00,0.000000000000000000e+00,0.000000000000000000e+00,0.000000000000000000e+00,0.000000000000000000e+00,0.000000000000000000e+00,0.000000000000000000e+00,0.000000000000000000e+00,0.000000000000000000e+00,0.000000000000000000e+00,0.000000000000000000e+00,0.000000000000000000e+00,0.000000000000000000e+00,0.000000000000000000e+00,0.000000000000000000e+00,0.000000000000000000e+00,0.000000000000000000e+00,0.000000000000000000e+00,0.000000000000000000e+00,0.000000000000000000e+00,0.000000000000000000e+00,0.000000000000000000e+00,0.000000000000000000e+00,0.000000000000000000e+00,0.000000000000000000e+00,0.000000000000000000e+00,0.000000000000000000e+00,0.000000000000000000e+00,0.000000000000000000e+00,0.000000000000000000e+00,0.000000000000000000e+00,0.000000000000000000e+00,0.000000000000000000e+00,0.000000000000000000e+00,0.000000000000000000e+00,0.000000000000000000e+00,0.000000000000000000e+00,0.000000000000000000e+00,0.000000000000000000e+00,0.000000000000000000e+00,0.000000000000000000e+00,0.000000000000000000e+00,0.000000000000000000e+00,0.000000000000000000e+00,0.000000000000000000e+00,0.000000000000000000e+00,0.000000000000000000e+00,0.000000000000000000e+00,0.000000000000000000e+00,0.000000000000000000e+00,0.000000000000000000e+00,0.000000000000000000e+00,0.000000000000000000e+00,0.000000000000000000e+00,0.000000000000000000e+00,0.000000000000000000e+00,0.000000000000000000e+00,0.000000000000000000e+00,0.000000000000000000e+00,0.000000000000000000e+00,0.000000000000000000e+00,0.000000000000000000e+00,0.000000000000000000e+00,0.000000000000000000e+00
0.000000000000000000e+00,0.000000000000000000e+00,0.000000000000000000e+00,0.000000000000000000e+00,0.000000000000000000e+00,0.000000000000000000e+00,0.000000000000000000e+00,0.000000000000000000e+00,0.000000000000000000e+00,0.000000000000000000e+00,0.000000000000000000e+00,0.000000000000000000e+00,0.000000000000000000e+00,0.000000000000000000e+00,0.000000000000000000e+00,0.000000000000000000e+00,0.000000000000000000e+00,0.000000000000000000e+00,0.000000000000000000e+00,0.000000000000000000e+00,0.000000000000000000e+00,0.000000000000000000e+00,0.000000000000000000e+00,0.000000000000000000e+00,0.000000000000000000e+00,0.000000000000000000e+00,0.000000000000000000e+00,0.000000000000000000e+00,0.000000000000000000e+00,0.000000000000000000e+00,0.000000000000000000e+00,0.000000000000000000e+00,0.000000000000000000e+00,0.000000000000000000e+00,0.000000000000000000e+00,0.000000000000000000e+00,0.000000000000000000e+00,0.000000000000000000e+00,0.000000000000000000e+00,0.000000000000000000e+00,0.000000000000000000e+00,0.000000000000000000e+00,0.000000000000000000e+00,0.000000000000000000e+00,0.000000000000000000e+00,0.000000000000000000e+00,0.000000000000000000e+00,0.000000000000000000e+00,0.000000000000000000e+00,0.000000000000000000e+00,0.000000000000000000e+00,0.000000000000000000e+00,0.000000000000000000e+00,0.000000000000000000e+00,0.000000000000000000e+00,0.000000000000000000e+00,0.000000000000000000e+00,0.000000000000000000e+00,0.000000000000000000e+00,0.000000000000000000e+00,0.000000000000000000e+00,0.000000000000000000e+00,0.000000000000000000e+00,0.000000000000000000e+00,0.000000000000000000e+00,0.000000000000000000e+00,0.000000000000000000e+00,0.000000000000000000e+00,0.000000000000000000e+00,0.000000000000000000e+00,0.000000000000000000e+00,0.000000000000000000e+00,0.000000000000000000e+00,0.000000000000000000e+00,0.000000000000000000e+00,0.000000000000000000e+00,0.000000000000000000e+00,0.000000000000000000e+00,0.000000000000000000e+00,0.000000000000000000e+00,0.000000000000000000e+00,0.000000000000000000e+00,0.000000000000000000e+00,0.000000000000000000e+00,0.000000000000000000e+00,0.000000000000000000e+00,0.000000000000000000e+00,0.000000000000000000e+00,0.000000000000000000e+00,0.000000000000000000e+00,0.000000000000000000e+00,0.000000000000000000e+00,0.000000000000000000e+00,0.000000000000000000e+00,0.000000000000000000e+00,0.000000000000000000e+00,0.000000000000000000e+00,0.000000000000000000e+00,0.000000000000000000e+00,0.000000000000000000e+00,0.000000000000000000e+00,0.000000000000000000e+00,0.000000000000000000e+00,0.000000000000000000e+00,0.000000000000000000e+00,0.000000000000000000e+00,0.000000000000000000e+00,0.000000000000000000e+00,0.000000000000000000e+00,0.000000000000000000e+00,0.000000000000000000e+00,0.000000000000000000e+00,0.000000000000000000e+00,0.000000000000000000e+00,0.000000000000000000e+00,0.000000000000000000e+00,0.000000000000000000e+00,0.000000000000000000e+00,0.000000000000000000e+00,0.000000000000000000e+00,0.000000000000000000e+00,0.000000000000000000e+00,0.000000000000000000e+00,0.000000000000000000e+00,0.000000000000000000e+00,0.000000000000000000e+00
0.000000000000000000e+00,0.000000000000000000e+00,0.000000000000000000e+00,0.000000000000000000e+00,0.000000000000000000e+00,0.000000000000000000e+00,0.000000000000000000e+00,0.000000000000000000e+00,-9.718339759840377567e+00,1.667812565245394563e+00,-3.218144807751637804e-01,0.000000000000000000e+00,0.000000000000000000e+00,0.000000000000000000e+00,-1.500903911408074443e+01,2.911556905376788684e+00,-4.970114493621452523e-01,0.000000000000000000e+00,0.000000000000000000e+00,0.000000000000000000e+00,-2.036022265792546193e+01,3.978092828009563320e+00,-6.742112999797652551e-01,0.000000000000000000e+00,0.000000000000000000e+00,0.000000000000000000e+00,-2.688221388899691533e+01,4.844907442467201619e+00,-8.901814423615592720e-01,0.000000000000000000e+00,0.000000000000000000e+00,0.000000000000000000e+00,-3.514562896213237053e+01,5.430937815790009893e+00,-1.163817340766746478e+00,0.000000000000000000e+00,0.000000000000000000e+00,0.000000000000000000e+00,-4.544233571246354586e+01,5.596526045339575539e+00,-1.504783948071945376e+00,0.000000000000000000e+00,0.000000000000000000e+00,0.000000000000000000e+00,-5.778080468736079922e+01,5.134802302339011248e+00,-1.913361759183814792e+00,0.000000000000000000e+00,0.000000000000000000e+00,0.000000000000000000e+00,-7.178749517834712890e+01,3.765052196894160375e+00,-2.377181294117328925e+00,0.000000000000000000e+00,0.000000000000000000e+00,0.000000000000000000e+00,-8.651566848062998361e+01,1.135276745585735547e+00,-2.864892113163505005e+00,0.000000000000000000e+00,0.000000000000000000e+00,0.000000000000000000e+00,-1.001136192035845482e+02,-3.153817146513095970e+00,-3.315176581463051164e+00,0.000000000000000000e+00,0.000000000000000000e+00,0.000000000000000000e+00,-1.092860595797609164e+02,-9.484220156204326457e+00,-3.618914072644245472e+00,0.000000000000000000e+00,0.000000000000000000e+00,0.000000000000000000e+00,-1.084942239987310586e+02,-1.808828064407024883e+01,-3.592693116939295717e+00,0.000000000000000000e+00,0.000000000000000000e+00,0.000000000000000000e+00,-8.881886794322264223e+01,-2.880152723328873066e+01,-2.941160586739477001e+00,0.000000000000000000e+00,0.000000000000000000e+00,0.000000000000000000e+00,-3.586349635588913287e+01,-4.053902610500428239e+01,-1.187588903430353726e+00,0.000000000000000000e+00,0.000000000000000000e+00,0.000000000000000000e+00,7.725930276897864246e+01,-4.971598023260775534e+01,2.558375506523601572e+00,0.000000000000000000e+00,0.000000000000000000e+00,0.000000000000000000e+00,3.242585943306321496e+02,-4.331166783776144058e+01,1.073754506943797082e+01,0.000000000000000000e+00,0.000000000000000000e+00,0.000000000000000000e+00,1.186042816799881848e+03,6.691007998901197595e+01,3.927479000506115625e+01,0.000000000000000000e+00,0.000000000000000000e+00,0.000000000000000000e+00,3.426366223400671061e+02,-4.393953336853761016e+01,1.134611769477118770e+01,0.000000000000000000e+00,0.000000000000000000e+00,0.000000000000000000e+00,1.150508053605535963e+02,-4.958493736132162155e+01,3.809808681815337827e+00,0.000000000000000000e+00,0.000000000000000000e+00,0.000000000000000000e+00,2.342727074924923869e+01,-3.555089446654318408e+01,7.757739653540027813e-01,0.000000000000000000e+00
0.000000000000000000e+00,0.000000000000000000e+00,0.000000000000000000e+00,0.000000000000000000e+00,0.000000000000000000e+00,0.000000000000000000e+00,0.000000000000000000e+00,0.000000000000000000e+00,5.452565579231796633e+00,-1.389436213246331375e+00,1.805570297124322876e-01,0.000000000000000000e+00,0.000000000000000000e+00,0.000000000000000000e+00,8.484808662513449562e+00,-2.383621543211601246e+00,2.809671571153457559e-01,0.000000000000000000e+00,0.000000000000000000e+00,0.000000000000000000e+00,1.186076962855129224e+01,-3.272818618543547498e+00,3.927592072237621745e-01,0.000000000000000000e+00,0.000000000000000000e+00,0.000000000000000000e+00,1.639204152984188667e+01,-4.066389894022156781e+00,5.428083874541969056e-01,0.000000000000000000e+00,0.000000000000000000e+00,0.000000000000000000e+00,2.258558491163078941e+01,-4.715123248730600736e+00,7.479022611840858703e-01,0.000000000000000000e+00,0.000000000000000000e+00,0.000000000000000000e+00,3.080220042238744682e+01,-5.115238747129577490e+00,1.019988432244931076e+00,0.000000000000000000e+00,0.000000000000000000e+00,0.000000000000000000e+00,4.125111489399803588e+01,-5.098038653315631663e+00,1.365995267614174447e+00,0.000000000000000000e+00,0.000000000000000000e+00,0.000000000000000000e+00,5.391485553051786894e+01,-4.417100645343237986e+00,1.785344170649418860e+00,0.000000000000000000e+00,0.000000000000000000e+00,0.000000000000000000e+00,6.839311913249346730e+01,-2.738514887548908039e+00,2.264779444444809720e+00,0.000000000000000000e+00,0.000000000000000000e+00,0.000000000000000000e+00,8.361490477539713595e+01,3.571151302150786799e-01,2.768835812527839835e+00,0.000000000000000000e+00,0.000000000000000000e+00,0.000000000000000000e+00,9.734709429730524732e+01,5.347356873874351990e+00,3.223565483449695179e+00,0.000000000000000000e+00,0.000000000000000000e+00,0.000000000000000000e+00,1.054287589429033147e+02,1.269775019218833201e+01,3.491182872426930039e+00,0.000000000000000000e+00,0.000000000000000000e+00,0.000000000000000000e+00,1.006234650913933848e+02,2.272187825319319998e+01,3.332059690483190284e+00,0.000000000000000000e+00,0.000000000000000000e+00,0.000000000000000000e+00,7.043559510797362577e+01,3.526864635966217776e+01,2.332414283500471530e+00,0.000000000000000000e+00,0.000000000000000000e+00,0.000000000000000000e+00,-1.001385570077255061e+01,4.868176754587749855e+01,-3.316002375445305517e-01,0.000000000000000000e+00,0.000000000000000000e+00,0.000000000000000000e+00,-2.120449213968148854e+02,5.495350107290028774e+01,-7.021685593079876497e+00,0.000000000000000000e+00,0.000000000000000000e+00,0.000000000000000000e+00,-1.003883905260911774e+03,-4.602996524995193184e+00,-3.324275397996488124e+01,0.000000000000000000e+00,0.000000000000000000e+00,0.000000000000000000e+00,-2.278973587916962060e+02,5.618754378857970977e+01,-7.546625452698175529e+00,0.000000000000000000e+00,0.000000000000000000e+00,0.000000000000000000e+00,-4.386536332240232383e+01,4.995567232341151254e+01,-1.452563860747824620e+00,0.000000000000000000e+00,0.000000000000000000e+00,0.000000000000000000e+00,1.337527356362053865e+01,3.297842838003014521e+01,4.429107052718490034e-01,0.000000000000000000e+00
0.000000000000000000e+00,0.000000000000000000e+00,0.000000000000000000e+00,0.000000000000000000e+00,0.000000000000000000e+00,0.000000000000000000e+00,0.000000000000000000e+00,0.000000000000000000e+00,-3.218144807751642245e-01,5.522818176543733970e-02,-1.065661034661022008e-02,0.000000000000000000e+00,0.000000000000000000e+00,0.000000000000000000e+00,-4.970114493621454743e-01,9.641370819562357364e-02,-1.645810760565730516e-02,0.000000000000000000e+00,0.000000000000000000e+00,0.000000000000000000e+00,-6.742112999797654771e-01,1.317311299622982712e-01,-2.232592858425651652e-02,0.000000000000000000e+00,0.000000000000000000e+00,0.000000000000000000e+00,-8.901814423615656002e-01,1.604349520114866645e-01,-2.947759450159185765e-02,0.000000000000000000e+00,0.000000000000000000e+00,0.000000000000000000e+00,-1.163817340766750030e+00,1.798408448872107490e-01,-3.853881244033956904e-02,0.000000000000000000e+00,0.000000000000000000e+00,0.000000000000000000e+00,-1.504783948071945821e+00,1.853241569993455129e-01,-4.982962902045409703e-02,0.000000000000000000e+00,0.000000000000000000e+00,0.000000000000000000e+00,-1.913361759183815902e+00,1.700345715056055529e-01,-6.335933259004605800e-02,0.000000000000000000e+00,0.000000000000000000e+00,0.000000000000000000e+00,-2.377181294117344468e+00,1.246764722964148753e-01,-7.871831843501699011e-02,0.000000000000000000e+00,0.000000000000000000e+00,0.000000000000000000e+00,-2.864892113163523213e+00,3.759371512473177329e-02,-9.486844364965066334e-02,0.000000000000000000e+00,0.000000000000000000e+00,0.000000000000000000e+00,-3.315176581463051164e+00,-1.044359481708013598e-01,-1.097792273789611889e-01,0.000000000000000000e+00,0.000000000000000000e+00,0.000000000000000000e+00,-3.618914072644244140e+00,-3.140618110244358108e-01,-1.198372337290121714e-01,0.000000000000000000e+00,0.000000000000000000e+00,0.000000000000000000e+00,-3.592693116939297049e+00,-5.989778899932740597e-01,-1.189689492839172691e-01,0.000000000000000000e+00,0.000000000000000000e+00,0.000000000000000000e+00,-2.941160586739517857e+00,-9.537378565847535183e-01,-9.739400869778698511e-02,0.000000000000000000e+00,0.000000000000000000e+00,0.000000000000000000e+00,-1.187588903430358167e+00,-1.342415058488041435e+00,-3.932598733696303361e-02,0.000000000000000000e+00,0.000000000000000000e+00,0.000000000000000000e+00,2.558375506523598464e+00,-1.646302018673997836e+00,8.471840927624789408e-02,0.000000000000000000e+00,0.000000000000000000e+00,0.000000000000000000e+00,1.073754506943796905e+01,-1.434228709960691850e+00,3.555645899107629515e-01,0.000000000000000000e+00,0.000000000000000000e+00,0.000000000000000000e+00,3.927479000506112783e+01,2.215669875966788105e+00,1.300550965017914118e+00,0.000000000000000000e+00,0.000000000000000000e+00,0.000000000000000000e+00,1.134611769477134757e+01,-1.455019938172157801e+00,3.757169501158363900e-01,0.000000000000000000e+00,0.000000000000000000e+00,0.000000000000000000e+00,3.809808681815334275e+00,-1.641962646453601682e+00,1.261585448841370249e-01,0.000000000000000000e+00,0.000000000000000000e+00,0.000000000000000000e+00,7.757739653540044467e-01,-1.177237360142590727e+00,2.568908908607550959e-02,0.000000000000000000e+00
0.000000000000000000e+00,0.000000000000000000e+00,0.000000000000000000e+00,0.000000000000000000e+00,0.000000000000000000e+00,0.000000000000000000e+00,0.000000000000000000e+00,0.000000000000000000e+00,0.000000000000000000e+00,0.000000000000000000e+00,0.000000000000000000e+00,0.000000000000000000e+00,0.000000000000000000e+00,0.000000000000000000e+00,0.000000000000000000e+00,0.000000000000000000e+00,0.000000000000000000e+00,0.000000000000000000e+00,0.000000000000000000e+00,0.000000000000000000e+00,0.000000000000000000e+00,0.000000000000000000e+00,0.000000000000000000e+00,0.000000000000000000e+00,0.000000000000000000e+00,0.000000000000000000e+00,0.000000000000000000e+00,0.000000000000000000e+00,0.000000000000000000e+00,0.000000000000000000e+00,0.000000000000000000e+00,0.000000000000000000e+00,0.000000000000000000e+00,0.000000000000000000e+00,0.000000000000000000e+00,0.000000000000000000e+00,0.000000000000000000e+00,0.000000000000000000e+00,0.000000000000000000e+00,0.000000000000000000e+00,0.000000000000000000e+00,0.000000000000000000e+00,0.000000000000000000e+00,0.000000000000000000e+00,0.000000000000000000e+00,0.000000000000000000e+00,0.000000000000000000e+00,0.000000000000000000e+00,0.000000000000000000e+00,0.000000000000000000e+00,0.000000000000000000e+00,0.000000000000000000e+00,0.000000000000000000e+00,0.000000000000000000e+00,0.000000000000000000e+00,0.000000000000000000e+00,0.000000000000000000e+00,0.000000000000000000e+00,0.000000000000000000e+00,0.000000000000000000e+00,0.000000000000000000e+00,0.000000000000000000e+00,0.000000000000000000e+00,0.000000000000000000e+00,0.000000000000000000e+00,0.000000000000000000e+00,0.000000000000000000e+00,0.000000000000000000e+00,0.000000000000000000e+00,0.000000000000000000e+00,0.000000000000000000e+00,0.000000000000000000e+00,0.000000000000000000e+00,0.000000000000000000e+00,0.000000000000000000e+00,0.000000000000000000e+00,0.000000000000000000e+00,0.000000000000000000e+00,0.000000000000000000e+00,0.000000000000000000e+00,0.000000000000000000e+00,0.000000000000000000e+00,0.000000000000000000e+00,0.000000000000000000e+00,0.000000000000000000e+00,0.000000000000000000e+00,0.000000000000000000e+00,0.000000000000000000e+00,0.000000000000000000e+00,0.000000000000000000e+00,0.000000000000000000e+00,0.000000000000000000e+00,0.000000000000000000e+00,0.000000000000000000e+00,0.000000000000000000e+00,0.000000000000000000e+00,0.000000000000000000e+00,0.000000000000000000e+00,0.000000000000000000e+00,0.000000000000000000e+00,0.000000000000000000e+00,0.000000000000000000e+00,0.000000000000000000e+00,0.000000000000000000e+00,0.000000000000000000e+00,0.000000000000000000e+00,0.000000000000000000e+00,0.000000000000000000e+00,0.000000000000000000e+00,0.000000000000000000e+00,0.000000000000000000e+00,0.000000000000000000e+00,0.000000000000000000e+00,0.000000000000000000e+00,0.000000000000000000e+00,0.000000000000000000e+00,0.000000000000000000e+00,0.000000000000000000e+00,0.000000000000000000e+00,0.000000000000000000e+00,0.000000000000000000e+00,0.000000000000000000e+00,0.000000000000000000e+00,0.000000000000000000e+00,0.000000000000000000e+00,0.000000000000000000e+00
0.000000000000000000e+00,0.000000000000000000e+00,0.000000000000000000e+00,0.000000000000000000e+00,0.000000000000000000e+00,0.000000000000000000e+00,0.000000000000000000e+00,0.000000000000000000e+00,0.000000000000000000e+00,0.000000000000000000e+00,0.000000000000000000e+00,0.000000000000000000e+00,0.000000000000000000e+00,0.000000000000000000e+00,0.000000000000000000e+00,0.000000000000000000e+00,0.000000000000000000e+00,0.000000000000000000e+00,0.000000000000000000e+00,0.000000000000000000e+00,0.000000000000000000e+00,0.000000000000000000e+00,0.000000000000000000e+00,0.000000000000000000e+00,0.000000000000000000e+00,0.000000000000000000e+00,0.000000000000000000e+00,0.000000000000000000e+00,0.000000000000000000e+00,0.000000000000000000e+00,0.000000000000000000e+00,0.000000000000000000e+00,0.000000000000000000e+00,0.000000000000000000e+00,0.000000000000000000e+00,0.000000000000000000e+00,0.000000000000000000e+00,0.000000000000000000e+00,0.000000000000000000e+00,0.000000000000000000e+00,0.000000000000000000e+00,0.000000000000000000e+00,0.000000000000000000e+00,0.000000000000000000e+00,0.000000000000000000e+00,0.000000000000000000e+00,0.000000000000000000e+00,0.000000000000000000e+00,0.000000000000000000e+00,0.000000000000000000e+00,0.000000000000000000e+00,0.000000000000000000e+00,0.000000000000000000e+00,0.000000000000000000e+00,0.000000000000000000e+00,0.000000000000000000e+00,0.000000000000000000e+00,0.000000000000000000e+00,0.000000000000000000e+00,0.000000000000000000e+00,0.000000000000000000e+00,0.000000000000000000e+00,0.000000000000000000e+00,0.000000000000000000e+00,0.000000000000000000e+00,0.000000000000000000e+00,0.000000000000000000e+00,0.000000000000000000e+00,0.000000000000000000e+00,0.000000000000000000e+00,0.000000000000000000e+00,0.000000000000000000e+00,0.000000000000000000e+00,0.000000000000000000e+00,0.000000000000000000e+00,0.000000000000000000e+00,0.000000000000000000e+00,0.000000000000000000e+00,0.000000000000000000e+00,0.000000000000000000e+00,0.000000000000000000e+00,0.000000000000000000e+00,0.000000000000000000e+00,0.000000000000000000e+00,0.000000000000000000e+00,0.000000000000000000e+00,0.000000000000000000e+00,0.000000000000000000e+00,0.000000000000000000e+00,0.000000000000000000e+00,0.000000000000000000e+00,0.000000000000000000e+00,0.000000000000000000e+00,0.000000000000000000e+00,0.000000000000000000e+00,0.000000000000000000e+00,0.000000000000000000e+00,0.000000000000000000e+00,0.000000000000000000e+00,0.000000000000000000e+00,0.000000000000000000e+00,0.000000000000000000e+00,0.000000000000000000e+00,0.000000000000000000e+00,0.000000000000000000e+00,0.000000000000000000e+00,0.000000000000000000e+00,0.000000000000000000e+00,0.000000000000000000e+00,0.000000000000000000e+00,0.000000000000000000e+00,0.000000000000000000e+00,0.000000000000000000e+00,0.000000000000000000e+00,0.000000000000000000e+00,0.000000000000000000e+00,0.000000000000000000e+00,0.000000000000000000e+00,0.000000000000000000e+00,0.000000000000000000e+00,0.000000000000000000e+00,0.000000000000000000e+00,0.000000000000000000e+00,0.000000000000000000e+00,0.000000000000000000e+00,0.000000000000000000e+00
0.000000000000000000e+00,0.000000000000000000e+00,0.000000000000000000e+00,0.000000000000000000e+00,0.000000000000000000e+00,0.000000000000000000e+00,0.000000000000000000e+00,0.000000000000000000e+00,0.000000000000000000e+00,0.000000000000000000e+00,0.000000000000000000e+00,0.000000000000000000e+00,0.000000000000000000e+00,0.000000000000000000e+00,0.000000000000000000e+00,0.000000000000000000e+00,0.000000000000000000e+00,0.000000000000000000e+00,0.000000000000000000e+00,0.000000000000000000e+00,0.000000000000000000e+00,0.000000000000000000e+00,0.000000000000000000e+00,0.000000000000000000e+00,0.000000000000000000e+00,0.000000000000000000e+00,0.000000000000000000e+00,0.000000000000000000e+00,0.000000000000000000e+00,0.000000000000000000e+00,0.000000000000000000e+00,0.000000000000000000e+00,0.000000000000000000e+00,0.000000000000000000e+00,0.000000000000000000e+00,0.000000000000000000e+00,0.000000000000000000e+00,0.000000000000000000e+00,0.000000000000000000e+00,0.000000000000000000e+00,0.000000000000000000e+00,0.000000000000000000e+00,0.000000000000000000e+00,0.000000000000000000e+00,0.000000000000000000e+00,0.000000000000000000e+00,0.000000000000000000e+00,0.000000000000000000e+00,0.000000000000000000e+00,0.000000000000000000e+00,0.000000000000000000e+00,0.000000000000000000e+00,0.000000000000000000e+00,0.000000000000000000e+00,0.000000000000000000e+00,0.000000000000000000e+00,0.000000000000000000e+00,0.000000000000000000e+00,0.000000000000000000e+00,0.000000000000000000e+00,0.000000000000000000e+00,0.000000000000000000e+00,0.000000000000000000e+00,0.000000000000000000e+00,0.000000000000000000e+00,0.000000000000000000e+00,0.000000000000000000e+00,0.000000000000000000e+00,0.000000000000000000e+00,0.000000000000000000e+00,0.000000000000000000e+00,0.000000000000000000e+00,0.000000000000000000e+00,0.000000000000000000e+00,0.000000000000000000e+00,0.000000000000000000e+00,0.000000000000000000e+00,0.000000000000000000e+00,0.000000000000000000e+00,0.000000000000000000e+00,0.000000000000000000e+00,0.000000000000000000e+00,0.000000000000000000e+00,0.000000000000000000e+00,0.000000000000000000e+00,0.000000000000000000e+00,0.000000000000000000e+00,0.000000000000000000e+00,0.000000000000000000e+00,0.000000000000000000e+00,0.000000000000000000e+00,0.000000000000000000e+00,0.000000000000000000e+00,0.000000000000000000e+00,0.000000000000000000e+00,0.000000000000000000e+00,0.000000000000000000e+00,0.000000000000000000e+00,0.000000000000000000e+00,0.000000000000000000e+00,0.000000000000000000e+00,0.000000000000000000e+00,0.000000000000000000e+00,0.000000000000000000e+00,0.000000000000000000e+00,0.000000000000000000e+00,0.000000000000000000e+00,0.000000000000000000e+00,0.000000000000000000e+00,0.000000000000000000e+00,0.000000000000000000e+00,0.000000000000000000e+00,0.000000000000000000e+00,0.000000000000000000e+00,0.000000000000000000e+00,0.000000000000000000e+00,0.000000000000000000e+00,0.000000000000000000e+00,0.000000000000000000e+00,0.000000000000000000e+00,0.000000000000000000e+00,0.000000000000000000e+00,0.000000000000000000e+00,0.000000000000000000e+00,0.000000000000000000e+00,0.000000000000000000e+00
0.000000000000000000e+00,0.000000000000000000e+00,0.000000000000000000e+00,0.000000000000000000e+00,0.000000000000000000e+00,0.000000000000000000e+00,0.000000000000000000e+00,0.000000000000000000e+00,-7.287735267740387712e+00,1.364826276112096171e+00,-2.413270989872496608e-01,0.000000000000000000e+00,0.000000000000000000e+00,0.000000000000000000e+00,-1.121463239464529416e+01,2.421151712136787371e+00,-3.713629272441069662e-01,0.000000000000000000e+00,0.000000000000000000e+00,0.000000000000000000e+00,-1.526977963313166242e+01,3.376138936310587813e+00,-5.056456478805139154e-01,0.000000000000000000e+00,0.000000000000000000e+00,0.000000000000000000e+00,-2.036022265788830410e+01,4.223806271211589802e+00,-6.742112999785302430e-01,0.000000000000000000e+00,0.000000000000000000e+00,0.000000000000000000e+00,-2.700669116225055078e+01,4.911301033200195398e+00,-8.943034004377719004e-01,0.000000000000000000e+00,0.000000000000000000e+00,0.000000000000000000e+00,-3.554289096596060205e+01,5.338778373516632314e+00,-1.176972331089478851e+00,0.000000000000000000e+00,0.000000000000000000e+00,0.000000000000000000e+00,-4.611309404325970718e+01,5.351212290140364480e+00,-1.526995534545057875e+00,0.000000000000000000e+00,0.000000000000000000e+00,0.000000000000000000e+00,-5.860631921477843065e+01,4.729610825269134011e+00,-1.940697964294789246e+00,0.000000000000000000e+00,0.000000000000000000e+00,0.000000000000000000e+00,-7.253715112272992371e+01,3.185543328881523362e+00,-2.402005507353677238e+00,0.000000000000000000e+00,0.000000000000000000e+00,0.000000000000000000e+00,-8.684560957445233953e+01,3.657905201970157449e-01,-2.875817829326852149e+00,0.000000000000000000e+00,0.000000000000000000e+00,0.000000000000000000e+00,-9.956364155119486270e+01,-4.120781057616706988e+00,-3.296964543500239486e+00,0.000000000000000000e+00,0.000000000000000000e+00,0.000000000000000000e+00,-1.072827792041017716e+02,-1.063494327381211590e+01,-3.552577162238633068e+00,0.000000000000000000e+00,0.000000000000000000e+00,0.000000000000000000e+00,-1.043704727225460829e+02,-1.937015020309123159e+01,-3.456138632471092098e+00,0.000000000000000000e+00,0.000000000000000000e+00,0.000000000000000000e+00,-8.186170483676590948e+01,-3.009947329470950450e+01,-2.710780101172991063e+00,0.000000000000000000e+00,0.000000000000000000e+00,0.000000000000000000e+00,-2.540634685995696529e+01,-4.164396560595093888e+01,-8.413093722980808931e-01,0.000000000000000000e+00,0.000000000000000000e+00,0.000000000000000000e+00,9.167898296809536873e+01,-5.028097254843093822e+01,3.035870841210161153e+00,0.000000000000000000e+00,0.000000000000000000e+00,0.000000000000000000e+00,3.426366223401574302e+02,-4.278557285695146106e+01,1.134611769477433185e+01,0.000000000000000000e+00,0.000000000000000000e+00,0.000000000000000000e+00,1.207438303902117468e+03,6.940045026783617743e+01,3.998328319863994551e+01,0.000000000000000000e+00,0.000000000000000000e+00,0.000000000000000000e+00,3.641773053508151747e+02,-3.800887062467126043e+01,1.205941892625248535e+01,0.000000000000000000e+00,0.000000000000000000e+00,0.000000000000000000e+00,1.291154292867228719e+02,-3.703728031762228312e+01,4.275546632735924391e+00,0.000000000000000000e+00
0.000000000000000000e+00,0.000000000000000000e+00,0.000000000000000000e+00,0.000000000000000000e+00,0.000000000000000000e+00,0.000000000000000000e+00,0.000000000000000000e+00,0.000000000000000000e+00,4.046241039000409323e+00,-1.110456033971507717e+00,1.339877994838146735e-01,0.000000000000000000e+00,0.000000000000000000e+00,0.000000000000000000e+00,6.220819573412263104e+00,-1.941363977140428076e+00,2.059971014068074646e-01,0.000000000000000000e+00,0.000000000000000000e+00,0.000000000000000000e+00,8.686986973861944961e+00,-2.721305175968065981e+00,2.876621183842944518e-01,0.000000000000000000e+00,0.000000000000000000e+00,0.000000000000000000e+00,1.210648307172118976e+01,-3.466932238673163358e+00,4.008957970207081556e-01,0.000000000000000000e+00,0.000000000000000000e+00,0.000000000000000000e+00,1.692799332083931674e+01,-4.150660112392683843e+00,5.605559710541355711e-01,0.000000000000000000e+00,0.000000000000000000e+00,0.000000000000000000e+00,2.350998994351522953e+01,-4.703465177234167349e+00,7.785131404817192680e-01,0.000000000000000000e+00,0.000000000000000000e+00,0.000000000000000000e+00,3.211947459722949105e+01,-5.006184778698763438e+00,1.063608836047554185e+00,0.000000000000000000e+00,0.000000000000000000e+00,0.000000000000000000e+00,4.288573239590047592e+01,-4.877512285734515451e+00,1.420124223345320180e+00,0.000000000000000000e+00,0.000000000000000000e+00,0.000000000000000000e+00,5.570948374368377642e+01,-4.061484115999382638e+00,1.844771743761344673e+00,0.000000000000000000e+00,0.000000000000000000e+00,0.000000000000000000e+00,7.009852323347077174e+01,-2.219030810844831336e+00,2.321252437654610201e+00,0.000000000000000000e+00,0.000000000000000000e+00,0.000000000000000000e+00,8.487613493646892948e+01,1.067815429483105261e+00,2.810600366911968795e+00,0.000000000000000000e+00,0.000000000000000000e+00,0.000000000000000000e+00,9.769086107829578225e+01,6.265391487956785355e+00,3.234949025378264231e+00,0.000000000000000000e+00,0.000000000000000000e+00,0.000000000000000000e+00,1.042580314956357199e+02,1.381365819454978805e+01,3.452415237740090959e+00,0.000000000000000000e+00,0.000000000000000000e+00,0.000000000000000000e+00,9.722683396468261208e+01,2.397977020436682949e+01,3.219583165743464814e+00,0.000000000000000000e+00,0.000000000000000000e+00,0.000000000000000000e+00,6.402144748013367348e+01,3.653569881014616527e+01,2.120015289487273691e+00,0.000000000000000000e+00,0.000000000000000000e+00,0.000000000000000000e+00,-2.024247353212721023e+01,4.970235808941419720e+01,-6.703121387323802693e-01,0.000000000000000000e+00,0.000000000000000000e+00,0.000000000000000000e+00,-2.267433982801909451e+02,5.527591498442669860e+01,-7.508413040699707608e+00,0.000000000000000000e+00,0.000000000000000000e+00,0.000000000000000000e+00,-1.023276710350509802e+03,-5.759905080520368870e+00,-3.388493007741602270e+01,0.000000000000000000e+00,0.000000000000000000e+00,0.000000000000000000e+00,-2.511819921707198944e+02,5.212542078623979336e+01,-8.317676103950015332e+00,0.000000000000000000e+00,0.000000000000000000e+00,0.000000000000000000e+00,-6.780532708734898506e+01,3.974015423414945047e+01,-2.245315215318609781e+00,0.000000000000000000e+00
0.000000000000000000e+00,0.000000000000000000e+00,0.000000000000000000e+00,0.000000000000000000e+00,0.000000000000000000e+00,0.000000000000000000e+00,0.000000000000000000e+00,0.000000000000000000e+00,-2.413270989872468297e-01,4.519505082651316397e-02,-7.991339773742689792e-03,0.000000000000000000e+00,0.000000000000000000e+00,0.000000000000000000e+00,-3.713629272441018592e-01,8.017436109189780835e-02,-1.229736462847937778e-02,0.000000000000000000e+00,0.000000000000000000e+00,0.000000000000000000e+00,-5.056456478805073651e-01,1.117979434412610662e-01,-1.674402167964127511e-02,0.000000000000000000e+00,0.000000000000000000e+00,0.000000000000000000e+00,-6.742112999785255800e-01,1.398677197603090672e-01,-2.232592858421529949e-02,0.000000000000000000e+00,0.000000000000000000e+00,0.000000000000000000e+00,-8.943034004377634627e-01,1.626335187889940970e-01,-2.961408960578146635e-02,0.000000000000000000e+00,0.000000000000000000e+00,0.000000000000000000e+00,-1.176972331089462864e+00,1.767890640484386100e-01,-3.897442865513806032e-02,0.000000000000000000e+00,0.000000000000000000e+00,0.000000000000000000e+00,-1.526995534545037225e+00,1.772008025265276454e-01,-5.056514664431499551e-02,0.000000000000000000e+00,0.000000000000000000e+00,0.000000000000000000e+00,-1.940697964294774813e+00,1.566170034816277701e-01,-6.426454756210288333e-02,0.000000000000000000e+00,0.000000000000000000e+00,0.000000000000000000e+00,-2.402005507353661695e+00,1.054865334722175224e-01,-7.954035095196086702e-02,0.000000000000000000e+00,0.000000000000000000e+00,0.000000000000000000e+00,-2.875817829326818842e+00,1.211283915140893078e-02,-9.523023936384492072e-02,0.000000000000000000e+00,0.000000000000000000e+00,0.000000000000000000e+00,-3.296964543500192857e+00,-1.364561282293369482e-01,-1.091761513715660131e-01,0.000000000000000000e+00,0.000000000000000000e+00,0.000000000000000000e+00,-3.552577162238586439e+00,-3.521670195024467209e-01,-1.176405438718984842e-01,0.000000000000000000e+00,0.000000000000000000e+00,0.000000000000000000e+00,-3.456138632471089878e+00,-6.414259003275529780e-01,-1.144470647231131399e-01,0.000000000000000000e+00,0.000000000000000000e+00,0.000000000000000000e+00,-2.710780101172943990e+00,-9.967182264989928875e-01,-8.976515663298303971e-02,0.000000000000000000e+00,0.000000000000000000e+00,0.000000000000000000e+00,-8.413093722980595768e-01,-1.379004181792247374e+00,-2.785923784391608482e-02,0.000000000000000000e+00,0.000000000000000000e+00,0.000000000000000000e+00,3.035870841210126070e+00,-1.665011254330665880e+00,1.005302574933380488e-01,0.000000000000000000e+00,0.000000000000000000e+00,0.000000000000000000e+00,1.134611769477418619e+01,-1.416807526170888787e+00,3.757169501159354774e-01,0.000000000000000000e+00,0.000000000000000000e+00,0.000000000000000000e+00,3.998328319863992419e+01,2.298136350490469937e+00,1.324012109087635780e+00,0.000000000000000000e+00,0.000000000000000000e+00,0.000000000000000000e+00,1.205941892625232548e+01,-1.258631131160388827e+00,3.993373082344083280e-01,0.000000000000000000e+00,0.000000000000000000e+00,0.000000000000000000e+00,4.275546632735863994e+00,-1.226457751970529975e+00,1.415810574281150536e-01,0.000000000000000000e+00
0.000000000000000000e+00,0.000000000000000000e+00,0.000000000000000000e+00,0.000000000000000000e+00,0.000000000000000000e+00,0.000000000000000000e+00,0.000000000000000000e+00,0.000000000000000000e+00,0.000000000000000000e+00,0.000000000000000000e+00,0.000000000000000000e+00,0.000000000000000000e+00,0.000000000000000000e+00,0.000000000000000000e+00,0.000000000000000000e+00,0.000000000000000000e+00,0.000000000000000000e+00,0.000000000000000000e+00,0.000000000000000000e+00,0.000000000000000000e+00,0.000000000000000000e+00,0.000000000000000000e+00,0.000000000000000000e+00,0.000000000000000000e+00,0.000000000000000000e+00,0.000000000000000000e+00,0.000000000000000000e+00,0.000000000000000000e+00,0.000000000000000000e+00,0.000000000000000000e+00,0.000000000000000000e+00,0.000000000000000000e+00,0.000000000000000000e+00,0.000000000000000000e+00,0.000000000000000000e+00,0.000000000000000000e+00,0.000000000000000000e+00,0.000000000000000000e+00,0.000000000000000000e+00,0.000000000000000000e+00,0.000000000000000000e+00,0.000000000000000000e+00,0.000000000000000000e+00,0.000000000000000000e+00,0.000000000000000000e+00,0.000000000000000000e+00,0.000000000000000000e+00,0.000000000000000000e+00,0.000000000000000000e+00,0.000000000000000000e+00,0.000000000000000000e+00,0.000000000000000000e+00,0.000000000000000000e+00,0.000000000000000000e+00,0.000000000000000000e+00,0.000000000000000000e+00,0.000000000000000000e+00,0.000000000000000000e+00,0.000000000000000000e+00,0.000000000000000000e+00,0.000000000000000000e+00,0.000000000000000000e+00,0.000000000000000000e+00,0.000000000000000000e+00,0.000000000000000000e+00,0.000000000000000000e+00,0.000000000000000000e+00,0.000000000000000000e+00,0.000000000000000000e+00,0.000000000000000000e+00,0.000000000000000000e+00,0.000000000000000000e+00,0.000000000000000000e+00,0.000000000000000000e+00,0.000000000000000000e+00,0.000000000000000000e+00,0.000000000000000000e+00,0.000000000000000000e+00,0.000000000000000000e+00,0.000000000000000000e+00,0.000000000000000000e+00,0.000000000000000000e+00,0.000000000000000000e+00,0.000000000000000000e+00,0.000000000000000000e+00,0.000000000000000000e+00,0.000000000000000000e+00,0.000000000000000000e+00,0.000000000000000000e+00,0.000000000000000000e+00,0.000000000000000000e+00,0.000000000000000000e+00,0.000000000000000000e+00,0.000000000000000000e+00,0.000000000000000000e+00,0.000000000000000000e+00,0.000000000000000000e+00,0.000000000000000000e+00,0.000000000000000000e+00,0.000000000000000000e+00,0.000000000000000000e+00,0.000000000000000000e+00,0.000000000000000000e+00,0.000000000000000000e+00,0.000000000000000000e+00,0.000000000000000000e+00,0.000000000000000000e+00,0.000000000000000000e+00,0.000000000000000000e+00,0.000000000000000000e+00,0.000000000000000000e+00,0.000000000000000000e+00,0.000000000000000000e+00,0.000000000000000000e+00,0.000000000000000000e+00,0.000000000000000000e+00,0.000000000000000000e+00,0.000000000000000000e+00,0.000000000000000000e+00,0.000000000000000000e+00,0.000000000000000000e+00,0.000000000000000000e+00,0.000000000000000000e+00,0.000000000000000000e+00,0.000000000000000000e+00,0.000000000000000000e+00
0.000000000000000000e+00,0.000000000000000000e+00,0.000000000000000000e+00,0.000000000000000000e+00,0.000000000000000000e+00,0.000000000000000000e+00,0.000000000000000000e+00,0.000000000000000000e+00,0.000000000000000000e+00,0.000000000000000000e+00,0.000000000000000000e+00,0.000000000000000000e+00,0.000000000000000000e+00,0.000000000000000000e+00,0.000000000000000000e+00,0.000000000000000000e+00,0.000000000000000000e+00,0.000000000000000000e+00,0.000000000000000000e+00,0.000000000000000000e+00,0.000000000000000000e+00,0.000000000000000000e+00,0.000000000000000000e+00,0.000000000000000000e+00,0.000000000000000000e+00,0.000000000000000000e+00,0.000000000000000000e+00,0.000000000000000000e+00,0.000000000000000000e+00,0.000000000000000000e+00,0.000000000000000000e+00,0.000000000000000000e+00,0.000000000000000000e+00,0.000000000000000000e+00,0.000000000000000000e+00,0.000000000000000000e+00,0.000000000000000000e+00,0.000000000000000000e+00,0.000000000000000000e+00,0.000000000000000000e+00,0.000000000000000000e+00,0.000000000000000000e+00,0.000000000000000000e+00,0.000000000000000000e+00,0.000000000000000000e+00,0.000000000000000000e+00,0.000000000000000000e+00,0.000000000000000000e+00,0.000000000000000000e+00,0.000000000000000000e+00,0.000000000000000000e+00,0.000000000000000000e+00,0.000000000000000000e+00,0.000000000000000000e+00,0.000000000000000000e+00,0.000000000000000000e+00,0.000000000000000000e+00,0.000000000000000000e+00,0.000000000000000000e+00,0.000000000000000000e+00,0.000000000000000000e+00,0.000000000000000000e+00,0.000000000000000000e+00,0.000000000000000000e+00,0.000000000000000000e+00,0.000000000000000000e+00,0.000000000000000000e+00,0.000000000000000000e+00,0.000000000000000000e+00,0.000000000000000000e+00,0.000000000000000000e+00,0.000000000000000000e+00,0.000000000000000000e+00,0.000000000000000000e+00,0.000000000000000000e+00,0.000000000000000000e+00,0.000000000000000000e+00,0.000000000000000000e+00,0.000000000000000000e+00,0.000000000000000000e+00,0.000000000000000000e+00,0.000000000000000000e+00,0.000000000000000000e+00,0.000000000000000000e+00,0.000000000000000000e+00,0.000000000000000000e+00,0.000000000000000000e+00,0.000000000000000000e+00,0.000000000000000000e+00,0.000000000000000000e+00,0.000000000000000000e+00,0.000000000000000000e+00,0.000000000000000000e+00,0.000000000000000000e+00,0.000000000000000000e+00,0.000000000000000000e+00,0.000000000000000000e+00,0.000000000000000000e+00,0.000000000000000000e+00,0.000000000000000000e+00,0.000000000000000000e+00,0.000000000000000000e+00,0.000000000000000000e+00,0.000000000000000000e+00,0.000000000000000000e+00,0.000000000000000000e+00,0.000000000000000000e+00,0.000000000000000000e+00,0.000000000000000000e+00,0.000000000000000000e+00,0.000000000000000000e+00,0.000000000000000000e+00,0.000000000000000000e+00,0.000000000000000000e+00,0.000000000000000000e+00,0.000000000000000000e+00,0.000000000000000000e+00,0.000000000000000000e+00,0.000000000000000000e+00,0.000000000000000000e+00,0.000000000000000000e+00,0.000000000000000000e+00,0.000000000000000000e+00,0.000000000000000000e+00,0.000000000000000000e+00,0.000000000000000000e+00
0.000000000000000000e+00,0.000000000000000000e+00,0.000000000000000000e+00,0.000000000000000000e+00,0.000000000000000000e+00,0.000000000000000000e+00,0.000000000000000000e+00,0.000000000000000000e+00,0.000000000000000000e+00,0.000000000000000000e+00,0.000000000000000000e+00,0.000000000000000000e+00,0.000000000000000000e+00,0.000000000000000000e+00,0.000000000000000000e+00,0.000000000000000000e+00,0.000000000000000000e+00,0.000000000000000000e+00,0.000000000000000000e+00,0.000000000000000000e+00,0.000000000000000000e+00,0.000000000000000000e+00,0.000000000000000000e+00,0.000000000000000000e+00,0.000000000000000000e+00,0.000000000000000000e+00,0.000000000000000000e+00,0.000000000000000000e+00,0.000000000000000000e+00,0.000000000000000000e+00,0.000000000000000000e+00,0.000000000000000000e+00,0.000000000000000000e+00,0.000000000000000000e+00,0.000000000000000000e+00,0.000000000000000000e+00,0.000000000000000000e+00,0.000000000000000000e+00,0.000000000000000000e+00,0.000000000000000000e+00,0.000000000000000000e+00,0.000000000000000000e+00,0.000000000000000000e+00,0.000000000000000000e+00,0.000000000000000000e+00,0.000000000000000000e+00,0.000000000000000000e+00,0.000000000000000000e+00,0.000000000000000000e+00,0.000000000000000000e+00,0.000000000000000000e+00,0.000000000000000000e+00,0.000000000000000000e+00,0.000000000000000000e+00,0.000000000000000000e+00,0.000000000000000000e+00,0.000000000000000000e+00,0.000000000000000000e+00,0.000000000000000000e+00,0.000000000000000000e+00,0.000000000000000000e+00,0.000000000000000000e+00,0.000000000000000000e+00,0.000000000000000000e+00,0.000000000000000000e+00,0.000000000000000000e+00,0.000000000000000000e+00,0.000000000000000000e+00,0.000000000000000000e+00,0.000000000000000000e+00,0.000000000000000000e+00,0.000000000000000000e+00,0.000000000000000000e+00,0.000000000000000000e+00,0.000000000000000000e+00,0.000000000000000000e+00,0.000000000000000000e+00,0.000000000000000000e+00,0.000000000000000000e+00,0.000000000000000000e+00,0.000000000000000000e+00,0.000000000000000000e+00,0.000000000000000000e+00,0.000000000000000000e+00,0.000000000000000000e+00,0.000000000000000000e+00,0.000000000000000000e+00,0.000000000000000000e+00,0.000000000000000000e+00,0.000000000000000000e+00,0.000000000000000000e+00,0.000000000000000000e+00,0.000000000000000000e+00,0.000000000000000000e+00,0.000000000000000000e+00,0.000000000000000000e+00,0.000000000000000000e+00,0.000000000000000000e+00,0.000000000000000000e+00,0.000000000000000000e+00,0.000000000000000000e+00,0.000000000000000000e+00,0.000000000000000000e+00,0.000000000000000000e+00,0.000000000000000000e+00,0.000000000000000000e+00,0.000000000000000000e+00,0.000000000000000000e+00,0.000000000000000000e+00,0.000000000000000000e+00,0.000000000000000000e+00,0.000000000000000000e+00,0.000000000000000000e+00,0.000000000000000000e+00,0.000000000000000000e+00,0.000000000000000000e+00,0.000000000000000000e+00,0.000000000000000000e+00,0.000000000000000000e+00,0.000000000000000000e+00,0.000000000000000000e+00,0.000000000000000000e+00,0.000000000000000000e+00,0.000000000000000000e+00,0.000000000000000000e+00,0.000000000000000000e+00
0.000000000000000000e+00,0.000000000000000000e+00,0.000000000000000000e+00,0.000000000000000000e+00,0.000000000000000000e+00,0.000000000000000000e+00,0.000000000000000000e+00,0.000000000000000000e+00,-5.370687655686042561e+00,1.026012031350497455e+00,-1.778457125426302632e-01,0.000000000000000000e+00,0.000000000000000000e+00,0.000000000000000000e+00,-8.234119992571558910e+00,1.856736224987409534e+00,-2.726658169536295140e-01,0.000000000000000000e+00,0.000000000000000000e+00,0.000000000000000000e+00,-1.121463239464867456e+01,2.638740018357457195e+00,-3.713629272442188767e-01,0.000000000000000000e+00,0.000000000000000000e+00,0.000000000000000000e+00,-1.500903911407493574e+01,3.372332237610733419e+00,-4.970114493619494089e-01,0.000000000000000000e+00,0.000000000000000000e+00,0.000000000000000000e+00,-2.004893252819457672e+01,4.024204519850997031e+00,-6.639031944858854173e-01,0.000000000000000000e+00,0.000000000000000000e+00,0.000000000000000000e+00,-2.664773440013377126e+01,4.526417542380035464e+00,-8.824168553203980414e-01,0.000000000000000000e+00,0.000000000000000000e+00,0.000000000000000000e+00,-3.499731263675654702e+01,4.769623783772872549e+00,-1.158905972938415907e+00,0.000000000000000000e+00,0.000000000000000000e+00,0.000000000000000000e+00,-4.512086520729170047e+01,4.595120347422729346e+00,-1.494138728182226039e+00,0.000000000000000000e+00,0.000000000000000000e+00,0.000000000000000000e+00,-5.679477622742669496e+01,3.787789708026359392e+00,-1.880710272952121453e+00,0.000000000000000000e+00,0.000000000000000000e+00,0.000000000000000000e+00,-6.942780448123944836e+01,2.073358274641232235e+00,-2.299042161791705396e+00,0.000000000000000000e+00,0.000000000000000000e+00,0.000000000000000000e+00,-8.186751297370338420e+01,-8.734478485003949189e-01,-2.710972432643075525e+00,0.000000000000000000e+00,0.000000000000000000e+00,0.000000000000000000e+00,-9.208364333423409676e+01,-5.397937217257054776e+00,-3.049270821951453936e+00,0.000000000000000000e+00,0.000000000000000000e+00,0.000000000000000000e+00,-9.666744742711891547e+01,-1.179279714993955430e+01,-3.201059560622865785e+00,0.000000000000000000e+00,0.000000000000000000e+00,0.000000000000000000e+00,-9.010140893451793431e+01,-2.015696654071300031e+01,-2.983630830977337833e+00,0.000000000000000000e+00,0.000000000000000000e+00,0.000000000000000000e+00,-6.373506422053039699e+01,-3.013905394037370655e+01,-2.110531953622357459e+00,0.000000000000000000e+00,0.000000000000000000e+00,0.000000000000000000e+00,-3.858694503253657260e+00,-4.040218852576681030e+01,-1.277773569067877368e-01,0.000000000000000000e+00,0.000000000000000000e+00,0.000000000000000000e+00,1.150508053605452261e+02,-4.702477291243851454e+01,3.809808681815061604e+00,0.000000000000000000e+00,0.000000000000000000e+00,0.000000000000000000e+00,3.641773053508691191e+02,-3.651807905642301222e+01,1.205941892625410716e+01,0.000000000000000000e+00,0.000000000000000000e+00,0.000000000000000000e+00,1.219411424215367560e+03,8.009094647941142853e+01,4.037976280236758697e+01,0.000000000000000000e+00,0.000000000000000000e+00,0.000000000000000000e+00,3.478651406434709656e+02,-2.040639328966097921e+01,1.151925559122424048e+01,0.000000000000000000e+00
0.000000000000000000e+00,0.000000000000000000e+00,0.000000000000000000e+00,0.000000000000000000e+00,0.000000000000000000e+00,0.000000000000000000e+00,0.000000000000000000e+00,0.000000000000000000e+00,3.060805654500740047e+00,-8.262944039116104644e-01,1.013559524361617864e-01,0.000000000000000000e+00,0.000000000000000000e+00,0.000000000000000000e+00,4.648218569144640711e+00,-1.478112396504983161e+00,1.539217687716784577e-01,0.000000000000000000e+00,0.000000000000000000e+00,0.000000000000000000e+00,6.438407879634945985e+00,-2.113258739054887148e+00,2.132023514310101842e-01,0.000000000000000000e+00,0.000000000000000000e+00,0.000000000000000000e+00,8.945583994743870448e+00,-2.747634055676373421e+00,2.962253368003656129e-01,0.000000000000000000e+00,0.000000000000000000e+00,0.000000000000000000e+00,1.253743812740172103e+01,-3.366639782574708306e+00,4.151665038398276719e-01,0.000000000000000000e+00,0.000000000000000000e+00,0.000000000000000000e+00,1.752933919468423696e+01,-3.926240521068937728e+00,5.804690235857424829e-01,0.000000000000000000e+00,0.000000000000000000e+00,0.000000000000000000e+00,2.418336098733146855e+01,-4.346224416411022418e+00,8.008112447042363691e-01,0.000000000000000000e+00,0.000000000000000000e+00,0.000000000000000000e+00,3.267663749996957279e+01,-4.500675061256302456e+00,1.082058807409262968e+00,0.000000000000000000e+00,0.000000000000000000e+00,0.000000000000000000e+00,4.304476915878604615e+01,-4.207002852317567765e+00,1.425390589261408048e+00,0.000000000000000000e+00,0.000000000000000000e+00,0.000000000000000000e+00,5.508758714315408866e+01,-3.215590315360496110e+00,1.824178171552414573e+00,0.000000000000000000e+00,0.000000000000000000e+00,0.000000000000000000e+00,6.820684097136505386e+01,-1.204506006447449096e+00,2.258611003004754370e+00,0.000000000000000000e+00,0.000000000000000000e+00,0.000000000000000000e+00,8.112369802318764300e+01,2.212080318376738575e+00,2.686341638905837659e+00,0.000000000000000000e+00,0.000000000000000000e+00,0.000000000000000000e+00,9.140806283253367326e+01,7.448037920628117980e+00,3.026899553427240708e+00,0.000000000000000000e+00,0.000000000000000000e+00,0.000000000000000000e+00,9.475576273766236568e+01,1.486397740774646437e+01,3.137755762757602263e+00,0.000000000000000000e+00,0.000000000000000000e+00,0.000000000000000000e+00,8.391568093387587624e+01,2.461264171349604979e+01,2.778795756886893731e+00,0.000000000000000000e+00,0.000000000000000000e+00,0.000000000000000000e+00,4.662732859248878015e+01,3.630495384415169013e+01,1.544023970321781292e+00,0.000000000000000000e+00,0.000000000000000000e+00,0.000000000000000000e+00,-4.130519887350456543e+01,4.793314240879458765e+01,-1.367786212180146288e+00,0.000000000000000000e+00,0.000000000000000000e+00,0.000000000000000000e+00,-2.496912006025180517e+02,5.094769544732352529e+01,-8.268309820580455494e+00,0.000000000000000000e+00,0.000000000000000000e+00,0.000000000000000000e+00,-1.043425971609556655e+03,-1.428272966875021410e+01,-3.455215557172144969e+01,0.000000000000000000e+00,0.000000000000000000e+00,0.000000000000000000e+00,-2.559673780189451691e+02,3.613079068468486810e+01,-8.476140049450181735e+00,0.000000000000000000e+00
0.000000000000000000e+00,0.000000000000000000e+00,0.000000000000000000e+00,0.000000000000000000e+00,0.000000000000000000e+00,0.000000000000000000e+00,0.000000000000000000e+00,0.000000000000000000e+00,-1.778457125426305407e-01,3.397550788485246415e-02,-5.889208141961042690e-03,0.000000000000000000e+00,0.000000000000000000e+00,0.000000000000000000e+00,-2.726658169536296805e-01,6.148422662170609926e-02,-9.029094524012567374e-03,0.000000000000000000e+00,0.000000000000000000e+00,0.000000000000000000e+00,-3.713629272442188767e-01,8.737961111603495534e-02,-1.229736462848324968e-02,0.000000000000000000e+00,0.000000000000000000e+00,0.000000000000000000e+00,-4.970114493619527396e-01,1.116718878807619747e-01,-1.645810760565081729e-02,0.000000000000000000e+00,0.000000000000000000e+00,0.000000000000000000e+00,-6.639031944858875267e-01,1.332580790641332003e-01,-2.198458451734120259e-02,0.000000000000000000e+00,0.000000000000000000e+00,0.000000000000000000e+00,-8.824168553203978194e-01,1.498884323011724362e-01,-2.922047686536650632e-02,0.000000000000000000e+00,0.000000000000000000e+00,0.000000000000000000e+00,-1.158905972938416351e+00,1.579419982629783337e-01,-3.837617670968716116e-02,0.000000000000000000e+00,0.000000000000000000e+00,0.000000000000000000e+00,-1.494138728182236031e+00,1.521634667287581066e-01,-4.947712169963536938e-02,0.000000000000000000e+00,0.000000000000000000e+00,0.000000000000000000e+00,-1.880710272952134554e+00,1.254294054640086309e-01,-6.227810664530066681e-02,0.000000000000000000e+00,0.000000000000000000e+00,0.000000000000000000e+00,-2.299042161791706285e+00,6.865747988888179498e-02,-7.613080812780323448e-02,0.000000000000000000e+00,0.000000000000000000e+00,0.000000000000000000e+00,-2.710972432643076857e+00,-2.892347590180873243e-02,-8.977152552455582024e-02,0.000000000000000000e+00,0.000000000000000000e+00,0.000000000000000000e+00,-3.049270821951456156e+00,-1.787480583882198326e-01,-1.009739863555958045e-01,0.000000000000000000e+00,0.000000000000000000e+00,0.000000000000000000e+00,-3.201059560622908418e+00,-3.905083569291645795e-01,-1.060003401701550690e-01,0.000000000000000000e+00,0.000000000000000000e+00,0.000000000000000000e+00,-2.983630830977337389e+00,-6.674806480946153808e-01,-9.880037438735467248e-02,0.000000000000000000e+00,0.000000000000000000e+00,0.000000000000000000e+00,-2.110531953622357904e+00,-9.980289056116862234e-01,-6.988845436553539625e-02,0.000000000000000000e+00,0.000000000000000000e+00,0.000000000000000000e+00,-1.277773569067895409e-01,-1.337883799486908609e+00,-4.231237514220894703e-03,0.000000000000000000e+00,0.000000000000000000e+00,0.000000000000000000e+00,3.809808681815058495e+00,-1.557184997886404743e+00,1.261585448841278656e-01,0.000000000000000000e+00,0.000000000000000000e+00,0.000000000000000000e+00,1.205941892625426526e+01,-1.209264847789412567e+00,3.993373082344671698e-01,0.000000000000000000e+00,0.000000000000000000e+00,0.000000000000000000e+00,4.037976280236757276e+01,2.652142957850934568e+00,1.337141190902513710e+00,0.000000000000000000e+00,0.000000000000000000e+00,0.000000000000000000e+00,1.151925559122424048e+01,-6.757402008256109260e-01,3.814502629682836599e-01,0.000000000000000000e+00
0.000000000000000000e+00,0.000000000000000000e+00,0.000000000000000000e+00,0.000000000000000000e+00,0.000000000000000000e+00,0.000000000000000000e+00,0.000000000000000000e+00,0.000000000000000000e+00,0.000000000000000000e+00,0.000000000000000000e+00,0.000000000000000000e+00,0.000000000000000000e+00,0.000000000000000000e+00,0.000000000000000000e+00,0.000000000000000000e+00,0.000000000000000000e+00,0.000000000000000000e+00,0.000000000000000000e+00,0.000000000000000000e+00,0.000000000000000000e+00,0.000000000000000000e+00,0.000000000000000000e+00,0.000000000000000000e+00,0.000000000000000000e+00,0.000000000000000000e+00,0.000000000000000000e+00,0.000000000000000000e+00,0.000000000000000000e+00,0.000000000000000000e+00,0.000000000000000000e+00,0.000000000000000000e+00,0.000000000000000000e+00,0.000000000000000000e+00,0.000000000000000000e+00,0.000000000000000000e+00,0.000000000000000000e+00,0.000000000000000000e+00,0.000000000000000000e+00,0.000000000000000000e+00,0.000000000000000000e+00,0.000000000000000000e+00,0.000000000000000000e+00,0.000000000000000000e+00,0.000000000000000000e+00,0.000000000000000000e+00,0.000000000000000000e+00,0.000000000000000000e+00,0.000000000000000000e+00,0.000000000000000000e+00,0.000000000000000000e+00,0.000000000000000000e+00,0.000000000000000000e+00,0.000000000000000000e+00,0.000000000000000000e+00,0.000000000000000000e+00,0.000000000000000000e+00,0.000000000000000000e+00,0.000000000000000000e+00,0.000000000000000000e+00,0.000000000000000000e+00,0.000000000000000000e+00,0.000000000000000000e+00,0.000000000000000000e+00,0.000000000000000000e+00,0.000000000000000000e+00,0.000000000000000000e+00,0.000000000000000000e+00,0.000000000000000000e+00,0.000000000000000000e+00,0.000000000000000000e+00,0.000000000000000000e+00,0.000000000000000000e+00,0.000000000000000000e+00,0.000000000000000000e+00,0.000000000000000000e+00,0.000000000000000000e+00,0.000000000000000000e+00,0.000000000000000000e+00,0.000000000000000000e+00,0.000000000000000000e+00,0.000000000000000000e+00,0.000000000000000000e+00,0.000000000000000000e+00,0.000000000000000000e+00,0.000000000000000000e+00,0.000000000000000000e+00,0.000000000000000000e+00,0.000000000000000000e+00,0.000000000000000000e+00,0.000000000000000000e+00,0.000000000000000000e+00,0.000000000000000000e+00,0.000000000000000000e+00,0.000000000000000000e+00,0.000000000000000000e+00,0.000000000000000000e+00,0.000000000000000000e+00,0.000000000000000000e+00,0.000000000000000000e+00,0.000000000000000000e+00,0.000000000000000000e+00,0.000000000000000000e+00,0.000000000000000000e+00,0.000000000000000000e+00,0.000000000000000000e+00,0.000000000000000000e+00,0.000000000000000000e+00,0.000000000000000000e+00,0.000000000000000000e+00,0.000000000000000000e+00,0.000000000000000000e+00,0.000000000000000000e+00,0.000000000000000000e+00,0.000000000000000000e+00,0.000000000000000000e+00,0.000000000000000000e+00,0.000000000000000000e+00,0.000000000000000000e+00,0.000000000000000000e+00,0.000000000000000000e+00,0.000000000000000000e+00,0.000000000000000000e+00,0.000000000000000000e+00,0.000000000000000000e+00,0.000000000000000000e+00,0.000000000000000000e+00
0.000000000000000000e+00,0.000000000000000000e+00,0.000000000000000000e+00,0.000000000000000000e+00,0.000000000000000000e+00,0.000000000000000000e+00,0.000000000000000000e+00,0.000000000000000000e+00,0.000000000000000000e+00,0.000000000000000000e+00,0.000000000000000000e+00,0.000000000000000000e+00,0.000000000000000000e+00,0.000000000000000000e+00,0.000000000000000000e+00,0.000000000000000000e+00,0.000000000000000000e+00,0.000000000000000000e+00,0.000000000000000000e+00,0.000000000000000000e+00,0.000000000000000000e+00,0.000000000000000000e+00,0.000000000000000000e+00,0.000000000000000000e+00,0.000000000000000000e+00,0.000000000000000000e+00,0.000000000000000000e+00,0.000000000000000000e+00,0.000000000000000000e+00,0.000000000000000000e+00,0.000000000000000000e+00,0.000000000000000000e+00,0.000000000000000000e+00,0.000000000000000000e+00,0.000000000000000000e+00,0.000000000000000000e+00,0.000000000000000000e+00,0.000000000000000000e+00,0.000000000000000000e+00,0.000000000000000000e+00,0.000000000000000000e+00,0.000000000000000000e+00,0.000000000000000000e+00,0.000000000000000000e+00,0.000000000000000000e+00,0.000000000000000000e+00,0.000000000000000000e+00,0.000000000000000000e+00,0.000000000000000000e+00,0.000000000000000000e+00,0.000000000000000000e+00,0.000000000000000000e+00,0.000000000000000000e+00,0.000000000000000000e+00,0.000000000000000000e+00,0.000000000000000000e+00,0.000000000000000000e+00,0.000000000000000000e+00,0.000000000000000000e+00,0.000000000000000000e+00,0.000000000000000000e+00,0.000000000000000000e+00,0.000000000000000000e+00,0.000000000000000000e+00,0.000000000000000000e+00,0.000000000000000000e+00,0.000000000000000000e+00,0.000000000000000000e+00,0.000000000000000000e+00,0.000000000000000000e+00,0.000000000000000000e+00,0.000000000000000000e+00,0.000000000000000000e+00,0.000000000000000000e+00,0.000000000000000000e+00,0.000000000000000000e+00,0.000000000000000000e+00,0.000000000000000000e+00,0.000000000000000000e+00,0.000000000000000000e+00,0.000000000000000000e+00,0.000000000000000000e+00,0.000000000000000000e+00,0.000000000000000000e+00,0.000000000000000000e+00,0.000000000000000000e+00,0.000000000000000000e+00,0.000000000000000000e+00,0.000000000000000000e+00,0.000000000000000000e+00,0.000000000000000000e+00,0.000000000000000000e+00,0.000000000000000000e+00,0.000000000000000000e+00,0.000000000000000000e+00,0.000000000000000000e+00,0.000000000000000000e+00,0.000000000000000000e+00,0.000000000000000000e+00,0.000000000000000000e+00,0.000000000000000000e+00,0.000000000000000000e+00,0.000000000000000000e+00,0.000000000000000000e+00,0.000000000000000000e+00,0.000000000000000000e+00,0.000000000000000000e+00,0.000000000000000000e+00,0.000000000000000000e+00,0.000000000000000000e+00,0.000000000000000000e+00,0.000000000000000000e+00,0.000000000000000000e+00,0.000000000000000000e+00,0.000000000000000000e+00,0.000000000000000000e+00,0.000000000000000000e+00,0.000000000000000000e+00,0.000000000000000000e+00,0.000000000000000000e+00,0.000000000000000000e+00,0.000000000000000000e+00,0.000000000000000000e+00,0.000000000000000000e+00,0.000000000000000000e+00,0.000000000000000000e+00
0.000000000000000000e+00,0.000000000000000000e+00,0.000000000000000000e+00,0.000000000000000000e+00,0.000000000000000000e+00,0.000000000000000000e+00,0.000000000000000000e+00,0.000000000000000000e+00,0.000000000000000000e+00,0.000000000000000000e+00,0.000000000000000000e+00,0.000000000000000000e+00,0.000000000000000000e+00,0.000000000000000000e+00,0.000000000000000000e+00,0.000000000000000000e+00,0.000000000000000000e+00,0.000000000000000000e+00,0.000000000000000000e+00,0.000000000000000000e+00,0.000000000000000000e+00,0.000000000000000000e+00,0.000000000000000000e+00,0.000000000000000000e+00,0.000000000000000000e+00,0.000000000000000000e+00,0.000000000000000000e+00,0.000000000000000000e+00,0.000000000000000000e+00,0.000000000000000000e+00,0.000000000000000000e+00,0.000000000000000000e+00,0.000000000000000000e+00,0.000000000000000000e+00,0.000000000000000000e+00,0.000000000000000000e+00,0.000000000000000000e+00,0.000000000000000000e+00,0.000000000000000000e+00,0.000000000000000000e+00,0.000000000000000000e+00,0.000000000000000000e+00,0.000000000000000000e+00,0.000000000000000000e+00,0.000000000000000000e+00,0.000000000000000000e+00,0.000000000000000000e+00,0.000000000000000000e+00,0.000000000000000000e+00,0.000000000000000000e+00,0.000000000000000000e+00,0.000000000000000000e+00,0.000000000000000000e+00,0.000000000000000000e+00,0.000000000000000000e+00,0.000000000000000000e+00,0.000000000000000000e+00,0.000000000000000000e+00,0.000000000000000000e+00,0.000000000000000000e+00,0.000000000000000000e+00,0.000000000000000000e+00,0.000000000000000000e+00,0.000000000000000000e+00,0.000000000000000000e+00,0.000000000000000000e+00,0.000000000000000000e+00,0.000000000000000000e+00,0.000000000000000000e+00,0.000000000000000000e+00,0.000000000000000000e+00,0.000000000000000000e+00,0.000000000000000000e+00,0.000000000000000000e+00,0.000000000000000000e+00,0.000000000000000000e+00,0.000000000000000000e+00,0.000000000000000000e+00,0.000000000000000000e+00,0.000000000000000000e+00,0.000000000000000000e+00,0.000000000000000000e+00,0.000000000000000000e+00,0.000000000000000000e+00,0.000000000000000000e+00,0.000000000000000000e+00,0.000000000000000000e+00,0.000000000000000000e+00,0.000000000000000000e+00,0.000000000000000000e+00,0.000000000000000000e+00,0.000000000000000000e+00,0.000000000000000000e+00,0.000000000000000000e+00,0.000000000000000000e+00,0.000000000000000000e+00,0.000000000000000000e+00,0.000000000000000000e+00,0.000000000000000000e+00,0.000000000000000000e+00,0.000000000000000000e+00,0.000000000000000000e+00,0.000000000000000000e+00,0.000000000000000000e+00,0.000000000000000000e+00,0.000000000000000000e+00,0.000000000000000000e+00,0.000000000000000000e+00,0.000000000000000000e+00,0.000000000000000000e+00,0.000000000000000000e+00,0.000000000000000000e+00,0.000000000000000000e+00,0.000000000000000000e+00,0.000000000000000000e+00,0.000000000000000000e+00,0.000000000000000000e+00,0.000000000000000000e+00,0.000000000000000000e+00,0.000000000000000000e+00,0.000000000000000000e+00,0.000000000000000000e+00,0.000000000000000000e+00,0.000000000000000000e+00,0.000000000000000000e+00,0.000000000000000000e+00
0.000000000000000000e+00,0.000000000000000000e+00,0.000000000000000000e+00,0.000000000000000000e+00,0.000000000000000000e+00,0.000000000000000000e+00,0.000000000000000000e+00,0.000000000000000000e+00,-3.514764325786942312e+00,6.372775023342427403e-01,-1.163884042441393762e-01,0.000000000000000000e+00,0.000000000000000000e+00,0.000000000000000000e+00,-5.370687655676585237e+00,1.182037593491029215e+00,-1.778457125423173468e-01,0.000000000000000000e+00,0.000000000000000000e+00,0.000000000000000000e+00,-7.287735267738930212e+00,1.711069822513549887e+00,-2.413270989872017547e-01,0.000000000000000000e+00,0.000000000000000000e+00,0.000000000000000000e+00,-9.718339759839949465e+00,2.224922831040797799e+00,-3.218144807751480707e-01,0.000000000000000000e+00,0.000000000000000000e+00,0.000000000000000000e+00,-1.295592323696505943e+01,2.704933860707778415e+00,-4.290242790951019902e-01,0.000000000000000000e+00,0.000000000000000000e+00,0.000000000000000000e+00,-1.723023054443755342e+01,3.111408996427718954e+00,-5.705642973307226695e-01,0.000000000000000000e+00,0.000000000000000000e+00,0.000000000000000000e+00,-2.270417816332700411e+01,3.378998887042343746e+00,-7.518293749361478762e-01,0.000000000000000000e+00,0.000000000000000000e+00,0.000000000000000000e+00,-2.944347207710156766e+01,3.411249208382911569e+00,-9.749953091644184555e-01,0.000000000000000000e+00,0.000000000000000000e+00,0.000000000000000000e+00,-3.736907441154501441e+01,3.075322484632413644e+00,-1.237444828641932837e+00,0.000000000000000000e+00,0.000000000000000000e+00,0.000000000000000000e+00,-4.618946907216681552e+01,2.198437109553634361e+00,-1.529524628081537774e+00,0.000000000000000000e+00,0.000000000000000000e+00,0.000000000000000000e+00,-5.530042067834661168e+01,5.689993840415487059e-01,-1.831225971414543130e+00,0.000000000000000000e+00,0.000000000000000000e+00,0.000000000000000000e+00,-6.362647722109381476e+01,-2.051686630624054875e+00,-2.106936188326413717e+00,0.000000000000000000e+00,0.000000000000000000e+00,0.000000000000000000e+00,-6.936319060108321821e+01,-5.896596631045574632e+00,-2.296902528602549953e+00,0.000000000000000000e+00,0.000000000000000000e+00,0.000000000000000000e+00,-6.957436975264813839e+01,-1.112268349390861211e+01,-2.303895544970688825e+00,0.000000000000000000e+00,0.000000000000000000e+00,0.000000000000000000e+00,-5.961824636690247559e+01,-1.767997455382474570e+01,-1.974207063491847602e+00,0.000000000000000000e+00,0.000000000000000000e+00,0.000000000000000000e+00,-3.235670700160174817e+01,-2.507695653816685777e+01,-1.071464583523227265e+00,0.000000000000000000e+00,0.000000000000000000e+00,0.000000000000000000e+00,2.342727074925348418e+01,-3.188281745552425051e+01,7.757739653541443348e-01,0.000000000000000000e+00,0.000000000000000000e+00,0.000000000000000000e+00,1.291154292867201718e+02,-3.419586204915662364e+01,4.275546632735777841e+00,0.000000000000000000e+00,0.000000000000000000e+00,0.000000000000000000e+00,3.478651406433965008e+02,-1.884608308939757038e+01,1.151925559122177845e+01,0.000000000000000000e+00,0.000000000000000000e+00,0.000000000000000000e+00,1.132840012493180438e+03,1.018601407658175901e+02,3.751302479959925762e+01,0.000000000000000000e+00
0.000000000000000000e+00,0.000000000000000000e+00,0.000000000000000000e+00,0.000000000000000000e+00,0.000000000000000000e+00,0.000000000000000000e+00,0.000000000000000000e+00,0.000000000000000000e+00,2.139386315036750030e+00,-5.162075843614748472e-01,7.084394178068446901e-02,0.000000000000000000e+00,0.000000000000000000e+00,0.000000000000000000e+00,3.216831216633615043e+00,-9.495545980025948962e-01,1.065226050235653504e-01,0.000000000000000000e+00,0.000000000000000000e+00,0.000000000000000000e+00,4.392484585401088104e+00,-1.383988435628667357e+00,1.454533573733567398e-01,0.000000000000000000e+00,0.000000000000000000e+00,0.000000000000000000e+00,6.009675845029359031e+00,-1.829553323224571981e+00,1.990052580469694465e-01,0.000000000000000000e+00,0.000000000000000000e+00,0.000000000000000000e+00,8.320208227718087102e+00,-2.279258326329815620e+00,2.755165549787607637e-01,0.000000000000000000e+00,0.000000000000000000e+00,0.000000000000000000e+00,1.154960513954443080e+01,-2.708564216802080704e+00,3.824552622146346614e-01,0.000000000000000000e+00,0.000000000000000000e+00,0.000000000000000000e+00,1.589645091589289372e+01,-3.070922090877887367e+00,5.263973295938751962e-01,0.000000000000000000e+00,0.000000000000000000e+00,0.000000000000000000e+00,2.151214704098216401e+01,-3.291618355328624901e+00,7.123562873321815925e-01,0.000000000000000000e+00,0.000000000000000000e+00,0.000000000000000000e+00,2.846702382715913515e+01,-3.260524299527371550e+00,9.426610633647842796e-01,0.000000000000000000e+00,0.000000000000000000e+00,0.000000000000000000e+00,3.669895041309917616e+01,-2.824557253045154148e+00,1.215254247540219046e+00,0.000000000000000000e+00,0.000000000000000000e+00,0.000000000000000000e+00,4.593175638658505733e+01,-1.781719551068876140e+00,1.520990693669985072e+00,0.000000000000000000e+00,0.000000000000000000e+00,0.000000000000000000e+00,5.553689792401715408e+01,1.190904987993561953e-01,1.839056712457894260e+00,0.000000000000000000e+00,0.000000000000000000e+00,0.000000000000000000e+00,6.429455970302251444e+01,3.164540162626928055e+00,2.129059166360692590e+00,0.000000000000000000e+00,0.000000000000000000e+00,0.000000000000000000e+00,7.000043125752422668e+01,7.637250284930990674e+00,2.318004206054610883e+00,0.000000000000000000e+00,0.000000000000000000e+00,0.000000000000000000e+00,6.887380124011767180e+01,1.373409757987716162e+01,2.280696819912827689e+00,0.000000000000000000e+00,0.000000000000000000e+00,0.000000000000000000e+00,5.469104742387501261e+01,2.141586122893847133e+01,1.811047099062660148e+00,0.000000000000000000e+00,0.000000000000000000e+00,0.000000000000000000e+00,1.704335057463762126e+01,3.008064754132514906e+01,5.643759275129717201e-01,0.000000000000000000e+00,0.000000000000000000e+00,0.000000000000000000e+00,-6.496390881888649460e+01,3.749543380206111465e+01,-2.151224087890726278e+00,0.000000000000000000e+00,0.000000000000000000e+00,0.000000000000000000e+00,-2.544070678186186854e+02,3.489814562647653418e+01,-8.424471716239477104e+00,0.000000000000000000e+00,0.000000000000000000e+00,0.000000000000000000e+00,-9.968037506354240804e+02,-3.752610365078582788e+01,-3.300830073579814439e+01,0.000000000000000000e+00
0.000000000000000000e+00,0.000000000000000000e+00,0.000000000000000000e+00,0.000000000000000000e+00,0.000000000000000000e+00,0.000000000000000000e+00,0.000000000000000000e+00,0.000000000000000000e+00,-1.163884042441395705e-01,2.110289757216272238e-02,-3.854102120905151217e-03,0.000000000000000000e+00,0.000000000000000000e+00,0.000000000000000000e+00,-1.778457125423173468e-01,3.914216047250939495e-02,-5.889208141950682054e-03,0.000000000000000000e+00,0.000000000000000000e+00,0.000000000000000000e+00,-2.413270989872018102e-01,5.666060871608128574e-02,-7.991339773741213542e-03,0.000000000000000000e+00,0.000000000000000000e+00,0.000000000000000000e+00,-3.218144807751501801e-01,7.367641009990408274e-02,-1.065661034660969793e-02,0.000000000000000000e+00,0.000000000000000000e+00,0.000000000000000000e+00,-4.290242790951034890e-01,8.957156339727846694e-02,-1.420677080950266680e-02,0.000000000000000000e+00,0.000000000000000000e+00,0.000000000000000000e+00,-5.705642973307224475e-01,1.030316386758027836e-01,-1.889374704238050429e-02,0.000000000000000000e+00,0.000000000000000000e+00,0.000000000000000000e+00,-7.518293749361479872e-01,1.118926482553077029e-01,-2.489618452386427316e-02,0.000000000000000000e+00,0.000000000000000000e+00,0.000000000000000000e+00,-9.749953091644248948e-01,1.129605899689669485e-01,-3.228613291269842589e-02,0.000000000000000000e+00,0.000000000000000000e+00,0.000000000000000000e+00,-1.237444828641940608e+00,1.018366648074897768e-01,-4.097692351351343854e-02,0.000000000000000000e+00,0.000000000000000000e+00,0.000000000000000000e+00,-1.529524628081537774e+00,7.279935816315560859e-02,-5.064889540628398495e-02,0.000000000000000000e+00,0.000000000000000000e+00,0.000000000000000000e+00,-1.831225971414543352e+00,1.884192628183313512e-02,-6.063947646778370532e-02,0.000000000000000000e+00,0.000000000000000000e+00,0.000000000000000000e+00,-2.106936188326413273e+00,-6.793984199606441232e-02,-6.976938368368032495e-02,0.000000000000000000e+00,0.000000000000000000e+00,0.000000000000000000e+00,-2.296902528602580595e+00,-1.952607369215587918e-01,-7.605995601099799219e-02,0.000000000000000000e+00,0.000000000000000000e+00,0.000000000000000000e+00,-2.303895544970684828e+00,-3.683181183076370546e-01,-7.629152374655533142e-02,0.000000000000000000e+00,0.000000000000000000e+00,0.000000000000000000e+00,-1.974207063491848047e+00,-5.854571842269776782e-01,-6.537417262418558639e-02,0.000000000000000000e+00,0.000000000000000000e+00,0.000000000000000000e+00,-1.071464583523228375e+00,-8.304018944779180122e-01,-3.548063014223829664e-02,0.000000000000000000e+00,0.000000000000000000e+00,0.000000000000000000e+00,7.757739653541415592e-01,-1.055772137901402008e+00,2.568908908608007885e-02,0.000000000000000000e+00,0.000000000000000000e+00,0.000000000000000000e+00,4.275546632735835573e+00,-1.132366624542588074e+00,1.415810574281122225e-01,0.000000000000000000e+00,0.000000000000000000e+00,0.000000000000000000e+00,1.151925559122177667e+01,-6.240718676169927370e-01,3.814502629682019474e-01,0.000000000000000000e+00,0.000000000000000000e+00,0.000000000000000000e+00,3.751302479959927183e+01,3.373011144114914650e+00,1.242211622202760379e+00,0.000000000000000000e+00
0.000000000000000000e+00,0.000000000000000000e+00,0.000000000000000000e+00,0.000000000000000000e+00,0.000000000000000000e+00,0.000000000000000000e+00,0.000000000000000000e+00,0.000000000000000000e+00,0.000000000000000000e+00,0.000000000000000000e+00,0.000000000000000000e+00,0.000000000000000000e+00,0.000000000000000000e+00,0.000000000000000000e+00,0.000000000000000000e+00,0.000000000000000000e+00,0.000000000000000000e+00,0.000000000000000000e+00,0.000000000000000000e+00,0.000000000000000000e+00,0.000000000000000000e+00,0.000000000000000000e+00,0.000000000000000000e+00,0.000000000000000000e+00,0.000000000000000000e+00,0.000000000000000000e+00,0.000000000000000000e+00,0.000000000000000000e+00,0.000000000000000000e+00,0.000000000000000000e+00,0.000000000000000000e+00,0.000000000000000000e+00,0.000000000000000000e+00,0.000000000000000000e+00,0.000000000000000000e+00,0.000000000000000000e+00,0.000000000000000000e+00,0.000000000000000000e+00,0.000000000000000000e+00,0.000000000000000000e+00,0.000000000000000000e+00,0.000000000000000000e+00,0.000000000000000000e+00,0.000000000000000000e+00,0.000000000000000000e+00,0.000000000000000000e+00,0.000000000000000000e+00,0.000000000000000000e+00,0.000000000000000000e+00,0.000000000000000000e+00,0.000000000000000000e+00,0.000000000000000000e+00,0.000000000000000000e+00,0.000000000000000000e+00,0.000000000000000000e+00,0.000000000000000000e+00,0.000000000000000000e+00,0.000000000000000000e+00,0.000000000000000000e+00,0.000000000000000000e+00,0.000000000000000000e+00,0.000000000000000000e+00,0.000000000000000000e+00,0.000000000000000000e+00,0.000000000000000000e+00,0.000000000000000000e+00,0.000000000000000000e+00,0.000000000000000000e+00,0.000000000000000000e+00,0.000000000000000000e+00,0.000000000000000000e+00,0.000000000000000000e+00,0.000000000000000000e+00,0.000000000000000000e+00,0.000000000000000000e+00,0.000000000000000000e+00,0.000000000000000000e+00,0.000000000000000000e+00,0.000000000000000000e+00,0.000000000000000000e+00,0.000000000000000000e+00,0.000000000000000000e+00,0.000000000000000000e+00,0.000000000000000000e+00,0.000000000000000000e+00,0.000000000000000000e+00,0.000000000000000000e+00,0.000000000000000000e+00,0.000000000000000000e+00,0.000000000000000000e+00,0.000000000000000000e+00,0.000000000000000000e+00,0.000000000000000000e+00,0.000000000000000000e+00,0.000000000000000000e+00,0.000000000000000000e+00,0.000000000000000000e+00,0.000000000000000000e+00,0.000000000000000000e+00,0.000000000000000000e+00,0.000000000000000000e+00,0.000000000000000000e+00,0.000000000000000000e+00,0.000000000000000000e+00,0.000000000000000000e+00,0.000000000000000000e+00,0.000000000000000000e+00,0.000000000000000000e+00,0.000000000000000000e+00,0.000000000000000000e+00,0.000000000000000000e+00,0.000000000000000000e+00,0.000000000000000000e+00,0.000000000000000000e+00,0.000000000000000000e+00,0.000000000000000000e+00,0.000000000000000000e+00,0.000000000000000000e+00,0.000000000000000000e+00,0.000000000000000000e+00,0.000000000000000000e+00,0.000000000000000000e+00,0.000000000000000000e+00,0.000000000000000000e+00,0.000000000000000000e+00,0.000000000000000000e+00
