0.000000000000000000e+00,0.000000000000000000e+00,0.000000000000000000e+00,0.000000000000000000e+00,0.000000000000000000e+00,0.000000000000000000e+00,0.000000000000000000e+00,0.000000000000000000e+00,0.000000000000000000e+00,0.000000000000000000e+00,0.000000000000000000e+00,0.000000000000000000e+00,0.000000000000000000e+00,0.000000000000000000e+00,0.000000000000000000e+00,0.000000000000000000e+00,0.000000000000000000e+00,0.000000000000000000e+00,0.000000000000000000e+00,0.000000000000000000e+00,0.000000000000000000e+00,0.000000000000000000e+00,0.000000000000000000e+00,0.000000000000000000e+00,0.000000000000000000e+00,0.000000000000000000e+00,0.000000000000000000e+00,0.000000000000000000e+00,0.000000000000000000e+00,0.000000000000000000e+00,0.000000000000000000e+00,0.000000000000000000e+00,0.000000000000000000e+00,0.000000000000000000e+00,0.000000000000000000e+00,0.000000000000000000e+00,0.000000000000000000e+00,0.000000000000000000e+00,0.000000000000000000e+00,0.000000000000000000e+00,0.000000000000000000e+00,0.000000000000000000e+00,0.000000000000000000e+00,0.000000000000000000e+00,0.000000000000000000e+00,0.000000000000000000e+00,0.000000000000000000e+00,0.000000000000000000e+00,0.000000000000000000e+00,0.000000000000000000e+00,0.000000000000000000e+00,0.000000000000000000e+00,0.000000000000000000e+00,0.000000000000000000e+00,0.000000000000000000e+00,0.000000000000000000e+00,0.000000000000000000e+00,0.000000000000000000e+00,0.000000000000000000e+00,0.000000000000000000e+00,0.000000000000000000e+00,0.000000000000000000e+00,0.000000000000000000e+00,0.000000000000000000e+00,0.000000000000000000e+00,0.000000000000000000e+00,0.000000000000000000e+00,0.000000000000000000e+00,0.000000000000000000e+00,0.000000000000000000e+00,0.000000000000000000e+00,0.000000000000000000e+00,0.000000000000000000e+00,0.000000000000000000e+00,0.000000000000000000e+00,0.000000000000000000e+00,0.000000000000000000e+00,0.000000000000000000e+00,0.000000000000000000e+00,0.000000000000000000e+00,0.000000000000000000e+00,0.000000000000000000e+00,0.000000000000000000e+00,0.000000000000000000e+00,0.000000000000000000e+00,0.000000000000000000e+00,0.000000000000000000e+00,0.000000000000000000e+00,0.000000000000000000e+00,0.000000000000000000e+00,0.000000000000000000e+00,0.000000000000000000e+00,0.000000000000000000e+00,0.000000000000000000e+00,0.000000000000000000e+00,0.000000000000000000e+00,0.000000000000000000e+00,0.000000000000000000e+00,0.000000000000000000e+00,0.000000000000000000e+00,0.000000000000000000e+00,0.000000000000000000e+00,0.000000000000000000e+00,0.000000000000000000e+00,0.000000000000000000e+00,0.000000000000000000e+00,0.000000000000000000e+00,0.000000000000000000e+00,0.000000000000000000e+00,0.000000000000000000e+00,0.000000000000000000e+00,0.000000000000000000e+00,0.000000000000000000e+00,0.000000000000000000e+00,0.000000000000000000e+00,0.000000000000000000e+00,0.000000000000000000e+00,0.000000000000000000e+00,0.000000000000000000e+00,0.000000000000000000e+00,0.000000000000000000e+00,0.000000000000000000e+00,0.000000000000000000e+00,0.000000000000000000e+00,0.000000000000000000e+00,0.000000000000000000e+00
0.000000000000000000e+00,0.000000000000000000e+00,0.000000000000000000e+00,0.000000000000000000e+00,0.000000000000000000e+00,0.000000000000000000e+00,0.000000000000000000e+00,0.000000000000000000e+00,0.000000000000000000e+00,0.000000000000000000e+00,0.000000000000000000e+00,0.000000000000000000e+00,0.000000000000000000e+00,0.000000000000000000e+00,0.000000000000000000e+00,0.000000000000000000e+00,0.000000000000000000e+00,0.000000000000000000e+00,0.000000000000000000e+00,0.000000000000000000e+00,0.000000000000000000e+00,0.000000000000000000e+00,0.000000000000000000e+00,0.000000000000000000e+00,0.000000000000000000e+00,0.000000000000000000e+00,0.000000000000000000e+00,0.000000000000000000e+00,0.000000000000000000e+00,0.000000000000000000e+00,0.000000000000000000e+00,0.000000000000000000e+00,0.000000000000000000e+00,0.000000000000000000e+00,0.000000000000000000e+00,0.000000000000000000e+00,0.000000000000000000e+00,0.000000000000000000e+00,0.000000000000000000e+00,0.000000000000000000e+00,0.000000000000000000e+00,0.000000000000000000e+00,0.000000000000000000e+00,0.000000000000000000e+00,0.000000000000000000e+00,0.000000000000000000e+00,0.000000000000000000e+00,0.000000000000000000e+00,0.000000000000000000e+00,0.000000000000000000e+00,0.000000000000000000e+00,0.000000000000000000e+00,0.000000000000000000e+00,0.000000000000000000e+00,0.000000000000000000e+00,0.000000000000000000e+00,0.000000000000000000e+00,0.000000000000000000e+00,0.000000000000000000e+00,0.000000000000000000e+00,0.000000000000000000e+00,0.000000000000000000e+00,0.000000000000000000e+00,0.000000000000000000e+00,0.000000000000000000e+00,0.000000000000000000e+00,0.000000000000000000e+00,0.000000000000000000e+00,0.000000000000000000e+00,0.000000000000000000e+00,0.000000000000000000e+00,0.000000000000000000e+00,0.000000000000000000e+00,0.000000000000000000e+00,0.000000000000000000e+00,0.000000000000000000e+00,0.000000000000000000e+00,0.000000000000000000e+00,0.000000000000000000e+00,0.000000000000000000e+00,0.000000000000000000e+00,0.000000000000000000e+00,0.000000000000000000e+00,0.000000000000000000e+00,0.000000000000000000e+00,0.000000000000000000e+00,0.000000000000000000e+00,0.000000000000000000e+00,0.000000000000000000e+00,0.000000000000000000e+00,0.000000000000000000e+00,0.000000000000000000e+00,0.000000000000000000e+00,0.000000000000000000e+00,0.000000000000000000e+00,0.000000000000000000e+00,0.000000000000000000e+00,0.000000000000000000e+00,0.000000000000000000e+00,0.000000000000000000e+00,0.000000000000000000e+00,0.000000000000000000e+00,0.000000000000000000e+00,0.000000000000000000e+00,0.000000000000000000e+00,0.000000000000000000e+00,0.000000000000000000e+00,0.000000000000000000e+00,0.000000000000000000e+00,0.000000000000000000e+00,0.000000000000000000e+00,0.000000000000000000e+00,0.000000000000000000e+00,0.000000000000000000e+00,0.000000000000000000e+00,0.000000000000000000e+00,0.000000000000000000e+00,0.000000000000000000e+00,0.000000000000000000e+00,0.000000000000000000e+00,0.000000000000000000e+00,0.000000000000000000e+00,0.000000000000000000e+00,0.000000000000000000e+00,0.000000000000000000e+00,0.000000000000000000e+00
0.000000000000000000e+00,0.000000000000000000e+00,0.000000000000000000e+00,0.000000000000000000e+00,0.000000000000000000e+00,0.000000000000000000e+00,0.000000000000000000e+00,0.000000000000000000e+00,0.000000000000000000e+00,0.000000000000000000e+00,0.000000000000000000e+00,0.000000000000000000e+00,0.000000000000000000e+00,0.000000000000000000e+00,0.000000000000000000e+00,0.000000000000000000e+00,0.000000000000000000e+00,0.000000000000000000e+00,0.000000000000000000e+00,0.000000000000000000e+00,0.000000000000000000e+00,0.000000000000000000e+00,0.000000000000000000e+00,0.000000000000000000e+00,0.000000000000000000e+00,0.000000000000000000e+00,0.000000000000000000e+00,0.000000000000000000e+00,0.000000000000000000e+00,0.000000000000000000e+00,0.000000000000000000e+00,0.000000000000000000e+00,0.000000000000000000e+00,0.000000000000000000e+00,0.000000000000000000e+00,0.000000000000000000e+00,0.000000000000000000e+00,0.000000000000000000e+00,0.000000000000000000e+00,0.000000000000000000e+00,0.000000000000000000e+00,0.000000000000000000e+00,0.000000000000000000e+00,0.000000000000000000e+00,0.000000000000000000e+00,0.000000000000000000e+00,0.000000000000000000e+00,0.000000000000000000e+00,0.000000000000000000e+00,0.000000000000000000e+00,0.000000000000000000e+00,0.000000000000000000e+00,0.000000000000000000e+00,0.000000000000000000e+00,0.000000000000000000e+00,0.000000000000000000e+00,0.000000000000000000e+00,0.000000000000000000e+00,0.000000000000000000e+00,0.000000000000000000e+00,0.000000000000000000e+00,0.000000000000000000e+00,0.000000000000000000e+00,0.000000000000000000e+00,0.000000000000000000e+00,0.000000000000000000e+00,0.000000000000000000e+00,0.000000000000000000e+00,0.000000000000000000e+00,0.000000000000000000e+00,0.000000000000000000e+00,0.000000000000000000e+00,0.000000000000000000e+00,0.000000000000000000e+00,0.000000000000000000e+00,0.000000000000000000e+00,0.000000000000000000e+00,0.000000000000000000e+00,0.000000000000000000e+00,0.000000000000000000e+00,0.000000000000000000e+00,0.000000000000000000e+00,0.000000000000000000e+00,0.000000000000000000e+00,0.000000000000000000e+00,0.000000000000000000e+00,0.000000000000000000e+00,0.000000000000000000e+00,0.000000000000000000e+00,0.000000000000000000e+00,0.000000000000000000e+00,0.000000000000000000e+00,0.000000000000000000e+00,0.000000000000000000e+00,0.000000000000000000e+00,0.000000000000000000e+00,0.000000000000000000e+00,0.000000000000000000e+00,0.000000000000000000e+00,0.000000000000000000e+00,0.000000000000000000e+00,0.000000000000000000e+00,0.000000000000000000e+00,0.000000000000000000e+00,0.000000000000000000e+00,0.000000000000000000e+00,0.000000000000000000e+00,0.000000000000000000e+00,0.000000000000000000e+00,0.000000000000000000e+00,0.000000000000000000e+00,0.000000000000000000e+00,0.000000000000000000e+00,0.000000000000000000e+00,0.000000000000000000e+00,0.000000000000000000e+00,0.000000000000000000e+00,0.000000000000000000e+00,0.000000000000000000e+00,0.000000000000000000e+00,0.000000000000000000e+00,0.000000000000000000e+00,0.000000000000000000e+00,0.000000000000000000e+00,0.000000000000000000e+00,0.000000000000000000e+00
0.000000000000000000e+00,0.000000000000000000e+00,0.000000000000000000e+00,0.000000000000000000e+00,0.000000000000000000e+00,0.000000000000000000e+00,0.000000000000000000e+00,0.000000000000000000e+00,0.000000000000000000e+00,0.000000000000000000e+00,0.000000000000000000e+00,0.000000000000000000e+00,0.000000000000000000e+00,0.000000000000000000e+00,0.000000000000000000e+00,0.000000000000000000e+00,0.000000000000000000e+00,0.000000000000000000e+00,0.000000000000000000e+00,0.000000000000000000e+00,0.000000000000000000e+00,0.000000000000000000e+00,0.000000000000000000e+00,0.000000000000000000e+00,0.000000000000000000e+00,0.000000000000000000e+00,0.000000000000000000e+00,0.000000000000000000e+00,0.000000000000000000e+00,0.000000000000000000e+00,0.000000000000000000e+00,0.000000000000000000e+00,0.000000000000000000e+00,0.000000000000000000e+00,0.000000000000000000e+00,0.000000000000000000e+00,0.000000000000000000e+00,0.000000000000000000e+00,0.000000000000000000e+00,0.000000000000000000e+00,0.000000000000000000e+00,0.000000000000000000e+00,0.000000000000000000e+00,0.000000000000000000e+00,0.000000000000000000e+00,0.000000000000000000e+00,0.000000000000000000e+00,0.000000000000000000e+00,0.000000000000000000e+00,0.000000000000000000e+00,0.000000000000000000e+00,0.000000000000000000e+00,0.000000000000000000e+00,0.000000000000000000e+00,0.000000000000000000e+00,0.000000000000000000e+00,0.000000000000000000e+00,0.000000000000000000e+00,0.000000000000000000e+00,0.000000000000000000e+00,0.000000000000000000e+00,0.000000000000000000e+00,0.000000000000000000e+00,0.000000000000000000e+00,0.000000000000000000e+00,0.000000000000000000e+00,0.000000000000000000e+00,0.000000000000000000e+00,0.000000000000000000e+00,0.000000000000000000e+00,0.000000000000000000e+00,0.000000000000000000e+00,0.000000000000000000e+00,0.000000000000000000e+00,0.000000000000000000e+00,0.000000000000000000e+00,0.000000000000000000e+00,0.000000000000000000e+00,0.000000000000000000e+00,0.000000000000000000e+00,0.000000000000000000e+00,0.000000000000000000e+00,0.000000000000000000e+00,0.000000000000000000e+00,0.000000000000000000e+00,0.000000000000000000e+00,0.000000000000000000e+00,0.000000000000000000e+00,0.000000000000000000e+00,0.000000000000000000e+00,0.000000000000000000e+00,0.000000000000000000e+00,0.000000000000000000e+00,0.000000000000000000e+00,0.000000000000000000e+00,0.000000000000000000e+00,0.000000000000000000e+00,0.000000000000000000e+00,0.000000000000000000e+00,0.000000000000000000e+00,0.000000000000000000e+00,0.000000000000000000e+00,0.000000000000000000e+00,0.000000000000000000e+00,0.000000000000000000e+00,0.000000000000000000e+00,0.000000000000000000e+00,0.000000000000000000e+00,0.000000000000000000e+00,0.000000000000000000e+00,0.000000000000000000e+00,0.000000000000000000e+00,0.000000000000000000e+00,0.000000000000000000e+00,0.000000000000000000e+00,0.000000000000000000e+00,0.000000000000000000e+00,0.000000000000000000e+00,0.000000000000000000e+00,0.000000000000000000e+00,0.000000000000000000e+00,0.000000000000000000e+00,0.000000000000000000e+00,0.000000000000000000e+00,0.000000000000000000e+00,0.000000000000000000e+00
0.000000000000000000e+00,0.000000000000000000e+00,0.000000000000000000e+00,0.000000000000000000e+00,0.000000000000000000e+00,0.000000000000000000e+00,0.000000000000000000e+00,0.000000000000000000e+00,0.000000000000000000e+00,0.000000000000000000e+00,0.000000000000000000e+00,0.000000000000000000e+00,0.000000000000000000e+00,0.000000000000000000e+00,0.000000000000000000e+00,0.000000000000000000e+00,0.000000000000000000e+00,0.000000000000000000e+00,0.000000000000000000e+00,0.000000000000000000e+00,0.000000000000000000e+00,0.000000000000000000e+00,0.000000000000000000e+00,0.000000000000000000e+00,0.000000000000000000e+00,0.000000000000000000e+00,0.000000000000000000e+00,0.000000000000000000e+00,0.000000000000000000e+00,0.000000000000000000e+00,0.000000000000000000e+00,0.000000000000000000e+00,0.000000000000000000e+00,0.000000000000000000e+00,0.000000000000000000e+00,0.000000000000000000e+00,0.000000000000000000e+00,0.000000000000000000e+00,0.000000000000000000e+00,0.000000000000000000e+00,0.000000000000000000e+00,0.000000000000000000e+00,0.000000000000000000e+00,0.000000000000000000e+00,0.000000000000000000e+00,0.000000000000000000e+00,0.000000000000000000e+00,0.000000000000000000e+00,0.000000000000000000e+00,0.000000000000000000e+00,0.000000000000000000e+00,0.000000000000000000e+00,0.000000000000000000e+00,0.000000000000000000e+00,0.000000000000000000e+00,0.000000000000000000e+00,0.000000000000000000e+00,0.000000000000000000e+00,0.000000000000000000e+00,0.000000000000000000e+00,0.000000000000000000e+00,0.000000000000000000e+00,0.000000000000000000e+00,0.000000000000000000e+00,0.000000000000000000e+00,0.000000000000000000e+00,0.000000000000000000e+00,0.000000000000000000e+00,0.000000000000000000e+00,0.000000000000000000e+00,0.000000000000000000e+00,0.000000000000000000e+00,0.000000000000000000e+00,0.000000000000000000e+00,0.000000000000000000e+00,0.000000000000000000e+00,0.000000000000000000e+00,0.000000000000000000e+00,0.000000000000000000e+00,0.000000000000000000e+00,0.000000000000000000e+00,0.000000000000000000e+00,0.000000000000000000e+00,0.000000000000000000e+00,0.000000000000000000e+00,0.000000000000000000e+00,0.000000000000000000e+00,0.000000000000000000e+00,0.000000000000000000e+00,0.000000000000000000e+00,0.000000000000000000e+00,0.000000000000000000e+00,0.000000000000000000e+00,0.000000000000000000e+00,0.000000000000000000e+00,0.000000000000000000e+00,0.000000000000000000e+00,0.000000000000000000e+00,0.000000000000000000e+00,0.000000000000000000e+00,0.000000000000000000e+00,0.000000000000000000e+00,0.000000000000000000e+00,0.000000000000000000e+00,0.000000000000000000e+00,0.000000000000000000e+00,0.000000000000000000e+00,0.000000000000000000e+00,0.000000000000000000e+00,0.000000000000000000e+00,0.000000000000000000e+00,0.000000000000000000e+00,0.000000000000000000e+00,0.000000000000000000e+00,0.000000000000000000e+00,0.000000000000000000e+00,0.000000000000000000e+00,0.000000000000000000e+00,0.000000000000000000e+00,0.000000000000000000e+00,0.000000000000000000e+00,0.000000000000000000e+00,0.000000000000000000e+00,0.000000000000000000e+00,0.000000000000000000e+00,0.000000000000000000e+00
0.000000000000000000e+00,0.000000000000000000e+00,0.000000000000000000e+00,0.000000000000000000e+00,0.000000000000000000e+00,0.000000000000000000e+00,0.000000000000000000e+00,0.000000000000000000e+00,0.000000000000000000e+00,0.000000000000000000e+00,0.000000000000000000e+00,0.000000000000000000e+00,0.000000000000000000e+00,0.000000000000000000e+00,0.000000000000000000e+00,0.000000000000000000e+00,0.000000000000000000e+00,0.000000000000000000e+00,0.000000000000000000e+00,0.000000000000000000e+00,0.000000000000000000e+00,0.000000000000000000e+00,0.000000000000000000e+00,0.000000000000000000e+00,0.000000000000000000e+00,0.000000000000000000e+00,0.000000000000000000e+00,0.000000000000000000e+00,0.000000000000000000e+00,0.000000000000000000e+00,0.000000000000000000e+00,0.000000000000000000e+00,0.000000000000000000e+00,0.000000000000000000e+00,0.000000000000000000e+00,0.000000000000000000e+00,0.000000000000000000e+00,0.000000000000000000e+00,0.000000000000000000e+00,0.000000000000000000e+00,0.000000000000000000e+00,0.000000000000000000e+00,0.000000000000000000e+00,0.000000000000000000e+00,0.000000000000000000e+00,0.000000000000000000e+00,0.000000000000000000e+00,0.000000000000000000e+00,0.000000000000000000e+00,0.000000000000000000e+00,0.000000000000000000e+00,0.000000000000000000e+00,0.000000000000000000e+00,0.000000000000000000e+00,0.000000000000000000e+00,0.000000000000000000e+00,0.000000000000000000e+00,0.000000000000000000e+00,0.000000000000000000e+00,0.000000000000000000e+00,0.000000000000000000e+00,0.000000000000000000e+00,0.000000000000000000e+00,0.000000000000000000e+00,0.000000000000000000e+00,0.000000000000000000e+00,0.000000000000000000e+00,0.000000000000000000e+00,0.000000000000000000e+00,0.000000000000000000e+00,0.000000000000000000e+00,0.000000000000000000e+00,0.000000000000000000e+00,0.000000000000000000e+00,0.000000000000000000e+00,0.000000000000000000e+00,0.000000000000000000e+00,0.000000000000000000e+00,0.000000000000000000e+00,0.000000000000000000e+00,0.000000000000000000e+00,0.000000000000000000e+00,0.000000000000000000e+00,0.000000000000000000e+00,0.000000000000000000e+00,0.000000000000000000e+00,0.000000000000000000e+00,0.000000000000000000e+00,0.000000000000000000e+00,0.000000000000000000e+00,0.000000000000000000e+00,0.000000000000000000e+00,0.000000000000000000e+00,0.000000000000000000e+00,0.000000000000000000e+00,0.000000000000000000e+00,0.000000000000000000e+00,0.000000000000000000e+00,0.000000000000000000e+00,0.000000000000000000e+00,0.000000000000000000e+00,0.000000000000000000e+00,0.000000000000000000e+00,0.000000000000000000e+00,0.000000000000000000e+00,0.000000000000000000e+00,0.000000000000000000e+00,0.000000000000000000e+00,0.000000000000000000e+00,0.000000000000000000e+00,0.000000000000000000e+00,0.000000000000000000e+00,0.000000000000000000e+00,0.000000000000000000e+00,0.000000000000000000e+00,0.000000000000000000e+00,0.000000000000000000e+00,0.000000000000000000e+00,0.000000000000000000e+00,0.000000000000000000e+00,0.000000000000000000e+00,0.000000000000000000e+00,0.000000000000000000e+00,0.000000000000000000e+00,0.000000000000000000e+00,0.000000000000000000e+00
0.000000000000000000e+00,0.000000000000000000e+00,0.000000000000000000e+00,0.000000000000000000e+00,0.000000000000000000e+00,0.000000000000000000e+00,0.000000000000000000e+00,0.000000000000000000e+00,0.000000000000000000e+00,0.000000000000000000e+00,0.000000000000000000e+00,0.000000000000000000e+00,0.000000000000000000e+00,0.000000000000000000e+00,0.000000000000000000e+00,0.000000000000000000e+00,0.000000000000000000e+00,0.000000000000000000e+00,0.000000000000000000e+00,0.000000000000000000e+00,0.000000000000000000e+00,0.000000000000000000e+00,0.000000000000000000e+00,0.000000000000000000e+00,0.000000000000000000e+00,0.000000000000000000e+00,0.000000000000000000e+00,0.000000000000000000e+00,0.000000000000000000e+00,0.000000000000000000e+00,0.000000000000000000e+00,0.000000000000000000e+00,0.000000000000000000e+00,0.000000000000000000e+00,0.000000000000000000e+00,0.000000000000000000e+00,0.000000000000000000e+00,0.000000000000000000e+00,0.000000000000000000e+00,0.000000000000000000e+00,0.000000000000000000e+00,0.000000000000000000e+00,0.000000000000000000e+00,0.000000000000000000e+00,0.000000000000000000e+00,0.000000000000000000e+00,0.000000000000000000e+00,0.000000000000000000e+00,0.000000000000000000e+00,0.000000000000000000e+00,0.000000000000000000e+00,0.000000000000000000e+00,0.000000000000000000e+00,0.000000000000000000e+00,0.000000000000000000e+00,0.000000000000000000e+00,0.000000000000000000e+00,0.000000000000000000e+00,0.000000000000000000e+00,0.000000000000000000e+00,0.000000000000000000e+00,0.000000000000000000e+00,0.000000000000000000e+00,0.000000000000000000e+00,0.000000000000000000e+00,0.000000000000000000e+00,0.000000000000000000e+00,0.000000000000000000e+00,0.000000000000000000e+00,0.000000000000000000e+00,0.000000000000000000e+00,0.000000000000000000e+00,0.000000000000000000e+00,0.000000000000000000e+00,0.000000000000000000e+00,0.000000000000000000e+00,0.000000000000000000e+00,0.000000000000000000e+00,0.000000000000000000e+00,0.000000000000000000e+00,0.000000000000000000e+00,0.000000000000000000e+00,0.000000000000000000e+00,0.000000000000000000e+00,0.000000000000000000e+00,0.000000000000000000e+00,0.000000000000000000e+00,0.000000000000000000e+00,0.000000000000000000e+00,0.000000000000000000e+00,0.000000000000000000e+00,0.000000000000000000e+00,0.000000000000000000e+00,0.000000000000000000e+00,0.000000000000000000e+00,0.000000000000000000e+00,0.000000000000000000e+00,0.000000000000000000e+00,0.000000000000000000e+00,0.000000000000000000e+00,0.000000000000000000e+00,0.000000000000000000e+00,0.000000000000000000e+00,0.000000000000000000e+00,0.000000000000000000e+00,0.000000000000000000e+00,0.000000000000000000e+00,0.000000000000000000e+00,0.000000000000000000e+00,0.000000000000000000e+00,0.000000000000000000e+00,0.000000000000000000e+00,0.000000000000000000e+00,0.000000000000000000e+00,0.000000000000000000e+00,0.000000000000000000e+00,0.000000000000000000e+00,0.000000000000000000e+00,0.000000000000000000e+00,0.000000000000000000e+00,0.000000000000000000e+00,0.000000000000000000e+00,0.000000000000000000e+00,0.000000000000000000e+00,0.000000000000000000e+00,0.000000000000000000e+00
0.000000000000000000e+00,0.000000000000000000e+00,0.000000000000000000e+00,0.000000000000000000e+00,0.000000000000000000e+00,0.000000000000000000e+00,0.000000000000000000e+00,0.000000000000000000e+00,0.000000000000000000e+00,0.000000000000000000e+00,0.000000000000000000e+00,0.000000000000000000e+00,0.000000000000000000e+00,0.000000000000000000e+00,0.000000000000000000e+00,0.000000000000000000e+00,0.000000000000000000e+00,0.000000000000000000e+00,0.000000000000000000e+00,0.000000000000000000e+00,0.000000000000000000e+00,0.000000000000000000e+00,0.000000000000000000e+00,0.000000000000000000e+00,0.000000000000000000e+00,0.000000000000000000e+00,0.000000000000000000e+00,0.000000000000000000e+00,0.000000000000000000e+00,0.000000000000000000e+00,0.000000000000000000e+00,0.000000000000000000e+00,0.000000000000000000e+00,0.000000000000000000e+00,0.000000000000000000e+00,0.000000000000000000e+00,0.000000000000000000e+00,0.000000000000000000e+00,0.000000000000000000e+00,0.000000000000000000e+00,0.000000000000000000e+00,0.000000000000000000e+00,0.000000000000000000e+00,0.000000000000000000e+00,0.000000000000000000e+00,0.000000000000000000e+00,0.000000000000000000e+00,0.000000000000000000e+00,0.000000000000000000e+00,0.000000000000000000e+00,0.000000000000000000e+00,0.000000000000000000e+00,0.000000000000000000e+00,0.000000000000000000e+00,0.000000000000000000e+00,0.000000000000000000e+00,0.000000000000000000e+00,0.000000000000000000e+00,0.000000000000000000e+00,0.000000000000000000e+00,0.000000000000000000e+00,0.000000000000000000e+00,0.000000000000000000e+00,0.000000000000000000e+00,0.000000000000000000e+00,0.000000000000000000e+00,0.000000000000000000e+00,0.000000000000000000e+00,0.000000000000000000e+00,0.000000000000000000e+00,0.000000000000000000e+00,0.000000000000000000e+00,0.000000000000000000e+00,0.000000000000000000e+00,0.000000000000000000e+00,0.000000000000000000e+00,0.000000000000000000e+00,0.000000000000000000e+00,0.000000000000000000e+00,0.000000000000000000e+00,0.000000000000000000e+00,0.000000000000000000e+00,0.000000000000000000e+00,0.000000000000000000e+00,0.000000000000000000e+00,0.000000000000000000e+00,0.000000000000000000e+00,0.000000000000000000e+00,0.000000000000000000e+00,0.000000000000000000e+00,0.000000000000000000e+00,0.000000000000000000e+00,0.000000000000000000e+00,0.000000000000000000e+00,0.000000000000000000e+00,0.000000000000000000e+00,0.000000000000000000e+00,0.000000000000000000e+00,0.000000000000000000e+00,0.000000000000000000e+00,0.000000000000000000e+00,0.000000000000000000e+00,0.000000000000000000e+00,0.000000000000000000e+00,0.000000000000000000e+00,0.000000000000000000e+00,0.000000000000000000e+00,0.000000000000000000e+00,0.000000000000000000e+00,0.000000000000000000e+00,0.000000000000000000e+00,0.000000000000000000e+00,0.000000000000000000e+00,0.000000000000000000e+00,0.000000000000000000e+00,0.000000000000000000e+00,0.000000000000000000e+00,0.000000000000000000e+00,0.000000000000000000e+00,0.000000000000000000e+00,0.000000000000000000e+00,0.000000000000000000e+00,0.000000000000000000e+00,0.000000000000000000e+00,0.000000000000000000e+00,0.000000000000000000e+00
0.000000000000000000e+00,0.000000000000000000e+00,0.000000000000000000e+00,0.000000000000000000e+00,0.000000000000000000e+00,0.000000000000000000e+00,0.000000000000000000e+00,0.000000000000000000e+00,-3.859172157077926499e+02,8.657343061405056162e+00,-1.277931740032518704e+01,0.000000000000000000e+00,0.000000000000000000e+00,0.000000000000000000e+00,-5.892156288580948598e+01,1.635467972017401195e+01,-1.951136987915868426e+00,0.000000000000000000e+00,0.000000000000000000e+00,0.000000000000000000e+00,5.089359895444030712e+01,1.220884955663281346e+01,1.685297852003855290e+00,0.000000000000000000e+00,0.000000000000000000e+00,0.000000000000000000e+00,9.364028611680780045e+01,5.644636485447371399e+00,3.100817711770667007e+00,0.000000000000000000e+00,0.000000000000000000e+00,0.000000000000000000e+00,1.036116027573163194e+02,-2.246159666773558661e-01,3.431009304841991181e+00,0.000000000000000000e+00,0.000000000000000000e+00,0.000000000000000000e+00,9.620492725368464448e+01,-4.499359754854494575e+00,3.185743602018860532e+00,0.000000000000000000e+00,0.000000000000000000e+00,0.000000000000000000e+00,8.023532179724286095e+01,-7.125960442519668092e+00,2.656923822596632956e+00,0.000000000000000000e+00,0.000000000000000000e+00,0.000000000000000000e+00,6.138011049495035820e+01,-8.350554659065878127e+00,2.032549682043527817e+00,0.000000000000000000e+00,0.000000000000000000e+00,0.000000000000000000e+00,4.322664161798339677e+01,-8.512311379013588919e+00,1.431413139663048062e+00,0.000000000000000000e+00,0.000000000000000000e+00,0.000000000000000000e+00,2.774244112262343620e+01,-7.957194504047009787e+00,9.186671289478843816e-01,0.000000000000000000e+00,0.000000000000000000e+00,0.000000000000000000e+00,1.570102872517397685e+01,-6.991762954426989474e+00,5.199260914614077800e-01,0.000000000000000000e+00,0.000000000000000000e+00,0.000000000000000000e+00,7.102045272684560651e+00,-5.858463603660748475e+00,2.351781341619026688e-01,0.000000000000000000e+00,0.000000000000000000e+00,0.000000000000000000e+00,1.523992192785299071e+00,-4.728109734306118028e+00,5.046569355943712754e-02,0.000000000000000000e+00,0.000000000000000000e+00,0.000000000000000000e+00,-1.624250839197768359e+00,-3.704877674202896376e+00,-5.378567259245933818e-02,0.000000000000000000e+00,0.000000000000000000e+00,0.000000000000000000e+00,-2.949893955382574262e+00,-2.838189381848050807e+00,-9.768320670534283434e-02,0.000000000000000000e+00,0.000000000000000000e+00,0.000000000000000000e+00,-2.999459367114744701e+00,-2.136693316469557846e+00,-9.932452277734407642e-02,0.000000000000000000e+00,0.000000000000000000e+00,0.000000000000000000e+00,-2.235314679030926843e+00,-1.581300311193055030e+00,-7.402052722771405857e-02,0.000000000000000000e+00,0.000000000000000000e+00,0.000000000000000000e+00,-1.048990388296172638e+00,-1.136023839147851211e+00,-3.473641645486277157e-02,0.000000000000000000e+00,0.000000000000000000e+00,0.000000000000000000e+00,1.893920732513666993e-01,-7.570051040904514084e-01,6.271555967633879979e-03,0.000000000000000000e+00,0.000000000000000000e+00,0.000000000000000000e+00,9.988186957001460309e-01,-4.007046757081905164e-01,3.307502391237131245e-02,0.000000000000000000e+00
0.000000000000000000e+00,0.000000000000000000e+00,0.000000000000000000e+00,0.000000000000000000e+00,0.000000000000000000e+00,0.000000000000000000e+00,0.000000000000000000e+00,0.000000000000000000e+00,2.962172573477543551e+02,4.965899175816785416e+00,9.808980260593024525e+00,0.000000000000000000e+00,0.000000000000000000e+00,0.000000000000000000e+00,2.761576512948386508e+01,-8.456537843192545978e+00,9.144723621496138044e-01,0.000000000000000000e+00,0.000000000000000000e+00,0.000000000000000000e+00,-5.673885793776467779e+01,-6.483284791400738101e+00,-1.878858586779586837e+00,0.000000000000000000e+00,0.000000000000000000e+00,0.000000000000000000e+00,-8.479669555744698073e+01,-1.834477094491565374e+00,-2.807969800051271392e+00,0.000000000000000000e+00,0.000000000000000000e+00,0.000000000000000000e+00,-8.695550909901136549e+01,2.333828103832443546e+00,-2.879457057765795636e+00,0.000000000000000000e+00,0.000000000000000000e+00,0.000000000000000000e+00,-7.650182631270098454e+01,5.210597501260603615e+00,-2.533292323747491803e+00,0.000000000000000000e+00,0.000000000000000000e+00,0.000000000000000000e+00,-6.066329400156715224e+01,6.783278392330616136e+00,-2.008812919043913681e+00,0.000000000000000000e+00,0.000000000000000000e+00,0.000000000000000000e+00,-4.384741454381244807e+01,7.289764652559201252e+00,-1.451969502348626317e+00,0.000000000000000000e+00,0.000000000000000000e+00,0.000000000000000000e+00,-2.866338562257665146e+01,7.028169643464767802e+00,-9.491634157004676942e-01,0.000000000000000000e+00,0.000000000000000000e+00,0.000000000000000000e+00,-1.638358509469044577e+01,6.286162908600243071e+00,-5.425283598615537883e-01,0.000000000000000000e+00,0.000000000000000000e+00,0.000000000000000000e+00,-7.338362564155990420e+00,5.307284649416885713e+00,-2.430035784592236847e-01,0.000000000000000000e+00,0.000000000000000000e+00,0.000000000000000000e+00,-1.285852410636749932e+00,4.275215023173189799e+00,-4.257989904742288945e-02,0.000000000000000000e+00,0.000000000000000000e+00,0.000000000000000000e+00,2.291239720191434959e+00,3.311656618508753258e+00,7.587243697033915768e-02,0.000000000000000000e+00,0.000000000000000000e+00,0.000000000000000000e+00,3.984679334618261404e+00,2.483668192253171814e+00,1.319492364760424530e-01,0.000000000000000000e+00,0.000000000000000000e+00,0.000000000000000000e+00,4.346766305090656424e+00,1.815656977955725893e+00,1.439394357567414240e-01,0.000000000000000000e+00,0.000000000000000000e+00,0.000000000000000000e+00,3.840874770794562743e+00,1.302121961115862092e+00,1.271872717594700331e-01,0.000000000000000000e+00,0.000000000000000000e+00,0.000000000000000000e+00,2.833916289348855866e+00,9.188292053222540945e-01,9.384270582777626268e-02,0.000000000000000000e+00,0.000000000000000000e+00,0.000000000000000000e+00,1.615086093484743968e+00,6.316413814607658717e-01,5.348218990344411755e-02,0.000000000000000000e+00,0.000000000000000000e+00,0.000000000000000000e+00,4.376031923968688453e-01,4.036043880284492236e-01,1.449085416098538741e-02,0.000000000000000000e+00,0.000000000000000000e+00,0.000000000000000000e+00,-3.883620938948038614e-01,2.021625110166329342e-01,-1.286027744327028488e-02,0.000000000000000000e+00
0.000000000000000000e+00,0.000000000000000000e+00,0.000000000000000000e+00,0.000000000000000000e+00,0.000000000000000000e+00,0.000000000000000000e+00,0.000000000000000000e+00,0.000000000000000000e+00,-1.277931740032517993e+01,2.866804856639708632e-01,-4.231761283795877904e-01,0.000000000000000000e+00,0.000000000000000000e+00,0.000000000000000000e+00,-1.951136987915869092e+00,5.415711831913104790e-01,-6.461022687044611079e-02,0.000000000000000000e+00,0.000000000000000000e+00,0.000000000000000000e+00,1.685297852003854624e+00,4.042855753166634813e-01,5.580719203040382381e-02,0.000000000000000000e+00,0.000000000000000000e+00,0.000000000000000000e+00,3.100817711770683438e+00,1.869172929346760992e-01,1.026809173739259562e-01,0.000000000000000000e+00,0.000000000000000000e+00,0.000000000000000000e+00,3.431009304841997398e+00,-7.437964968953562385e-03,1.136149286049057683e-01,0.000000000000000000e+00,0.000000000000000000e+00,0.000000000000000000e+00,3.185743602018856091e+00,-1.489924368885157668e-01,1.054931653452851198e-01,0.000000000000000000e+00,0.000000000000000000e+00,0.000000000000000000e+00,2.656923822596629847e+00,-2.359700644867648578e-01,8.798175218790074692e-02,0.000000000000000000e+00,0.000000000000000000e+00,0.000000000000000000e+00,2.032549682043539363e+00,-2.765214510092461886e-01,6.730613836733219391e-02,0.000000000000000000e+00,0.000000000000000000e+00,0.000000000000000000e+00,1.431413139663055167e+00,-2.818778859691533634e-01,4.740001766752152679e-02,0.000000000000000000e+00,0.000000000000000000e+00,0.000000000000000000e+00,9.186671289478830493e-01,-2.634956670612363938e-01,3.042087356620980926e-02,0.000000000000000000e+00,0.000000000000000000e+00,0.000000000000000000e+00,5.199260914614058926e-01,-2.315262298381405293e-01,1.721690631320973303e-02,0.000000000000000000e+00,0.000000000000000000e+00,0.000000000000000000e+00,2.351781341619026133e-01,-1.939979944458381511e-01,7.787722080651742623e-03,0.000000000000000000e+00,0.000000000000000000e+00,0.000000000000000000e+00,5.046569355943767571e-02,-1.565672961426398113e-01,1.671128132080810938e-03,0.000000000000000000e+00,0.000000000000000000e+00,0.000000000000000000e+00,-5.378567259245906756e-02,-1.226838446198434268e-01,-1.781066388521642795e-03,0.000000000000000000e+00,0.000000000000000000e+00,0.000000000000000000e+00,-9.768320670534248740e-02,-9.398420561867805445e-02,-3.234695557386979125e-03,0.000000000000000000e+00,0.000000000000000000e+00,0.000000000000000000e+00,-9.932452277734414581e-02,-7.075476544428893622e-02,-3.289046330518186068e-03,0.000000000000000000e+00,0.000000000000000000e+00,0.000000000000000000e+00,-7.402052722771386428e-02,-5.236340271813631070e-02,-2.451126234022701911e-03,0.000000000000000000e+00,0.000000000000000000e+00,0.000000000000000000e+00,-3.473641645486330587e-02,-3.761845448687814453e-02,-1.150266619778596983e-03,0.000000000000000000e+00,0.000000000000000000e+00,0.000000000000000000e+00,6.271555967633851356e-03,-2.506757435294881473e-02,2.076771935589979013e-04,0.000000000000000000e+00,0.000000000000000000e+00,0.000000000000000000e+00,3.307502391237122918e-02,-1.326899144749901782e-02,1.095251031556929589e-03,0.000000000000000000e+00
0.000000000000000000e+00,0.000000000000000000e+00,0.000000000000000000e+00,0.000000000000000000e+00,0.000000000000000000e+00,0.000000000000000000e+00,0.000000000000000000e+00,0.000000000000000000e+00,0.000000000000000000e+00,0.000000000000000000e+00,0.000000000000000000e+00,0.000000000000000000e+00,0.000000000000000000e+00,0.000000000000000000e+00,0.000000000000000000e+00,0.000000000000000000e+00,0.000000000000000000e+00,0.000000000000000000e+00,0.000000000000000000e+00,0.000000000000000000e+00,0.000000000000000000e+00,0.000000000000000000e+00,0.000000000000000000e+00,0.000000000000000000e+00,0.000000000000000000e+00,0.000000000000000000e+00,0.000000000000000000e+00,0.000000000000000000e+00,0.000000000000000000e+00,0.000000000000000000e+00,0.000000000000000000e+00,0.000000000000000000e+00,0.000000000000000000e+00,0.000000000000000000e+00,0.000000000000000000e+00,0.000000000000000000e+00,0.000000000000000000e+00,0.000000000000000000e+00,0.000000000000000000e+00,0.000000000000000000e+00,0.000000000000000000e+00,0.000000000000000000e+00,0.000000000000000000e+00,0.000000000000000000e+00,0.000000000000000000e+00,0.000000000000000000e+00,0.000000000000000000e+00,0.000000000000000000e+00,0.000000000000000000e+00,0.000000000000000000e+00,0.000000000000000000e+00,0.000000000000000000e+00,0.000000000000000000e+00,0.000000000000000000e+00,0.000000000000000000e+00,0.000000000000000000e+00,0.000000000000000000e+00,0.000000000000000000e+00,0.000000000000000000e+00,0.000000000000000000e+00,0.000000000000000000e+00,0.000000000000000000e+00,0.000000000000000000e+00,0.000000000000000000e+00,0.000000000000000000e+00,0.000000000000000000e+00,0.000000000000000000e+00,0.000000000000000000e+00,0.000000000000000000e+00,0.000000000000000000e+00,0.000000000000000000e+00,0.000000000000000000e+00,0.000000000000000000e+00,0.000000000000000000e+00,0.000000000000000000e+00,0.000000000000000000e+00,0.000000000000000000e+00,0.000000000000000000e+00,0.000000000000000000e+00,0.000000000000000000e+00,0.000000000000000000e+00,0.000000000000000000e+00,0.000000000000000000e+00,0.000000000000000000e+00,0.000000000000000000e+00,0.000000000000000000e+00,0.000000000000000000e+00,0.000000000000000000e+00,0.000000000000000000e+00,0.000000000000000000e+00,0.000000000000000000e+00,0.000000000000000000e+00,0.000000000000000000e+00,0.000000000000000000e+00,0.000000000000000000e+00,0.000000000000000000e+00,0.000000000000000000e+00,0.000000000000000000e+00,0.000000000000000000e+00,0.000000000000000000e+00,0.000000000000000000e+00,0.000000000000000000e+00,0.000000000000000000e+00,0.000000000000000000e+00,0.000000000000000000e+00,0.000000000000000000e+00,0.000000000000000000e+00,0.000000000000000000e+00,0.000000000000000000e+00,0.000000000000000000e+00,0.000000000000000000e+00,0.000000000000000000e+00,0.000000000000000000e+00,0.000000000000000000e+00,0.000000000000000000e+00,0.000000000000000000e+00,0.000000000000000000e+00,0.000000000000000000e+00,0.000000000000000000e+00,0.000000000000000000e+00,0.000000000000000000e+00,0.000000000000000000e+00,0.000000000000000000e+00,0.000000000000000000e+00,0.000000000000000000e+00,0.000000000000000000e+00
0.000000000000000000e+00,0.000000000000000000e+00,0.000000000000000000e+00,0.000000000000000000e+00,0.000000000000000000e+00,0.000000000000000000e+00,0.000000000000000000e+00,0.000000000000000000e+00,0.000000000000000000e+00,0.000000000000000000e+00,0.000000000000000000e+00,0.000000000000000000e+00,0.000000000000000000e+00,0.000000000000000000e+00,0.000000000000000000e+00,0.000000000000000000e+00,0.000000000000000000e+00,0.000000000000000000e+00,0.000000000000000000e+00,0.000000000000000000e+00,0.000000000000000000e+00,0.000000000000000000e+00,0.000000000000000000e+00,0.000000000000000000e+00,0.000000000000000000e+00,0.000000000000000000e+00,0.000000000000000000e+00,0.000000000000000000e+00,0.000000000000000000e+00,0.000000000000000000e+00,0.000000000000000000e+00,0.000000000000000000e+00,0.000000000000000000e+00,0.000000000000000000e+00,0.000000000000000000e+00,0.000000000000000000e+00,0.000000000000000000e+00,0.000000000000000000e+00,0.000000000000000000e+00,0.000000000000000000e+00,0.000000000000000000e+00,0.000000000000000000e+00,0.000000000000000000e+00,0.000000000000000000e+00,0.000000000000000000e+00,0.000000000000000000e+00,0.000000000000000000e+00,0.000000000000000000e+00,0.000000000000000000e+00,0.000000000000000000e+00,0.000000000000000000e+00,0.000000000000000000e+00,0.000000000000000000e+00,0.000000000000000000e+00,0.000000000000000000e+00,0.000000000000000000e+00,0.000000000000000000e+00,0.000000000000000000e+00,0.000000000000000000e+00,0.000000000000000000e+00,0.000000000000000000e+00,0.000000000000000000e+00,0.000000000000000000e+00,0.000000000000000000e+00,0.000000000000000000e+00,0.000000000000000000e+00,0.000000000000000000e+00,0.000000000000000000e+00,0.000000000000000000e+00,0.000000000000000000e+00,0.000000000000000000e+00,0.000000000000000000e+00,0.000000000000000000e+00,0.000000000000000000e+00,0.000000000000000000e+00,0.000000000000000000e+00,0.000000000000000000e+00,0.000000000000000000e+00,0.000000000000000000e+00,0.000000000000000000e+00,0.000000000000000000e+00,0.000000000000000000e+00,0.000000000000000000e+00,0.000000000000000000e+00,0.000000000000000000e+00,0.000000000000000000e+00,0.000000000000000000e+00,0.000000000000000000e+00,0.000000000000000000e+00,0.000000000000000000e+00,0.000000000000000000e+00,0.000000000000000000e+00,0.000000000000000000e+00,0.000000000000000000e+00,0.000000000000000000e+00,0.000000000000000000e+00,0.000000000000000000e+00,0.000000000000000000e+00,0.000000000000000000e+00,0.000000000000000000e+00,0.000000000000000000e+00,0.000000000000000000e+00,0.000000000000000000e+00,0.000000000000000000e+00,0.000000000000000000e+00,0.000000000000000000e+00,0.000000000000000000e+00,0.000000000000000000e+00,0.000000000000000000e+00,0.000000000000000000e+00,0.000000000000000000e+00,0.000000000000000000e+00,0.000000000000000000e+00,0.000000000000000000e+00,0.000000000000000000e+00,0.000000000000000000e+00,0.000000000000000000e+00,0.000000000000000000e+00,0.000000000000000000e+00,0.000000000000000000e+00,0.000000000000000000e+00,0.000000000000000000e+00,0.000000000000000000e+00,0.000000000000000000e+00,0.000000000000000000e+00,0.000000000000000000e+00
0.000000000000000000e+00,0.000000000000000000e+00,0.000000000000000000e+00,0.000000000000000000e+00,0.000000000000000000e+00,0.000000000000000000e+00,0.000000000000000000e+00,0.000000000000000000e+00,0.000000000000000000e+00,0.000000000000000000e+00,0.000000000000000000e+00,0.000000000000000000e+00,0.000000000000000000e+00,0.000000000000000000e+00,0.000000000000000000e+00,0.000000000000000000e+00,0.000000000000000000e+00,0.000000000000000000e+00,0.000000000000000000e+00,0.000000000000000000e+00,0.000000000000000000e+00,0.000000000000000000e+00,0.000000000000000000e+00,0.000000000000000000e+00,0.000000000000000000e+00,0.000000000000000000e+00,0.000000000000000000e+00,0.000000000000000000e+00,0.000000000000000000e+00,0.000000000000000000e+00,0.000000000000000000e+00,0.000000000000000000e+00,0.000000000000000000e+00,0.000000000000000000e+00,0.000000000000000000e+00,0.000000000000000000e+00,0.000000000000000000e+00,0.000000000000000000e+00,0.000000000000000000e+00,0.000000000000000000e+00,0.000000000000000000e+00,0.000000000000000000e+00,0.000000000000000000e+00,0.000000000000000000e+00,0.000000000000000000e+00,0.000000000000000000e+00,0.000000000000000000e+00,0.000000000000000000e+00,0.000000000000000000e+00,0.000000000000000000e+00,0.000000000000000000e+00,0.000000000000000000e+00,0.000000000000000000e+00,0.000000000000000000e+00,0.000000000000000000e+00,0.000000000000000000e+00,0.000000000000000000e+00,0.000000000000000000e+00,0.000000000000000000e+00,0.000000000000000000e+00,0.000000000000000000e+00,0.000000000000000000e+00,0.000000000000000000e+00,0.000000000000000000e+00,0.000000000000000000e+00,0.000000000000000000e+00,0.000000000000000000e+00,0.000000000000000000e+00,0.000000000000000000e+00,0.000000000000000000e+00,0.000000000000000000e+00,0.000000000000000000e+00,0.000000000000000000e+00,0.000000000000000000e+00,0.000000000000000000e+00,0.000000000000000000e+00,0.000000000000000000e+00,0.000000000000000000e+00,0.000000000000000000e+00,0.000000000000000000e+00,0.000000000000000000e+00,0.000000000000000000e+00,0.000000000000000000e+00,0.000000000000000000e+00,0.000000000000000000e+00,0.000000000000000000e+00,0.000000000000000000e+00,0.000000000000000000e+00,0.000000000000000000e+00,0.000000000000000000e+00,0.000000000000000000e+00,0.000000000000000000e+00,0.000000000000000000e+00,0.000000000000000000e+00,0.000000000000000000e+00,0.000000000000000000e+00,0.000000000000000000e+00,0.000000000000000000e+00,0.000000000000000000e+00,0.000000000000000000e+00,0.000000000000000000e+00,0.000000000000000000e+00,0.000000000000000000e+00,0.000000000000000000e+00,0.000000000000000000e+00,0.000000000000000000e+00,0.000000000000000000e+00,0.000000000000000000e+00,0.000000000000000000e+00,0.000000000000000000e+00,0.000000000000000000e+00,0.000000000000000000e+00,0.000000000000000000e+00,0.000000000000000000e+00,0.000000000000000000e+00,0.000000000000000000e+00,0.000000000000000000e+00,0.000000000000000000e+00,0.000000000000000000e+00,0.000000000000000000e+00,0.000000000000000000e+00,0.000000000000000000e+00,0.000000000000000000e+00,0.000000000000000000e+00,0.000000000000000000e+00,0.000000000000000000e+00
0.000000000000000000e+00,0.000000000000000000e+00,0.000000000000000000e+00,0.000000000000000000e+00,0.000000000000000000e+00,0.000000000000000000e+00,0.000000000000000000e+00,0.000000000000000000e+00,-5.892156288580909518e+01,1.893226955030662850e+01,-1.951136987915851551e+00,0.000000000000000000e+00,0.000000000000000000e+00,0.000000000000000000e+00,-3.680893400798557877e+02,1.626873503811726351e+01,-1.218896259895911705e+01,0.000000000000000000e+00,0.000000000000000000e+00,0.000000000000000000e+00,-2.052923105922466362e+01,1.950483031009660451e+01,-6.798078681441654947e-01,0.000000000000000000e+00,0.000000000000000000e+00,0.000000000000000000e+00,9.244590853855905266e+01,1.233619977466172912e+01,3.061266923293199937e+00,0.000000000000000000e+00,0.000000000000000000e+00,0.000000000000000000e+00,1.306073160896712011e+02,3.826266568312076899e+00,4.324949183864049473e+00,0.000000000000000000e+00,0.000000000000000000e+00,0.000000000000000000e+00,1.328538263416335781e+02,-3.105717937528148731e+00,4.399340442881253921e+00,0.000000000000000000e+00,0.000000000000000000e+00,0.000000000000000000e+00,1.170557144782771104e+02,-7.780580301405669807e+00,3.876199526616608715e+00,0.000000000000000000e+00,0.000000000000000000e+00,0.000000000000000000e+00,9.340611724335667532e+01,-1.035290425512592805e+01,3.093063410492295606e+00,0.000000000000000000e+00,0.000000000000000000e+00,0.000000000000000000e+00,6.827346040141409844e+01,-1.124470526995714259e+01,2.260817048257382389e+00,0.000000000000000000e+00,0.000000000000000000e+00,0.000000000000000000e+00,4.546486730422056866e+01,-1.093400382839196361e+01,1.505530062396151836e+00,0.000000000000000000e+00,0.000000000000000000e+00,0.000000000000000000e+00,2.686629219569613625e+01,-9.868673388338299546e+00,8.896542091520590612e-01,0.000000000000000000e+00,0.000000000000000000e+00,0.000000000000000000e+00,1.301028438139047161e+01,-8.422867910164850258e+00,4.308244017394978753e-01,0.000000000000000000e+00,0.000000000000000000e+00,0.000000000000000000e+00,3.600710098263194769e+00,-6.877216343613348215e+00,1.192344247402065405e-01,0.000000000000000000e+00,0.000000000000000000e+00,0.000000000000000000e+00,-2.069586450715748871e+00,-5.417619477801183692e+00,-6.853257917660449117e-02,0.000000000000000000e+00,0.000000000000000000e+00,0.000000000000000000e+00,-4.835549989250569780e+00,-4.146763733519355455e+00,-1.601250879788733150e-01,0.000000000000000000e+00,0.000000000000000000e+00,0.000000000000000000e+00,-5.498163378850166261e+00,-3.101729094394282349e+00,-1.820669617143280961e-01,0.000000000000000000e+00,0.000000000000000000e+00,0.000000000000000000e+00,-4.754547513642547685e+00,-2.272402034129550330e+00,-1.574427605162115329e-01,0.000000000000000000e+00,0.000000000000000000e+00,0.000000000000000000e+00,-3.192864092832957912e+00,-1.617696163867107018e+00,-1.057289542877195287e-01,0.000000000000000000e+00,0.000000000000000000e+00,0.000000000000000000e+00,-1.341838866414267972e+00,-1.078739410708131619e+00,-4.443384248238458484e-02,0.000000000000000000e+00,0.000000000000000000e+00,0.000000000000000000e+00,1.893920732510863403e-01,-5.872229302655695982e-01,6.271555967624581861e-03,0.000000000000000000e+00
0.000000000000000000e+00,0.000000000000000000e+00,0.000000000000000000e+00,0.000000000000000000e+00,0.000000000000000000e+00,0.000000000000000000e+00,0.000000000000000000e+00,0.000000000000000000e+00,3.019335495961412263e+01,-1.049283380899727369e+01,9.998270372621783642e-01,0.000000000000000000e+00,0.000000000000000000e+00,0.000000000000000000e+00,2.745218436249685965e+02,1.081760251735555567e+00,9.090555254374150351e+00,0.000000000000000000e+00,0.000000000000000000e+00,0.000000000000000000e+00,-5.560439750492097488e+00,-9.471288382163390196e+00,-1.841291903150738263e-01,0.000000000000000000e+00,0.000000000000000000e+00,0.000000000000000000e+00,-8.909622449157460267e+01,-5.566817397664911127e+00,-2.950345010808134827e+00,0.000000000000000000e+00,0.000000000000000000e+00,0.000000000000000000e+00,-1.114174931554213117e+02,2.321412681321709526e-01,-3.689494666285586977e+00,0.000000000000000000e+00,0.000000000000000000e+00,0.000000000000000000e+00,-1.063521264907820978e+02,4.914143544673693853e+00,-3.521759396332096781e+00,0.000000000000000000e+00,0.000000000000000000e+00,0.000000000000000000e+00,-8.890233629721149100e+01,7.848267142722455958e+00,-2.943924569648516787e+00,0.000000000000000000e+00,0.000000000000000000e+00,0.000000000000000000e+00,-6.714853065528787113e+01,9.188161456573801900e+00,-2.223565965139858935e+00,0.000000000000000000e+00,0.000000000000000000e+00,0.000000000000000000e+00,-4.583543826595551707e+01,9.306008128064231499e+00,-1.517801201766458163e+00,0.000000000000000000e+00,0.000000000000000000e+00,0.000000000000000000e+00,-2.757874427719507437e+01,8.600317347486727826e+00,-9.132464483977192904e-01,0.000000000000000000e+00,0.000000000000000000e+00,0.000000000000000000e+00,-1.346540859694867720e+01,7.427652328639108070e+00,-4.458954495457615463e-01,0.000000000000000000e+00,0.000000000000000000e+00,0.000000000000000000e+00,-3.557462341455813970e+00,6.073065686646963890e+00,-1.178023123891696750e-01,0.000000000000000000e+00,0.000000000000000000e+00,0.000000000000000000e+00,2.663128599409332331e+00,4.739740686895394184e+00,8.818721804705362266e-02,0.000000000000000000e+00,0.000000000000000000e+00,0.000000000000000000e+00,5.955323075395349441e+00,3.552770088462303466e+00,1.972054127266062162e-01,0.000000000000000000e+00,0.000000000000000000e+00,0.000000000000000000e+00,7.101108085959503491e+00,2.572024751593887881e+00,2.351471000278048396e-01,0.000000000000000000e+00,0.000000000000000000e+00,0.000000000000000000e+00,6.791210838883186440e+00,1.808676522966794264e+00,2.248851186476483188e-01,0.000000000000000000e+00,0.000000000000000000e+00,0.000000000000000000e+00,5.584728011444735074e+00,1.241224094505531728e+00,1.849334752321030173e-01,0.000000000000000000e+00,0.000000000000000000e+00,0.000000000000000000e+00,3.916536224953051093e+00,8.288647711104302207e-01,1.296927358805444741e-01,0.000000000000000000e+00,0.000000000000000000e+00,0.000000000000000000e+00,2.138792115175331965e+00,5.219119303464793136e-01,7.082426536222173608e-02,0.000000000000000000e+00,0.000000000000000000e+00,0.000000000000000000e+00,6.073853662222590266e-01,2.694764707068004195e-01,2.011304513853093973e-02,0.000000000000000000e+00
0.000000000000000000e+00,0.000000000000000000e+00,0.000000000000000000e+00,0.000000000000000000e+00,0.000000000000000000e+00,0.000000000000000000e+00,0.000000000000000000e+00,0.000000000000000000e+00,-1.951136987915856214e+00,6.269258583039555299e-01,-6.461022687044556956e-02,0.000000000000000000e+00,0.000000000000000000e+00,0.000000000000000000e+00,-1.218896259895911882e+01,5.387251988035478556e-01,-4.036270357804772613e-01,0.000000000000000000e+00,0.000000000000000000e+00,0.000000000000000000e+00,-6.798078681441649396e-01,6.458857164872903178e-01,-2.251125413599237499e-02,0.000000000000000000e+00,0.000000000000000000e+00,0.000000000000000000e+00,3.061266923293219477e+00,4.085026684935203489e-01,1.013712269563589868e-01,0.000000000000000000e+00,0.000000000000000000e+00,0.000000000000000000e+00,4.324949183864064572e+00,1.267035336711608562e-01,1.432169805109840266e-01,0.000000000000000000e+00,0.000000000000000000e+00,0.000000000000000000e+00,4.399340442881253921e+00,-1.028431841444643197e-01,1.456803832100500296e-01,0.000000000000000000e+00,0.000000000000000000e+00,0.000000000000000000e+00,3.876199526616609603e+00,-2.576472393127633986e-01,1.283570207324743750e-01,0.000000000000000000e+00,0.000000000000000000e+00,0.000000000000000000e+00,3.093063410492316923e+00,-3.428275394472381499e-01,1.024241403419082208e-01,0.000000000000000000e+00,0.000000000000000000e+00,0.000000000000000000e+00,2.260817048257397488e+00,-3.723587647012301383e-01,7.486501629827141402e-02,0.000000000000000000e+00,0.000000000000000000e+00,0.000000000000000000e+00,1.505530062396152502e+00,-3.620701531107424209e-01,4.985433595597778961e-02,0.000000000000000000e+00,0.000000000000000000e+00,0.000000000000000000e+00,8.896542091520590612e-01,-3.267926498651179679e-01,2.946013562633581148e-02,0.000000000000000000e+00,0.000000000000000000e+00,0.000000000000000000e+00,4.308244017394976533e-01,-2.789160422594668121e-01,1.426638032598939732e-02,0.000000000000000000e+00,0.000000000000000000e+00,0.000000000000000000e+00,1.192344247402082752e-01,-2.277331171260425224e-01,3.948345647150460630e-03,0.000000000000000000e+00,0.000000000000000000e+00,0.000000000000000000e+00,-6.853257917660439402e-02,-1.793998195546357144e-01,-2.269397544119609866e-03,0.000000000000000000e+00,0.000000000000000000e+00,0.000000000000000000e+00,-1.601250879788729542e-01,-1.373165222432739530e-01,-5.302404867541378290e-03,0.000000000000000000e+00,0.000000000000000000e+00,0.000000000000000000e+00,-1.820669617143281238e-01,-1.027110970273498319e-01,-6.028991185565485758e-03,0.000000000000000000e+00,0.000000000000000000e+00,0.000000000000000000e+00,-1.574427605162114496e-01,-7.524864316308282897e-02,-5.213581895614376183e-03,0.000000000000000000e+00,0.000000000000000000e+00,0.000000000000000000e+00,-1.057289542877209443e-01,-5.356862014416950701e-02,-3.501123583640010535e-03,0.000000000000000000e+00,0.000000000000000000e+00,0.000000000000000000e+00,-4.443384248238465423e-02,-3.572152980114023935e-02,-1.471388560256399990e-03,0.000000000000000000e+00,0.000000000000000000e+00,0.000000000000000000e+00,6.271555967624596606e-03,-1.944538337542017423e-02,2.076771935586910721e-04,0.000000000000000000e+00
0.000000000000000000e+00,0.000000000000000000e+00,0.000000000000000000e+00,0.000000000000000000e+00,0.000000000000000000e+00,0.000000000000000000e+00,0.000000000000000000e+00,0.000000000000000000e+00,0.000000000000000000e+00,0.000000000000000000e+00,0.000000000000000000e+00,0.000000000000000000e+00,0.000000000000000000e+00,0.000000000000000000e+00,0.000000000000000000e+00,0.000000000000000000e+00,0.000000000000000000e+00,0.000000000000000000e+00,0.000000000000000000e+00,0.000000000000000000e+00,0.000000000000000000e+00,0.000000000000000000e+00,0.000000000000000000e+00,0.000000000000000000e+00,0.000000000000000000e+00,0.000000000000000000e+00,0.000000000000000000e+00,0.000000000000000000e+00,0.000000000000000000e+00,0.000000000000000000e+00,0.000000000000000000e+00,0.000000000000000000e+00,0.000000000000000000e+00,0.000000000000000000e+00,0.000000000000000000e+00,0.000000000000000000e+00,0.000000000000000000e+00,0.000000000000000000e+00,0.000000000000000000e+00,0.000000000000000000e+00,0.000000000000000000e+00,0.000000000000000000e+00,0.000000000000000000e+00,0.000000000000000000e+00,0.000000000000000000e+00,0.000000000000000000e+00,0.000000000000000000e+00,0.000000000000000000e+00,0.000000000000000000e+00,0.000000000000000000e+00,0.000000000000000000e+00,0.000000000000000000e+00,0.000000000000000000e+00,0.000000000000000000e+00,0.000000000000000000e+00,0.000000000000000000e+00,0.000000000000000000e+00,0.000000000000000000e+00,0.000000000000000000e+00,0.000000000000000000e+00,0.000000000000000000e+00,0.000000000000000000e+00,0.000000000000000000e+00,0.000000000000000000e+00,0.000000000000000000e+00,0.000000000000000000e+00,0.000000000000000000e+00,0.000000000000000000e+00,0.000000000000000000e+00,0.000000000000000000e+00,0.000000000000000000e+00,0.000000000000000000e+00,0.000000000000000000e+00,0.000000000000000000e+00,0.000000000000000000e+00,0.000000000000000000e+00,0.000000000000000000e+00,0.000000000000000000e+00,0.000000000000000000e+00,0.000000000000000000e+00,0.000000000000000000e+00,0.000000000000000000e+00,0.000000000000000000e+00,0.000000000000000000e+00,0.000000000000000000e+00,0.000000000000000000e+00,0.000000000000000000e+00,0.000000000000000000e+00,0.000000000000000000e+00,0.000000000000000000e+00,0.000000000000000000e+00,0.000000000000000000e+00,0.000000000000000000e+00,0.000000000000000000e+00,0.000000000000000000e+00,0.000000000000000000e+00,0.000000000000000000e+00,0.000000000000000000e+00,0.000000000000000000e+00,0.000000000000000000e+00,0.000000000000000000e+00,0.000000000000000000e+00,0.000000000000000000e+00,0.000000000000000000e+00,0.000000000000000000e+00,0.000000000000000000e+00,0.000000000000000000e+00,0.000000000000000000e+00,0.000000000000000000e+00,0.000000000000000000e+00,0.000000000000000000e+00,0.000000000000000000e+00,0.000000000000000000e+00,0.000000000000000000e+00,0.000000000000000000e+00,0.000000000000000000e+00,0.000000000000000000e+00,0.000000000000000000e+00,0.000000000000000000e+00,0.000000000000000000e+00,0.000000000000000000e+00,0.000000000000000000e+00,0.000000000000000000e+00,0.000000000000000000e+00,0.000000000000000000e+00,0.000000000000000000e+00
0.000000000000000000e+00,0.000000000000000000e+00,0.000000000000000000e+00,0.000000000000000000e+00,0.000000000000000000e+00,0.000000000000000000e+00,0.000000000000000000e+00,0.000000000000000000e+00,0.000000000000000000e+00,0.000000000000000000e+00,0.000000000000000000e+00,0.000000000000000000e+00,0.000000000000000000e+00,0.000000000000000000e+00,0.000000000000000000e+00,0.000000000000000000e+00,0.000000000000000000e+00,0.000000000000000000e+00,0.000000000000000000e+00,0.000000000000000000e+00,0.000000000000000000e+00,0.000000000000000000e+00,0.000000000000000000e+00,0.000000000000000000e+00,0.000000000000000000e+00,0.000000000000000000e+00,0.000000000000000000e+00,0.000000000000000000e+00,0.000000000000000000e+00,0.000000000000000000e+00,0.000000000000000000e+00,0.000000000000000000e+00,0.000000000000000000e+00,0.000000000000000000e+00,0.000000000000000000e+00,0.000000000000000000e+00,0.000000000000000000e+00,0.000000000000000000e+00,0.000000000000000000e+00,0.000000000000000000e+00,0.000000000000000000e+00,0.000000000000000000e+00,0.000000000000000000e+00,0.000000000000000000e+00,0.000000000000000000e+00,0.000000000000000000e+00,0.000000000000000000e+00,0.000000000000000000e+00,0.000000000000000000e+00,0.000000000000000000e+00,0.000000000000000000e+00,0.000000000000000000e+00,0.000000000000000000e+00,0.000000000000000000e+00,0.000000000000000000e+00,0.000000000000000000e+00,0.000000000000000000e+00,0.000000000000000000e+00,0.000000000000000000e+00,0.000000000000000000e+00,0.000000000000000000e+00,0.000000000000000000e+00,0.000000000000000000e+00,0.000000000000000000e+00,0.000000000000000000e+00,0.000000000000000000e+00,0.000000000000000000e+00,0.000000000000000000e+00,0.000000000000000000e+00,0.000000000000000000e+00,0.000000000000000000e+00,0.000000000000000000e+00,0.000000000000000000e+00,0.000000000000000000e+00,0.000000000000000000e+00,0.000000000000000000e+00,0.000000000000000000e+00,0.000000000000000000e+00,0.000000000000000000e+00,0.000000000000000000e+00,0.000000000000000000e+00,0.000000000000000000e+00,0.000000000000000000e+00,0.000000000000000000e+00,0.000000000000000000e+00,0.000000000000000000e+00,0.000000000000000000e+00,0.000000000000000000e+00,0.000000000000000000e+00,0.000000000000000000e+00,0.000000000000000000e+00,0.000000000000000000e+00,0.000000000000000000e+00,0.000000000000000000e+00,0.000000000000000000e+00,0.000000000000000000e+00,0.000000000000000000e+00,0.000000000000000000e+00,0.000000000000000000e+00,0.000000000000000000e+00,0.000000000000000000e+00,0.000000000000000000e+00,0.000000000000000000e+00,0.000000000000000000e+00,0.000000000000000000e+00,0.000000000000000000e+00,0.000000000000000000e+00,0.000000000000000000e+00,0.000000000000000000e+00,0.000000000000000000e+00,0.000000000000000000e+00,0.000000000000000000e+00,0.000000000000000000e+00,0.000000000000000000e+00,0.000000000000000000e+00,0.000000000000000000e+00,0.000000000000000000e+00,0.000000000000000000e+00,0.000000000000000000e+00,0.000000000000000000e+00,0.000000000000000000e+00,0.000000000000000000e+00,0.000000000000000000e+00,0.000000000000000000e+00,0.000000000000000000e+00,0.000000000000000000e+00
0.000000000000000000e+00,0.000000000000000000e+00,0.000000000000000000e+00,0.000000000000000000e+00,0.000000000000000000e+00,0.000000000000000000e+00,0.000000000000000000e+00,0.000000000000000000e+00,0.000000000000000000e+00,0.000000000000000000e+00,0.000000000000000000e+00,0.000000000000000000e+00,0.000000000000000000e+00,0.000000000000000000e+00,0.000000000000000000e+00,0.000000000000000000e+00,0.000000000000000000e+00,0.000000000000000000e+00,0.000000000000000000e+00,0.000000000000000000e+00,0.000000000000000000e+00,0.000000000000000000e+00,0.000000000000000000e+00,0.000000000000000000e+00,0.000000000000000000e+00,0.000000000000000000e+00,0.000000000000000000e+00,0.000000000000000000e+00,0.000000000000000000e+00,0.000000000000000000e+00,0.000000000000000000e+00,0.000000000000000000e+00,0.000000000000000000e+00,0.000000000000000000e+00,0.000000000000000000e+00,0.000000000000000000e+00,0.000000000000000000e+00,0.000000000000000000e+00,0.000000000000000000e+00,0.000000000000000000e+00,0.000000000000000000e+00,0.000000000000000000e+00,0.000000000000000000e+00,0.000000000000000000e+00,0.000000000000000000e+00,0.000000000000000000e+00,0.000000000000000000e+00,0.000000000000000000e+00,0.000000000000000000e+00,0.000000000000000000e+00,0.000000000000000000e+00,0.000000000000000000e+00,0.000000000000000000e+00,0.000000000000000000e+00,0.000000000000000000e+00,0.000000000000000000e+00,0.000000000000000000e+00,0.000000000000000000e+00,0.000000000000000000e+00,0.000000000000000000e+00,0.000000000000000000e+00,0.000000000000000000e+00,0.000000000000000000e+00,0.000000000000000000e+00,0.000000000000000000e+00,0.000000000000000000e+00,0.000000000000000000e+00,0.000000000000000000e+00,0.000000000000000000e+00,0.000000000000000000e+00,0.000000000000000000e+00,0.000000000000000000e+00,0.000000000000000000e+00,0.000000000000000000e+00,0.000000000000000000e+00,0.000000000000000000e+00,0.000000000000000000e+00,0.000000000000000000e+00,0.000000000000000000e+00,0.000000000000000000e+00,0.000000000000000000e+00,0.000000000000000000e+00,0.000000000000000000e+00,0.000000000000000000e+00,0.000000000000000000e+00,0.000000000000000000e+00,0.000000000000000000e+00,0.000000000000000000e+00,0.000000000000000000e+00,0.000000000000000000e+00,0.000000000000000000e+00,0.000000000000000000e+00,0.000000000000000000e+00,0.000000000000000000e+00,0.000000000000000000e+00,0.000000000000000000e+00,0.000000000000000000e+00,0.000000000000000000e+00,0.000000000000000000e+00,0.000000000000000000e+00,0.000000000000000000e+00,0.000000000000000000e+00,0.000000000000000000e+00,0.000000000000000000e+00,0.000000000000000000e+00,0.000000000000000000e+00,0.000000000000000000e+00,0.000000000000000000e+00,0.000000000000000000e+00,0.000000000000000000e+00,0.000000000000000000e+00,0.000000000000000000e+00,0.000000000000000000e+00,0.000000000000000000e+00,0.000000000000000000e+00,0.000000000000000000e+00,0.000000000000000000e+00,0.000000000000000000e+00,0.000000000000000000e+00,0.000000000000000000e+00,0.000000000000000000e+00,0.000000000000000000e+00,0.000000000000000000e+00,0.000000000000000000e+00,0.000000000000000000e+00,0.000000000000000000e+00
0.000000000000000000e+00,0.000000000000000000e+00,0.000000000000000000e+00,0.000000000000000000e+00,0.000000000000000000e+00,0.000000000000000000e+00,0.000000000000000000e+00,0.000000000000000000e+00,5.089359895443912762e+01,1.653291476375549962e+01,1.685297852003813990e+00,0.000000000000000000e+00,0.000000000000000000e+00,0.000000000000000000e+00,-2.052923105921928837e+01,2.177853228727843415e+01,-6.798078681439874149e-01,0.000000000000000000e+00,0.000000000000000000e+00,0.000000000000000000e+00,-3.372934325507801532e+02,1.562166102633466913e+01,-1.116918255047558439e+01,0.000000000000000000e+00,0.000000000000000000e+00,0.000000000000000000e+00,1.804384452505984004e+00,1.744236894075991273e+01,5.975064260477438993e-02,0.000000000000000000e+00,0.000000000000000000e+00,0.000000000000000000e+00,1.066782840516282533e+02,9.815237919431345048e+00,3.532559824047971642e+00,0.000000000000000000e+00,0.000000000000000000e+00,0.000000000000000000e+00,1.379931175327142512e+02,1.374816006783497579e+00,4.569523660085131667e+00,0.000000000000000000e+00,0.000000000000000000e+00,0.000000000000000000e+00,1.349765720466169512e+02,-5.211403696631572657e+00,4.469633345141148517e+00,0.000000000000000000e+00,0.000000000000000000e+00,0.000000000000000000e+00,1.154901769150512649e+02,-9.426367264316516170e+00,3.824358093769639311e+00,0.000000000000000000e+00,0.000000000000000000e+00,0.000000000000000000e+00,8.954120820296290617e+01,-1.152657635346855436e+01,2.965080264521487763e+00,0.000000000000000000e+00,0.000000000000000000e+00,0.000000000000000000e+00,6.323035121397229119e+01,-1.199365150313514938e+01,2.093818815559706614e+00,0.000000000000000000e+00,0.000000000000000000e+00,0.000000000000000000e+00,4.007812012721048944e+01,-1.133554175618264637e+01,1.327152552587310907e+00,0.000000000000000000e+00,0.000000000000000000e+00,0.000000000000000000e+00,2.170681079544437253e+01,-1.000964735410309636e+01,7.188024104989102492e-01,0.000000000000000000e+00,0.000000000000000000e+00,0.000000000000000000e+00,8.431522054144386047e+00,-8.386264841291023231e+00,2.792026168102764161e-01,0.000000000000000000e+00,0.000000000000000000e+00,0.000000000000000000e+00,-2.074510832991864340e-01,-6.734080128891551276e+00,-6.869564586952453533e-03,0.000000000000000000e+00,0.000000000000000000e+00,0.000000000000000000e+00,-5.030487932754290625e+00,-5.222764724444255435e+00,-1.665802906803952599e-01,0.000000000000000000e+00,0.000000000000000000e+00,0.000000000000000000e+00,-6.945695216618298140e+00,-3.936922218749476343e+00,-2.300007362363789276e-01,0.000000000000000000e+00,0.000000000000000000e+00,0.000000000000000000e+00,-6.801235784051731237e+00,-2.894936675327337117e+00,-2.252170861034009097e-01,0.000000000000000000e+00,0.000000000000000000e+00,0.000000000000000000e+00,-5.333815048222849242e+00,-2.067712025410427312e+00,-1.766247077909081920e-01,0.000000000000000000e+00,0.000000000000000000e+00,0.000000000000000000e+00,-3.192864092838646695e+00,-1.394173591616293173e+00,-1.057289542879093491e-01,0.000000000000000000e+00,0.000000000000000000e+00,0.000000000000000000e+00,-1.048990388312511568e+00,-7.863836867324400792e-01,-3.473641645540428285e-02,0.000000000000000000e+00
0.000000000000000000e+00,0.000000000000000000e+00,0.000000000000000000e+00,0.000000000000000000e+00,0.000000000000000000e+00,0.000000000000000000e+00,0.000000000000000000e+00,0.000000000000000000e+00,-5.241479273063982447e+01,-9.899296305027514009e+00,-1.735670878399681261e+00,0.000000000000000000e+00,0.000000000000000000e+00,0.000000000000000000e+00,-3.286737773313055833e+00,-1.126751294413691973e+01,-1.088375006535315381e-01,0.000000000000000000e+00,0.000000000000000000e+00,0.000000000000000000e+00,2.508401506887784365e+02,2.509892239552634408e+00,8.306356316647145022e+00,0.000000000000000000e+00,0.000000000000000000e+00,0.000000000000000000e+00,-2.055619501379878855e+01,-7.323823228833415300e+00,-6.807007563591604971e-01,0.000000000000000000e+00,0.000000000000000000e+00,0.000000000000000000e+00,-9.679323824910889584e+01,-3.367290149170528046e+00,-3.205225015738212502e+00,0.000000000000000000e+00,0.000000000000000000e+00,0.000000000000000000e+00,-1.135325344511816184e+02,2.145412937272548781e+00,-3.759532443646071087e+00,0.000000000000000000e+00,0.000000000000000000e+00,0.000000000000000000e+00,-1.045911391795117851e+02,6.394651537089488968e+00,-3.463445812815498126e+00,0.000000000000000000e+00,0.000000000000000000e+00,0.000000000000000000e+00,-8.475505019519327732e+01,8.867711205855277612e+00,-2.806590749620688108e+00,0.000000000000000000e+00,0.000000000000000000e+00,0.000000000000000000e+00,-6.180128546734606232e+01,9.786819340168584347e+00,-2.046496529798029762e+00,0.000000000000000000e+00,0.000000000000000000e+00,0.000000000000000000e+00,-4.015629459986453043e+01,9.558644952147838936e+00,-1.329741233159170477e+00,0.000000000000000000e+00,0.000000000000000000e+00,0.000000000000000000e+00,-2.214591826701935062e+01,8.593454411451437736e+00,-7.333430775738920548e-01,0.000000000000000000e+00,0.000000000000000000e+00,0.000000000000000000e+00,-8.619048657588900042e+00,7.245235155560101781e+00,-2.854123993462242548e-01,0.000000000000000000e+00,0.000000000000000000e+00,0.000000000000000000e+00,5.404197376438921729e-01,5.788299839611740438e+00,1.789553581869967117e-02,0.000000000000000000e+00,0.000000000000000000e+00,0.000000000000000000e+00,5.971275458714830897e+00,4.411300534149398267e+00,1.977336622097434216e-01,0.000000000000000000e+00,0.000000000000000000e+00,0.000000000000000000e+00,8.504681830998553238e+00,3.223871250420129453e+00,2.816252400343871587e-01,0.000000000000000000e+00,0.000000000000000000e+00,0.000000000000000000e+00,8.957774355921138465e+00,2.271097219597585148e+00,2.966290101488686104e-01,0.000000000000000000e+00,0.000000000000000000e+00,0.000000000000000000e+00,8.031319339566422855e+00,1.550636700032659521e+00,2.659502473748205365e-01,0.000000000000000000e+00,0.000000000000000000e+00,0.000000000000000000e+00,6.281425913504484093e+00,1.028635873878203100e+00,2.080040283460188877e-01,0.000000000000000000e+00,0.000000000000000000e+00,0.000000000000000000e+00,4.140058797210195429e+00,6.522819390324133826e-01,1.370944940316363159e-01,0.000000000000000000e+00,0.000000000000000000e+00,0.000000000000000000e+00,1.964726245916715852e+00,3.554256610527666282e-01,6.506022348671318400e-02,0.000000000000000000e+00
0.000000000000000000e+00,0.000000000000000000e+00,0.000000000000000000e+00,0.000000000000000000e+00,0.000000000000000000e+00,0.000000000000000000e+00,0.000000000000000000e+00,0.000000000000000000e+00,1.685297852003816876e+00,5.474732836964961713e-01,5.580719203040246379e-02,0.000000000000000000e+00,0.000000000000000000e+00,0.000000000000000000e+00,-6.798078681439856386e-01,7.211774061489257814e-01,-2.251125413598643182e-02,0.000000000000000000e+00,0.000000000000000000e+00,0.000000000000000000e+00,-1.116918255047558439e+01,5.172978982284613947e-01,-3.698578946599171413e-01,0.000000000000000000e+00,0.000000000000000000e+00,0.000000000000000000e+00,5.975064260477409156e-02,5.775890782657402411e-01,1.978591251285242211e-03,0.000000000000000000e+00,0.000000000000000000e+00,0.000000000000000000e+00,3.532559824047982744e+00,3.250231801710936064e-01,1.169776868967869754e-01,0.000000000000000000e+00,0.000000000000000000e+00,0.000000000000000000e+00,4.569523660085130778e+00,4.552585218441481535e-02,1.513158543948950052e-01,0.000000000000000000e+00,0.000000000000000000e+00,0.000000000000000000e+00,4.469633345141149405e+00,-1.725711609375559785e-01,1.480080723423468081e-01,0.000000000000000000e+00,0.000000000000000000e+00,0.000000000000000000e+00,3.824358093769665068e+00,-3.121460621594745466e-01,1.266403361745595535e-01,0.000000000000000000e+00,0.000000000000000000e+00,0.000000000000000000e+00,2.965080264521508191e+00,-3.816926837272560658e-01,9.818608829944248939e-02,0.000000000000000000e+00,0.000000000000000000e+00,0.000000000000000000e+00,2.093818815559706614e+00,-3.971594764601134586e-01,6.933501314196530152e-02,0.000000000000000000e+00,0.000000000000000000e+00,0.000000000000000000e+00,1.327152552587310907e+00,-3.753667369858482150e-01,4.394751780393964247e-02,0.000000000000000000e+00,0.000000000000000000e+00,0.000000000000000000e+00,7.188024104989102492e-01,-3.314608817562162413e-01,2.380252494058128845e-02,0.000000000000000000e+00,0.000000000000000000e+00,0.000000000000000000e+00,2.792026168102801353e-01,-2.777039630468131626e-01,9.245555041321384601e-03,0.000000000000000000e+00,0.000000000000000000e+00,0.000000000000000000e+00,-6.869564586953030329e-03,-2.229932842163958595e-01,-2.274797357710446177e-04,0.000000000000000000e+00,0.000000000000000000e+00,0.000000000000000000e+00,-1.665802906803950378e-01,-1.729473716234302960e-01,-5.516163365085707468e-03,0.000000000000000000e+00,0.000000000000000000e+00,0.000000000000000000e+00,-2.300007362363790664e-01,-1.303678005696602415e-01,-7.616276991640349645e-03,0.000000000000000000e+00,0.000000000000000000e+00,0.000000000000000000e+00,-2.252170861034012428e-01,-9.586334354117591328e-02,-7.457870522860994209e-03,0.000000000000000000e+00,0.000000000000000000e+00,0.000000000000000000e+00,-1.766247077909106067e-01,-6.847050919126851376e-02,-5.848775617485702828e-03,0.000000000000000000e+00,0.000000000000000000e+00,0.000000000000000000e+00,-1.057289542879094602e-01,-4.616686199328894763e-02,-3.501123583646301510e-03,0.000000000000000000e+00,0.000000000000000000e+00,0.000000000000000000e+00,-3.473641645540428979e-02,-2.604042090415824642e-02,-1.150266619796529903e-03,0.000000000000000000e+00
0.000000000000000000e+00,0.000000000000000000e+00,0.000000000000000000e+00,0.000000000000000000e+00,0.000000000000000000e+00,0.000000000000000000e+00,0.000000000000000000e+00,0.000000000000000000e+00,0.000000000000000000e+00,0.000000000000000000e+00,0.000000000000000000e+00,0.000000000000000000e+00,0.000000000000000000e+00,0.000000000000000000e+00,0.000000000000000000e+00,0.000000000000000000e+00,0.000000000000000000e+00,0.000000000000000000e+00,0.000000000000000000e+00,0.000000000000000000e+00,0.000000000000000000e+00,0.000000000000000000e+00,0.000000000000000000e+00,0.000000000000000000e+00,0.000000000000000000e+00,0.000000000000000000e+00,0.000000000000000000e+00,0.000000000000000000e+00,0.000000000000000000e+00,0.000000000000000000e+00,0.000000000000000000e+00,0.000000000000000000e+00,0.000000000000000000e+00,0.000000000000000000e+00,0.000000000000000000e+00,0.000000000000000000e+00,0.000000000000000000e+00,0.000000000000000000e+00,0.000000000000000000e+00,0.000000000000000000e+00,0.000000000000000000e+00,0.000000000000000000e+00,0.000000000000000000e+00,0.000000000000000000e+00,0.000000000000000000e+00,0.000000000000000000e+00,0.000000000000000000e+00,0.000000000000000000e+00,0.000000000000000000e+00,0.000000000000000000e+00,0.000000000000000000e+00,0.000000000000000000e+00,0.000000000000000000e+00,0.000000000000000000e+00,0.000000000000000000e+00,0.000000000000000000e+00,0.000000000000000000e+00,0.000000000000000000e+00,0.000000000000000000e+00,0.000000000000000000e+00,0.000000000000000000e+00,0.000000000000000000e+00,0.000000000000000000e+00,0.000000000000000000e+00,0.000000000000000000e+00,0.000000000000000000e+00,0.000000000000000000e+00,0.000000000000000000e+00,0.000000000000000000e+00,0.000000000000000000e+00,0.000000000000000000e+00,0.000000000000000000e+00,0.000000000000000000e+00,0.000000000000000000e+00,0.000000000000000000e+00,0.000000000000000000e+00,0.000000000000000000e+00,0.000000000000000000e+00,0.000000000000000000e+00,0.000000000000000000e+00,0.000000000000000000e+00,0.000000000000000000e+00,0.000000000000000000e+00,0.000000000000000000e+00,0.000000000000000000e+00,0.000000000000000000e+00,0.000000000000000000e+00,0.000000000000000000e+00,0.000000000000000000e+00,0.000000000000000000e+00,0.000000000000000000e+00,0.000000000000000000e+00,0.000000000000000000e+00,0.000000000000000000e+00,0.000000000000000000e+00,0.000000000000000000e+00,0.000000000000000000e+00,0.000000000000000000e+00,0.000000000000000000e+00,0.000000000000000000e+00,0.000000000000000000e+00,0.000000000000000000e+00,0.000000000000000000e+00,0.000000000000000000e+00,0.000000000000000000e+00,0.000000000000000000e+00,0.000000000000000000e+00,0.000000000000000000e+00,0.000000000000000000e+00,0.000000000000000000e+00,0.000000000000000000e+00,0.000000000000000000e+00,0.000000000000000000e+00,0.000000000000000000e+00,0.000000000000000000e+00,0.000000000000000000e+00,0.000000000000000000e+00,0.000000000000000000e+00,0.000000000000000000e+00,0.000000000000000000e+00,0.000000000000000000e+00,0.000000000000000000e+00,0.000000000000000000e+00,0.000000000000000000e+00,0.000000000000000000e+00,0.000000000000000000e+00
0.000000000000000000e+00,0.000000000000000000e+00,0.000000000000000000e+00,0.000000000000000000e+00,0.000000000000000000e+00,0.000000000000000000e+00,0.000000000000000000e+00,0.000000000000000000e+00,0.000000000000000000e+00,0.000000000000000000e+00,0.000000000000000000e+00,0.000000000000000000e+00,0.000000000000000000e+00,0.000000000000000000e+00,0.000000000000000000e+00,0.000000000000000000e+00,0.000000000000000000e+00,0.000000000000000000e+00,0.000000000000000000e+00,0.000000000000000000e+00,0.000000000000000000e+00,0.000000000000000000e+00,0.000000000000000000e+00,0.000000000000000000e+00,0.000000000000000000e+00,0.000000000000000000e+00,0.000000000000000000e+00,0.000000000000000000e+00,0.000000000000000000e+00,0.000000000000000000e+00,0.000000000000000000e+00,0.000000000000000000e+00,0.000000000000000000e+00,0.000000000000000000e+00,0.000000000000000000e+00,0.000000000000000000e+00,0.000000000000000000e+00,0.000000000000000000e+00,0.000000000000000000e+00,0.000000000000000000e+00,0.000000000000000000e+00,0.000000000000000000e+00,0.000000000000000000e+00,0.000000000000000000e+00,0.000000000000000000e+00,0.000000000000000000e+00,0.000000000000000000e+00,0.000000000000000000e+00,0.000000000000000000e+00,0.000000000000000000e+00,0.000000000000000000e+00,0.000000000000000000e+00,0.000000000000000000e+00,0.000000000000000000e+00,0.000000000000000000e+00,0.000000000000000000e+00,0.000000000000000000e+00,0.000000000000000000e+00,0.000000000000000000e+00,0.000000000000000000e+00,0.000000000000000000e+00,0.000000000000000000e+00,0.000000000000000000e+00,0.000000000000000000e+00,0.000000000000000000e+00,0.000000000000000000e+00,0.000000000000000000e+00,0.000000000000000000e+00,0.000000000000000000e+00,0.000000000000000000e+00,0.000000000000000000e+00,0.000000000000000000e+00,0.000000000000000000e+00,0.000000000000000000e+00,0.000000000000000000e+00,0.000000000000000000e+00,0.000000000000000000e+00,0.000000000000000000e+00,0.000000000000000000e+00,0.000000000000000000e+00,0.000000000000000000e+00,0.000000000000000000e+00,0.000000000000000000e+00,0.000000000000000000e+00,0.000000000000000000e+00,0.000000000000000000e+00,0.000000000000000000e+00,0.000000000000000000e+00,0.000000000000000000e+00,0.000000000000000000e+00,0.000000000000000000e+00,0.000000000000000000e+00,0.000000000000000000e+00,0.000000000000000000e+00,0.000000000000000000e+00,0.000000000000000000e+00,0.000000000000000000e+00,0.000000000000000000e+00,0.000000000000000000e+00,0.000000000000000000e+00,0.000000000000000000e+00,0.000000000000000000e+00,0.000000000000000000e+00,0.000000000000000000e+00,0.000000000000000000e+00,0.000000000000000000e+00,0.000000000000000000e+00,0.000000000000000000e+00,0.000000000000000000e+00,0.000000000000000000e+00,0.000000000000000000e+00,0.000000000000000000e+00,0.000000000000000000e+00,0.000000000000000000e+00,0.000000000000000000e+00,0.000000000000000000e+00,0.000000000000000000e+00,0.000000000000000000e+00,0.000000000000000000e+00,0.000000000000000000e+00,0.000000000000000000e+00,0.000000000000000000e+00,0.000000000000000000e+00,0.000000000000000000e+00,0.000000000000000000e+00,0.000000000000000000e+00
0.000000000000000000e+00,0.000000000000000000e+00,0.000000000000000000e+00,0.000000000000000000e+00,0.000000000000000000e+00,0.000000000000000000e+00,0.000000000000000000e+00,0.000000000000000000e+00,0.000000000000000000e+00,0.000000000000000000e+00,0.000000000000000000e+00,0.000000000000000000e+00,0.000000000000000000e+00,0.000000000000000000e+00,0.000000000000000000e+00,0.000000000000000000e+00,0.000000000000000000e+00,0.000000000000000000e+00,0.000000000000000000e+00,0.000000000000000000e+00,0.000000000000000000e+00,0.000000000000000000e+00,0.000000000000000000e+00,0.000000000000000000e+00,0.000000000000000000e+00,0.000000000000000000e+00,0.000000000000000000e+00,0.000000000000000000e+00,0.000000000000000000e+00,0.000000000000000000e+00,0.000000000000000000e+00,0.000000000000000000e+00,0.000000000000000000e+00,0.000000000000000000e+00,0.000000000000000000e+00,0.000000000000000000e+00,0.000000000000000000e+00,0.000000000000000000e+00,0.000000000000000000e+00,0.000000000000000000e+00,0.000000000000000000e+00,0.000000000000000000e+00,0.000000000000000000e+00,0.000000000000000000e+00,0.000000000000000000e+00,0.000000000000000000e+00,0.000000000000000000e+00,0.000000000000000000e+00,0.000000000000000000e+00,0.000000000000000000e+00,0.000000000000000000e+00,0.000000000000000000e+00,0.000000000000000000e+00,0.000000000000000000e+00,0.000000000000000000e+00,0.000000000000000000e+00,0.000000000000000000e+00,0.000000000000000000e+00,0.000000000000000000e+00,0.000000000000000000e+00,0.000000000000000000e+00,0.000000000000000000e+00,0.000000000000000000e+00,0.000000000000000000e+00,0.000000000000000000e+00,0.000000000000000000e+00,0.000000000000000000e+00,0.000000000000000000e+00,0.000000000000000000e+00,0.000000000000000000e+00,0.000000000000000000e+00,0.000000000000000000e+00,0.000000000000000000e+00,0.000000000000000000e+00,0.000000000000000000e+00,0.000000000000000000e+00,0.000000000000000000e+00,0.000000000000000000e+00,0.000000000000000000e+00,0.000000000000000000e+00,0.000000000000000000e+00,0.000000000000000000e+00,0.000000000000000000e+00,0.000000000000000000e+00,0.000000000000000000e+00,0.000000000000000000e+00,0.000000000000000000e+00,0.000000000000000000e+00,0.000000000000000000e+00,0.000000000000000000e+00,0.000000000000000000e+00,0.000000000000000000e+00,0.000000000000000000e+00,0.000000000000000000e+00,0.000000000000000000e+00,0.000000000000000000e+00,0.000000000000000000e+00,0.000000000000000000e+00,0.000000000000000000e+00,0.000000000000000000e+00,0.000000000000000000e+00,0.000000000000000000e+00,0.000000000000000000e+00,0.000000000000000000e+00,0.000000000000000000e+00,0.000000000000000000e+00,0.000000000000000000e+00,0.000000000000000000e+00,0.000000000000000000e+00,0.000000000000000000e+00,0.000000000000000000e+00,0.000000000000000000e+00,0.000000000000000000e+00,0.000000000000000000e+00,0.000000000000000000e+00,0.000000000000000000e+00,0.000000000000000000e+00,0.000000000000000000e+00,0.000000000000000000e+00,0.000000000000000000e+00,0.000000000000000000e+00,0.000000000000000000e+00,0.000000000000000000e+00,0.000000000000000000e+00,0.000000000000000000e+00,0.000000000000000000e+00
0.000000000000000000e+00,0.000000000000000000e+00,0.000000000000000000e+00,0.000000000000000000e+00,0.000000000000000000e+00,0.000000000000000000e+00,0.000000000000000000e+00,0.000000000000000000e+00,9.364028611680953418e+01,1.082086952517003553e+01,3.100817711770739837e+00,0.000000000000000000e+00,0.000000000000000000e+00,0.000000000000000000e+00,9.244590853855018509e+01,1.606395674611260205e+01,3.061266923292927267e+00,0.000000000000000000e+00,0.000000000000000000e+00,0.000000000000000000e+00,1.804384452482393097e+00,1.913073129631799674e+01,5.975064260399330640e-02,0.000000000000000000e+00,0.000000000000000000e+00,0.000000000000000000e+00,-3.272538929295629373e+02,1.265823497429025757e+01,-1.083673181194764723e+01,0.000000000000000000e+00,0.000000000000000000e+00,0.000000000000000000e+00,3.541615194208393991e+00,1.484581860266378861e+01,1.172775477082441953e-01,0.000000000000000000e+00,0.000000000000000000e+00,0.000000000000000000e+00,1.031256512122583189e+02,7.835150954816298530e+00,3.414917436475663592e+00,0.000000000000000000e+00,0.000000000000000000e+00,0.000000000000000000e+00,1.314547235347870071e+02,4.992838515534837873e-02,4.353010354155912864e+00,0.000000000000000000e+00,0.000000000000000000e+00,0.000000000000000000e+00,1.271278049987174938e+02,-5.949779413542755968e+00,4.209728160236735128e+00,0.000000000000000000e+00,0.000000000000000000e+00,0.000000000000000000e+00,1.074689158263801119e+02,-9.694551542839425551e+00,3.558740916741131244e+00,0.000000000000000000e+00,0.000000000000000000e+00,0.000000000000000000e+00,8.205597888425587882e+01,-1.145267830458948843e+01,2.717213319527778559e+00,0.000000000000000000e+00,0.000000000000000000e+00,0.000000000000000000e+00,5.666885765898800287e+01,-1.169725158236397178e+01,1.876540587622804068e+00,0.000000000000000000e+00,0.000000000000000000e+00,0.000000000000000000e+00,3.460489923148168856e+01,-1.091755538009977755e+01,1.145911539795669842e+00,0.000000000000000000e+00,0.000000000000000000e+00,0.000000000000000000e+00,1.734455232818840642e+01,-9.548548795072591133e+00,5.743499650875782958e-01,0.000000000000000000e+00,0.000000000000000000e+00,0.000000000000000000e+00,5.124124183487028361e+00,-7.937936949652108609e+00,1.696809747638857169e-01,0.000000000000000000e+00,0.000000000000000000e+00,0.000000000000000000e+00,-2.549950227389422786e+00,-6.333354066908325031e+00,-8.443941338837482324e-02,0.000000000000000000e+00,0.000000000000000000e+00,0.000000000000000000e+00,-6.503809307225493441e+00,-4.885269964223777350e+00,-2.153680635775417906e-01,0.000000000000000000e+00,0.000000000000000000e+00,0.000000000000000000e+00,-7.638856020348560705e+00,-3.660249266125734646e+00,-2.529541613746879580e-01,0.000000000000000000e+00,0.000000000000000000e+00,0.000000000000000000e+00,-6.801235784075348789e+00,-2.658343070167028088e+00,-2.252170861041800920e-01,0.000000000000000000e+00,0.000000000000000000e+00,0.000000000000000000e+00,-4.754547513632553901e+00,-1.828635475665640220e+00,-1.574427605158806032e-01,0.000000000000000000e+00,0.000000000000000000e+00,0.000000000000000000e+00,-2.235314679024388518e+00,-1.068017692913806771e+00,-7.402052722749749569e-02,0.000000000000000000e+00
0.000000000000000000e+00,0.000000000000000000e+00,0.000000000000000000e+00,0.000000000000000000e+00,0.000000000000000000e+00,0.000000000000000000e+00,0.000000000000000000e+00,0.000000000000000000e+00,-7.962046251772470384e+01,-5.923701195872405734e+00,-2.636563285233488152e+00,0.000000000000000000e+00,0.000000000000000000e+00,0.000000000000000000e+00,-8.536846752011614115e+01,-8.511745405111181384e+00,-2.826903537894922103e+00,0.000000000000000000e+00,0.000000000000000000e+00,0.000000000000000000e+00,-1.886783265822218425e+01,-8.657629489724449456e+00,-6.247920859229345592e-01,0.000000000000000000e+00,0.000000000000000000e+00,0.000000000000000000e+00,2.458723404400692232e+02,5.051531105175815384e+00,8.141851543683262804e+00,0.000000000000000000e+00,0.000000000000000000e+00,0.000000000000000000e+00,-1.879764709763007602e+01,-5.291432027071419242e+00,-6.224679513178431600e-01,0.000000000000000000e+00,0.000000000000000000e+00,0.000000000000000000e+00,-9.111179732918222385e+01,-1.965765351026503405e+00,-3.017088975541680540e+00,0.000000000000000000e+00,0.000000000000000000e+00,0.000000000000000000e+00,-1.059687291253280392e+02,2.945380909670163305e+00,-3.509063521610362724e+00,0.000000000000000000e+00,0.000000000000000000e+00,0.000000000000000000e+00,-9.654624491740051440e+01,6.693098474570136069e+00,-3.197046043530712200e+00,0.000000000000000000e+00,0.000000000000000000e+00,0.000000000000000000e+00,-7.710887633386326456e+01,8.789465026826771776e+00,-2.553394264222141885e+00,0.000000000000000000e+00,0.000000000000000000e+00,0.000000000000000000e+00,-5.503628700958566355e+01,9.454780944613927929e+00,-1.822479411655560932e+00,0.000000000000000000e+00,0.000000000000000000e+00,0.000000000000000000e+00,-3.447415845394179001e+01,9.079733862761703023e+00,-1.141582171150418823e+00,0.000000000000000000e+00,0.000000000000000000e+00,0.000000000000000000e+00,-1.756660205075354142e+01,8.052913151347583565e+00,-5.817029510851391416e-01,0.000000000000000000e+00,0.000000000000000000e+00,0.000000000000000000e+00,-5.058718563394073442e+00,6.706055873925949484e+00,-1.675151237862325670e-01,0.000000000000000000e+00,0.000000000000000000e+00,0.000000000000000000e+00,3.211923923745795939e+00,5.293380124270559151e+00,1.063601042310706873e-01,0.000000000000000000e+00,0.000000000000000000e+00,0.000000000000000000e+00,7.890758226941684050e+00,3.986635378787919848e+00,2.612956867611409550e-01,0.000000000000000000e+00,0.000000000000000000e+00,0.000000000000000000e+00,9.790289538216782717e+00,2.881621854378522141e+00,3.241970359381123323e-01,0.000000000000000000e+00,0.000000000000000000e+00,0.000000000000000000e+00,9.694945522201786403e+00,2.011758113814759774e+00,3.210398006729204279e-01,0.000000000000000000e+00,0.000000000000000000e+00,0.000000000000000000e+00,8.267912944746550252e+00,1.363727751955944534e+00,2.737848415634667187e-01,0.000000000000000000e+00,0.000000000000000000e+00,0.000000000000000000e+00,6.028494569898798616e+00,8.906485133189435688e-01,1.996284239706129504e-01,0.000000000000000000e+00,0.000000000000000000e+00,0.000000000000000000e+00,3.347198907622960018e+00,5.133359368816590163e-01,1.108396192278806730e-01,0.000000000000000000e+00
0.000000000000000000e+00,0.000000000000000000e+00,0.000000000000000000e+00,0.000000000000000000e+00,0.000000000000000000e+00,0.000000000000000000e+00,0.000000000000000000e+00,0.000000000000000000e+00,3.100817711770724294e+00,3.583238077524843468e-01,1.026809173739278158e-01,0.000000000000000000e+00,0.000000000000000000e+00,0.000000000000000000e+00,3.061266923292903286e+00,5.319441414064954854e-01,1.013712269563491614e-01,0.000000000000000000e+00,0.000000000000000000e+00,0.000000000000000000e+00,5.975064260399404886e-02,6.334977487013522257e-01,1.978591251259432995e-03,0.000000000000000000e+00,0.000000000000000000e+00,0.000000000000000000e+00,-1.083673181194764901e+01,4.191665877555331154e-01,-3.588490737659592589e-01,0.000000000000000000e+00,0.000000000000000000e+00,0.000000000000000000e+00,1.172775477082437234e-01,4.916065422039703203e-01,3.883545343647553522e-03,0.000000000000000000e+00,0.000000000000000000e+00,0.000000000000000000e+00,3.414917436475643608e+00,2.594542996673978585e-01,1.130820601941493753e-01,0.000000000000000000e+00,0.000000000000000000e+00,0.000000000000000000e+00,4.353010354155885331e+00,1.653335625402814523e-03,1.441462020828339075e-01,0.000000000000000000e+00,0.000000000000000000e+00,0.000000000000000000e+00,4.209728160236736016e+00,-1.970218391219804022e-01,1.394015351973468542e-01,0.000000000000000000e+00,0.000000000000000000e+00,0.000000000000000000e+00,3.558740916741131244e+00,-3.210267543844504967e-01,1.178446513124565276e-01,0.000000000000000000e+00,0.000000000000000000e+00,0.000000000000000000e+00,2.717213319527760351e+00,-3.792456132586342066e-01,8.997818713775340704e-02,0.000000000000000000e+00,0.000000000000000000e+00,0.000000000000000000e+00,1.876540587622791412e+00,-3.873444474570143514e-01,6.214003109408363507e-02,0.000000000000000000e+00,0.000000000000000000e+00,0.000000000000000000e+00,1.145911539795662293e+00,-3.615254768617595094e-01,3.794587720811144066e-02,0.000000000000000000e+00,0.000000000000000000e+00,0.000000000000000000e+00,5.743499650875822926e-01,-3.161919986931038262e-01,1.901910618125245492e-02,0.000000000000000000e+00,0.000000000000000000e+00,0.000000000000000000e+00,1.696809747638847454e-01,-2.628579696744650640e-01,5.618839857473788627e-03,0.000000000000000000e+00,0.000000000000000000e+00,0.000000000000000000e+00,-8.443941338837407384e-02,-2.097235845807517429e-01,-2.796138707645414150e-03,0.000000000000000000e+00,0.000000000000000000e+00,0.000000000000000000e+00,-2.153680635775405694e-01,-1.617715222799528951e-01,-7.131728594442265749e-03,0.000000000000000000e+00,0.000000000000000000e+00,0.000000000000000000e+00,-2.529541613746861817e-01,-1.212060131868932938e-01,-8.376359966246830699e-03,0.000000000000000000e+00,0.000000000000000000e+00,0.000000000000000000e+00,-2.252170861041816186e-01,-8.802874935318213967e-02,-7.457870522886738372e-03,0.000000000000000000e+00,0.000000000000000000e+00,0.000000000000000000e+00,-1.574427605158796040e-01,-6.055369442424656662e-02,-5.213581895603385842e-03,0.000000000000000000e+00,0.000000000000000000e+00,0.000000000000000000e+00,-7.402052722749707936e-02,-3.536648931786146727e-02,-2.451126234015527094e-03,0.000000000000000000e+00
0.000000000000000000e+00,0.000000000000000000e+00,0.000000000000000000e+00,0.000000000000000000e+00,0.000000000000000000e+00,0.000000000000000000e+00,0.000000000000000000e+00,0.000000000000000000e+00,0.000000000000000000e+00,0.000000000000000000e+00,0.000000000000000000e+00,0.000000000000000000e+00,0.000000000000000000e+00,0.000000000000000000e+00,0.000000000000000000e+00,0.000000000000000000e+00,0.000000000000000000e+00,0.000000000000000000e+00,0.000000000000000000e+00,0.000000000000000000e+00,0.000000000000000000e+00,0.000000000000000000e+00,0.000000000000000000e+00,0.000000000000000000e+00,0.000000000000000000e+00,0.000000000000000000e+00,0.000000000000000000e+00,0.000000000000000000e+00,0.000000000000000000e+00,0.000000000000000000e+00,0.000000000000000000e+00,0.000000000000000000e+00,0.000000000000000000e+00,0.000000000000000000e+00,0.000000000000000000e+00,0.000000000000000000e+00,0.000000000000000000e+00,0.000000000000000000e+00,0.000000000000000000e+00,0.000000000000000000e+00,0.000000000000000000e+00,0.000000000000000000e+00,0.000000000000000000e+00,0.000000000000000000e+00,0.000000000000000000e+00,0.000000000000000000e+00,0.000000000000000000e+00,0.000000000000000000e+00,0.000000000000000000e+00,0.000000000000000000e+00,0.000000000000000000e+00,0.000000000000000000e+00,0.000000000000000000e+00,0.000000000000000000e+00,0.000000000000000000e+00,0.000000000000000000e+00,0.000000000000000000e+00,0.000000000000000000e+00,0.000000000000000000e+00,0.000000000000000000e+00,0.000000000000000000e+00,0.000000000000000000e+00,0.000000000000000000e+00,0.000000000000000000e+00,0.000000000000000000e+00,0.000000000000000000e+00,0.000000000000000000e+00,0.000000000000000000e+00,0.000000000000000000e+00,0.000000000000000000e+00,0.000000000000000000e+00,0.000000000000000000e+00,0.000000000000000000e+00,0.000000000000000000e+00,0.000000000000000000e+00,0.000000000000000000e+00,0.000000000000000000e+00,0.000000000000000000e+00,0.000000000000000000e+00,0.000000000000000000e+00,0.000000000000000000e+00,0.000000000000000000e+00,0.000000000000000000e+00,0.000000000000000000e+00,0.000000000000000000e+00,0.000000000000000000e+00,0.000000000000000000e+00,0.000000000000000000e+00,0.000000000000000000e+00,0.000000000000000000e+00,0.000000000000000000e+00,0.000000000000000000e+00,0.000000000000000000e+00,0.000000000000000000e+00,0.000000000000000000e+00,0.000000000000000000e+00,0.000000000000000000e+00,0.000000000000000000e+00,0.000000000000000000e+00,0.000000000000000000e+00,0.000000000000000000e+00,0.000000000000000000e+00,0.000000000000000000e+00,0.000000000000000000e+00,0.000000000000000000e+00,0.000000000000000000e+00,0.000000000000000000e+00,0.000000000000000000e+00,0.000000000000000000e+00,0.000000000000000000e+00,0.000000000000000000e+00,0.000000000000000000e+00,0.000000000000000000e+00,0.000000000000000000e+00,0.000000000000000000e+00,0.000000000000000000e+00,0.000000000000000000e+00,0.000000000000000000e+00,0.000000000000000000e+00,0.000000000000000000e+00,0.000000000000000000e+00,0.000000000000000000e+00,0.000000000000000000e+00,0.000000000000000000e+00,0.000000000000000000e+00,0.000000000000000000e+00
0.000000000000000000e+00,0.000000000000000000e+00,0.000000000000000000e+00,0.000000000000000000e+00,0.000000000000000000e+00,0.000000000000000000e+00,0.000000000000000000e+00,0.000000000000000000e+00,0.000000000000000000e+00,0.000000000000000000e+00,0.000000000000000000e+00,0.000000000000000000e+00,0.000000000000000000e+00,0.000000000000000000e+00,0.000000000000000000e+00,0.000000000000000000e+00,0.000000000000000000e+00,0.000000000000000000e+00,0.000000000000000000e+00,0.000000000000000000e+00,0.000000000000000000e+00,0.000000000000000000e+00,0.000000000000000000e+00,0.000000000000000000e+00,0.000000000000000000e+00,0.000000000000000000e+00,0.000000000000000000e+00,0.000000000000000000e+00,0.000000000000000000e+00,0.000000000000000000e+00,0.000000000000000000e+00,0.000000000000000000e+00,0.000000000000000000e+00,0.000000000000000000e+00,0.000000000000000000e+00,0.000000000000000000e+00,0.000000000000000000e+00,0.000000000000000000e+00,0.000000000000000000e+00,0.000000000000000000e+00,0.000000000000000000e+00,0.000000000000000000e+00,0.000000000000000000e+00,0.000000000000000000e+00,0.000000000000000000e+00,0.000000000000000000e+00,0.000000000000000000e+00,0.000000000000000000e+00,0.000000000000000000e+00,0.000000000000000000e+00,0.000000000000000000e+00,0.000000000000000000e+00,0.000000000000000000e+00,0.000000000000000000e+00,0.000000000000000000e+00,0.000000000000000000e+00,0.000000000000000000e+00,0.000000000000000000e+00,0.000000000000000000e+00,0.000000000000000000e+00,0.000000000000000000e+00,0.000000000000000000e+00,0.000000000000000000e+00,0.000000000000000000e+00,0.000000000000000000e+00,0.000000000000000000e+00,0.000000000000000000e+00,0.000000000000000000e+00,0.000000000000000000e+00,0.000000000000000000e+00,0.000000000000000000e+00,0.000000000000000000e+00,0.000000000000000000e+00,0.000000000000000000e+00,0.000000000000000000e+00,0.000000000000000000e+00,0.000000000000000000e+00,0.000000000000000000e+00,0.000000000000000000e+00,0.000000000000000000e+00,0.000000000000000000e+00,0.000000000000000000e+00,0.000000000000000000e+00,0.000000000000000000e+00,0.000000000000000000e+00,0.000000000000000000e+00,0.000000000000000000e+00,0.000000000000000000e+00,0.000000000000000000e+00,0.000000000000000000e+00,0.000000000000000000e+00,0.000000000000000000e+00,0.000000000000000000e+00,0.000000000000000000e+00,0.000000000000000000e+00,0.000000000000000000e+00,0.000000000000000000e+00,0.000000000000000000e+00,0.000000000000000000e+00,0.000000000000000000e+00,0.000000000000000000e+00,0.000000000000000000e+00,0.000000000000000000e+00,0.000000000000000000e+00,0.000000000000000000e+00,0.000000000000000000e+00,0.000000000000000000e+00,0.000000000000000000e+00,0.000000000000000000e+00,0.000000000000000000e+00,0.000000000000000000e+00,0.000000000000000000e+00,0.000000000000000000e+00,0.000000000000000000e+00,0.000000000000000000e+00,0.000000000000000000e+00,0.000000000000000000e+00,0.000000000000000000e+00,0.000000000000000000e+00,0.000000000000000000e+00,0.000000000000000000e+00,0.000000000000000000e+00,0.000000000000000000e+00,0.000000000000000000e+00,0.000000000000000000e+00,0.000000000000000000e+00
0.000000000000000000e+00,0.000000000000000000e+00,0.000000000000000000e+00,0.000000000000000000e+00,0.000000000000000000e+00,0.000000000000000000e+00,0.000000000000000000e+00,0.000000000000000000e+00,0.000000000000000000e+00,0.000000000000000000e+00,0.000000000000000000e+00,0.000000000000000000e+00,0.000000000000000000e+00,0.000000000000000000e+00,0.000000000000000000e+00,0.000000000000000000e+00,0.000000000000000000e+00,0.000000000000000000e+00,0.000000000000000000e+00,0.000000000000000000e+00,0.000000000000000000e+00,0.000000000000000000e+00,0.000000000000000000e+00,0.000000000000000000e+00,0.000000000000000000e+00,0.000000000000000000e+00,0.000000000000000000e+00,0.000000000000000000e+00,0.000000000000000000e+00,0.000000000000000000e+00,0.000000000000000000e+00,0.000000000000000000e+00,0.000000000000000000e+00,0.000000000000000000e+00,0.000000000000000000e+00,0.000000000000000000e+00,0.000000000000000000e+00,0.000000000000000000e+00,0.000000000000000000e+00,0.000000000000000000e+00,0.000000000000000000e+00,0.000000000000000000e+00,0.000000000000000000e+00,0.000000000000000000e+00,0.000000000000000000e+00,0.000000000000000000e+00,0.000000000000000000e+00,0.000000000000000000e+00,0.000000000000000000e+00,0.000000000000000000e+00,0.000000000000000000e+00,0.000000000000000000e+00,0.000000000000000000e+00,0.000000000000000000e+00,0.000000000000000000e+00,0.000000000000000000e+00,0.000000000000000000e+00,0.000000000000000000e+00,0.000000000000000000e+00,0.000000000000000000e+00,0.000000000000000000e+00,0.000000000000000000e+00,0.000000000000000000e+00,0.000000000000000000e+00,0.000000000000000000e+00,0.000000000000000000e+00,0.000000000000000000e+00,0.000000000000000000e+00,0.000000000000000000e+00,0.000000000000000000e+00,0.000000000000000000e+00,0.000000000000000000e+00,0.000000000000000000e+00,0.000000000000000000e+00,0.000000000000000000e+00,0.000000000000000000e+00,0.000000000000000000e+00,0.000000000000000000e+00,0.000000000000000000e+00,0.000000000000000000e+00,0.000000000000000000e+00,0.000000000000000000e+00,0.000000000000000000e+00,0.000000000000000000e+00,0.000000000000000000e+00,0.000000000000000000e+00,0.000000000000000000e+00,0.000000000000000000e+00,0.000000000000000000e+00,0.000000000000000000e+00,0.000000000000000000e+00,0.000000000000000000e+00,0.000000000000000000e+00,0.000000000000000000e+00,0.000000000000000000e+00,0.000000000000000000e+00,0.000000000000000000e+00,0.000000000000000000e+00,0.000000000000000000e+00,0.000000000000000000e+00,0.000000000000000000e+00,0.000000000000000000e+00,0.000000000000000000e+00,0.000000000000000000e+00,0.000000000000000000e+00,0.000000000000000000e+00,0.000000000000000000e+00,0.000000000000000000e+00,0.000000000000000000e+00,0.000000000000000000e+00,0.000000000000000000e+00,0.000000000000000000e+00,0.000000000000000000e+00,0.000000000000000000e+00,0.000000000000000000e+00,0.000000000000000000e+00,0.000000000000000000e+00,0.000000000000000000e+00,0.000000000000000000e+00,0.000000000000000000e+00,0.000000000000000000e+00,0.000000000000000000e+00,0.000000000000000000e+00,0.000000000000000000e+00,0.000000000000000000e+00,0.000000000000000000e+00
0.000000000000000000e+00,0.000000000000000000e+00,0.000000000000000000e+00,0.000000000000000000e+00,0.000000000000000000e+00,0.000000000000000000e+00,0.000000000000000000e+00,0.000000000000000000e+00,1.036116027573130367e+02,5.102342920732184872e+00,3.431009304841889929e+00,0.000000000000000000e+00,0.000000000000000000e+00,0.000000000000000000e+00,1.306073160896612535e+02,8.237713444581794775e+00,4.324949183863732394e+00,0.000000000000000000e+00,0.000000000000000000e+00,0.000000000000000000e+00,1.066782840516410857e+02,1.251739384832451307e+01,3.532559824048403296e+00,0.000000000000000000e+00,0.000000000000000000e+00,0.000000000000000000e+00,3.541615194212253126e+00,1.599977109420632360e+01,1.172775477083724815e-01,0.000000000000000000e+00,0.000000000000000000e+00,0.000000000000000000e+00,-3.326351689077120568e+02,1.033525635336485138e+01,-1.101492814770166895e+01,0.000000000000000000e+00,0.000000000000000000e+00,0.000000000000000000e+00,-5.458745934702246672e+00,1.337126183917874833e+01,-1.807616868797968790e-01,0.000000000000000000e+00,0.000000000000000000e+00,0.000000000000000000e+00,9.283562795770428977e+01,7.101150172634605795e+00,3.074172147397286725e+00,0.000000000000000000e+00,0.000000000000000000e+00,0.000000000000000000e+00,1.213379948285673038e+02,-1.083056385030505414e-01,4.018003565322567638e+00,0.000000000000000000e+00,0.000000000000000000e+00,0.000000000000000000e+00,1.180073374501891266e+02,-5.705422897054750031e+00,3.907711704639529771e+00,0.000000000000000000e+00,0.000000000000000000e+00,0.000000000000000000e+00,9.972274622355256213e+01,-9.203414819387806034e+00,3.302233158180216233e+00,0.000000000000000000e+00,0.000000000000000000e+00,0.000000000000000000e+00,7.577733195065312088e+01,-1.084170124963855208e+01,2.509301314716253728e+00,0.000000000000000000e+00,0.000000000000000000e+00,0.000000000000000000e+00,5.178840233033158569e+01,-1.106175881216439194e+01,1.714928497867697299e+00,0.000000000000000000e+00,0.000000000000000000e+00,0.000000000000000000e+00,3.097800870580952193e+01,-1.032326129552402172e+01,1.025810172670092335e+00,0.000000000000000000e+00,0.000000000000000000e+00,0.000000000000000000e+00,1.480917108682372607e+01,-9.035498745728105519e+00,4.903929911681782494e-01,0.000000000000000000e+00,0.000000000000000000e+00,0.000000000000000000e+00,3.535120926457171020e+00,-7.524527882917370292e+00,1.170624956051052323e-01,0.000000000000000000e+00,0.000000000000000000e+00,0.000000000000000000e+00,-3.304917653958585166e+00,-6.019231713147418894e+00,-1.094395117989602206e-01,0.000000000000000000e+00,0.000000000000000000e+00,0.000000000000000000e+00,-6.503809307222475411e+00,-4.652280185511861177e+00,-2.153680635774417595e-01,0.000000000000000000e+00,0.000000000000000000e+00,0.000000000000000000e+00,-6.945695216617461476e+00,-3.470675134796649353e+00,-2.300007362363477303e-01,0.000000000000000000e+00,0.000000000000000000e+00,0.000000000000000000e+00,-5.498163378805817736e+00,-2.447661769591940928e+00,-1.820669617128593265e-01,0.000000000000000000e+00,0.000000000000000000e+00,0.000000000000000000e+00,-2.999459367091773299e+00,-1.471301870775231002e+00,-9.932452277658347650e-02,0.000000000000000000e+00
0.000000000000000000e+00,0.000000000000000000e+00,0.000000000000000000e+00,0.000000000000000000e+00,0.000000000000000000e+00,0.000000000000000000e+00,0.000000000000000000e+00,0.000000000000000000e+00,-8.162855021160109459e+01,-1.874469417221188650e+00,-2.703059385856176888e+00,0.000000000000000000e+00,0.000000000000000000e+00,0.000000000000000000e+00,-1.070060462791437317e+02,-3.252901764120927908e+00,-3.543413388923485563e+00,0.000000000000000000e+00,0.000000000000000000e+00,0.000000000000000000e+00,-9.409108232022985874e+01,-5.501993332996411468e+00,-3.115745441169403218e+00,0.000000000000000000e+00,0.000000000000000000e+00,0.000000000000000000e+00,-1.764369460608972062e+01,-6.203054495389962675e+00,-5.842558048935260206e-01,0.000000000000000000e+00,0.000000000000000000e+00,0.000000000000000000e+00,2.524465270837287392e+02,6.735567382547973381e+00,8.359550092358343676e+00,0.000000000000000000e+00,0.000000000000000000e+00,0.000000000000000000e+00,-9.802799866182349220e+00,-4.347440967417831814e+00,-3.246113047122090589e-01,0.000000000000000000e+00,0.000000000000000000e+00,0.000000000000000000e+00,-8.158484546265493975e+01,-1.633677869037377661e+00,-2.701612140602661860e+00,0.000000000000000000e+00,0.000000000000000000e+00,0.000000000000000000e+00,-9.703873523750038999e+01,2.824193304094305912e+00,-3.213354437820925558e+00,0.000000000000000000e+00,0.000000000000000000e+00,0.000000000000000000e+00,-8.879119787563901411e+01,6.272830250979561484e+00,-2.940244316198180385e+00,0.000000000000000000e+00,0.000000000000000000e+00,0.000000000000000000e+00,-7.073321151783000005e+01,8.202261357050051771e+00,-2.342269595495620749e+00,0.000000000000000000e+00,0.000000000000000000e+00,0.000000000000000000e+00,-5.001498477438047985e+01,8.804042123112635565e+00,-1.656203297466250834e+00,0.000000000000000000e+00,0.000000000000000000e+00,0.000000000000000000e+00,-3.066088620266261699e+01,8.440151103703980695e+00,-1.015308933135955494e+00,0.000000000000000000e+00,0.000000000000000000e+00,0.000000000000000000e+00,-1.476913944559505865e+01,7.474060876540199239e+00,-4.890673777244206044e-01,0.000000000000000000e+00,0.000000000000000000e+00,0.000000000000000000e+00,-3.087968039138665244e+00,6.217252205551878852e+00,-1.022554114924289909e-01,0.000000000000000000e+00,0.000000000000000000e+00,0.000000000000000000e+00,4.512611960106773346e+00,4.908296263043729901e+00,1.494312722922759018e-01,0.000000000000000000e+00,0.000000000000000000e+00,0.000000000000000000e+00,8.630116659771729815e+00,3.706693583173210627e+00,2.857789067398431304e-01,0.000000000000000000e+00,0.000000000000000000e+00,0.000000000000000000e+00,1.002327931692959062e+01,2.697559929196478912e+00,3.319122925061347984e-01,0.000000000000000000e+00,0.000000000000000000e+00,0.000000000000000000e+00,9.424021439874262995e+00,1.902762023275019976e+00,3.120683821962739746e-01,0.000000000000000000e+00,0.000000000000000000e+00,0.000000000000000000e+00,7.445278163647198078e+00,1.291963336373043614e+00,2.465439967803868537e-01,0.000000000000000000e+00,0.000000000000000000e+00,0.000000000000000000e+00,4.506266216471819241e+00,7.764627190175972249e-01,1.492211384377820638e-01,0.000000000000000000e+00
0.000000000000000000e+00,0.000000000000000000e+00,0.000000000000000000e+00,0.000000000000000000e+00,0.000000000000000000e+00,0.000000000000000000e+00,0.000000000000000000e+00,0.000000000000000000e+00,3.431009304841881047e+00,1.689597069406470198e-01,1.136149286049020768e-01,0.000000000000000000e+00,0.000000000000000000e+00,0.000000000000000000e+00,4.324949183863717295e+00,2.727848110330127751e-01,1.432169805109730076e-01,0.000000000000000000e+00,0.000000000000000000e+00,0.000000000000000000e+00,3.532559824048397967e+00,4.145027547403783985e-01,1.169776868968011307e-01,0.000000000000000000e+00,0.000000000000000000e+00,0.000000000000000000e+00,1.172775477083705387e-01,5.298186886283602348e-01,3.883545343651732037e-03,0.000000000000000000e+00,0.000000000000000000e+00,0.000000000000000000e+00,-1.101492814770167428e+01,3.422431443260161577e-01,-3.647498924946588339e-01,0.000000000000000000e+00,0.000000000000000000e+00,0.000000000000000000e+00,-1.807616868797949639e-01,4.427778604598551770e-01,-5.985768129619254384e-03,0.000000000000000000e+00,0.000000000000000000e+00,0.000000000000000000e+00,3.074172147397274291e+00,2.351484936919308877e-01,1.017985723771788892e-01,0.000000000000000000e+00,0.000000000000000000e+00,0.000000000000000000e+00,4.018003565322576520e+00,-3.586448270094861300e-03,1.330527397766420872e-01,0.000000000000000000e+00,0.000000000000000000e+00,0.000000000000000000e+00,3.907711704639543981e+00,-1.889301827875761175e-01,1.294005194636510536e-01,0.000000000000000000e+00,0.000000000000000000e+00,0.000000000000000000e+00,3.302233158180205574e+00,-3.047631832855760003e-01,1.093506170251191956e-01,0.000000000000000000e+00,0.000000000000000000e+00,0.000000000000000000e+00,2.509301314716244846e+00,-3.590136324302756754e-01,8.309335953048728463e-02,0.000000000000000000e+00,0.000000000000000000e+00,0.000000000000000000e+00,1.714928497867691304e+00,-3.663006497578182308e-01,5.678838543888162227e-02,0.000000000000000000e+00,0.000000000000000000e+00,0.000000000000000000e+00,1.025810172670102993e+00,-3.418459382798909596e-01,3.396882350788779648e-02,0.000000000000000000e+00,0.000000000000000000e+00,0.000000000000000000e+00,4.903929911681769171e-01,-2.992027866135122949e-01,1.623894304258804294e-02,0.000000000000000000e+00,0.000000000000000000e+00,0.000000000000000000e+00,1.170624956051050380e-01,-2.491682832211525311e-01,3.876424077811886984e-03,0.000000000000000000e+00,0.000000000000000000e+00,0.000000000000000000e+00,-1.094395117989593741e-01,-1.993216924187625194e-01,-3.623995511188844807e-03,0.000000000000000000e+00,0.000000000000000000e+00,0.000000000000000000e+00,-2.153680635774413710e-01,-1.540562657119604328e-01,-7.131728594438981050e-03,0.000000000000000000e+00,0.000000000000000000e+00,0.000000000000000000e+00,-2.300007362363509777e-01,-1.149284285222598873e-01,-7.616276991639318351e-03,0.000000000000000000e+00,0.000000000000000000e+00,0.000000000000000000e+00,-1.820669617128584938e-01,-8.105221889334189578e-02,-6.028991185516818091e-03,0.000000000000000000e+00,0.000000000000000000e+00,0.000000000000000000e+00,-9.932452277658328221e-02,-4.872089876541162157e-02,-3.289046330492993546e-03,0.000000000000000000e+00
0.000000000000000000e+00,0.000000000000000000e+00,0.000000000000000000e+00,0.000000000000000000e+00,0.000000000000000000e+00,0.000000000000000000e+00,0.000000000000000000e+00,0.000000000000000000e+00,0.000000000000000000e+00,0.000000000000000000e+00,0.000000000000000000e+00,0.000000000000000000e+00,0.000000000000000000e+00,0.000000000000000000e+00,0.000000000000000000e+00,0.000000000000000000e+00,0.000000000000000000e+00,0.000000000000000000e+00,0.000000000000000000e+00,0.000000000000000000e+00,0.000000000000000000e+00,0.000000000000000000e+00,0.000000000000000000e+00,0.000000000000000000e+00,0.000000000000000000e+00,0.000000000000000000e+00,0.000000000000000000e+00,0.000000000000000000e+00,0.000000000000000000e+00,0.000000000000000000e+00,0.000000000000000000e+00,0.000000000000000000e+00,0.000000000000000000e+00,0.000000000000000000e+00,0.000000000000000000e+00,0.000000000000000000e+00,0.000000000000000000e+00,0.000000000000000000e+00,0.000000000000000000e+00,0.000000000000000000e+00,0.000000000000000000e+00,0.000000000000000000e+00,0.000000000000000000e+00,0.000000000000000000e+00,0.000000000000000000e+00,0.000000000000000000e+00,0.000000000000000000e+00,0.000000000000000000e+00,0.000000000000000000e+00,0.000000000000000000e+00,0.000000000000000000e+00,0.000000000000000000e+00,0.000000000000000000e+00,0.000000000000000000e+00,0.000000000000000000e+00,0.000000000000000000e+00,0.000000000000000000e+00,0.000000000000000000e+00,0.000000000000000000e+00,0.000000000000000000e+00,0.000000000000000000e+00,0.000000000000000000e+00,0.000000000000000000e+00,0.000000000000000000e+00,0.000000000000000000e+00,0.000000000000000000e+00,0.000000000000000000e+00,0.000000000000000000e+00,0.000000000000000000e+00,0.000000000000000000e+00,0.000000000000000000e+00,0.000000000000000000e+00,0.000000000000000000e+00,0.000000000000000000e+00,0.000000000000000000e+00,0.000000000000000000e+00,0.000000000000000000e+00,0.000000000000000000e+00,0.000000000000000000e+00,0.000000000000000000e+00,0.000000000000000000e+00,0.000000000000000000e+00,0.000000000000000000e+00,0.000000000000000000e+00,0.000000000000000000e+00,0.000000000000000000e+00,0.000000000000000000e+00,0.000000000000000000e+00,0.000000000000000000e+00,0.000000000000000000e+00,0.000000000000000000e+00,0.000000000000000000e+00,0.000000000000000000e+00,0.000000000000000000e+00,0.000000000000000000e+00,0.000000000000000000e+00,0.000000000000000000e+00,0.000000000000000000e+00,0.000000000000000000e+00,0.000000000000000000e+00,0.000000000000000000e+00,0.000000000000000000e+00,0.000000000000000000e+00,0.000000000000000000e+00,0.000000000000000000e+00,0.000000000000000000e+00,0.000000000000000000e+00,0.000000000000000000e+00,0.000000000000000000e+00,0.000000000000000000e+00,0.000000000000000000e+00,0.000000000000000000e+00,0.000000000000000000e+00,0.000000000000000000e+00,0.000000000000000000e+00,0.000000000000000000e+00,0.000000000000000000e+00,0.000000000000000000e+00,0.000000000000000000e+00,0.000000000000000000e+00,0.000000000000000000e+00,0.000000000000000000e+00,0.000000000000000000e+00,0.000000000000000000e+00,0.000000000000000000e+00,0.000000000000000000e+00
0.000000000000000000e+00,0.000000000000000000e+00,0.000000000000000000e+00,0.000000000000000000e+00,0.000000000000000000e+00,0.000000000000000000e+00,0.000000000000000000e+00,0.000000000000000000e+00,0.000000000000000000e+00,0.000000000000000000e+00,0.000000000000000000e+00,0.000000000000000000e+00,0.000000000000000000e+00,0.000000000000000000e+00,0.000000000000000000e+00,0.000000000000000000e+00,0.000000000000000000e+00,0.000000000000000000e+00,0.000000000000000000e+00,0.000000000000000000e+00,0.000000000000000000e+00,0.000000000000000000e+00,0.000000000000000000e+00,0.000000000000000000e+00,0.000000000000000000e+00,0.000000000000000000e+00,0.000000000000000000e+00,0.000000000000000000e+00,0.000000000000000000e+00,0.000000000000000000e+00,0.000000000000000000e+00,0.000000000000000000e+00,0.000000000000000000e+00,0.000000000000000000e+00,0.000000000000000000e+00,0.000000000000000000e+00,0.000000000000000000e+00,0.000000000000000000e+00,0.000000000000000000e+00,0.000000000000000000e+00,0.000000000000000000e+00,0.000000000000000000e+00,0.000000000000000000e+00,0.000000000000000000e+00,0.000000000000000000e+00,0.000000000000000000e+00,0.000000000000000000e+00,0.000000000000000000e+00,0.000000000000000000e+00,0.000000000000000000e+00,0.000000000000000000e+00,0.000000000000000000e+00,0.000000000000000000e+00,0.000000000000000000e+00,0.000000000000000000e+00,0.000000000000000000e+00,0.000000000000000000e+00,0.000000000000000000e+00,0.000000000000000000e+00,0.000000000000000000e+00,0.000000000000000000e+00,0.000000000000000000e+00,0.000000000000000000e+00,0.000000000000000000e+00,0.000000000000000000e+00,0.000000000000000000e+00,0.000000000000000000e+00,0.000000000000000000e+00,0.000000000000000000e+00,0.000000000000000000e+00,0.000000000000000000e+00,0.000000000000000000e+00,0.000000000000000000e+00,0.000000000000000000e+00,0.000000000000000000e+00,0.000000000000000000e+00,0.000000000000000000e+00,0.000000000000000000e+00,0.000000000000000000e+00,0.000000000000000000e+00,0.000000000000000000e+00,0.000000000000000000e+00,0.000000000000000000e+00,0.000000000000000000e+00,0.000000000000000000e+00,0.000000000000000000e+00,0.000000000000000000e+00,0.000000000000000000e+00,0.000000000000000000e+00,0.000000000000000000e+00,0.000000000000000000e+00,0.000000000000000000e+00,0.000000000000000000e+00,0.000000000000000000e+00,0.000000000000000000e+00,0.000000000000000000e+00,0.000000000000000000e+00,0.000000000000000000e+00,0.000000000000000000e+00,0.000000000000000000e+00,0.000000000000000000e+00,0.000000000000000000e+00,0.000000000000000000e+00,0.000000000000000000e+00,0.000000000000000000e+00,0.000000000000000000e+00,0.000000000000000000e+00,0.000000000000000000e+00,0.000000000000000000e+00,0.000000000000000000e+00,0.000000000000000000e+00,0.000000000000000000e+00,0.000000000000000000e+00,0.000000000000000000e+00,0.000000000000000000e+00,0.000000000000000000e+00,0.000000000000000000e+00,0.000000000000000000e+00,0.000000000000000000e+00,0.000000000000000000e+00,0.000000000000000000e+00,0.000000000000000000e+00,0.000000000000000000e+00,0.000000000000000000e+00,0.000000000000000000e+00,0.000000000000000000e+00
0.000000000000000000e+00,0.000000000000000000e+00,0.000000000000000000e+00,0.000000000000000000e+00,0.000000000000000000e+00,0.000000000000000000e+00,0.000000000000000000e+00,0.000000000000000000e+00,0.000000000000000000e+00,0.000000000000000000e+00,0.000000000000000000e+00,0.000000000000000000e+00,0.000000000000000000e+00,0.000000000000000000e+00,0.000000000000000000e+00,0.000000000000000000e+00,0.000000000000000000e+00,0.000000000000000000e+00,0.000000000000000000e+00,0.000000000000000000e+00,0.000000000000000000e+00,0.000000000000000000e+00,0.000000000000000000e+00,0.000000000000000000e+00,0.000000000000000000e+00,0.000000000000000000e+00,0.000000000000000000e+00,0.000000000000000000e+00,0.000000000000000000e+00,0.000000000000000000e+00,0.000000000000000000e+00,0.000000000000000000e+00,0.000000000000000000e+00,0.000000000000000000e+00,0.000000000000000000e+00,0.000000000000000000e+00,0.000000000000000000e+00,0.000000000000000000e+00,0.000000000000000000e+00,0.000000000000000000e+00,0.000000000000000000e+00,0.000000000000000000e+00,0.000000000000000000e+00,0.000000000000000000e+00,0.000000000000000000e+00,0.000000000000000000e+00,0.000000000000000000e+00,0.000000000000000000e+00,0.000000000000000000e+00,0.000000000000000000e+00,0.000000000000000000e+00,0.000000000000000000e+00,0.000000000000000000e+00,0.000000000000000000e+00,0.000000000000000000e+00,0.000000000000000000e+00,0.000000000000000000e+00,0.000000000000000000e+00,0.000000000000000000e+00,0.000000000000000000e+00,0.000000000000000000e+00,0.000000000000000000e+00,0.000000000000000000e+00,0.000000000000000000e+00,0.000000000000000000e+00,0.000000000000000000e+00,0.000000000000000000e+00,0.000000000000000000e+00,0.000000000000000000e+00,0.000000000000000000e+00,0.000000000000000000e+00,0.000000000000000000e+00,0.000000000000000000e+00,0.000000000000000000e+00,0.000000000000000000e+00,0.000000000000000000e+00,0.000000000000000000e+00,0.000000000000000000e+00,0.000000000000000000e+00,0.000000000000000000e+00,0.000000000000000000e+00,0.000000000000000000e+00,0.000000000000000000e+00,0.000000000000000000e+00,0.000000000000000000e+00,0.000000000000000000e+00,0.000000000000000000e+00,0.000000000000000000e+00,0.000000000000000000e+00,0.000000000000000000e+00,0.000000000000000000e+00,0.000000000000000000e+00,0.000000000000000000e+00,0.000000000000000000e+00,0.000000000000000000e+00,0.000000000000000000e+00,0.000000000000000000e+00,0.000000000000000000e+00,0.000000000000000000e+00,0.000000000000000000e+00,0.000000000000000000e+00,0.000000000000000000e+00,0.000000000000000000e+00,0.000000000000000000e+00,0.000000000000000000e+00,0.000000000000000000e+00,0.000000000000000000e+00,0.000000000000000000e+00,0.000000000000000000e+00,0.000000000000000000e+00,0.000000000000000000e+00,0.000000000000000000e+00,0.000000000000000000e+00,0.000000000000000000e+00,0.000000000000000000e+00,0.000000000000000000e+00,0.000000000000000000e+00,0.000000000000000000e+00,0.000000000000000000e+00,0.000000000000000000e+00,0.000000000000000000e+00,0.000000000000000000e+00,0.000000000000000000e+00,0.000000000000000000e+00,0.000000000000000000e+00,0.000000000000000000e+00
0.000000000000000000e+00,0.000000000000000000e+00,0.000000000000000000e+00,0.000000000000000000e+00,0.000000000000000000e+00,0.000000000000000000e+00,0.000000000000000000e+00,0.000000000000000000e+00,9.620492725368156073e+01,4.999337822892603866e-01,3.185743602018751730e+00,0.000000000000000000e+00,0.000000000000000000e+00,0.000000000000000000e+00,1.328538263416318728e+02,1.397603680889552891e+00,4.399340442881197077e+00,0.000000000000000000e+00,0.000000000000000000e+00,0.000000000000000000e+00,1.379931175327301105e+02,4.517971600337637561e+00,4.569523660085655692e+00,0.000000000000000000e+00,0.000000000000000000e+00,0.000000000000000000e+00,1.031256512122825200e+02,9.642532871496481306e+00,3.414917436476441637e+00,0.000000000000000000e+00,0.000000000000000000e+00,0.000000000000000000e+00,-5.458745934659082089e+00,1.411520915459846748e+01,-1.807616868783659125e-01,0.000000000000000000e+00,0.000000000000000000e+00,0.000000000000000000e+00,-3.437668116341282030e+02,9.339487469692992150e+00,-1.138354294330493488e+01,0.000000000000000000e+00,0.000000000000000000e+00,0.000000000000000000e+00,-1.669494757138476970e+01,1.307628539909546639e+01,-5.528388610630369238e-01,0.000000000000000000e+00,0.000000000000000000e+00,0.000000000000000000e+00,8.263198614147708554e+01,7.302236956783721311e+00,2.736287305515713530e+00,0.000000000000000000e+00,0.000000000000000000e+00,0.000000000000000000e+00,1.126924066135140095e+02,4.016056672030741126e-01,3.731712331307414754e+00,0.000000000000000000e+00,0.000000000000000000e+00,0.000000000000000000e+00,1.110546129830685658e+02,-5.040732040106903789e+00,3.677478200805364583e+00,0.000000000000000000e+00,0.000000000000000000e+00,0.000000000000000000e+00,9.437640236530067739e+01,-8.500348023591504543e+00,3.125193569597538801e+00,0.000000000000000000e+00,0.000000000000000000e+00,0.000000000000000000e+00,7.185014171284109352e+01,-1.018107277665676413e+01,2.379255780343258575e+00,0.000000000000000000e+00,0.000000000000000000e+00,0.000000000000000000e+00,4.907142429633695713e+01,-1.049380302990304692e+01,1.624958102008427163e+00,0.000000000000000000e+00,0.000000000000000000e+00,0.000000000000000000e+00,2.928708910236786878e+01,-9.873136967315213397e+00,9.698168211654802917e-01,0.000000000000000000e+00,0.000000000000000000e+00,0.000000000000000000e+00,1.400701767770643258e+01,-8.707722531573216074e+00,4.638303694409713906e-01,0.000000000000000000e+00,0.000000000000000000e+00,0.000000000000000000e+00,3.535120926469923042e+00,-7.305357492002629627e+00,1.170624956055273252e-01,0.000000000000000000e+00,0.000000000000000000e+00,0.000000000000000000e+00,-2.549950227397808966e+00,-5.876297547301754243e+00,-8.443941338865229573e-02,0.000000000000000000e+00,0.000000000000000000e+00,0.000000000000000000e+00,-5.030487932771380066e+00,-4.530596364121223019e+00,-1.665802906809589756e-01,0.000000000000000000e+00,0.000000000000000000e+00,0.000000000000000000e+00,-4.835549989250166547e+00,-3.281023594449364200e+00,-1.601250879788601034e-01,0.000000000000000000e+00,0.000000000000000000e+00,0.000000000000000000e+00,-2.949893955377053345e+00,-2.016350080336890116e+00,-9.768320670516000837e-02,0.000000000000000000e+00
0.000000000000000000e+00,0.000000000000000000e+00,0.000000000000000000e+00,0.000000000000000000e+00,0.000000000000000000e+00,0.000000000000000000e+00,0.000000000000000000e+00,0.000000000000000000e+00,-7.150253277555434295e+01,1.261155606917139904e+00,-2.367745008706312326e+00,0.000000000000000000e+00,0.000000000000000000e+00,0.000000000000000000e+00,-1.018488048723624786e+02,1.356519466123742079e+00,-3.372635765731730295e+00,0.000000000000000000e+00,0.000000000000000000e+00,0.000000000000000000e+00,-1.103893788576400112e+02,-3.376799816351386263e-01,-3.655449543652075750e+00,0.000000000000000000e+00,0.000000000000000000e+00,0.000000000000000000e+00,-8.930441541252049831e+01,-3.393597065203803442e+00,-2.957239074483821284e+00,0.000000000000000000e+00,0.000000000000000000e+00,0.000000000000000000e+00,-9.058852550799098680e+00,-4.935159346599461649e+00,-2.999761278259792108e-01,0.000000000000000000e+00,0.000000000000000000e+00,0.000000000000000000e+00,2.622362937212674296e+02,7.288480246268603580e+00,8.683729812889284361e+00,0.000000000000000000e+00,0.000000000000000000e+00,0.000000000000000000e+00,-3.438179702520920422e-01,-4.335279093433699771e+00,-1.138523701703389804e-02,0.000000000000000000e+00,0.000000000000000000e+00,0.000000000000000000e+00,-7.326963799719401038e+01,-1.987409995963709708e+00,-2.426261181574327797e+00,0.000000000000000000e+00,0.000000000000000000e+00,0.000000000000000000e+00,-9.018988569995163118e+01,2.257418153073600386e+00,-2.986560663133050131e+00,0.000000000000000000e+00,0.000000000000000000e+00,0.000000000000000000e+00,-8.342487256653926408e+01,5.614521915782251682e+00,-2.762543059018967018e+00,0.000000000000000000e+00,0.000000000000000000e+00,0.000000000000000000e+00,-6.669955930913366160e+01,7.541368660603025909e+00,-2.208698664323471839e+00,0.000000000000000000e+00,0.000000000000000000e+00,0.000000000000000000e+00,-4.709713302537482349e+01,8.200402144248247538e+00,-1.559581140926152854e+00,0.000000000000000000e+00,0.000000000000000000e+00,0.000000000000000000e+00,-2.863908433744210313e+01,7.929950365837343362e+00,-9.483586994988256746e-01,0.000000000000000000e+00,0.000000000000000000e+00,0.000000000000000000e+00,-1.345851783316720152e+01,7.075408014754155595e+00,-4.456672678168571711e-01,0.000000000000000000e+00,0.000000000000000000e+00,0.000000000000000000e+00,-2.357821433810021183e+00,5.934634124885552531e+00,-7.807723327575735728e-02,0.000000000000000000e+00,0.000000000000000000e+00,0.000000000000000000e+00,4.731782351002433273e+00,4.735151654220518758e+00,1.566889116926639680e-01,0.000000000000000000e+00,0.000000000000000000e+00,0.000000000000000000e+00,8.347814746553259724e+00,3.625560728298718338e+00,2.764307211578104218e-01,0.000000000000000000e+00,0.000000000000000000e+00,0.000000000000000000e+00,9.196850191332373470e+00,2.677058245764814437e+00,3.045458012613433962e-01,0.000000000000000000e+00,0.000000000000000000e+00,0.000000000000000000e+00,7.966848225025238150e+00,1.888090041728417434e+00,2.638153417465153305e-01,0.000000000000000000e+00,0.000000000000000000e+00,0.000000000000000000e+00,5.168605606597294511e+00,1.166403929762024339e+00,1.711539389158002189e-01,0.000000000000000000e+00
0.000000000000000000e+00,0.000000000000000000e+00,0.000000000000000000e+00,0.000000000000000000e+00,0.000000000000000000e+00,0.000000000000000000e+00,0.000000000000000000e+00,0.000000000000000000e+00,3.185743602018758391e+00,1.655487815256476494e-02,1.054931653452817752e-01,0.000000000000000000e+00,0.000000000000000000e+00,0.000000000000000000e+00,4.399340442881197966e+00,4.628044645583718336e-02,1.456803832100482810e-01,0.000000000000000000e+00,0.000000000000000000e+00,0.000000000000000000e+00,4.569523660085656580e+00,1.496087521788266317e-01,1.513158543949124357e-01,0.000000000000000000e+00,0.000000000000000000e+00,0.000000000000000000e+00,3.414917436476463397e+00,3.193042007258521386e-01,1.130820601941757569e-01,0.000000000000000000e+00,0.000000000000000000e+00,0.000000000000000000e+00,-1.807616868783674946e-01,4.674130373472934474e-01,-5.985768129571942403e-03,0.000000000000000000e+00,0.000000000000000000e+00,0.000000000000000000e+00,-1.138354294330494021e+01,3.092691123215853821e-01,-3.769562551023257768e-01,0.000000000000000000e+00,0.000000000000000000e+00,0.000000000000000000e+00,-5.528388610630371458e-01,4.330099687980950574e-01,-1.830678443251471110e-02,0.000000000000000000e+00,0.000000000000000000e+00,0.000000000000000000e+00,2.736287305515731294e+00,2.418073099744323939e-01,9.060980581426762714e-02,0.000000000000000000e+00,0.000000000000000000e+00,0.000000000000000000e+00,3.731712331307440067e+00,1.329882700761302917e-02,1.235724512601007463e-01,0.000000000000000000e+00,0.000000000000000000e+00,0.000000000000000000e+00,3.677478200805366360e+00,-1.669195155037865586e-01,1.217765345727738480e-01,0.000000000000000000e+00,0.000000000000000000e+00,0.000000000000000000e+00,3.125193569597538801e+00,-2.814817297214174396e-01,1.034881029862690510e-01,0.000000000000000000e+00,0.000000000000000000e+00,0.000000000000000000e+00,2.379255780343259019e+00,-3.371374875051468822e-01,7.878701326604480026e-02,0.000000000000000000e+00,0.000000000000000000e+00,0.000000000000000000e+00,1.624958102008449146e+00,-3.474932814533092107e-01,5.380909299345465469e-02,0.000000000000000000e+00,0.000000000000000000e+00,0.000000000000000000e+00,9.698168211654802917e-01,-3.269404574522525309e-01,3.211465172684142139e-02,0.000000000000000000e+00,0.000000000000000000e+00,0.000000000000000000e+00,4.638303694409715572e-01,-2.883487585824496824e-01,1.535934462038715705e-02,0.000000000000000000e+00,0.000000000000000000e+00,0.000000000000000000e+00,1.170624956055274363e-01,-2.419106438201332199e-01,3.876424077825879264e-03,0.000000000000000000e+00,0.000000000000000000e+00,0.000000000000000000e+00,-8.443941338865221247e-02,-1.945885501842494758e-01,-2.796138707654619027e-03,0.000000000000000000e+00,0.000000000000000000e+00,0.000000000000000000e+00,-1.665802906809608908e-01,-1.500268103968272204e-01,-5.516163365104370490e-03,0.000000000000000000e+00,0.000000000000000000e+00,0.000000000000000000e+00,-1.601250879788602977e-01,-1.086482805244224775e-01,-5.302404867540958487e-03,0.000000000000000000e+00,0.000000000000000000e+00,0.000000000000000000e+00,-9.768320670515986959e-02,-6.676970245946983740e-02,-3.234695557380927108e-03,0.000000000000000000e+00
0.000000000000000000e+00,0.000000000000000000e+00,0.000000000000000000e+00,0.000000000000000000e+00,0.000000000000000000e+00,0.000000000000000000e+00,0.000000000000000000e+00,0.000000000000000000e+00,0.000000000000000000e+00,0.000000000000000000e+00,0.000000000000000000e+00,0.000000000000000000e+00,0.000000000000000000e+00,0.000000000000000000e+00,0.000000000000000000e+00,0.000000000000000000e+00,0.000000000000000000e+00,0.000000000000000000e+00,0.000000000000000000e+00,0.000000000000000000e+00,0.000000000000000000e+00,0.000000000000000000e+00,0.000000000000000000e+00,0.000000000000000000e+00,0.000000000000000000e+00,0.000000000000000000e+00,0.000000000000000000e+00,0.000000000000000000e+00,0.000000000000000000e+00,0.000000000000000000e+00,0.000000000000000000e+00,0.000000000000000000e+00,0.000000000000000000e+00,0.000000000000000000e+00,0.000000000000000000e+00,0.000000000000000000e+00,0.000000000000000000e+00,0.000000000000000000e+00,0.000000000000000000e+00,0.000000000000000000e+00,0.000000000000000000e+00,0.000000000000000000e+00,0.000000000000000000e+00,0.000000000000000000e+00,0.000000000000000000e+00,0.000000000000000000e+00,0.000000000000000000e+00,0.000000000000000000e+00,0.000000000000000000e+00,0.000000000000000000e+00,0.000000000000000000e+00,0.000000000000000000e+00,0.000000000000000000e+00,0.000000000000000000e+00,0.000000000000000000e+00,0.000000000000000000e+00,0.000000000000000000e+00,0.000000000000000000e+00,0.000000000000000000e+00,0.000000000000000000e+00,0.000000000000000000e+00,0.000000000000000000e+00,0.000000000000000000e+00,0.000000000000000000e+00,0.000000000000000000e+00,0.000000000000000000e+00,0.000000000000000000e+00,0.000000000000000000e+00,0.000000000000000000e+00,0.000000000000000000e+00,0.000000000000000000e+00,0.000000000000000000e+00,0.000000000000000000e+00,0.000000000000000000e+00,0.000000000000000000e+00,0.000000000000000000e+00,0.000000000000000000e+00,0.000000000000000000e+00,0.000000000000000000e+00,0.000000000000000000e+00,0.000000000000000000e+00,0.000000000000000000e+00,0.000000000000000000e+00,0.000000000000000000e+00,0.000000000000000000e+00,0.000000000000000000e+00,0.000000000000000000e+00,0.000000000000000000e+00,0.000000000000000000e+00,0.000000000000000000e+00,0.000000000000000000e+00,0.000000000000000000e+00,0.000000000000000000e+00,0.000000000000000000e+00,0.000000000000000000e+00,0.000000000000000000e+00,0.000000000000000000e+00,0.000000000000000000e+00,0.000000000000000000e+00,0.000000000000000000e+00,0.000000000000000000e+00,0.000000000000000000e+00,0.000000000000000000e+00,0.000000000000000000e+00,0.000000000000000000e+00,0.000000000000000000e+00,0.000000000000000000e+00,0.000000000000000000e+00,0.000000000000000000e+00,0.000000000000000000e+00,0.000000000000000000e+00,0.000000000000000000e+00,0.000000000000000000e+00,0.000000000000000000e+00,0.000000000000000000e+00,0.000000000000000000e+00,0.000000000000000000e+00,0.000000000000000000e+00,0.000000000000000000e+00,0.000000000000000000e+00,0.000000000000000000e+00,0.000000000000000000e+00,0.000000000000000000e+00,0.000000000000000000e+00,0.000000000000000000e+00,0.000000000000000000e+00
0.000000000000000000e+00,0.000000000000000000e+00,0.000000000000000000e+00,0.000000000000000000e+00,0.000000000000000000e+00,0.000000000000000000e+00,0.000000000000000000e+00,0.000000000000000000e+00,0.000000000000000000e+00,0.000000000000000000e+00,0.000000000000000000e+00,0.000000000000000000e+00,0.000000000000000000e+00,0.000000000000000000e+00,0.000000000000000000e+00,0.000000000000000000e+00,0.000000000000000000e+00,0.000000000000000000e+00,0.000000000000000000e+00,0.000000000000000000e+00,0.000000000000000000e+00,0.000000000000000000e+00,0.000000000000000000e+00,0.000000000000000000e+00,0.000000000000000000e+00,0.000000000000000000e+00,0.000000000000000000e+00,0.000000000000000000e+00,0.000000000000000000e+00,0.000000000000000000e+00,0.000000000000000000e+00,0.000000000000000000e+00,0.000000000000000000e+00,0.000000000000000000e+00,0.000000000000000000e+00,0.000000000000000000e+00,0.000000000000000000e+00,0.000000000000000000e+00,0.000000000000000000e+00,0.000000000000000000e+00,0.000000000000000000e+00,0.000000000000000000e+00,0.000000000000000000e+00,0.000000000000000000e+00,0.000000000000000000e+00,0.000000000000000000e+00,0.000000000000000000e+00,0.000000000000000000e+00,0.000000000000000000e+00,0.000000000000000000e+00,0.000000000000000000e+00,0.000000000000000000e+00,0.000000000000000000e+00,0.000000000000000000e+00,0.000000000000000000e+00,0.000000000000000000e+00,0.000000000000000000e+00,0.000000000000000000e+00,0.000000000000000000e+00,0.000000000000000000e+00,0.000000000000000000e+00,0.000000000000000000e+00,0.000000000000000000e+00,0.000000000000000000e+00,0.000000000000000000e+00,0.000000000000000000e+00,0.000000000000000000e+00,0.000000000000000000e+00,0.000000000000000000e+00,0.000000000000000000e+00,0.000000000000000000e+00,0.000000000000000000e+00,0.000000000000000000e+00,0.000000000000000000e+00,0.000000000000000000e+00,0.000000000000000000e+00,0.000000000000000000e+00,0.000000000000000000e+00,0.000000000000000000e+00,0.000000000000000000e+00,0.000000000000000000e+00,0.000000000000000000e+00,0.000000000000000000e+00,0.000000000000000000e+00,0.000000000000000000e+00,0.000000000000000000e+00,0.000000000000000000e+00,0.000000000000000000e+00,0.000000000000000000e+00,0.000000000000000000e+00,0.000000000000000000e+00,0.000000000000000000e+00,0.000000000000000000e+00,0.000000000000000000e+00,0.000000000000000000e+00,0.000000000000000000e+00,0.000000000000000000e+00,0.000000000000000000e+00,0.000000000000000000e+00,0.000000000000000000e+00,0.000000000000000000e+00,0.000000000000000000e+00,0.000000000000000000e+00,0.000000000000000000e+00,0.000000000000000000e+00,0.000000000000000000e+00,0.000000000000000000e+00,0.000000000000000000e+00,0.000000000000000000e+00,0.000000000000000000e+00,0.000000000000000000e+00,0.000000000000000000e+00,0.000000000000000000e+00,0.000000000000000000e+00,0.000000000000000000e+00,0.000000000000000000e+00,0.000000000000000000e+00,0.000000000000000000e+00,0.000000000000000000e+00,0.000000000000000000e+00,0.000000000000000000e+00,0.000000000000000000e+00,0.000000000000000000e+00,0.000000000000000000e+00,0.000000000000000000e+00,0.000000000000000000e+00
0.000000000000000000e+00,0.000000000000000000e+00,0.000000000000000000e+00,0.000000000000000000e+00,0.000000000000000000e+00,0.000000000000000000e+00,0.000000000000000000e+00,0.000000000000000000e+00,0.000000000000000000e+00,0.000000000000000000e+00,0.000000000000000000e+00,0.000000000000000000e+00,0.000000000000000000e+00,0.000000000000000000e+00,0.000000000000000000e+00,0.000000000000000000e+00,0.000000000000000000e+00,0.000000000000000000e+00,0.000000000000000000e+00,0.000000000000000000e+00,0.000000000000000000e+00,0.000000000000000000e+00,0.000000000000000000e+00,0.000000000000000000e+00,0.000000000000000000e+00,0.000000000000000000e+00,0.000000000000000000e+00,0.000000000000000000e+00,0.000000000000000000e+00,0.000000000000000000e+00,0.000000000000000000e+00,0.000000000000000000e+00,0.000000000000000000e+00,0.000000000000000000e+00,0.000000000000000000e+00,0.000000000000000000e+00,0.000000000000000000e+00,0.000000000000000000e+00,0.000000000000000000e+00,0.000000000000000000e+00,0.000000000000000000e+00,0.000000000000000000e+00,0.000000000000000000e+00,0.000000000000000000e+00,0.000000000000000000e+00,0.000000000000000000e+00,0.000000000000000000e+00,0.000000000000000000e+00,0.000000000000000000e+00,0.000000000000000000e+00,0.000000000000000000e+00,0.000000000000000000e+00,0.000000000000000000e+00,0.000000000000000000e+00,0.000000000000000000e+00,0.000000000000000000e+00,0.000000000000000000e+00,0.000000000000000000e+00,0.000000000000000000e+00,0.000000000000000000e+00,0.000000000000000000e+00,0.000000000000000000e+00,0.000000000000000000e+00,0.000000000000000000e+00,0.000000000000000000e+00,0.000000000000000000e+00,0.000000000000000000e+00,0.000000000000000000e+00,0.000000000000000000e+00,0.000000000000000000e+00,0.000000000000000000e+00,0.000000000000000000e+00,0.000000000000000000e+00,0.000000000000000000e+00,0.000000000000000000e+00,0.000000000000000000e+00,0.000000000000000000e+00,0.000000000000000000e+00,0.000000000000000000e+00,0.000000000000000000e+00,0.000000000000000000e+00,0.000000000000000000e+00,0.000000000000000000e+00,0.000000000000000000e+00,0.000000000000000000e+00,0.000000000000000000e+00,0.000000000000000000e+00,0.000000000000000000e+00,0.000000000000000000e+00,0.000000000000000000e+00,0.000000000000000000e+00,0.000000000000000000e+00,0.000000000000000000e+00,0.000000000000000000e+00,0.000000000000000000e+00,0.000000000000000000e+00,0.000000000000000000e+00,0.000000000000000000e+00,0.000000000000000000e+00,0.000000000000000000e+00,0.000000000000000000e+00,0.000000000000000000e+00,0.000000000000000000e+00,0.000000000000000000e+00,0.000000000000000000e+00,0.000000000000000000e+00,0.000000000000000000e+00,0.000000000000000000e+00,0.000000000000000000e+00,0.000000000000000000e+00,0.000000000000000000e+00,0.000000000000000000e+00,0.000000000000000000e+00,0.000000000000000000e+00,0.000000000000000000e+00,0.000000000000000000e+00,0.000000000000000000e+00,0.000000000000000000e+00,0.000000000000000000e+00,0.000000000000000000e+00,0.000000000000000000e+00,0.000000000000000000e+00,0.000000000000000000e+00,0.000000000000000000e+00,0.000000000000000000e+00,0.000000000000000000e+00
0.000000000000000000e+00,0.000000000000000000e+00,0.000000000000000000e+00,0.000000000000000000e+00,0.000000000000000000e+00,0.000000000000000000e+00,0.000000000000000000e+00,0.000000000000000000e+00,8.023532179723345337e+01,-2.722610218254404746e+00,2.656923822596317208e+00,0.000000000000000000e+00,0.000000000000000000e+00,0.000000000000000000e+00,1.170557144782570305e+02,-3.571678140627234210e+00,3.876199526615943025e+00,0.000000000000000000e+00,0.000000000000000000e+00,0.000000000000000000e+00,1.349765720466021151e+02,-2.040352737315930920e+00,4.469633345140660019e+00,0.000000000000000000e+00,0.000000000000000000e+00,0.000000000000000000e+00,1.314547235347764342e+02,2.119497532845690646e+00,4.353010354155533612e+00,0.000000000000000000e+00,0.000000000000000000e+00,0.000000000000000000e+00,9.283562795769350373e+01,8.244699376066904506e+00,3.074172147396919907e+00,0.000000000000000000e+00,0.000000000000000000e+00,0.000000000000000000e+00,-1.669494757132519425e+01,1.353282655164999326e+01,-5.528388610610640574e-01,0.000000000000000000e+00,0.000000000000000000e+00,0.000000000000000000e+00,-3.543536786968776937e+02,9.352381551908418800e+00,-1.173411796033750853e+01,0.000000000000000000e+00,0.000000000000000000e+00,0.000000000000000000e+00,-2.583304007712034789e+01,1.347596838234571237e+01,-8.554389519922470653e-01,0.000000000000000000e+00,0.000000000000000000e+00,0.000000000000000000e+00,7.522354494005305980e+01,7.912506286882610596e+00,2.490963133125515316e+00,0.000000000000000000e+00,0.000000000000000000e+00,0.000000000000000000e+00,1.069871983988404338e+02,1.085848992031060556e+00,3.542789257542672932e+00,0.000000000000000000e+00,0.000000000000000000e+00,0.000000000000000000e+00,1.068744891977411839e+02,-4.380049592623462829e+00,3.539056989076383886e+00,0.000000000000000000e+00,0.000000000000000000e+00,0.000000000000000000e+00,9.149704501971945092e+01,-7.926332790157037955e+00,3.029846122190575475e+00,0.000000000000000000e+00,0.000000000000000000e+00,0.000000000000000000e+00,7.006547122704698438e+01,-9.728381697838281994e+00,2.320157948827402894e+00,0.000000000000000000e+00,0.000000000000000000e+00,0.000000000000000000e+00,4.822642243430357212e+01,-1.017401047239824052e+01,1.596976590535877705e+00,0.000000000000000000e+00,0.000000000000000000e+00,0.000000000000000000e+00,2.928708910239472374e+01,-9.678282557698839383e+00,9.698168211663694693e-01,0.000000000000000000e+00,0.000000000000000000e+00,0.000000000000000000e+00,1.480917108683918570e+01,-8.611277119448761397e+00,4.903929911686897847e-01,0.000000000000000000e+00,0.000000000000000000e+00,0.000000000000000000e+00,5.124124183479526806e+00,-7.259982028699043077e+00,1.696809747636371934e-01,0.000000000000000000e+00,0.000000000000000000e+00,0.000000000000000000e+00,-2.074510833105088770e-01,-5.807389102907301925e+00,-6.869564587327478197e-03,0.000000000000000000e+00,0.000000000000000000e+00,0.000000000000000000e+00,-2.069586450732536331e+00,-4.320349779329360373e+00,-6.853257917716043535e-02,0.000000000000000000e+00,0.000000000000000000e+00,0.000000000000000000e+00,-1.624250839193106088e+00,-2.701521171650075104e+00,-5.378567259230501718e-02,0.000000000000000000e+00
0.000000000000000000e+00,0.000000000000000000e+00,0.000000000000000000e+00,0.000000000000000000e+00,0.000000000000000000e+00,0.000000000000000000e+00,0.000000000000000000e+00,0.000000000000000000e+00,-5.625994377729510632e+01,3.304631715161038485e+00,-1.862999755364336263e+00,0.000000000000000000e+00,0.000000000000000000e+00,0.000000000000000000e+00,-8.469343413641765039e+01,4.523234435707367496e+00,-2.804550386713840826e+00,0.000000000000000000e+00,0.000000000000000000e+00,0.000000000000000000e+00,-1.014200882201825493e+02,3.889521279230240491e+00,-3.358439181723514189e+00,0.000000000000000000e+00,0.000000000000000000e+00,0.000000000000000000e+00,-1.038991599776256152e+02,1.310421282994962189e+00,-3.440531515408171703e+00,0.000000000000000000e+00,0.000000000000000000e+00,0.000000000000000000e+00,-8.044129625921124216e+01,-2.537081739748757947e+00,-2.663744490135457887e+00,0.000000000000000000e+00,0.000000000000000000e+00,0.000000000000000000e+00,1.127231822464425659e-01,-4.695946603951966836e+00,3.732731439980067553e-03,0.000000000000000000e+00,0.000000000000000000e+00,0.000000000000000000e+00,2.705870246186220243e+02,7.095027949469502992e+00,8.960257099878212728e+00,0.000000000000000000e+00,0.000000000000000000e+00,0.000000000000000000e+00,6.666365462539753928e+00,-4.795628493318827346e+00,2.207509711535277086e-01,0.000000000000000000e+00,0.000000000000000000e+00,0.000000000000000000e+00,-6.772811850625151919e+01,-2.579498153802671556e+00,-2.242758519416693463e+00,0.000000000000000000e+00,0.000000000000000000e+00,0.000000000000000000e+00,-8.601907327572428130e+01,1.635282680446674020e+00,-2.848447789135816866e+00,0.000000000000000000e+00,0.000000000000000000e+00,0.000000000000000000e+00,-8.042221202890651455e+01,5.032916407288896998e+00,-2.663112532227195128e+00,0.000000000000000000e+00,0.000000000000000000e+00,0.000000000000000000e+00,-6.463985541416191438e+01,7.044807451214339267e+00,-2.140493337499026261e+00,0.000000000000000000e+00,0.000000000000000000e+00,0.000000000000000000e+00,-4.578242546579643601e+01,7.813092295991316050e+00,-1.516045728385271074e+00,0.000000000000000000e+00,0.000000000000000000e+00,0.000000000000000000e+00,-2.792486325069809183e+01,7.660818457778669099e+00,-9.247078811626645578e-01,0.000000000000000000e+00,0.000000000000000000e+00,0.000000000000000000e+00,-1.326366342357221839e+01,6.921473031157391986e+00,-4.392148312690336009e-01,0.000000000000000000e+00,0.000000000000000000e+00,0.000000000000000000e+00,-2.663746412879302916e+00,5.882117120790798737e+00,-8.820767640989943259e-02,0.000000000000000000e+00,0.000000000000000000e+00,0.000000000000000000e+00,3.889878844703612781e+00,4.757795736717755020e+00,1.288099996112042067e-01,0.000000000000000000e+00,0.000000000000000000e+00,0.000000000000000000e+00,6.897966484705428947e+00,3.679214623621855029e+00,2.284202402403345267e-01,0.000000000000000000e+00,0.000000000000000000e+00,0.000000000000000000e+00,7.052592773878446408e+00,2.685927026669505224e+00,2.335405571045444384e-01,0.000000000000000000e+00,0.000000000000000000e+00,0.000000000000000000e+00,4.988035837166654218e+00,1.691016555236558361e+00,1.651745259678042699e-01,0.000000000000000000e+00
0.000000000000000000e+00,0.000000000000000000e+00,0.000000000000000000e+00,0.000000000000000000e+00,0.000000000000000000e+00,0.000000000000000000e+00,0.000000000000000000e+00,0.000000000000000000e+00,2.656923822596322093e+00,-9.015690080741622925e-02,8.798175218789047736e-02,0.000000000000000000e+00,0.000000000000000000e+00,0.000000000000000000e+00,3.876199526615945690e+00,-1.182730563785969330e-01,1.283570207324524481e-01,0.000000000000000000e+00,0.000000000000000000e+00,0.000000000000000000e+00,4.469633345140662684e+00,-6.756452984602191736e-02,1.480080723423306543e-01,0.000000000000000000e+00,0.000000000000000000e+00,0.000000000000000000e+00,4.353010354155565587e+00,7.018534182717026115e-02,1.441462020828223334e-01,0.000000000000000000e+00,0.000000000000000000e+00,0.000000000000000000e+00,3.074172147396931010e+00,2.730161441587499183e-01,1.017985723771671763e-01,0.000000000000000000e+00,0.000000000000000000e+00,0.000000000000000000e+00,-5.528388610610631693e-01,4.481279372569629271e-01,-1.830678443244934672e-02,0.000000000000000000e+00,0.000000000000000000e+00,0.000000000000000000e+00,-1.173411796033750853e+01,3.096960887883235536e-01,-3.885652459245332313e-01,0.000000000000000000e+00,0.000000000000000000e+00,0.000000000000000000e+00,-8.554389519922522833e-01,4.462451277766756319e-01,-2.832712674934892774e-02,0.000000000000000000e+00,0.000000000000000000e+00,0.000000000000000000e+00,2.490963133125533080e+00,2.620158551016925630e-01,8.248610638511279236e-02,0.000000000000000000e+00,0.000000000000000000e+00,0.000000000000000000e+00,3.542789257542673820e+00,3.595695748513863532e-02,1.173164258079665567e-01,0.000000000000000000e+00,0.000000000000000000e+00,0.000000000000000000e+00,3.539056989076384774e+00,-1.450415832593554000e-01,1.171928349407738712e-01,0.000000000000000000e+00,0.000000000000000000e+00,0.000000000000000000e+00,3.029846122190575475e+00,-2.624737078915879707e-01,1.003307540934769981e-01,0.000000000000000000e+00,0.000000000000000000e+00,0.000000000000000000e+00,2.320157948827433536e+00,-3.221470109338782084e-01,7.683003929372031471e-02,0.000000000000000000e+00,0.000000000000000000e+00,0.000000000000000000e+00,1.596976590535877483e+00,-3.369036253605630082e-01,5.288250925504140582e-02,0.000000000000000000e+00,0.000000000000000000e+00,0.000000000000000000e+00,9.698168211663692473e-01,-3.204880209037206940e-01,3.211465172687087005e-02,0.000000000000000000e+00,0.000000000000000000e+00,0.000000000000000000e+00,4.903929911686891185e-01,-2.851550515303215017e-01,1.623894304260500507e-02,0.000000000000000000e+00,0.000000000000000000e+00,0.000000000000000000e+00,1.696809747636371379e-01,-2.404080742944905980e-01,5.618839857465586854e-03,0.000000000000000000e+00,0.000000000000000000e+00,0.000000000000000000e+00,-6.869564587327672486e-03,-1.923067061860119220e-01,-2.274797357834484868e-04,0.000000000000000000e+00,0.000000000000000000e+00,0.000000000000000000e+00,-6.853257917716062964e-02,-1.430646751770706104e-01,-2.269397544138032196e-03,0.000000000000000000e+00,0.000000000000000000e+00,0.000000000000000000e+00,-5.378567259230502412e-02,-8.945855512793497721e-02,-1.781066388516542708e-03,0.000000000000000000e+00
0.000000000000000000e+00,0.000000000000000000e+00,0.000000000000000000e+00,0.000000000000000000e+00,0.000000000000000000e+00,0.000000000000000000e+00,0.000000000000000000e+00,0.000000000000000000e+00,0.000000000000000000e+00,0.000000000000000000e+00,0.000000000000000000e+00,0.000000000000000000e+00,0.000000000000000000e+00,0.000000000000000000e+00,0.000000000000000000e+00,0.000000000000000000e+00,0.000000000000000000e+00,0.000000000000000000e+00,0.000000000000000000e+00,0.000000000000000000e+00,0.000000000000000000e+00,0.000000000000000000e+00,0.000000000000000000e+00,0.000000000000000000e+00,0.000000000000000000e+00,0.000000000000000000e+00,0.000000000000000000e+00,0.000000000000000000e+00,0.000000000000000000e+00,0.000000000000000000e+00,0.000000000000000000e+00,0.000000000000000000e+00,0.000000000000000000e+00,0.000000000000000000e+00,0.000000000000000000e+00,0.000000000000000000e+00,0.000000000000000000e+00,0.000000000000000000e+00,0.000000000000000000e+00,0.000000000000000000e+00,0.000000000000000000e+00,0.000000000000000000e+00,0.000000000000000000e+00,0.000000000000000000e+00,0.000000000000000000e+00,0.000000000000000000e+00,0.000000000000000000e+00,0.000000000000000000e+00,0.000000000000000000e+00,0.000000000000000000e+00,0.000000000000000000e+00,0.000000000000000000e+00,0.000000000000000000e+00,0.000000000000000000e+00,0.000000000000000000e+00,0.000000000000000000e+00,0.000000000000000000e+00,0.000000000000000000e+00,0.000000000000000000e+00,0.000000000000000000e+00,0.000000000000000000e+00,0.000000000000000000e+00,0.000000000000000000e+00,0.000000000000000000e+00,0.000000000000000000e+00,0.000000000000000000e+00,0.000000000000000000e+00,0.000000000000000000e+00,0.000000000000000000e+00,0.000000000000000000e+00,0.000000000000000000e+00,0.000000000000000000e+00,0.000000000000000000e+00,0.000000000000000000e+00,0.000000000000000000e+00,0.000000000000000000e+00,0.000000000000000000e+00,0.000000000000000000e+00,0.000000000000000000e+00,0.000000000000000000e+00,0.000000000000000000e+00,0.000000000000000000e+00,0.000000000000000000e+00,0.000000000000000000e+00,0.000000000000000000e+00,0.000000000000000000e+00,0.000000000000000000e+00,0.000000000000000000e+00,0.000000000000000000e+00,0.000000000000000000e+00,0.000000000000000000e+00,0.000000000000000000e+00,0.000000000000000000e+00,0.000000000000000000e+00,0.000000000000000000e+00,0.000000000000000000e+00,0.000000000000000000e+00,0.000000000000000000e+00,0.000000000000000000e+00,0.000000000000000000e+00,0.000000000000000000e+00,0.000000000000000000e+00,0.000000000000000000e+00,0.000000000000000000e+00,0.000000000000000000e+00,0.000000000000000000e+00,0.000000000000000000e+00,0.000000000000000000e+00,0.000000000000000000e+00,0.000000000000000000e+00,0.000000000000000000e+00,0.000000000000000000e+00,0.000000000000000000e+00,0.000000000000000000e+00,0.000000000000000000e+00,0.000000000000000000e+00,0.000000000000000000e+00,0.000000000000000000e+00,0.000000000000000000e+00,0.000000000000000000e+00,0.000000000000000000e+00,0.000000000000000000e+00,0.000000000000000000e+00,0.000000000000000000e+00,0.000000000000000000e+00,0.000000000000000000e+00
0.000000000000000000e+00,0.000000000000000000e+00,0.000000000000000000e+00,0.000000000000000000e+00,0.000000000000000000e+00,0.000000000000000000e+00,0.000000000000000000e+00,0.000000000000000000e+00,0.000000000000000000e+00,0.000000000000000000e+00,0.000000000000000000e+00,0.000000000000000000e+00,0.000000000000000000e+00,0.000000000000000000e+00,0.000000000000000000e+00,0.000000000000000000e+00,0.000000000000000000e+00,0.000000000000000000e+00,0.000000000000000000e+00,0.000000000000000000e+00,0.000000000000000000e+00,0.000000000000000000e+00,0.000000000000000000e+00,0.000000000000000000e+00,0.000000000000000000e+00,0.000000000000000000e+00,0.000000000000000000e+00,0.000000000000000000e+00,0.000000000000000000e+00,0.000000000000000000e+00,0.000000000000000000e+00,0.000000000000000000e+00,0.000000000000000000e+00,0.000000000000000000e+00,0.000000000000000000e+00,0.000000000000000000e+00,0.000000000000000000e+00,0.000000000000000000e+00,0.000000000000000000e+00,0.000000000000000000e+00,0.000000000000000000e+00,0.000000000000000000e+00,0.000000000000000000e+00,0.000000000000000000e+00,0.000000000000000000e+00,0.000000000000000000e+00,0.000000000000000000e+00,0.000000000000000000e+00,0.000000000000000000e+00,0.000000000000000000e+00,0.000000000000000000e+00,0.000000000000000000e+00,0.000000000000000000e+00,0.000000000000000000e+00,0.000000000000000000e+00,0.000000000000000000e+00,0.000000000000000000e+00,0.000000000000000000e+00,0.000000000000000000e+00,0.000000000000000000e+00,0.000000000000000000e+00,0.000000000000000000e+00,0.000000000000000000e+00,0.000000000000000000e+00,0.000000000000000000e+00,0.000000000000000000e+00,0.000000000000000000e+00,0.000000000000000000e+00,0.000000000000000000e+00,0.000000000000000000e+00,0.000000000000000000e+00,0.000000000000000000e+00,0.000000000000000000e+00,0.000000000000000000e+00,0.000000000000000000e+00,0.000000000000000000e+00,0.000000000000000000e+00,0.000000000000000000e+00,0.000000000000000000e+00,0.000000000000000000e+00,0.000000000000000000e+00,0.000000000000000000e+00,0.000000000000000000e+00,0.000000000000000000e+00,0.000000000000000000e+00,0.000000000000000000e+00,0.000000000000000000e+00,0.000000000000000000e+00,0.000000000000000000e+00,0.000000000000000000e+00,0.000000000000000000e+00,0.000000000000000000e+00,0.000000000000000000e+00,0.000000000000000000e+00,0.000000000000000000e+00,0.000000000000000000e+00,0.000000000000000000e+00,0.000000000000000000e+00,0.000000000000000000e+00,0.000000000000000000e+00,0.000000000000000000e+00,0.000000000000000000e+00,0.000000000000000000e+00,0.000000000000000000e+00,0.000000000000000000e+00,0.000000000000000000e+00,0.000000000000000000e+00,0.000000000000000000e+00,0.000000000000000000e+00,0.000000000000000000e+00,0.000000000000000000e+00,0.000000000000000000e+00,0.000000000000000000e+00,0.000000000000000000e+00,0.000000000000000000e+00,0.000000000000000000e+00,0.000000000000000000e+00,0.000000000000000000e+00,0.000000000000000000e+00,0.000000000000000000e+00,0.000000000000000000e+00,0.000000000000000000e+00,0.000000000000000000e+00,0.000000000000000000e+00,0.000000000000000000e+00,0.000000000000000000e+00
0.000000000000000000e+00,0.000000000000000000e+00,0.000000000000000000e+00,0.000000000000000000e+00,0.000000000000000000e+00,0.000000000000000000e+00,0.000000000000000000e+00,0.000000000000000000e+00,0.000000000000000000e+00,0.000000000000000000e+00,0.000000000000000000e+00,0.000000000000000000e+00,0.000000000000000000e+00,0.000000000000000000e+00,0.000000000000000000e+00,0.000000000000000000e+00,0.000000000000000000e+00,0.000000000000000000e+00,0.000000000000000000e+00,0.000000000000000000e+00,0.000000000000000000e+00,0.000000000000000000e+00,0.000000000000000000e+00,0.000000000000000000e+00,0.000000000000000000e+00,0.000000000000000000e+00,0.000000000000000000e+00,0.000000000000000000e+00,0.000000000000000000e+00,0.000000000000000000e+00,0.000000000000000000e+00,0.000000000000000000e+00,0.000000000000000000e+00,0.000000000000000000e+00,0.000000000000000000e+00,0.000000000000000000e+00,0.000000000000000000e+00,0.000000000000000000e+00,0.000000000000000000e+00,0.000000000000000000e+00,0.000000000000000000e+00,0.000000000000000000e+00,0.000000000000000000e+00,0.000000000000000000e+00,0.000000000000000000e+00,0.000000000000000000e+00,0.000000000000000000e+00,0.000000000000000000e+00,0.000000000000000000e+00,0.000000000000000000e+00,0.000000000000000000e+00,0.000000000000000000e+00,0.000000000000000000e+00,0.000000000000000000e+00,0.000000000000000000e+00,0.000000000000000000e+00,0.000000000000000000e+00,0.000000000000000000e+00,0.000000000000000000e+00,0.000000000000000000e+00,0.000000000000000000e+00,0.000000000000000000e+00,0.000000000000000000e+00,0.000000000000000000e+00,0.000000000000000000e+00,0.000000000000000000e+00,0.000000000000000000e+00,0.000000000000000000e+00,0.000000000000000000e+00,0.000000000000000000e+00,0.000000000000000000e+00,0.000000000000000000e+00,0.000000000000000000e+00,0.000000000000000000e+00,0.000000000000000000e+00,0.000000000000000000e+00,0.000000000000000000e+00,0.000000000000000000e+00,0.000000000000000000e+00,0.000000000000000000e+00,0.000000000000000000e+00,0.000000000000000000e+00,0.000000000000000000e+00,0.000000000000000000e+00,0.000000000000000000e+00,0.000000000000000000e+00,0.000000000000000000e+00,0.000000000000000000e+00,0.000000000000000000e+00,0.000000000000000000e+00,0.000000000000000000e+00,0.000000000000000000e+00,0.000000000000000000e+00,0.000000000000000000e+00,0.000000000000000000e+00,0.000000000000000000e+00,0.000000000000000000e+00,0.000000000000000000e+00,0.000000000000000000e+00,0.000000000000000000e+00,0.000000000000000000e+00,0.000000000000000000e+00,0.000000000000000000e+00,0.000000000000000000e+00,0.000000000000000000e+00,0.000000000000000000e+00,0.000000000000000000e+00,0.000000000000000000e+00,0.000000000000000000e+00,0.000000000000000000e+00,0.000000000000000000e+00,0.000000000000000000e+00,0.000000000000000000e+00,0.000000000000000000e+00,0.000000000000000000e+00,0.000000000000000000e+00,0.000000000000000000e+00,0.000000000000000000e+00,0.000000000000000000e+00,0.000000000000000000e+00,0.000000000000000000e+00,0.000000000000000000e+00,0.000000000000000000e+00,0.000000000000000000e+00,0.000000000000000000e+00,0.000000000000000000e+00
0.000000000000000000e+00,0.000000000000000000e+00,0.000000000000000000e+00,0.000000000000000000e+00,0.000000000000000000e+00,0.000000000000000000e+00,0.000000000000000000e+00,0.000000000000000000e+00,6.138011049495119664e+01,-4.642872747198507177e+00,2.032549682043565564e+00,0.000000000000000000e+00,0.000000000000000000e+00,0.000000000000000000e+00,9.340611724337081512e+01,-6.642301966963765736e+00,3.093063410492784548e+00,0.000000000000000000e+00,0.000000000000000000e+00,0.000000000000000000e+00,1.154901769150550308e+02,-6.482189567697404620e+00,3.824358093769789413e+00,0.000000000000000000e+00,0.000000000000000000e+00,0.000000000000000000e+00,1.271278049987126337e+02,-3.884721031587043072e+00,4.209728160236574368e+00,0.000000000000000000e+00,0.000000000000000000e+00,0.000000000000000000e+00,1.213379948285564041e+02,1.181719322931405580e+00,4.018003565322220361e+00,0.000000000000000000e+00,0.000000000000000000e+00,0.000000000000000000e+00,8.263198614148653576e+01,7.990368945428113712e+00,2.736287305516044821e+00,0.000000000000000000e+00,0.000000000000000000e+00,0.000000000000000000e+00,-2.583304007711994998e+01,1.374173619838584237e+01,-8.554389519922399598e-01,0.000000000000000000e+00,0.000000000000000000e+00,0.000000000000000000e+00,-3.619235519145786952e+02,9.833550070387831354e+00,-1.198478781540414317e+01,0.000000000000000000e+00,0.000000000000000000e+00,0.000000000000000000e+00,-3.173370431923145674e+01,1.407708996216884856e+01,-1.050834384363376950e+00,0.000000000000000000e+00,0.000000000000000000e+00,0.000000000000000000e+00,7.087476151018483961e+01,8.521092427240130718e+00,2.346956902012898194e+00,0.000000000000000000e+00,0.000000000000000000e+00,0.000000000000000000e+00,1.039856388969293306e+02,1.625754896027476359e+00,3.443395190603902645e+00,0.000000000000000000e+00,0.000000000000000000e+00,0.000000000000000000e+00,1.050133408477395704e+02,-3.954136327733755341e+00,3.477426658721359143e+00,0.000000000000000000e+00,0.000000000000000000e+00,0.000000000000000000e+00,9.061504404090422327e+01,-7.634415711821884720e+00,3.000639416718728025e+00,0.000000000000000000e+00,0.000000000000000000e+00,0.000000000000000000e+00,7.006547122705276820e+01,-9.569296803572379773e+00,2.320157948827624939e+00,0.000000000000000000e+00,0.000000000000000000e+00,0.000000000000000000e+00,4.907142429639817038e+01,-1.012734085666120620e+01,1.624958102010476191e+00,0.000000000000000000e+00,0.000000000000000000e+00,0.000000000000000000e+00,3.097800870580800492e+01,-9.703487431997121604e+00,1.025810172670055698e+00,0.000000000000000000e+00,0.000000000000000000e+00,0.000000000000000000e+00,1.734455232817654746e+01,-8.643477775877757452e+00,5.743499650871932705e-01,0.000000000000000000e+00,0.000000000000000000e+00,0.000000000000000000e+00,8.431522054154489965e+00,-7.201322160418860641e+00,2.792026168106109818e-01,0.000000000000000000e+00,0.000000000000000000e+00,0.000000000000000000e+00,3.600710098264567893e+00,-5.507689577039033502e+00,1.192344247402537666e-01,0.000000000000000000e+00,0.000000000000000000e+00,0.000000000000000000e+00,1.523992192809105584e+00,-3.495193552491355327e+00,5.046569356022616998e-02,0.000000000000000000e+00
0.000000000000000000e+00,0.000000000000000000e+00,0.000000000000000000e+00,0.000000000000000000e+00,0.000000000000000000e+00,0.000000000000000000e+00,0.000000000000000000e+00,0.000000000000000000e+00,-4.013973263194608876e+01,4.360695942184015905e+00,-1.329192797805187842e+00,0.000000000000000000e+00,0.000000000000000000e+00,0.000000000000000000e+00,-6.343792836713868866e+01,6.256785648925720089e+00,-2.100692554842117143e+00,0.000000000000000000e+00,0.000000000000000000e+00,0.000000000000000000e+00,-8.181087249857783661e+01,6.541810825526193973e+00,-2.709096831918688775e+00,0.000000000000000000e+00,0.000000000000000000e+00,0.000000000000000000e+00,-9.448118653543984635e+01,5.061702352825189877e+00,-3.128663407464900459e+00,0.000000000000000000e+00,0.000000000000000000e+00,0.000000000000000000e+00,-9.574871027605648521e+01,1.805073584561047717e+00,-3.170636368334457167e+00,0.000000000000000000e+00,0.000000000000000000e+00,0.000000000000000000e+00,-7.258150600855626067e+01,-2.531034266992604476e+00,-2.403474281332047546e+00,0.000000000000000000e+00,0.000000000000000000e+00,0.000000000000000000e+00,6.932133278577770952e+00,-5.005585067990763193e+00,2.295516442971516635e-01,0.000000000000000000e+00,0.000000000000000000e+00,0.000000000000000000e+00,2.760860559421287235e+02,6.613114590188723163e+00,9.142352802834901482e+00,0.000000000000000000e+00,0.000000000000000000e+00,0.000000000000000000e+00,1.084991840817283482e+01,-5.339252348748199317e+00,3.592857365830935956e-01,0.000000000000000000e+00,0.000000000000000000e+00,0.000000000000000000e+00,-6.470639176852532160e+01,-3.105527494129418642e+00,-2.142696631771636717e+00,0.000000000000000000e+00,0.000000000000000000e+00,0.000000000000000000e+00,-8.395377080936893321e+01,1.179153735594898000e+00,-2.780057070424751142e+00,0.000000000000000000e+00,0.000000000000000000e+00,0.000000000000000000e+00,-7.911910494682938122e+01,4.677307315527910347e+00,-2.619961259543147847e+00,0.000000000000000000e+00,0.000000000000000000e+00,0.000000000000000000e+00,-6.395146908049147783e+01,6.803664699434640362e+00,-2.117698014839223486e+00,0.000000000000000000e+00,0.000000000000000000e+00,0.000000000000000000e+00,-4.562334057152882139e+01,7.687415229521604942e+00,-1.510777768639794072e+00,0.000000000000000000e+00,0.000000000000000000e+00,0.000000000000000000e+00,-2.827262216424932717e+01,7.640445248976536874e+00,-9.362236191348946024e-01,0.000000000000000000e+00,0.000000000000000000e+00,0.000000000000000000e+00,-1.414936558206828465e+01,6.984439524353911466e+00,-4.685440981295839746e-01,0.000000000000000000e+00,0.000000000000000000e+00,0.000000000000000000e+00,-4.153647544186195084e+00,5.991049768762535699e+00,-1.375444737257543737e-01,0.000000000000000000e+00,0.000000000000000000e+00,0.000000000000000000e+00,1.725362418506381390e+00,4.852195121723013038e+00,5.713389576634087669e-02,0.000000000000000000e+00,0.000000000000000000e+00,0.000000000000000000e+00,4.032655365979832318e+00,3.657814541301738220e+00,1.335379215810927334e-01,0.000000000000000000e+00,0.000000000000000000e+00,0.000000000000000000e+00,3.524155901985878803e+00,2.337652834875335817e+00,1.166993982300269794e-01,0.000000000000000000e+00
0.000000000000000000e+00,0.000000000000000000e+00,0.000000000000000000e+00,0.000000000000000000e+00,0.000000000000000000e+00,0.000000000000000000e+00,0.000000000000000000e+00,0.000000000000000000e+00,2.032549682043555350e+00,-1.537447464657668572e-01,6.730613836733310984e-02,0.000000000000000000e+00,0.000000000000000000e+00,0.000000000000000000e+00,3.093063410492764564e+00,-2.199541291490506867e-01,1.024241403419237084e-01,0.000000000000000000e+00,0.000000000000000000e+00,0.000000000000000000e+00,3.824358093769763212e+00,-2.146521444573340764e-01,1.266403361745637168e-01,0.000000000000000000e+00,0.000000000000000000e+00,0.000000000000000000e+00,4.209728160236576144e+00,-1.286392030563325573e-01,1.394015351973415529e-01,0.000000000000000000e+00,0.000000000000000000e+00,0.000000000000000000e+00,4.018003565322207038e+00,3.913162121606992422e-02,1.330527397766302633e-01,0.000000000000000000e+00,0.000000000000000000e+00,0.000000000000000000e+00,2.736287305516027502e+00,2.645942102169481780e-01,9.060980581427802161e-02,0.000000000000000000e+00,0.000000000000000000e+00,0.000000000000000000e+00,-8.554389519922352969e-01,4.550458009203653398e-01,-2.832712674934854610e-02,0.000000000000000000e+00,0.000000000000000000e+00,0.000000000000000000e+00,-1.198478781540414317e+01,3.256295713343527187e-01,-3.968659630477998079e-01,0.000000000000000000e+00,0.000000000000000000e+00,0.000000000000000000e+00,-1.050834384363376728e+00,4.661507530042376390e-01,-3.479747880209342614e-02,0.000000000000000000e+00,0.000000000000000000e+00,0.000000000000000000e+00,2.346956902012883095e+00,2.821686628451940959e-01,7.771746362934009444e-02,0.000000000000000000e+00,0.000000000000000000e+00,0.000000000000000000e+00,3.443395190603879996e+00,5.383547814357873135e-02,1.140250765822254791e-01,0.000000000000000000e+00,0.000000000000000000e+00,0.000000000000000000e+00,3.477426658721337382e+00,-1.309378310153612446e-01,1.151519994428042981e-01,0.000000000000000000e+00,0.000000000000000000e+00,0.000000000000000000e+00,3.000639416718747121e+00,-2.528071243685406921e-01,9.936359910724951172e-02,0.000000000000000000e+00,0.000000000000000000e+00,0.000000000000000000e+00,2.320157948827610284e+00,-3.168790511884351235e-01,7.683003929372722585e-02,0.000000000000000000e+00,0.000000000000000000e+00,0.000000000000000000e+00,1.624958102010465089e+00,-3.353582010877384501e-01,5.380909299352212849e-02,0.000000000000000000e+00,0.000000000000000000e+00,0.000000000000000000e+00,1.025810172670048814e+00,-3.213226586850423394e-01,3.396882350788645727e-02,0.000000000000000000e+00,0.000000000000000000e+00,0.000000000000000000e+00,5.743499650871892737e-01,-2.862213486330550949e-01,1.901910618123969082e-02,0.000000000000000000e+00,0.000000000000000000e+00,0.000000000000000000e+00,2.792026168106133688e-01,-2.384656030988498432e-01,9.245555041332420912e-03,0.000000000000000000e+00,0.000000000000000000e+00,0.000000000000000000e+00,1.192344247402529755e-01,-1.823824135918769018e-01,3.948345647151997595e-03,0.000000000000000000e+00,0.000000000000000000e+00,0.000000000000000000e+00,5.046569356022569119e-02,-1.157403348822798328e-01,1.671128132106932404e-03,0.000000000000000000e+00
0.000000000000000000e+00,0.000000000000000000e+00,0.000000000000000000e+00,0.000000000000000000e+00,0.000000000000000000e+00,0.000000000000000000e+00,0.000000000000000000e+00,0.000000000000000000e+00,0.000000000000000000e+00,0.000000000000000000e+00,0.000000000000000000e+00,0.000000000000000000e+00,0.000000000000000000e+00,0.000000000000000000e+00,0.000000000000000000e+00,0.000000000000000000e+00,0.000000000000000000e+00,0.000000000000000000e+00,0.000000000000000000e+00,0.000000000000000000e+00,0.000000000000000000e+00,0.000000000000000000e+00,0.000000000000000000e+00,0.000000000000000000e+00,0.000000000000000000e+00,0.000000000000000000e+00,0.000000000000000000e+00,0.000000000000000000e+00,0.000000000000000000e+00,0.000000000000000000e+00,0.000000000000000000e+00,0.000000000000000000e+00,0.000000000000000000e+00,0.000000000000000000e+00,0.000000000000000000e+00,0.000000000000000000e+00,0.000000000000000000e+00,0.000000000000000000e+00,0.000000000000000000e+00,0.000000000000000000e+00,0.000000000000000000e+00,0.000000000000000000e+00,0.000000000000000000e+00,0.000000000000000000e+00,0.000000000000000000e+00,0.000000000000000000e+00,0.000000000000000000e+00,0.000000000000000000e+00,0.000000000000000000e+00,0.000000000000000000e+00,0.000000000000000000e+00,0.000000000000000000e+00,0.000000000000000000e+00,0.000000000000000000e+00,0.000000000000000000e+00,0.000000000000000000e+00,0.000000000000000000e+00,0.000000000000000000e+00,0.000000000000000000e+00,0.000000000000000000e+00,0.000000000000000000e+00,0.000000000000000000e+00,0.000000000000000000e+00,0.000000000000000000e+00,0.000000000000000000e+00,0.000000000000000000e+00,0.000000000000000000e+00,0.000000000000000000e+00,0.000000000000000000e+00,0.000000000000000000e+00,0.000000000000000000e+00,0.000000000000000000e+00,0.000000000000000000e+00,0.000000000000000000e+00,0.000000000000000000e+00,0.000000000000000000e+00,0.000000000000000000e+00,0.000000000000000000e+00,0.000000000000000000e+00,0.000000000000000000e+00,0.000000000000000000e+00,0.000000000000000000e+00,0.000000000000000000e+00,0.000000000000000000e+00,0.000000000000000000e+00,0.000000000000000000e+00,0.000000000000000000e+00,0.000000000000000000e+00,0.000000000000000000e+00,0.000000000000000000e+00,0.000000000000000000e+00,0.000000000000000000e+00,0.000000000000000000e+00,0.000000000000000000e+00,0.000000000000000000e+00,0.000000000000000000e+00,0.000000000000000000e+00,0.000000000000000000e+00,0.000000000000000000e+00,0.000000000000000000e+00,0.000000000000000000e+00,0.000000000000000000e+00,0.000000000000000000e+00,0.000000000000000000e+00,0.000000000000000000e+00,0.000000000000000000e+00,0.000000000000000000e+00,0.000000000000000000e+00,0.000000000000000000e+00,0.000000000000000000e+00,0.000000000000000000e+00,0.000000000000000000e+00,0.000000000000000000e+00,0.000000000000000000e+00,0.000000000000000000e+00,0.000000000000000000e+00,0.000000000000000000e+00,0.000000000000000000e+00,0.000000000000000000e+00,0.000000000000000000e+00,0.000000000000000000e+00,0.000000000000000000e+00,0.000000000000000000e+00,0.000000000000000000e+00,0.000000000000000000e+00,0.000000000000000000e+00
0.000000000000000000e+00,0.000000000000000000e+00,0.000000000000000000e+00,0.000000000000000000e+00,0.000000000000000000e+00,0.000000000000000000e+00,0.000000000000000000e+00,0.000000000000000000e+00,0.000000000000000000e+00,0.000000000000000000e+00,0.000000000000000000e+00,0.000000000000000000e+00,0.000000000000000000e+00,0.000000000000000000e+00,0.000000000000000000e+00,0.000000000000000000e+00,0.000000000000000000e+00,0.000000000000000000e+00,0.000000000000000000e+00,0.000000000000000000e+00,0.000000000000000000e+00,0.000000000000000000e+00,0.000000000000000000e+00,0.000000000000000000e+00,0.000000000000000000e+00,0.000000000000000000e+00,0.000000000000000000e+00,0.000000000000000000e+00,0.000000000000000000e+00,0.000000000000000000e+00,0.000000000000000000e+00,0.000000000000000000e+00,0.000000000000000000e+00,0.000000000000000000e+00,0.000000000000000000e+00,0.000000000000000000e+00,0.000000000000000000e+00,0.000000000000000000e+00,0.000000000000000000e+00,0.000000000000000000e+00,0.000000000000000000e+00,0.000000000000000000e+00,0.000000000000000000e+00,0.000000000000000000e+00,0.000000000000000000e+00,0.000000000000000000e+00,0.000000000000000000e+00,0.000000000000000000e+00,0.000000000000000000e+00,0.000000000000000000e+00,0.000000000000000000e+00,0.000000000000000000e+00,0.000000000000000000e+00,0.000000000000000000e+00,0.000000000000000000e+00,0.000000000000000000e+00,0.000000000000000000e+00,0.000000000000000000e+00,0.000000000000000000e+00,0.000000000000000000e+00,0.000000000000000000e+00,0.000000000000000000e+00,0.000000000000000000e+00,0.000000000000000000e+00,0.000000000000000000e+00,0.000000000000000000e+00,0.000000000000000000e+00,0.000000000000000000e+00,0.000000000000000000e+00,0.000000000000000000e+00,0.000000000000000000e+00,0.000000000000000000e+00,0.000000000000000000e+00,0.000000000000000000e+00,0.000000000000000000e+00,0.000000000000000000e+00,0.000000000000000000e+00,0.000000000000000000e+00,0.000000000000000000e+00,0.000000000000000000e+00,0.000000000000000000e+00,0.000000000000000000e+00,0.000000000000000000e+00,0.000000000000000000e+00,0.000000000000000000e+00,0.000000000000000000e+00,0.000000000000000000e+00,0.000000000000000000e+00,0.000000000000000000e+00,0.000000000000000000e+00,0.000000000000000000e+00,0.000000000000000000e+00,0.000000000000000000e+00,0.000000000000000000e+00,0.000000000000000000e+00,0.000000000000000000e+00,0.000000000000000000e+00,0.000000000000000000e+00,0.000000000000000000e+00,0.000000000000000000e+00,0.000000000000000000e+00,0.000000000000000000e+00,0.000000000000000000e+00,0.000000000000000000e+00,0.000000000000000000e+00,0.000000000000000000e+00,0.000000000000000000e+00,0.000000000000000000e+00,0.000000000000000000e+00,0.000000000000000000e+00,0.000000000000000000e+00,0.000000000000000000e+00,0.000000000000000000e+00,0.000000000000000000e+00,0.000000000000000000e+00,0.000000000000000000e+00,0.000000000000000000e+00,0.000000000000000000e+00,0.000000000000000000e+00,0.000000000000000000e+00,0.000000000000000000e+00,0.000000000000000000e+00,0.000000000000000000e+00,0.000000000000000000e+00,0.000000000000000000e+00,0.000000000000000000e+00
0.000000000000000000e+00,0.000000000000000000e+00,0.000000000000000000e+00,0.000000000000000000e+00,0.000000000000000000e+00,0.000000000000000000e+00,0.000000000000000000e+00,0.000000000000000000e+00,0.000000000000000000e+00,0.000000000000000000e+00,0.000000000000000000e+00,0.000000000000000000e+00,0.000000000000000000e+00,0.000000000000000000e+00,0.000000000000000000e+00,0.000000000000000000e+00,0.000000000000000000e+00,0.000000000000000000e+00,0.000000000000000000e+00,0.000000000000000000e+00,0.000000000000000000e+00,0.000000000000000000e+00,0.000000000000000000e+00,0.000000000000000000e+00,0.000000000000000000e+00,0.000000000000000000e+00,0.000000000000000000e+00,0.000000000000000000e+00,0.000000000000000000e+00,0.000000000000000000e+00,0.000000000000000000e+00,0.000000000000000000e+00,0.000000000000000000e+00,0.000000000000000000e+00,0.000000000000000000e+00,0.000000000000000000e+00,0.000000000000000000e+00,0.000000000000000000e+00,0.000000000000000000e+00,0.000000000000000000e+00,0.000000000000000000e+00,0.000000000000000000e+00,0.000000000000000000e+00,0.000000000000000000e+00,0.000000000000000000e+00,0.000000000000000000e+00,0.000000000000000000e+00,0.000000000000000000e+00,0.000000000000000000e+00,0.000000000000000000e+00,0.000000000000000000e+00,0.000000000000000000e+00,0.000000000000000000e+00,0.000000000000000000e+00,0.000000000000000000e+00,0.000000000000000000e+00,0.000000000000000000e+00,0.000000000000000000e+00,0.000000000000000000e+00,0.000000000000000000e+00,0.000000000000000000e+00,0.000000000000000000e+00,0.000000000000000000e+00,0.000000000000000000e+00,0.000000000000000000e+00,0.000000000000000000e+00,0.000000000000000000e+00,0.000000000000000000e+00,0.000000000000000000e+00,0.000000000000000000e+00,0.000000000000000000e+00,0.000000000000000000e+00,0.000000000000000000e+00,0.000000000000000000e+00,0.000000000000000000e+00,0.000000000000000000e+00,0.000000000000000000e+00,0.000000000000000000e+00,0.000000000000000000e+00,0.000000000000000000e+00,0.000000000000000000e+00,0.000000000000000000e+00,0.000000000000000000e+00,0.000000000000000000e+00,0.000000000000000000e+00,0.000000000000000000e+00,0.000000000000000000e+00,0.000000000000000000e+00,0.000000000000000000e+00,0.000000000000000000e+00,0.000000000000000000e+00,0.000000000000000000e+00,0.000000000000000000e+00,0.000000000000000000e+00,0.000000000000000000e+00,0.000000000000000000e+00,0.000000000000000000e+00,0.000000000000000000e+00,0.000000000000000000e+00,0.000000000000000000e+00,0.000000000000000000e+00,0.000000000000000000e+00,0.000000000000000000e+00,0.000000000000000000e+00,0.000000000000000000e+00,0.000000000000000000e+00,0.000000000000000000e+00,0.000000000000000000e+00,0.000000000000000000e+00,0.000000000000000000e+00,0.000000000000000000e+00,0.000000000000000000e+00,0.000000000000000000e+00,0.000000000000000000e+00,0.000000000000000000e+00,0.000000000000000000e+00,0.000000000000000000e+00,0.000000000000000000e+00,0.000000000000000000e+00,0.000000000000000000e+00,0.000000000000000000e+00,0.000000000000000000e+00,0.000000000000000000e+00,0.000000000000000000e+00,0.000000000000000000e+00,0.000000000000000000e+00
0.000000000000000000e+00,0.000000000000000000e+00,0.000000000000000000e+00,0.000000000000000000e+00,0.000000000000000000e+00,0.000000000000000000e+00,0.000000000000000000e+00,0.000000000000000000e+00,4.322664161798346072e+01,-5.485661255630505551e+00,1.431413139663056722e+00,0.000000000000000000e+00,0.000000000000000000e+00,0.000000000000000000e+00,6.827346040141408423e+01,-8.100595451161293425e+00,2.260817048257397488e+00,0.000000000000000000e+00,0.000000000000000000e+00,0.000000000000000000e+00,8.954120820297106320e+01,-8.936269012993887983e+00,2.965080264521778197e+00,0.000000000000000000e+00,0.000000000000000000e+00,0.000000000000000000e+00,1.074689158263782787e+02,-7.791567168976556879e+00,3.558740916741069960e+00,0.000000000000000000e+00,0.000000000000000000e+00,0.000000000000000000e+00,1.180073374501827459e+02,-4.434598710010566158e+00,3.907711704639331263e+00,0.000000000000000000e+00,0.000000000000000000e+00,0.000000000000000000e+00,1.126924066135059803e+02,1.162884475276473983e+00,3.731712331307172281e+00,0.000000000000000000e+00,0.000000000000000000e+00,0.000000000000000000e+00,7.522354494006322057e+01,8.301518003610656393e+00,2.490963133125868367e+00,0.000000000000000000e+00,0.000000000000000000e+00,0.000000000000000000e+00,-3.173370431924792712e+01,1.421970800401884816e+01,-1.050834384363922291e+00,0.000000000000000000e+00,0.000000000000000000e+00,0.000000000000000000e+00,-3.663313599162991636e+02,1.035447223330602107e+01,-1.213074859455820942e+01,0.000000000000000000e+00,0.000000000000000000e+00,0.000000000000000000e+00,-3.480035124215546460e+01,1.455361803908864005e+01,-1.152383765390350590e+00,0.000000000000000000e+00,0.000000000000000000e+00,0.000000000000000000e+00,6.896422125542353854e+01,8.897675273889245062e+00,2.283691001120361275e+00,0.000000000000000000e+00,0.000000000000000000e+00,0.000000000000000000e+00,1.030767543478929440e+02,1.873540723642072470e+00,3.413298258775959937e+00,0.000000000000000000e+00,0.000000000000000000e+00,0.000000000000000000e+00,1.050133408477865373e+02,-3.841434322876430052e+00,3.477426658722869490e+00,0.000000000000000000e+00,0.000000000000000000e+00,0.000000000000000000e+00,9.149704501974245829e+01,-7.642810151411960184e+00,3.029846122191336644e+00,0.000000000000000000e+00,0.000000000000000000e+00,0.000000000000000000e+00,7.185014171289390106e+01,-9.664478927763770599e+00,2.379255780345007398e+00,0.000000000000000000e+00,0.000000000000000000e+00,0.000000000000000000e+00,5.178840233028212481e+01,-1.025195163830167466e+01,1.714928497866058610e+00,0.000000000000000000e+00,0.000000000000000000e+00,0.000000000000000000e+00,3.460489923148363545e+01,-9.771268342115474681e+00,1.145911539795734235e+00,0.000000000000000000e+00,0.000000000000000000e+00,0.000000000000000000e+00,2.170681079547587089e+01,-8.529331870809333083e+00,7.188024104999435338e-01,0.000000000000000000e+00,0.000000000000000000e+00,0.000000000000000000e+00,1.301028438140018295e+01,-6.720662319842549692e+00,4.308244017398193959e-01,0.000000000000000000e+00,0.000000000000000000e+00,0.000000000000000000e+00,7.102045272693690237e+00,-4.324763354783801361e+00,2.351781341622048715e-01,0.000000000000000000e+00
0.000000000000000000e+00,0.000000000000000000e+00,0.000000000000000000e+00,0.000000000000000000e+00,0.000000000000000000e+00,0.000000000000000000e+00,0.000000000000000000e+00,0.000000000000000000e+00,-2.563673549919443317e+01,4.637116045992117463e+00,-8.489384943646975934e-01,0.000000000000000000e+00,0.000000000000000000e+00,0.000000000000000000e+00,-4.269132844716077813e+01,6.822161371215475612e+00,-1.413686703422138979e+00,0.000000000000000000e+00,0.000000000000000000e+00,0.000000000000000000e+00,-5.921097812687789741e+01,7.740476541193649140e+00,-1.960720725244926133e+00,0.000000000000000000e+00,0.000000000000000000e+00,0.000000000000000000e+00,-7.520589195999862397e+01,7.286107371475090133e+00,-2.490378569840967948e+00,0.000000000000000000e+00,0.000000000000000000e+00,0.000000000000000000e+00,-8.752037368858893274e+01,5.268879143214689087e+00,-2.898162063877474104e+00,0.000000000000000000e+00,0.000000000000000000e+00,0.000000000000000000e+00,-8.942860689187156709e+01,1.656007894695681104e+00,-2.961351568740238971e+00,0.000000000000000000e+00,0.000000000000000000e+00,0.000000000000000000e+00,-6.733910678953435536e+01,-2.886817410017837648e+00,-2.229876730271187490e+00,0.000000000000000000e+00,0.000000000000000000e+00,0.000000000000000000e+00,1.099253645003581070e+01,-5.451920601809625566e+00,3.640084106432212585e-01,0.000000000000000000e+00,0.000000000000000000e+00,0.000000000000000000e+00,2.790473021005701639e+02,6.161368762940236721e+00,9.240411928001972086e+00,0.000000000000000000e+00,0.000000000000000000e+00,0.000000000000000000e+00,1.287728789789165162e+01,-5.738146593031065557e+00,4.264203373272862363e-01,0.000000000000000000e+00,0.000000000000000000e+00,0.000000000000000000e+00,-6.343782743346476138e+01,-3.415353441893010267e+00,-2.100689212510126413e+00,0.000000000000000000e+00,0.000000000000000000e+00,0.000000000000000000e+00,-8.330417665846987063e+01,9.772058940885198774e-01,-2.758546317605629294e+00,0.000000000000000000e+00,0.000000000000000000e+00,0.000000000000000000e+00,-7.900640294202113978e+01,4.588272731689795769e+00,-2.616229229375822474e+00,0.000000000000000000e+00,0.000000000000000000e+00,0.000000000000000000e+00,-6.435633277543462327e+01,6.820824566605615757e+00,-2.131104728639405810e+00,0.000000000000000000e+00,0.000000000000000000e+00,0.000000000000000000e+00,-4.658053917652716081e+01,7.792293003622673631e+00,-1.542474578967334198e+00,0.000000000000000000e+00,0.000000000000000000e+00,0.000000000000000000e+00,-2.985107902875853725e+01,7.800403436352354447e+00,-9.884928635563686727e-01,0.000000000000000000e+00,0.000000000000000000e+00,0.000000000000000000e+00,-1.642031501277258698e+01,7.147346391340144045e+00,-5.437446395768776863e-01,0.000000000000000000e+00,0.000000000000000000e+00,0.000000000000000000e+00,-7.138733174326535647e+00,6.075785923758169282e+00,-2.363930225388659601e-01,0.000000000000000000e+00,0.000000000000000000e+00,0.000000000000000000e+00,-1.855256751148900651e+00,4.728323270292150049e+00,-6.143523511524245917e-02,0.000000000000000000e+00,0.000000000000000000e+00,0.000000000000000000e+00,2.478478382327635177e-01,3.063591826560725373e+00,8.207268457697340300e-03,0.000000000000000000e+00
0.000000000000000000e+00,0.000000000000000000e+00,0.000000000000000000e+00,0.000000000000000000e+00,0.000000000000000000e+00,0.000000000000000000e+00,0.000000000000000000e+00,0.000000000000000000e+00,1.431413139663049394e+00,-1.816529646333491510e-01,4.740001766752158230e-02,0.000000000000000000e+00,0.000000000000000000e+00,0.000000000000000000e+00,2.260817048257381945e+00,-2.682442663568627150e-01,7.486501629827142790e-02,0.000000000000000000e+00,0.000000000000000000e+00,0.000000000000000000e+00,2.965080264521759545e+00,-2.959168791739215099e-01,9.818608829945146832e-02,0.000000000000000000e+00,0.000000000000000000e+00,0.000000000000000000e+00,3.558740916741071736e+00,-2.580110600033369006e-01,1.178446513124545569e-01,0.000000000000000000e+00,0.000000000000000000e+00,0.000000000000000000e+00,3.907711704639319272e+00,-1.468479304670549934e-01,1.294005194636440592e-01,0.000000000000000000e+00,0.000000000000000000e+00,0.000000000000000000e+00,3.731712331307149189e+00,3.850792140022263332e-02,1.235724512600918923e-01,0.000000000000000000e+00,0.000000000000000000e+00,0.000000000000000000e+00,2.490963133125852824e+00,2.748976442475709603e-01,8.248610638512392235e-02,0.000000000000000000e+00,0.000000000000000000e+00,0.000000000000000000e+00,-1.050834384363922291e+00,4.708734270639359787e-01,-3.479747880211148808e-02,0.000000000000000000e+00,0.000000000000000000e+00,0.000000000000000000e+00,-1.213074859455820764e+01,3.428794616990155086e-01,-4.016993289845527948e-01,0.000000000000000000e+00,0.000000000000000000e+00,0.000000000000000000e+00,-1.152383765390342374e+00,4.819305713104919953e-01,-3.816019940415347339e-02,0.000000000000000000e+00,0.000000000000000000e+00,0.000000000000000000e+00,2.283691001120347508e+00,2.946388806249861658e-01,7.562246761668380002e-02,0.000000000000000000e+00,0.000000000000000000e+00,0.000000000000000000e+00,3.413298258775937732e+00,6.204069317287382035e-02,1.130284425142173560e-01,0.000000000000000000e+00,0.000000000000000000e+00,0.000000000000000000e+00,3.477426658722892139e+00,-1.272058008464470313e-01,1.151519994428542443e-01,0.000000000000000000e+00,0.000000000000000000e+00,0.000000000000000000e+00,3.029846122191318436e+00,-2.530850990313781579e-01,1.003307540935015896e-01,0.000000000000000000e+00,0.000000000000000000e+00,0.000000000000000000e+00,2.379255780344990967e+00,-3.200309255448257062e-01,7.878701326610215716e-02,0.000000000000000000e+00,0.000000000000000000e+00,0.000000000000000000e+00,1.714928497866047064e+00,-3.394845801796001483e-01,5.678838543882719359e-02,0.000000000000000000e+00,0.000000000000000000e+00,0.000000000000000000e+00,1.145911539795726242e+00,-3.235671653533874204e-01,3.794587720811356396e-02,0.000000000000000000e+00,0.000000000000000000e+00,0.000000000000000000e+00,7.188024104999478636e-01,-2.824415049478194994e-01,2.380252494061533414e-02,0.000000000000000000e+00,0.000000000000000000e+00,0.000000000000000000e+00,4.308244017398164538e-01,-2.225489649850286300e-01,1.426638032599995137e-02,0.000000000000000000e+00,0.000000000000000000e+00,0.000000000000000000e+00,2.351781341622033450e-01,-1.432108269404709089e-01,7.787722080661698201e-03,0.000000000000000000e+00
0.000000000000000000e+00,0.000000000000000000e+00,0.000000000000000000e+00,0.000000000000000000e+00,0.000000000000000000e+00,0.000000000000000000e+00,0.000000000000000000e+00,0.000000000000000000e+00,0.000000000000000000e+00,0.000000000000000000e+00,0.000000000000000000e+00,0.000000000000000000e+00,0.000000000000000000e+00,0.000000000000000000e+00,0.000000000000000000e+00,0.000000000000000000e+00,0.000000000000000000e+00,0.000000000000000000e+00,0.000000000000000000e+00,0.000000000000000000e+00,0.000000000000000000e+00,0.000000000000000000e+00,0.000000000000000000e+00,0.000000000000000000e+00,0.000000000000000000e+00,0.000000000000000000e+00,0.000000000000000000e+00,0.000000000000000000e+00,0.000000000000000000e+00,0.000000000000000000e+00,0.000000000000000000e+00,0.000000000000000000e+00,0.000000000000000000e+00,0.000000000000000000e+00,0.000000000000000000e+00,0.000000000000000000e+00,0.000000000000000000e+00,0.000000000000000000e+00,0.000000000000000000e+00,0.000000000000000000e+00,0.000000000000000000e+00,0.000000000000000000e+00,0.000000000000000000e+00,0.000000000000000000e+00,0.000000000000000000e+00,0.000000000000000000e+00,0.000000000000000000e+00,0.000000000000000000e+00,0.000000000000000000e+00,0.000000000000000000e+00,0.000000000000000000e+00,0.000000000000000000e+00,0.000000000000000000e+00,0.000000000000000000e+00,0.000000000000000000e+00,0.000000000000000000e+00,0.000000000000000000e+00,0.000000000000000000e+00,0.000000000000000000e+00,0.000000000000000000e+00,0.000000000000000000e+00,0.000000000000000000e+00,0.000000000000000000e+00,0.000000000000000000e+00,0.000000000000000000e+00,0.000000000000000000e+00,0.000000000000000000e+00,0.000000000000000000e+00,0.000000000000000000e+00,0.000000000000000000e+00,0.000000000000000000e+00,0.000000000000000000e+00,0.000000000000000000e+00,0.000000000000000000e+00,0.000000000000000000e+00,0.000000000000000000e+00,0.000000000000000000e+00,0.000000000000000000e+00,0.000000000000000000e+00,0.000000000000000000e+00,0.000000000000000000e+00,0.000000000000000000e+00,0.000000000000000000e+00,0.000000000000000000e+00,0.000000000000000000e+00,0.000000000000000000e+00,0.000000000000000000e+00,0.000000000000000000e+00,0.000000000000000000e+00,0.000000000000000000e+00,0.000000000000000000e+00,0.000000000000000000e+00,0.000000000000000000e+00,0.000000000000000000e+00,0.000000000000000000e+00,0.000000000000000000e+00,0.000000000000000000e+00,0.000000000000000000e+00,0.000000000000000000e+00,0.000000000000000000e+00,0.000000000000000000e+00,0.000000000000000000e+00,0.000000000000000000e+00,0.000000000000000000e+00,0.000000000000000000e+00,0.000000000000000000e+00,0.000000000000000000e+00,0.000000000000000000e+00,0.000000000000000000e+00,0.000000000000000000e+00,0.000000000000000000e+00,0.000000000000000000e+00,0.000000000000000000e+00,0.000000000000000000e+00,0.000000000000000000e+00,0.000000000000000000e+00,0.000000000000000000e+00,0.000000000000000000e+00,0.000000000000000000e+00,0.000000000000000000e+00,0.000000000000000000e+00,0.000000000000000000e+00,0.000000000000000000e+00,0.000000000000000000e+00,0.000000000000000000e+00,0.000000000000000000e+00
0.000000000000000000e+00,0.000000000000000000e+00,0.000000000000000000e+00,0.000000000000000000e+00,0.000000000000000000e+00,0.000000000000000000e+00,0.000000000000000000e+00,0.000000000000000000e+00,0.000000000000000000e+00,0.000000000000000000e+00,0.000000000000000000e+00,0.000000000000000000e+00,0.000000000000000000e+00,0.000000000000000000e+00,0.000000000000000000e+00,0.000000000000000000e+00,0.000000000000000000e+00,0.000000000000000000e+00,0.000000000000000000e+00,0.000000000000000000e+00,0.000000000000000000e+00,0.000000000000000000e+00,0.000000000000000000e+00,0.000000000000000000e+00,0.000000000000000000e+00,0.000000000000000000e+00,0.000000000000000000e+00,0.000000000000000000e+00,0.000000000000000000e+00,0.000000000000000000e+00,0.000000000000000000e+00,0.000000000000000000e+00,0.000000000000000000e+00,0.000000000000000000e+00,0.000000000000000000e+00,0.000000000000000000e+00,0.000000000000000000e+00,0.000000000000000000e+00,0.000000000000000000e+00,0.000000000000000000e+00,0.000000000000000000e+00,0.000000000000000000e+00,0.000000000000000000e+00,0.000000000000000000e+00,0.000000000000000000e+00,0.000000000000000000e+00,0.000000000000000000e+00,0.000000000000000000e+00,0.000000000000000000e+00,0.000000000000000000e+00,0.000000000000000000e+00,0.000000000000000000e+00,0.000000000000000000e+00,0.000000000000000000e+00,0.000000000000000000e+00,0.000000000000000000e+00,0.000000000000000000e+00,0.000000000000000000e+00,0.000000000000000000e+00,0.000000000000000000e+00,0.000000000000000000e+00,0.000000000000000000e+00,0.000000000000000000e+00,0.000000000000000000e+00,0.000000000000000000e+00,0.000000000000000000e+00,0.000000000000000000e+00,0.000000000000000000e+00,0.000000000000000000e+00,0.000000000000000000e+00,0.000000000000000000e+00,0.000000000000000000e+00,0.000000000000000000e+00,0.000000000000000000e+00,0.000000000000000000e+00,0.000000000000000000e+00,0.000000000000000000e+00,0.000000000000000000e+00,0.000000000000000000e+00,0.000000000000000000e+00,0.000000000000000000e+00,0.000000000000000000e+00,0.000000000000000000e+00,0.000000000000000000e+00,0.000000000000000000e+00,0.000000000000000000e+00,0.000000000000000000e+00,0.000000000000000000e+00,0.000000000000000000e+00,0.000000000000000000e+00,0.000000000000000000e+00,0.000000000000000000e+00,0.000000000000000000e+00,0.000000000000000000e+00,0.000000000000000000e+00,0.000000000000000000e+00,0.000000000000000000e+00,0.000000000000000000e+00,0.000000000000000000e+00,0.000000000000000000e+00,0.000000000000000000e+00,0.000000000000000000e+00,0.000000000000000000e+00,0.000000000000000000e+00,0.000000000000000000e+00,0.000000000000000000e+00,0.000000000000000000e+00,0.000000000000000000e+00,0.000000000000000000e+00,0.000000000000000000e+00,0.000000000000000000e+00,0.000000000000000000e+00,0.000000000000000000e+00,0.000000000000000000e+00,0.000000000000000000e+00,0.000000000000000000e+00,0.000000000000000000e+00,0.000000000000000000e+00,0.000000000000000000e+00,0.000000000000000000e+00,0.000000000000000000e+00,0.000000000000000000e+00,0.000000000000000000e+00,0.000000000000000000e+00,0.000000000000000000e+00,0.000000000000000000e+00
0.000000000000000000e+00,0.000000000000000000e+00,0.000000000000000000e+00,0.000000000000000000e+00,0.000000000000000000e+00,0.000000000000000000e+00,0.000000000000000000e+00,0.000000000000000000e+00,0.000000000000000000e+00,0.000000000000000000e+00,0.000000000000000000e+00,0.000000000000000000e+00,0.000000000000000000e+00,0.000000000000000000e+00,0.000000000000000000e+00,0.000000000000000000e+00,0.000000000000000000e+00,0.000000000000000000e+00,0.000000000000000000e+00,0.000000000000000000e+00,0.000000000000000000e+00,0.000000000000000000e+00,0.000000000000000000e+00,0.000000000000000000e+00,0.000000000000000000e+00,0.000000000000000000e+00,0.000000000000000000e+00,0.000000000000000000e+00,0.000000000000000000e+00,0.000000000000000000e+00,0.000000000000000000e+00,0.000000000000000000e+00,0.000000000000000000e+00,0.000000000000000000e+00,0.000000000000000000e+00,0.000000000000000000e+00,0.000000000000000000e+00,0.000000000000000000e+00,0.000000000000000000e+00,0.000000000000000000e+00,0.000000000000000000e+00,0.000000000000000000e+00,0.000000000000000000e+00,0.000000000000000000e+00,0.000000000000000000e+00,0.000000000000000000e+00,0.000000000000000000e+00,0.000000000000000000e+00,0.000000000000000000e+00,0.000000000000000000e+00,0.000000000000000000e+00,0.000000000000000000e+00,0.000000000000000000e+00,0.000000000000000000e+00,0.000000000000000000e+00,0.000000000000000000e+00,0.000000000000000000e+00,0.000000000000000000e+00,0.000000000000000000e+00,0.000000000000000000e+00,0.000000000000000000e+00,0.000000000000000000e+00,0.000000000000000000e+00,0.000000000000000000e+00,0.000000000000000000e+00,0.000000000000000000e+00,0.000000000000000000e+00,0.000000000000000000e+00,0.000000000000000000e+00,0.000000000000000000e+00,0.000000000000000000e+00,0.000000000000000000e+00,0.000000000000000000e+00,0.000000000000000000e+00,0.000000000000000000e+00,0.000000000000000000e+00,0.000000000000000000e+00,0.000000000000000000e+00,0.000000000000000000e+00,0.000000000000000000e+00,0.000000000000000000e+00,0.000000000000000000e+00,0.000000000000000000e+00,0.000000000000000000e+00,0.000000000000000000e+00,0.000000000000000000e+00,0.000000000000000000e+00,0.000000000000000000e+00,0.000000000000000000e+00,0.000000000000000000e+00,0.000000000000000000e+00,0.000000000000000000e+00,0.000000000000000000e+00,0.000000000000000000e+00,0.000000000000000000e+00,0.000000000000000000e+00,0.000000000000000000e+00,0.000000000000000000e+00,0.000000000000000000e+00,0.000000000000000000e+00,0.000000000000000000e+00,0.000000000000000000e+00,0.000000000000000000e+00,0.000000000000000000e+00,0.000000000000000000e+00,0.000000000000000000e+00,0.000000000000000000e+00,0.000000000000000000e+00,0.000000000000000000e+00,0.000000000000000000e+00,0.000000000000000000e+00,0.000000000000000000e+00,0.000000000000000000e+00,0.000000000000000000e+00,0.000000000000000000e+00,0.000000000000000000e+00,0.000000000000000000e+00,0.000000000000000000e+00,0.000000000000000000e+00,0.000000000000000000e+00,0.000000000000000000e+00,0.000000000000000000e+00,0.000000000000000000e+00,0.000000000000000000e+00,0.000000000000000000e+00,0.000000000000000000e+00
0.000000000000000000e+00,0.000000000000000000e+00,0.000000000000000000e+00,0.000000000000000000e+00,0.000000000000000000e+00,0.000000000000000000e+00,0.000000000000000000e+00,0.000000000000000000e+00,2.774244112262270789e+01,-5.532943392182128051e+00,9.186671289478586244e-01,0.000000000000000000e+00,0.000000000000000000e+00,0.000000000000000000e+00,4.546486730422123657e+01,-8.338500893138572678e+00,1.505530062396174040e+00,0.000000000000000000e+00,0.000000000000000000e+00,0.000000000000000000e+00,6.323035121397442992e+01,-9.795682859173249213e+00,2.093818815559776780e+00,0.000000000000000000e+00,0.000000000000000000e+00,0.000000000000000000e+00,8.205597888425131714e+01,-9.787936308976988187e+00,2.717213319527608917e+00,0.000000000000000000e+00,0.000000000000000000e+00,0.000000000000000000e+00,9.972274622354490248e+01,-8.047757998776472022e+00,3.302233158179951555e+00,0.000000000000000000e+00,0.000000000000000000e+00,0.000000000000000000e+00,1.110546129830587034e+02,-4.308271690085673455e+00,3.677478200805039510e+00,0.000000000000000000e+00,0.000000000000000000e+00,0.000000000000000000e+00,1.069871983988441002e+02,1.499186540640474963e+00,3.542789257542794168e+00,0.000000000000000000e+00,0.000000000000000000e+00,0.000000000000000000e+00,7.087476151018469750e+01,8.715330175478928965e+00,2.346956902012878654e+00,0.000000000000000000e+00,0.000000000000000000e+00,0.000000000000000000e+00,-3.480035124215860520e+01,1.461498958340814269e+01,-1.152383765390446291e+00,0.000000000000000000e+00,0.000000000000000000e+00,0.000000000000000000e+00,-3.682588502794579881e+02,1.066692628547979815e+01,-1.219457578374366413e+01,0.000000000000000000e+00,0.000000000000000000e+00,0.000000000000000000e+00,-3.572317855526063113e+01,1.474602386487237204e+01,-1.182942399884618911e+00,0.000000000000000000e+00,0.000000000000000000e+00,0.000000000000000000e+00,6.896422125543024606e+01,8.956092641687288136e+00,2.283691001120583319e+00,0.000000000000000000e+00,0.000000000000000000e+00,0.000000000000000000e+00,1.039856388969702294e+02,1.805116080801946410e+00,3.443395190605210932e+00,0.000000000000000000e+00,0.000000000000000000e+00,0.000000000000000000e+00,1.068744891977521689e+02,-4.008634437309544829e+00,3.539056989076747151e+00,0.000000000000000000e+00,0.000000000000000000e+00,0.000000000000000000e+00,9.437640236536161353e+01,-7.857798559451134146e+00,3.125193569599555854e+00,0.000000000000000000e+00,0.000000000000000000e+00,0.000000000000000000e+00,7.577733195065431460e+01,-9.849107466638914232e+00,2.509301314716294140e+00,0.000000000000000000e+00,0.000000000000000000e+00,0.000000000000000000e+00,5.666885765904275019e+01,-1.029423909665751324e+01,1.876540587624617284e+00,0.000000000000000000e+00,0.000000000000000000e+00,0.000000000000000000e+00,4.007812012724146200e+01,-9.515796633477370037e+00,1.327152552588318546e+00,0.000000000000000000e+00,0.000000000000000000e+00,0.000000000000000000e+00,2.686629219568244409e+01,-7.758962237654431604e+00,8.896542091516057571e-01,0.000000000000000000e+00,0.000000000000000000e+00,0.000000000000000000e+00,1.570102872516260106e+01,-5.065450128733226975e+00,5.199260914610310813e-01,0.000000000000000000e+00
0.000000000000000000e+00,0.000000000000000000e+00,0.000000000000000000e+00,0.000000000000000000e+00,0.000000000000000000e+00,0.000000000000000000e+00,0.000000000000000000e+00,0.000000000000000000e+00,-1.395933398282496007e+01,4.371004530226937135e+00,-4.622513648075729509e-01,0.000000000000000000e+00,0.000000000000000000e+00,0.000000000000000000e+00,-2.498324134194246682e+01,6.549870028636450847e+00,-8.272985961822241219e-01,0.000000000000000000e+00,0.000000000000000000e+00,0.000000000000000000e+00,-3.795832595590339054e+01,7.822249723417870726e+00,-1.256957387832069006e+00,0.000000000000000000e+00,0.000000000000000000e+00,0.000000000000000000e+00,-5.337154501396776851e+01,8.139634768080012961e+00,-1.767352909168134145e+00,0.000000000000000000e+00,0.000000000000000000e+00,0.000000000000000000e+00,-6.957755469721098507e+01,7.289292468767058608e+00,-2.304001011676530375e+00,0.000000000000000000e+00,0.000000000000000000e+00,0.000000000000000000e+00,-8.269241221650753459e+01,5.035878239265612066e+00,-2.738288263132130584e+00,0.000000000000000000e+00,0.000000000000000000e+00,0.000000000000000000e+00,-8.560573572711808765e+01,1.308746017045297139e+00,-2.834760470943952448e+00,0.000000000000000000e+00,0.000000000000000000e+00,0.000000000000000000e+00,-6.451215402028590518e+01,-3.258975315237835790e+00,-2.136264615435363279e+00,0.000000000000000000e+00,0.000000000000000000e+00,0.000000000000000000e+00,1.293865944221420250e+01,-5.786630113043215395e+00,4.284526033478791018e-01,0.000000000000000000e+00,0.000000000000000000e+00,0.000000000000000000e+00,2.802575654352879724e+02,5.904564965504804697e+00,9.280488759671660759e+00,0.000000000000000000e+00,0.000000000000000000e+00,0.000000000000000000e+00,1.347528719379845974e+01,-5.894057018095797851e+00,4.462225708025359672e-01,0.000000000000000000e+00,0.000000000000000000e+00,0.000000000000000000e+00,-6.337941006566884994e+01,-3.461503162453845928e+00,-2.098754771509907524e+00,0.000000000000000000e+00,0.000000000000000000e+00,0.000000000000000000e+00,-8.377440962463433038e+01,1.037458399622035454e+00,-2.774117678721708113e+00,0.000000000000000000e+00,0.000000000000000000e+00,0.000000000000000000e+00,-8.005079687359469176e+01,4.739498434590906584e+00,-2.650813438111073950e+00,0.000000000000000000e+00,0.000000000000000000e+00,0.000000000000000000e+00,-6.605700984504443340e+01,7.033754583932052107e+00,-2.187421190262241133e+00,0.000000000000000000e+00,0.000000000000000000e+00,0.000000000000000000e+00,-4.902239099138476774e+01,8.019893034542835863e+00,-1.623334406195807045e+00,0.000000000000000000e+00,0.000000000000000000e+00,0.000000000000000000e+00,-3.307114596828535724e+01,7.971353999053893524e+00,-1.095122616766614154e+00,0.000000000000000000e+00,0.000000000000000000e+00,0.000000000000000000e+00,-2.032617314434236988e+01,7.155855764514866379e+00,-6.730837795590696171e-01,0.000000000000000000e+00,0.000000000000000000e+00,0.000000000000000000e+00,-1.135569744625957966e+01,5.760980519598889238e+00,-3.760341753649402152e-01,0.000000000000000000e+00,0.000000000000000000e+00,0.000000000000000000e+00,-5.412049738451417902e+00,3.785497517119349453e+00,-1.792153824160716280e-01,0.000000000000000000e+00
0.000000000000000000e+00,0.000000000000000000e+00,0.000000000000000000e+00,0.000000000000000000e+00,0.000000000000000000e+00,0.000000000000000000e+00,0.000000000000000000e+00,0.000000000000000000e+00,9.186671289478604008e-01,-1.832186720072764285e-01,3.042087356620900088e-02,0.000000000000000000e+00,0.000000000000000000e+00,0.000000000000000000e+00,1.505530062396173152e+00,-2.761223008952209401e-01,4.985433595597849737e-02,0.000000000000000000e+00,0.000000000000000000e+00,0.000000000000000000e+00,2.093818815559776780e+00,-3.243756311329860642e-01,6.933501314196763299e-02,0.000000000000000000e+00,0.000000000000000000e+00,0.000000000000000000e+00,2.717213319527627124e+00,-3.241191107714004316e-01,8.997818713774836941e-02,0.000000000000000000e+00,0.000000000000000000e+00,0.000000000000000000e+00,3.302233158179963546e+00,-2.664945994667470841e-01,1.093506170251108273e-01,0.000000000000000000e+00,0.000000000000000000e+00,0.000000000000000000e+00,3.677478200805040842e+00,-1.426647196172974308e-01,1.217765345727630649e-01,0.000000000000000000e+00,0.000000000000000000e+00,0.000000000000000000e+00,3.542789257542796832e+00,4.964427567710893302e-02,1.173164258079706368e-01,0.000000000000000000e+00,0.000000000000000000e+00,0.000000000000000000e+00,2.346956902012895529e+00,2.886006791814339500e-01,7.771746362933998342e-02,0.000000000000000000e+00,0.000000000000000000e+00,0.000000000000000000e+00,-1.152383765390453396e+00,4.839628373309908249e-01,-3.816019940415690814e-02,0.000000000000000000e+00,0.000000000000000000e+00,0.000000000000000000e+00,-1.219457578374366946e+01,3.532261094857034878e-01,-4.038129115773287925e-01,0.000000000000000000e+00,0.000000000000000000e+00,0.000000000000000000e+00,-1.182942399884618023e+00,4.883019251068073108e-01,-3.917212235971959111e-02,0.000000000000000000e+00,0.000000000000000000e+00,0.000000000000000000e+00,2.283691001120582875e+00,2.965733216252771642e-01,7.562246761669162709e-02,0.000000000000000000e+00,0.000000000000000000e+00,0.000000000000000000e+00,3.443395190605254008e+00,5.977486984790517793e-02,1.140250765822694717e-01,0.000000000000000000e+00,0.000000000000000000e+00,0.000000000000000000e+00,3.539056989076747595e+00,-1.327424891431668585e-01,1.171928349407859171e-01,0.000000000000000000e+00,0.000000000000000000e+00,0.000000000000000000e+00,3.125193569599554522e+00,-2.602042556584925892e-01,1.034881029863358309e-01,0.000000000000000000e+00,0.000000000000000000e+00,0.000000000000000000e+00,2.509301314716293696e+00,-3.261447411597036550e-01,8.309335953048888057e-02,0.000000000000000000e+00,0.000000000000000000e+00,0.000000000000000000e+00,1.876540587624617284e+00,-3.408848930715555059e-01,6.214003109414410059e-02,0.000000000000000000e+00,0.000000000000000000e+00,0.000000000000000000e+00,1.327152552588335865e+00,-3.151074389700975753e-01,4.394751780397299079e-02,0.000000000000000000e+00,0.000000000000000000e+00,0.000000000000000000e+00,8.896542091516054240e-01,-2.569313756844697205e-01,2.946013562632079918e-02,0.000000000000000000e+00,0.000000000000000000e+00,0.000000000000000000e+00,5.199260914610309703e-01,-1.677380337953472689e-01,1.721690631319732281e-02,0.000000000000000000e+00
0.000000000000000000e+00,0.000000000000000000e+00,0.000000000000000000e+00,0.000000000000000000e+00,0.000000000000000000e+00,0.000000000000000000e+00,0.000000000000000000e+00,0.000000000000000000e+00,0.000000000000000000e+00,0.000000000000000000e+00,0.000000000000000000e+00,0.000000000000000000e+00,0.000000000000000000e+00,0.000000000000000000e+00,0.000000000000000000e+00,0.000000000000000000e+00,0.000000000000000000e+00,0.000000000000000000e+00,0.000000000000000000e+00,0.000000000000000000e+00,0.000000000000000000e+00,0.000000000000000000e+00,0.000000000000000000e+00,0.000000000000000000e+00,0.000000000000000000e+00,0.000000000000000000e+00,0.000000000000000000e+00,0.000000000000000000e+00,0.000000000000000000e+00,0.000000000000000000e+00,0.000000000000000000e+00,0.000000000000000000e+00,0.000000000000000000e+00,0.000000000000000000e+00,0.000000000000000000e+00,0.000000000000000000e+00,0.000000000000000000e+00,0.000000000000000000e+00,0.000000000000000000e+00,0.000000000000000000e+00,0.000000000000000000e+00,0.000000000000000000e+00,0.000000000000000000e+00,0.000000000000000000e+00,0.000000000000000000e+00,0.000000000000000000e+00,0.000000000000000000e+00,0.000000000000000000e+00,0.000000000000000000e+00,0.000000000000000000e+00,0.000000000000000000e+00,0.000000000000000000e+00,0.000000000000000000e+00,0.000000000000000000e+00,0.000000000000000000e+00,0.000000000000000000e+00,0.000000000000000000e+00,0.000000000000000000e+00,0.000000000000000000e+00,0.000000000000000000e+00,0.000000000000000000e+00,0.000000000000000000e+00,0.000000000000000000e+00,0.000000000000000000e+00,0.000000000000000000e+00,0.000000000000000000e+00,0.000000000000000000e+00,0.000000000000000000e+00,0.000000000000000000e+00,0.000000000000000000e+00,0.000000000000000000e+00,0.000000000000000000e+00,0.000000000000000000e+00,0.000000000000000000e+00,0.000000000000000000e+00,0.000000000000000000e+00,0.000000000000000000e+00,0.000000000000000000e+00,0.000000000000000000e+00,0.000000000000000000e+00,0.000000000000000000e+00,0.000000000000000000e+00,0.000000000000000000e+00,0.000000000000000000e+00,0.000000000000000000e+00,0.000000000000000000e+00,0.000000000000000000e+00,0.000000000000000000e+00,0.000000000000000000e+00,0.000000000000000000e+00,0.000000000000000000e+00,0.000000000000000000e+00,0.000000000000000000e+00,0.000000000000000000e+00,0.000000000000000000e+00,0.000000000000000000e+00,0.000000000000000000e+00,0.000000000000000000e+00,0.000000000000000000e+00,0.000000000000000000e+00,0.000000000000000000e+00,0.000000000000000000e+00,0.000000000000000000e+00,0.000000000000000000e+00,0.000000000000000000e+00,0.000000000000000000e+00,0.000000000000000000e+00,0.000000000000000000e+00,0.000000000000000000e+00,0.000000000000000000e+00,0.000000000000000000e+00,0.000000000000000000e+00,0.000000000000000000e+00,0.000000000000000000e+00,0.000000000000000000e+00,0.000000000000000000e+00,0.000000000000000000e+00,0.000000000000000000e+00,0.000000000000000000e+00,0.000000000000000000e+00,0.000000000000000000e+00,0.000000000000000000e+00,0.000000000000000000e+00,0.000000000000000000e+00,0.000000000000000000e+00,0.000000000000000000e+00
0.000000000000000000e+00,0.000000000000000000e+00,0.000000000000000000e+00,0.000000000000000000e+00,0.000000000000000000e+00,0.000000000000000000e+00,0.000000000000000000e+00,0.000000000000000000e+00,0.000000000000000000e+00,0.000000000000000000e+00,0.000000000000000000e+00,0.000000000000000000e+00,0.000000000000000000e+00,0.000000000000000000e+00,0.000000000000000000e+00,0.000000000000000000e+00,0.000000000000000000e+00,0.000000000000000000e+00,0.000000000000000000e+00,0.000000000000000000e+00,0.000000000000000000e+00,0.000000000000000000e+00,0.000000000000000000e+00,0.000000000000000000e+00,0.000000000000000000e+00,0.000000000000000000e+00,0.000000000000000000e+00,0.000000000000000000e+00,0.000000000000000000e+00,0.000000000000000000e+00,0.000000000000000000e+00,0.000000000000000000e+00,0.000000000000000000e+00,0.000000000000000000e+00,0.000000000000000000e+00,0.000000000000000000e+00,0.000000000000000000e+00,0.000000000000000000e+00,0.000000000000000000e+00,0.000000000000000000e+00,0.000000000000000000e+00,0.000000000000000000e+00,0.000000000000000000e+00,0.000000000000000000e+00,0.000000000000000000e+00,0.000000000000000000e+00,0.000000000000000000e+00,0.000000000000000000e+00,0.000000000000000000e+00,0.000000000000000000e+00,0.000000000000000000e+00,0.000000000000000000e+00,0.000000000000000000e+00,0.000000000000000000e+00,0.000000000000000000e+00,0.000000000000000000e+00,0.000000000000000000e+00,0.000000000000000000e+00,0.000000000000000000e+00,0.000000000000000000e+00,0.000000000000000000e+00,0.000000000000000000e+00,0.000000000000000000e+00,0.000000000000000000e+00,0.000000000000000000e+00,0.000000000000000000e+00,0.000000000000000000e+00,0.000000000000000000e+00,0.000000000000000000e+00,0.000000000000000000e+00,0.000000000000000000e+00,0.000000000000000000e+00,0.000000000000000000e+00,0.000000000000000000e+00,0.000000000000000000e+00,0.000000000000000000e+00,0.000000000000000000e+00,0.000000000000000000e+00,0.000000000000000000e+00,0.000000000000000000e+00,0.000000000000000000e+00,0.000000000000000000e+00,0.000000000000000000e+00,0.000000000000000000e+00,0.000000000000000000e+00,0.000000000000000000e+00,0.000000000000000000e+00,0.000000000000000000e+00,0.000000000000000000e+00,0.000000000000000000e+00,0.000000000000000000e+00,0.000000000000000000e+00,0.000000000000000000e+00,0.000000000000000000e+00,0.000000000000000000e+00,0.000000000000000000e+00,0.000000000000000000e+00,0.000000000000000000e+00,0.000000000000000000e+00,0.000000000000000000e+00,0.000000000000000000e+00,0.000000000000000000e+00,0.000000000000000000e+00,0.000000000000000000e+00,0.000000000000000000e+00,0.000000000000000000e+00,0.000000000000000000e+00,0.000000000000000000e+00,0.000000000000000000e+00,0.000000000000000000e+00,0.000000000000000000e+00,0.000000000000000000e+00,0.000000000000000000e+00,0.000000000000000000e+00,0.000000000000000000e+00,0.000000000000000000e+00,0.000000000000000000e+00,0.000000000000000000e+00,0.000000000000000000e+00,0.000000000000000000e+00,0.000000000000000000e+00,0.000000000000000000e+00,0.000000000000000000e+00,0.000000000000000000e+00,0.000000000000000000e+00,0.000000000000000000e+00
0.000000000000000000e+00,0.000000000000000000e+00,0.000000000000000000e+00,0.000000000000000000e+00,0.000000000000000000e+00,0.000000000000000000e+00,0.000000000000000000e+00,0.000000000000000000e+00,0.000000000000000000e+00,0.000000000000000000e+00,0.000000000000000000e+00,0.000000000000000000e+00,0.000000000000000000e+00,0.000000000000000000e+00,0.000000000000000000e+00,0.000000000000000000e+00,0.000000000000000000e+00,0.000000000000000000e+00,0.000000000000000000e+00,0.000000000000000000e+00,0.000000000000000000e+00,0.000000000000000000e+00,0.000000000000000000e+00,0.000000000000000000e+00,0.000000000000000000e+00,0.000000000000000000e+00,0.000000000000000000e+00,0.000000000000000000e+00,0.000000000000000000e+00,0.000000000000000000e+00,0.000000000000000000e+00,0.000000000000000000e+00,0.000000000000000000e+00,0.000000000000000000e+00,0.000000000000000000e+00,0.000000000000000000e+00,0.000000000000000000e+00,0.000000000000000000e+00,0.000000000000000000e+00,0.000000000000000000e+00,0.000000000000000000e+00,0.000000000000000000e+00,0.000000000000000000e+00,0.000000000000000000e+00,0.000000000000000000e+00,0.000000000000000000e+00,0.000000000000000000e+00,0.000000000000000000e+00,0.000000000000000000e+00,0.000000000000000000e+00,0.000000000000000000e+00,0.000000000000000000e+00,0.000000000000000000e+00,0.000000000000000000e+00,0.000000000000000000e+00,0.000000000000000000e+00,0.000000000000000000e+00,0.000000000000000000e+00,0.000000000000000000e+00,0.000000000000000000e+00,0.000000000000000000e+00,0.000000000000000000e+00,0.000000000000000000e+00,0.000000000000000000e+00,0.000000000000000000e+00,0.000000000000000000e+00,0.000000000000000000e+00,0.000000000000000000e+00,0.000000000000000000e+00,0.000000000000000000e+00,0.000000000000000000e+00,0.000000000000000000e+00,0.000000000000000000e+00,0.000000000000000000e+00,0.000000000000000000e+00,0.000000000000000000e+00,0.000000000000000000e+00,0.000000000000000000e+00,0.000000000000000000e+00,0.000000000000000000e+00,0.000000000000000000e+00,0.000000000000000000e+00,0.000000000000000000e+00,0.000000000000000000e+00,0.000000000000000000e+00,0.000000000000000000e+00,0.000000000000000000e+00,0.000000000000000000e+00,0.000000000000000000e+00,0.000000000000000000e+00,0.000000000000000000e+00,0.000000000000000000e+00,0.000000000000000000e+00,0.000000000000000000e+00,0.000000000000000000e+00,0.000000000000000000e+00,0.000000000000000000e+00,0.000000000000000000e+00,0.000000000000000000e+00,0.000000000000000000e+00,0.000000000000000000e+00,0.000000000000000000e+00,0.000000000000000000e+00,0.000000000000000000e+00,0.000000000000000000e+00,0.000000000000000000e+00,0.000000000000000000e+00,0.000000000000000000e+00,0.000000000000000000e+00,0.000000000000000000e+00,0.000000000000000000e+00,0.000000000000000000e+00,0.000000000000000000e+00,0.000000000000000000e+00,0.000000000000000000e+00,0.000000000000000000e+00,0.000000000000000000e+00,0.000000000000000000e+00,0.000000000000000000e+00,0.000000000000000000e+00,0.000000000000000000e+00,0.000000000000000000e+00,0.000000000000000000e+00,0.000000000000000000e+00,0.000000000000000000e+00,0.000000000000000000e+00
0.000000000000000000e+00,0.000000000000000000e+00,0.000000000000000000e+00,0.000000000000000000e+00,0.000000000000000000e+00,0.000000000000000000e+00,0.000000000000000000e+00,0.000000000000000000e+00,1.570102872517468562e+01,-5.065450128731442625e+00,5.199260914614304285e-01,0.000000000000000000e+00,0.000000000000000000e+00,0.000000000000000000e+00,2.686629219569670468e+01,-7.758962237651347849e+00,8.896542091520777129e-01,0.000000000000000000e+00,0.000000000000000000e+00,0.000000000000000000e+00,4.007812012721745276e+01,-9.515796633476586663e+00,1.327152552587541168e+00,0.000000000000000000e+00,0.000000000000000000e+00,0.000000000000000000e+00,5.666885765898857841e+01,-1.029423909665822023e+01,1.876540587622810508e+00,0.000000000000000000e+00,0.000000000000000000e+00,0.000000000000000000e+00,7.577733195065090399e+01,-9.849107466634855257e+00,2.509301314716173792e+00,0.000000000000000000e+00,0.000000000000000000e+00,0.000000000000000000e+00,9.437640236530491222e+01,-7.857798559453149423e+00,3.125193569597678689e+00,0.000000000000000000e+00,0.000000000000000000e+00,0.000000000000000000e+00,1.068744891977514158e+02,-4.008634437307281750e+00,3.539056989076722726e+00,0.000000000000000000e+00,0.000000000000000000e+00,0.000000000000000000e+00,1.039856388969331249e+02,1.805116080796036693e+00,3.443395190604007450e+00,0.000000000000000000e+00,0.000000000000000000e+00,0.000000000000000000e+00,6.896422125541108983e+01,8.956092641682481315e+00,2.283691001119933617e+00,0.000000000000000000e+00,0.000000000000000000e+00,0.000000000000000000e+00,-3.572317855531859010e+01,1.474602386485470262e+01,-1.182942399886538043e+00,0.000000000000000000e+00,0.000000000000000000e+00,0.000000000000000000e+00,-3.682588502791772953e+02,1.066692628548943667e+01,-1.219457578373437912e+01,0.000000000000000000e+00,0.000000000000000000e+00,0.000000000000000000e+00,-3.480035124211861586e+01,1.461498958339692322e+01,-1.152383765389130232e+00,0.000000000000000000e+00,0.000000000000000000e+00,0.000000000000000000e+00,7.087476151019616566e+01,8.715330175467393303e+00,2.346956902013241475e+00,0.000000000000000000e+00,0.000000000000000000e+00,0.000000000000000000e+00,1.069871983988382169e+02,1.499186540630170983e+00,3.542789257542598325e+00,0.000000000000000000e+00,0.000000000000000000e+00,0.000000000000000000e+00,1.110546129830947848e+02,-4.308271690088466777e+00,3.677478200806234110e+00,0.000000000000000000e+00,0.000000000000000000e+00,0.000000000000000000e+00,9.972274622352809104e+01,-8.047757998782159916e+00,3.302233158179405326e+00,0.000000000000000000e+00,0.000000000000000000e+00,0.000000000000000000e+00,8.205597888423038455e+01,-9.787936308979080735e+00,2.717213319526933457e+00,0.000000000000000000e+00,0.000000000000000000e+00,0.000000000000000000e+00,6.323035121398003611e+01,-9.795682859171138901e+00,2.093818815559934432e+00,0.000000000000000000e+00,0.000000000000000000e+00,0.000000000000000000e+00,4.546486730417178990e+01,-8.338500893141613801e+00,1.505530062394536905e+00,0.000000000000000000e+00,0.000000000000000000e+00,0.000000000000000000e+00,2.774244112259538753e+01,-5.532943392182629871e+00,9.186671289469554580e-01,0.000000000000000000e+00
0.000000000000000000e+00,0.000000000000000000e+00,0.000000000000000000e+00,0.000000000000000000e+00,0.000000000000000000e+00,0.000000000000000000e+00,0.000000000000000000e+00,0.000000000000000000e+00,-5.412049738461418791e+00,3.785497517117444310e+00,-1.792153824164025022e-01,0.000000000000000000e+00,0.000000000000000000e+00,0.000000000000000000e+00,-1.135569744626310751e+01,5.760980519596488492e+00,-3.760341753650570107e-01,0.000000000000000000e+00,0.000000000000000000e+00,0.000000000000000000e+00,-2.032617314431914579e+01,7.155855764513813000e+00,-6.730837795583096694e-01,0.000000000000000000e+00,0.000000000000000000e+00,0.000000000000000000e+00,-3.307114596823767982e+01,7.971353999054198169e+00,-1.095122616765027868e+00,0.000000000000000000e+00,0.000000000000000000e+00,0.000000000000000000e+00,-4.902239099137715073e+01,8.019893034539729015e+00,-1.623334406195549917e+00,0.000000000000000000e+00,0.000000000000000000e+00,0.000000000000000000e+00,-6.605700984500029449e+01,7.033754583933766291e+00,-2.187421190260778747e+00,0.000000000000000000e+00,0.000000000000000000e+00,0.000000000000000000e+00,-8.005079687360071716e+01,4.739498434589081377e+00,-2.650813438111274678e+00,0.000000000000000000e+00,0.000000000000000000e+00,0.000000000000000000e+00,-8.377440962460433127e+01,1.037458399627796179e+00,-2.774117678720732894e+00,0.000000000000000000e+00,0.000000000000000000e+00,0.000000000000000000e+00,-6.337941006566507696e+01,-3.461503162449969917e+00,-2.098754771509769856e+00,0.000000000000000000e+00,0.000000000000000000e+00,0.000000000000000000e+00,1.347528719383294238e+01,-5.894057018081780619e+00,4.462225708036778871e-01,0.000000000000000000e+00,0.000000000000000000e+00,0.000000000000000000e+00,2.802575654350607692e+02,5.904564965497413276e+00,9.280488759664139664e+00,0.000000000000000000e+00,0.000000000000000000e+00,0.000000000000000000e+00,1.293865944219802877e+01,-5.786630113033147005e+00,4.284526033473467499e-01,0.000000000000000000e+00,0.000000000000000000e+00,0.000000000000000000e+00,-6.451215402029387747e+01,-3.258975315228820779e+00,-2.136264615435612857e+00,0.000000000000000000e+00,0.000000000000000000e+00,0.000000000000000000e+00,-8.560573572710512735e+01,1.308746017054101651e+00,-2.834760470943523014e+00,0.000000000000000000e+00,0.000000000000000000e+00,0.000000000000000000e+00,-8.269241221653737739e+01,5.035878239267758794e+00,-2.738288263133119127e+00,0.000000000000000000e+00,0.000000000000000000e+00,0.000000000000000000e+00,-6.957755469720075325e+01,7.289292468771715328e+00,-2.304001011676198640e+00,0.000000000000000000e+00,0.000000000000000000e+00,0.000000000000000000e+00,-5.337154501395095707e+01,8.139634768082196103e+00,-1.767352909167588804e+00,0.000000000000000000e+00,0.000000000000000000e+00,0.000000000000000000e+00,-3.795832595591214442e+01,7.822249723416527800e+00,-1.256957387832341677e+00,0.000000000000000000e+00,0.000000000000000000e+00,0.000000000000000000e+00,-2.498324134191112122e+01,6.549870028638806296e+00,-8.272985961811859523e-01,0.000000000000000000e+00,0.000000000000000000e+00,0.000000000000000000e+00,-1.395933398280236837e+01,4.371004530227825313e+00,-4.622513648068255487e-01,0.000000000000000000e+00
0.000000000000000000e+00,0.000000000000000000e+00,0.000000000000000000e+00,0.000000000000000000e+00,0.000000000000000000e+00,0.000000000000000000e+00,0.000000000000000000e+00,0.000000000000000000e+00,5.199260914614314277e-01,-1.677380337952882328e-01,1.721690631321055528e-02,0.000000000000000000e+00,0.000000000000000000e+00,0.000000000000000000e+00,8.896542091520796003e-01,-2.569313756843685792e-01,2.946013562633649843e-02,0.000000000000000000e+00,0.000000000000000000e+00,0.000000000000000000e+00,1.327152552587541390e+00,-3.151074389700719292e-01,4.394751780394728913e-02,0.000000000000000000e+00,0.000000000000000000e+00,0.000000000000000000e+00,1.876540587622822720e+00,-3.408848930715789871e-01,6.214003109408426651e-02,0.000000000000000000e+00,0.000000000000000000e+00,0.000000000000000000e+00,2.509301314716181341e+00,-3.261447411595694290e-01,8.309335953048486989e-02,0.000000000000000000e+00,0.000000000000000000e+00,0.000000000000000000e+00,3.125193569597680021e+00,-2.602042556585595356e-01,1.034881029862737140e-01,0.000000000000000000e+00,0.000000000000000000e+00,0.000000000000000000e+00,3.539056989076720949e+00,-1.327424891430913079e-01,1.171928349407850012e-01,0.000000000000000000e+00,0.000000000000000000e+00,0.000000000000000000e+00,3.443395190604028322e+00,5.977486984770900846e-02,1.140250765822296009e-01,0.000000000000000000e+00,0.000000000000000000e+00,0.000000000000000000e+00,2.283691001119948716e+00,2.965733216251190685e-01,7.562246761667017203e-02,0.000000000000000000e+00,0.000000000000000000e+00,0.000000000000000000e+00,-1.182942399886539819e+00,4.883019251062227783e-01,-3.917212235978324159e-02,0.000000000000000000e+00,0.000000000000000000e+00,0.000000000000000000e+00,-1.219457578373438089e+01,3.532261094860204009e-01,-4.038129115770213162e-01,0.000000000000000000e+00,0.000000000000000000e+00,0.000000000000000000e+00,-1.152383765389130010e+00,4.839628373306190667e-01,-3.816019940411334577e-02,0.000000000000000000e+00,0.000000000000000000e+00,0.000000000000000000e+00,2.346956902013273893e+00,2.886006791810528105e-01,7.771746362935197383e-02,0.000000000000000000e+00,0.000000000000000000e+00,0.000000000000000000e+00,3.542789257542601877e+00,4.964427567676793496e-02,1.173164258079642114e-01,0.000000000000000000e+00,0.000000000000000000e+00,0.000000000000000000e+00,3.677478200806234110e+00,-1.426647196173896626e-01,1.217765345728026721e-01,0.000000000000000000e+00,0.000000000000000000e+00,0.000000000000000000e+00,3.302233158179404882e+00,-2.664945994669352669e-01,1.093506170250926890e-01,0.000000000000000000e+00,0.000000000000000000e+00,0.000000000000000000e+00,2.717213319526932569e+00,-3.241191107714699315e-01,8.997818713772601229e-02,0.000000000000000000e+00,0.000000000000000000e+00,0.000000000000000000e+00,2.093818815559962854e+00,-3.243756311329162312e-01,6.933501314197287879e-02,0.000000000000000000e+00,0.000000000000000000e+00,0.000000000000000000e+00,1.505530062394536683e+00,-2.761223008953213043e-01,4.985433595592428380e-02,0.000000000000000000e+00,0.000000000000000000e+00,0.000000000000000000e+00,9.186671289469550139e-01,-1.832186720072930264e-01,3.042087356617908384e-02,0.000000000000000000e+00
0.000000000000000000e+00,0.000000000000000000e+00,0.000000000000000000e+00,0.000000000000000000e+00,0.000000000000000000e+00,0.000000000000000000e+00,0.000000000000000000e+00,0.000000000000000000e+00,0.000000000000000000e+00,0.000000000000000000e+00,0.000000000000000000e+00,0.000000000000000000e+00,0.000000000000000000e+00,0.000000000000000000e+00,0.000000000000000000e+00,0.000000000000000000e+00,0.000000000000000000e+00,0.000000000000000000e+00,0.000000000000000000e+00,0.000000000000000000e+00,0.000000000000000000e+00,0.000000000000000000e+00,0.000000000000000000e+00,0.000000000000000000e+00,0.000000000000000000e+00,0.000000000000000000e+00,0.000000000000000000e+00,0.000000000000000000e+00,0.000000000000000000e+00,0.000000000000000000e+00,0.000000000000000000e+00,0.000000000000000000e+00,0.000000000000000000e+00,0.000000000000000000e+00,0.000000000000000000e+00,0.000000000000000000e+00,0.000000000000000000e+00,0.000000000000000000e+00,0.000000000000000000e+00,0.000000000000000000e+00,0.000000000000000000e+00,0.000000000000000000e+00,0.000000000000000000e+00,0.000000000000000000e+00,0.000000000000000000e+00,0.000000000000000000e+00,0.000000000000000000e+00,0.000000000000000000e+00,0.000000000000000000e+00,0.000000000000000000e+00,0.000000000000000000e+00,0.000000000000000000e+00,0.000000000000000000e+00,0.000000000000000000e+00,0.000000000000000000e+00,0.000000000000000000e+00,0.000000000000000000e+00,0.000000000000000000e+00,0.000000000000000000e+00,0.000000000000000000e+00,0.000000000000000000e+00,0.000000000000000000e+00,0.000000000000000000e+00,0.000000000000000000e+00,0.000000000000000000e+00,0.000000000000000000e+00,0.000000000000000000e+00,0.000000000000000000e+00,0.000000000000000000e+00,0.000000000000000000e+00,0.000000000000000000e+00,0.000000000000000000e+00,0.000000000000000000e+00,0.000000000000000000e+00,0.000000000000000000e+00,0.000000000000000000e+00,0.000000000000000000e+00,0.000000000000000000e+00,0.000000000000000000e+00,0.000000000000000000e+00,0.000000000000000000e+00,0.000000000000000000e+00,0.000000000000000000e+00,0.000000000000000000e+00,0.000000000000000000e+00,0.000000000000000000e+00,0.000000000000000000e+00,0.000000000000000000e+00,0.000000000000000000e+00,0.000000000000000000e+00,0.000000000000000000e+00,0.000000000000000000e+00,0.000000000000000000e+00,0.000000000000000000e+00,0.000000000000000000e+00,0.000000000000000000e+00,0.000000000000000000e+00,0.000000000000000000e+00,0.000000000000000000e+00,0.000000000000000000e+00,0.000000000000000000e+00,0.000000000000000000e+00,0.000000000000000000e+00,0.000000000000000000e+00,0.000000000000000000e+00,0.000000000000000000e+00,0.000000000000000000e+00,0.000000000000000000e+00,0.000000000000000000e+00,0.000000000000000000e+00,0.000000000000000000e+00,0.000000000000000000e+00,0.000000000000000000e+00,0.000000000000000000e+00,0.000000000000000000e+00,0.000000000000000000e+00,0.000000000000000000e+00,0.000000000000000000e+00,0.000000000000000000e+00,0.000000000000000000e+00,0.000000000000000000e+00,0.000000000000000000e+00,0.000000000000000000e+00,0.000000000000000000e+00,0.000000000000000000e+00,0.000000000000000000e+00
0.000000000000000000e+00,0.000000000000000000e+00,0.000000000000000000e+00,0.000000000000000000e+00,0.000000000000000000e+00,0.000000000000000000e+00,0.000000000000000000e+00,0.000000000000000000e+00,0.000000000000000000e+00,0.000000000000000000e+00,0.000000000000000000e+00,0.000000000000000000e+00,0.000000000000000000e+00,0.000000000000000000e+00,0.000000000000000000e+00,0.000000000000000000e+00,0.000000000000000000e+00,0.000000000000000000e+00,0.000000000000000000e+00,0.000000000000000000e+00,0.000000000000000000e+00,0.000000000000000000e+00,0.000000000000000000e+00,0.000000000000000000e+00,0.000000000000000000e+00,0.000000000000000000e+00,0.000000000000000000e+00,0.000000000000000000e+00,0.000000000000000000e+00,0.000000000000000000e+00,0.000000000000000000e+00,0.000000000000000000e+00,0.000000000000000000e+00,0.000000000000000000e+00,0.000000000000000000e+00,0.000000000000000000e+00,0.000000000000000000e+00,0.000000000000000000e+00,0.000000000000000000e+00,0.000000000000000000e+00,0.000000000000000000e+00,0.000000000000000000e+00,0.000000000000000000e+00,0.000000000000000000e+00,0.000000000000000000e+00,0.000000000000000000e+00,0.000000000000000000e+00,0.000000000000000000e+00,0.000000000000000000e+00,0.000000000000000000e+00,0.000000000000000000e+00,0.000000000000000000e+00,0.000000000000000000e+00,0.000000000000000000e+00,0.000000000000000000e+00,0.000000000000000000e+00,0.000000000000000000e+00,0.000000000000000000e+00,0.000000000000000000e+00,0.000000000000000000e+00,0.000000000000000000e+00,0.000000000000000000e+00,0.000000000000000000e+00,0.000000000000000000e+00,0.000000000000000000e+00,0.000000000000000000e+00,0.000000000000000000e+00,0.000000000000000000e+00,0.000000000000000000e+00,0.000000000000000000e+00,0.000000000000000000e+00,0.000000000000000000e+00,0.000000000000000000e+00,0.000000000000000000e+00,0.000000000000000000e+00,0.000000000000000000e+00,0.000000000000000000e+00,0.000000000000000000e+00,0.000000000000000000e+00,0.000000000000000000e+00,0.000000000000000000e+00,0.000000000000000000e+00,0.000000000000000000e+00,0.000000000000000000e+00,0.000000000000000000e+00,0.000000000000000000e+00,0.000000000000000000e+00,0.000000000000000000e+00,0.000000000000000000e+00,0.000000000000000000e+00,0.000000000000000000e+00,0.000000000000000000e+00,0.000000000000000000e+00,0.000000000000000000e+00,0.000000000000000000e+00,0.000000000000000000e+00,0.000000000000000000e+00,0.000000000000000000e+00,0.000000000000000000e+00,0.000000000000000000e+00,0.000000000000000000e+00,0.000000000000000000e+00,0.000000000000000000e+00,0.000000000000000000e+00,0.000000000000000000e+00,0.000000000000000000e+00,0.000000000000000000e+00,0.000000000000000000e+00,0.000000000000000000e+00,0.000000000000000000e+00,0.000000000000000000e+00,0.000000000000000000e+00,0.000000000000000000e+00,0.000000000000000000e+00,0.000000000000000000e+00,0.000000000000000000e+00,0.000000000000000000e+00,0.000000000000000000e+00,0.000000000000000000e+00,0.000000000000000000e+00,0.000000000000000000e+00,0.000000000000000000e+00,0.000000000000000000e+00,0.000000000000000000e+00,0.000000000000000000e+00,0.000000000000000000e+00
0.000000000000000000e+00,0.000000000000000000e+00,0.000000000000000000e+00,0.000000000000000000e+00,0.000000000000000000e+00,0.000000000000000000e+00,0.000000000000000000e+00,0.000000000000000000e+00,0.000000000000000000e+00,0.000000000000000000e+00,0.000000000000000000e+00,0.000000000000000000e+00,0.000000000000000000e+00,0.000000000000000000e+00,0.000000000000000000e+00,0.000000000000000000e+00,0.000000000000000000e+00,0.000000000000000000e+00,0.000000000000000000e+00,0.000000000000000000e+00,0.000000000000000000e+00,0.000000000000000000e+00,0.000000000000000000e+00,0.000000000000000000e+00,0.000000000000000000e+00,0.000000000000000000e+00,0.000000000000000000e+00,0.000000000000000000e+00,0.000000000000000000e+00,0.000000000000000000e+00,0.000000000000000000e+00,0.000000000000000000e+00,0.000000000000000000e+00,0.000000000000000000e+00,0.000000000000000000e+00,0.000000000000000000e+00,0.000000000000000000e+00,0.000000000000000000e+00,0.000000000000000000e+00,0.000000000000000000e+00,0.000000000000000000e+00,0.000000000000000000e+00,0.000000000000000000e+00,0.000000000000000000e+00,0.000000000000000000e+00,0.000000000000000000e+00,0.000000000000000000e+00,0.000000000000000000e+00,0.000000000000000000e+00,0.000000000000000000e+00,0.000000000000000000e+00,0.000000000000000000e+00,0.000000000000000000e+00,0.000000000000000000e+00,0.000000000000000000e+00,0.000000000000000000e+00,0.000000000000000000e+00,0.000000000000000000e+00,0.000000000000000000e+00,0.000000000000000000e+00,0.000000000000000000e+00,0.000000000000000000e+00,0.000000000000000000e+00,0.000000000000000000e+00,0.000000000000000000e+00,0.000000000000000000e+00,0.000000000000000000e+00,0.000000000000000000e+00,0.000000000000000000e+00,0.000000000000000000e+00,0.000000000000000000e+00,0.000000000000000000e+00,0.000000000000000000e+00,0.000000000000000000e+00,0.000000000000000000e+00,0.000000000000000000e+00,0.000000000000000000e+00,0.000000000000000000e+00,0.000000000000000000e+00,0.000000000000000000e+00,0.000000000000000000e+00,0.000000000000000000e+00,0.000000000000000000e+00,0.000000000000000000e+00,0.000000000000000000e+00,0.000000000000000000e+00,0.000000000000000000e+00,0.000000000000000000e+00,0.000000000000000000e+00,0.000000000000000000e+00,0.000000000000000000e+00,0.000000000000000000e+00,0.000000000000000000e+00,0.000000000000000000e+00,0.000000000000000000e+00,0.000000000000000000e+00,0.000000000000000000e+00,0.000000000000000000e+00,0.000000000000000000e+00,0.000000000000000000e+00,0.000000000000000000e+00,0.000000000000000000e+00,0.000000000000000000e+00,0.000000000000000000e+00,0.000000000000000000e+00,0.000000000000000000e+00,0.000000000000000000e+00,0.000000000000000000e+00,0.000000000000000000e+00,0.000000000000000000e+00,0.000000000000000000e+00,0.000000000000000000e+00,0.000000000000000000e+00,0.000000000000000000e+00,0.000000000000000000e+00,0.000000000000000000e+00,0.000000000000000000e+00,0.000000000000000000e+00,0.000000000000000000e+00,0.000000000000000000e+00,0.000000000000000000e+00,0.000000000000000000e+00,0.000000000000000000e+00,0.000000000000000000e+00,0.000000000000000000e+00,0.000000000000000000e+00
0.000000000000000000e+00,0.000000000000000000e+00,0.000000000000000000e+00,0.000000000000000000e+00,0.000000000000000000e+00,0.000000000000000000e+00,0.000000000000000000e+00,0.000000000000000000e+00,7.102045272685604260e+00,-4.324763354783934588e+00,2.351781341619366972e-01,0.000000000000000000e+00,0.000000000000000000e+00,0.000000000000000000e+00,1.301028438138933474e+01,-6.720662319842134025e+00,4.308244017394601832e-01,0.000000000000000000e+00,0.000000000000000000e+00,0.000000000000000000e+00,2.170681079544762326e+01,-8.529331870811185823e+00,7.188024104990180518e-01,0.000000000000000000e+00,0.000000000000000000e+00,0.000000000000000000e+00,3.460489923147758873e+01,-9.771268342116865568e+00,1.145911539795526179e+00,0.000000000000000000e+00,0.000000000000000000e+00,0.000000000000000000e+00,5.178840233032844509e+01,-1.025195163829871170e+01,1.714928497867586499e+00,0.000000000000000000e+00,0.000000000000000000e+00,0.000000000000000000e+00,7.185014171283341966e+01,-9.664478927769209804e+00,2.379255780343005888e+00,0.000000000000000000e+00,0.000000000000000000e+00,0.000000000000000000e+00,9.149704501972327364e+01,-7.642810151415356579e+00,3.029846122190702484e+00,0.000000000000000000e+00,0.000000000000000000e+00,0.000000000000000000e+00,1.050133408477389594e+02,-3.841434322883795716e+00,3.477426658721316510e+00,0.000000000000000000e+00,0.000000000000000000e+00,0.000000000000000000e+00,1.030767543478880697e+02,1.873540723635282124e+00,3.413298258775773864e+00,0.000000000000000000e+00,0.000000000000000000e+00,0.000000000000000000e+00,6.896422125542929393e+01,8.897675273878853375e+00,2.283691001120551345e+00,0.000000000000000000e+00,0.000000000000000000e+00,0.000000000000000000e+00,-3.480035124213489439e+01,1.455361803907429596e+01,-1.152383765389669357e+00,0.000000000000000000e+00,0.000000000000000000e+00,0.000000000000000000e+00,-3.663313599160171066e+02,1.035447223331159350e+01,-1.213074859454895638e+01,0.000000000000000000e+00,0.000000000000000000e+00,0.000000000000000000e+00,-3.173370431916444190e+01,1.421970800401013868e+01,-1.050834384361150509e+00,0.000000000000000000e+00,0.000000000000000000e+00,0.000000000000000000e+00,7.522354494003270986e+01,8.301518003602001983e+00,2.490963133124858953e+00,0.000000000000000000e+00,0.000000000000000000e+00,0.000000000000000000e+00,1.126924066135234455e+02,1.162884475275908214e+00,3.731712331307752706e+00,0.000000000000000000e+00,0.000000000000000000e+00,0.000000000000000000e+00,1.180073374501133259e+02,-4.434598710011742106e+00,3.907711704637045980e+00,0.000000000000000000e+00,0.000000000000000000e+00,0.000000000000000000e+00,1.074689158262961399e+02,-7.791567168973589474e+00,3.558740916738374338e+00,0.000000000000000000e+00,0.000000000000000000e+00,0.000000000000000000e+00,8.954120820292493477e+01,-8.936269012985047056e+00,2.965080264520210562e+00,0.000000000000000000e+00,0.000000000000000000e+00,0.000000000000000000e+00,6.827346040129471305e+01,-8.100595451161252569e+00,2.260817048253444206e+00,0.000000000000000000e+00,0.000000000000000000e+00,0.000000000000000000e+00,4.322664161795479743e+01,-5.485661255625082333e+00,1.431413139662110590e+00,0.000000000000000000e+00
0.000000000000000000e+00,0.000000000000000000e+00,0.000000000000000000e+00,0.000000000000000000e+00,0.000000000000000000e+00,0.000000000000000000e+00,0.000000000000000000e+00,0.000000000000000000e+00,2.478478382392432511e-01,3.063591826560549958e+00,8.207268457911925594e-03,0.000000000000000000e+00,0.000000000000000000e+00,0.000000000000000000e+00,-1.855256751132976278e+00,4.728323270292016822e+00,-6.143523511471515181e-02,0.000000000000000000e+00,0.000000000000000000e+00,0.000000000000000000e+00,-7.138733174300100792e+00,6.075785923759559282e+00,-2.363930225379939354e-01,0.000000000000000000e+00,0.000000000000000000e+00,0.000000000000000000e+00,-1.642031501276765582e+01,7.147346391341112160e+00,-5.437446395767107088e-01,0.000000000000000000e+00,0.000000000000000000e+00,0.000000000000000000e+00,-2.985107902879497388e+01,7.800403436350191733e+00,-9.884928635575717104e-01,0.000000000000000000e+00,0.000000000000000000e+00,0.000000000000000000e+00,-4.658053917648209108e+01,7.792293003627086989e+00,-1.542474578965841836e+00,0.000000000000000000e+00,0.000000000000000000e+00,0.000000000000000000e+00,-6.435633277542332564e+01,6.820824566608563622e+00,-2.131104728639032775e+00,0.000000000000000000e+00,0.000000000000000000e+00,0.000000000000000000e+00,-7.900640294198107938e+01,4.588272731696443785e+00,-2.616229229374515075e+00,0.000000000000000000e+00,0.000000000000000000e+00,0.000000000000000000e+00,-8.330417665847382125e+01,9.772058940939827298e-01,-2.758546317605741649e+00,0.000000000000000000e+00,0.000000000000000000e+00,0.000000000000000000e+00,-6.343782743347914987e+01,-3.415353441885284447e+00,-2.100689212510602033e+00,0.000000000000000000e+00,0.000000000000000000e+00,0.000000000000000000e+00,1.287728789789097306e+01,-5.738146593018010222e+00,4.264203373272634767e-01,0.000000000000000000e+00,0.000000000000000000e+00,0.000000000000000000e+00,2.790473021003422218e+02,6.161368762935579113e+00,9.240411927994475860e+00,0.000000000000000000e+00,0.000000000000000000e+00,0.000000000000000000e+00,1.099253644996186630e+01,-5.451920601803379007e+00,3.640084106407701636e-01,0.000000000000000000e+00,0.000000000000000000e+00,0.000000000000000000e+00,-6.733910678949723660e+01,-2.886817410010262375e+00,-2.229876730269957363e+00,0.000000000000000000e+00,0.000000000000000000e+00,0.000000000000000000e+00,-8.942860689189026857e+01,1.656007894695602722e+00,-2.961351568740858031e+00,0.000000000000000000e+00,0.000000000000000000e+00,0.000000000000000000e+00,-8.752037368853213195e+01,5.268879143215669636e+00,-2.898162063875602712e+00,0.000000000000000000e+00,0.000000000000000000e+00,0.000000000000000000e+00,-7.520589195992940290e+01,7.286107371472899885e+00,-2.490378569838694656e+00,0.000000000000000000e+00,0.000000000000000000e+00,0.000000000000000000e+00,-5.921097812684255501e+01,7.740476541186496640e+00,-1.960720725243729090e+00,0.000000000000000000e+00,0.000000000000000000e+00,0.000000000000000000e+00,-4.269132844706929575e+01,6.822161371215217152e+00,-1.413686703419109847e+00,0.000000000000000000e+00,0.000000000000000000e+00,0.000000000000000000e+00,-2.563673549917016103e+01,4.637116045987967894e+00,-8.489384943638953462e-01,0.000000000000000000e+00
0.000000000000000000e+00,0.000000000000000000e+00,0.000000000000000000e+00,0.000000000000000000e+00,0.000000000000000000e+00,0.000000000000000000e+00,0.000000000000000000e+00,0.000000000000000000e+00,2.351781341619371135e-01,-1.432108269404761547e-01,7.787722080652868459e-03,0.000000000000000000e+00,0.000000000000000000e+00,0.000000000000000000e+00,4.308244017394600722e-01,-2.225489649850163065e-01,1.426638032598815178e-02,0.000000000000000000e+00,0.000000000000000000e+00,0.000000000000000000e+00,7.188024104990178298e-01,-2.824415049478830597e-01,2.380252494058485505e-02,0.000000000000000000e+00,0.000000000000000000e+00,0.000000000000000000e+00,1.145911539795533729e+00,-3.235671653534356595e-01,3.794587720810692344e-02,0.000000000000000000e+00,0.000000000000000000e+00,0.000000000000000000e+00,1.714928497867592938e+00,-3.394845801795042251e-01,5.678838543887818058e-02,0.000000000000000000e+00,0.000000000000000000e+00,0.000000000000000000e+00,2.379255780343005888e+00,-3.200309255450081158e-01,7.878701326603641808e-02,0.000000000000000000e+00,0.000000000000000000e+00,0.000000000000000000e+00,3.029846122190702928e+00,-2.530850990314921223e-01,1.003307540934811892e-01,0.000000000000000000e+00,0.000000000000000000e+00,0.000000000000000000e+00,3.477426658721340491e+00,-1.272058008466919188e-01,1.151519994428036320e-01,0.000000000000000000e+00,0.000000000000000000e+00,0.000000000000000000e+00,3.413298258775798288e+00,6.204069317264922223e-02,1.130284425142120130e-01,0.000000000000000000e+00,0.000000000000000000e+00,0.000000000000000000e+00,2.283691001120552677e+00,2.946388806246439396e-01,7.562246761669061401e-02,0.000000000000000000e+00,0.000000000000000000e+00,0.000000000000000000e+00,-1.152383765389668913e+00,4.819305713100203170e-01,-3.816019940413119260e-02,0.000000000000000000e+00,0.000000000000000000e+00,0.000000000000000000e+00,-1.213074859454895460e+01,3.428794616992023037e-01,-4.016993289842490378e-01,0.000000000000000000e+00,0.000000000000000000e+00,0.000000000000000000e+00,-1.050834384361164942e+00,4.708734270636503738e-01,-3.479747880201995019e-02,0.000000000000000000e+00,0.000000000000000000e+00,0.000000000000000000e+00,2.490963133124860729e+00,2.748976442472856330e-01,8.248610638509103199e-02,0.000000000000000000e+00,0.000000000000000000e+00,0.000000000000000000e+00,3.731712331307751818e+00,3.850792140020448812e-02,1.235724512601118624e-01,0.000000000000000000e+00,0.000000000000000000e+00,0.000000000000000000e+00,3.907711704637045536e+00,-1.468479304670944341e-01,1.294005194635692024e-01,0.000000000000000000e+00,0.000000000000000000e+00,0.000000000000000000e+00,3.558740916738374338e+00,-2.580110600032403112e-01,1.178446513123660028e-01,0.000000000000000000e+00,0.000000000000000000e+00,0.000000000000000000e+00,2.965080264520251419e+00,-2.959168791736307425e-01,9.818608829940020377e-02,0.000000000000000000e+00,0.000000000000000000e+00,0.000000000000000000e+00,2.260817048253445538e+00,-2.682442663568633812e-01,7.486501629814104608e-02,0.000000000000000000e+00,0.000000000000000000e+00,0.000000000000000000e+00,1.431413139662110146e+00,-1.816529646331707937e-01,4.740001766749055157e-02,0.000000000000000000e+00
0.000000000000000000e+00,0.000000000000000000e+00,0.000000000000000000e+00,0.000000000000000000e+00,0.000000000000000000e+00,0.000000000000000000e+00,0.000000000000000000e+00,0.000000000000000000e+00,0.000000000000000000e+00,0.000000000000000000e+00,0.000000000000000000e+00,0.000000000000000000e+00,0.000000000000000000e+00,0.000000000000000000e+00,0.000000000000000000e+00,0.000000000000000000e+00,0.000000000000000000e+00,0.000000000000000000e+00,0.000000000000000000e+00,0.000000000000000000e+00,0.000000000000000000e+00,0.000000000000000000e+00,0.000000000000000000e+00,0.000000000000000000e+00,0.000000000000000000e+00,0.000000000000000000e+00,0.000000000000000000e+00,0.000000000000000000e+00,0.000000000000000000e+00,0.000000000000000000e+00,0.000000000000000000e+00,0.000000000000000000e+00,0.000000000000000000e+00,0.000000000000000000e+00,0.000000000000000000e+00,0.000000000000000000e+00,0.000000000000000000e+00,0.000000000000000000e+00,0.000000000000000000e+00,0.000000000000000000e+00,0.000000000000000000e+00,0.000000000000000000e+00,0.000000000000000000e+00,0.000000000000000000e+00,0.000000000000000000e+00,0.000000000000000000e+00,0.000000000000000000e+00,0.000000000000000000e+00,0.000000000000000000e+00,0.000000000000000000e+00,0.000000000000000000e+00,0.000000000000000000e+00,0.000000000000000000e+00,0.000000000000000000e+00,0.000000000000000000e+00,0.000000000000000000e+00,0.000000000000000000e+00,0.000000000000000000e+00,0.000000000000000000e+00,0.000000000000000000e+00,0.000000000000000000e+00,0.000000000000000000e+00,0.000000000000000000e+00,0.000000000000000000e+00,0.000000000000000000e+00,0.000000000000000000e+00,0.000000000000000000e+00,0.000000000000000000e+00,0.000000000000000000e+00,0.000000000000000000e+00,0.000000000000000000e+00,0.000000000000000000e+00,0.000000000000000000e+00,0.000000000000000000e+00,0.000000000000000000e+00,0.000000000000000000e+00,0.000000000000000000e+00,0.000000000000000000e+00,0.000000000000000000e+00,0.000000000000000000e+00,0.000000000000000000e+00,0.000000000000000000e+00,0.000000000000000000e+00,0.000000000000000000e+00,0.000000000000000000e+00,0.000000000000000000e+00,0.000000000000000000e+00,0.000000000000000000e+00,0.000000000000000000e+00,0.000000000000000000e+00,0.000000000000000000e+00,0.000000000000000000e+00,0.000000000000000000e+00,0.000000000000000000e+00,0.000000000000000000e+00,0.000000000000000000e+00,0.000000000000000000e+00,0.000000000000000000e+00,0.000000000000000000e+00,0.000000000000000000e+00,0.000000000000000000e+00,0.000000000000000000e+00,0.000000000000000000e+00,0.000000000000000000e+00,0.000000000000000000e+00,0.000000000000000000e+00,0.000000000000000000e+00,0.000000000000000000e+00,0.000000000000000000e+00,0.000000000000000000e+00,0.000000000000000000e+00,0.000000000000000000e+00,0.000000000000000000e+00,0.000000000000000000e+00,0.000000000000000000e+00,0.000000000000000000e+00,0.000000000000000000e+00,0.000000000000000000e+00,0.000000000000000000e+00,0.000000000000000000e+00,0.000000000000000000e+00,0.000000000000000000e+00,0.000000000000000000e+00,0.000000000000000000e+00,0.000000000000000000e+00,0.000000000000000000e+00
0.000000000000000000e+00,0.000000000000000000e+00,0.000000000000000000e+00,0.000000000000000000e+00,0.000000000000000000e+00,0.000000000000000000e+00,0.000000000000000000e+00,0.000000000000000000e+00,0.000000000000000000e+00,0.000000000000000000e+00,0.000000000000000000e+00,0.000000000000000000e+00,0.000000000000000000e+00,0.000000000000000000e+00,0.000000000000000000e+00,0.000000000000000000e+00,0.000000000000000000e+00,0.000000000000000000e+00,0.000000000000000000e+00,0.000000000000000000e+00,0.000000000000000000e+00,0.000000000000000000e+00,0.000000000000000000e+00,0.000000000000000000e+00,0.000000000000000000e+00,0.000000000000000000e+00,0.000000000000000000e+00,0.000000000000000000e+00,0.000000000000000000e+00,0.000000000000000000e+00,0.000000000000000000e+00,0.000000000000000000e+00,0.000000000000000000e+00,0.000000000000000000e+00,0.000000000000000000e+00,0.000000000000000000e+00,0.000000000000000000e+00,0.000000000000000000e+00,0.000000000000000000e+00,0.000000000000000000e+00,0.000000000000000000e+00,0.000000000000000000e+00,0.000000000000000000e+00,0.000000000000000000e+00,0.000000000000000000e+00,0.000000000000000000e+00,0.000000000000000000e+00,0.000000000000000000e+00,0.000000000000000000e+00,0.000000000000000000e+00,0.000000000000000000e+00,0.000000000000000000e+00,0.000000000000000000e+00,0.000000000000000000e+00,0.000000000000000000e+00,0.000000000000000000e+00,0.000000000000000000e+00,0.000000000000000000e+00,0.000000000000000000e+00,0.000000000000000000e+00,0.000000000000000000e+00,0.000000000000000000e+00,0.000000000000000000e+00,0.000000000000000000e+00,0.000000000000000000e+00,0.000000000000000000e+00,0.000000000000000000e+00,0.000000000000000000e+00,0.000000000000000000e+00,0.000000000000000000e+00,0.000000000000000000e+00,0.000000000000000000e+00,0.000000000000000000e+00,0.000000000000000000e+00,0.000000000000000000e+00,0.000000000000000000e+00,0.000000000000000000e+00,0.000000000000000000e+00,0.000000000000000000e+00,0.000000000000000000e+00,0.000000000000000000e+00,0.000000000000000000e+00,0.000000000000000000e+00,0.000000000000000000e+00,0.000000000000000000e+00,0.000000000000000000e+00,0.000000000000000000e+00,0.000000000000000000e+00,0.000000000000000000e+00,0.000000000000000000e+00,0.000000000000000000e+00,0.000000000000000000e+00,0.000000000000000000e+00,0.000000000000000000e+00,0.000000000000000000e+00,0.000000000000000000e+00,0.000000000000000000e+00,0.000000000000000000e+00,0.000000000000000000e+00,0.000000000000000000e+00,0.000000000000000000e+00,0.000000000000000000e+00,0.000000000000000000e+00,0.000000000000000000e+00,0.000000000000000000e+00,0.000000000000000000e+00,0.000000000000000000e+00,0.000000000000000000e+00,0.000000000000000000e+00,0.000000000000000000e+00,0.000000000000000000e+00,0.000000000000000000e+00,0.000000000000000000e+00,0.000000000000000000e+00,0.000000000000000000e+00,0.000000000000000000e+00,0.000000000000000000e+00,0.000000000000000000e+00,0.000000000000000000e+00,0.000000000000000000e+00,0.000000000000000000e+00,0.000000000000000000e+00,0.000000000000000000e+00,0.000000000000000000e+00,0.000000000000000000e+00,0.000000000000000000e+00
0.000000000000000000e+00,0.000000000000000000e+00,0.000000000000000000e+00,0.000000000000000000e+00,0.000000000000000000e+00,0.000000000000000000e+00,0.000000000000000000e+00,0.000000000000000000e+00,0.000000000000000000e+00,0.000000000000000000e+00,0.000000000000000000e+00,0.000000000000000000e+00,0.000000000000000000e+00,0.000000000000000000e+00,0.000000000000000000e+00,0.000000000000000000e+00,0.000000000000000000e+00,0.000000000000000000e+00,0.000000000000000000e+00,0.000000000000000000e+00,0.000000000000000000e+00,0.000000000000000000e+00,0.000000000000000000e+00,0.000000000000000000e+00,0.000000000000000000e+00,0.000000000000000000e+00,0.000000000000000000e+00,0.000000000000000000e+00,0.000000000000000000e+00,0.000000000000000000e+00,0.000000000000000000e+00,0.000000000000000000e+00,0.000000000000000000e+00,0.000000000000000000e+00,0.000000000000000000e+00,0.000000000000000000e+00,0.000000000000000000e+00,0.000000000000000000e+00,0.000000000000000000e+00,0.000000000000000000e+00,0.000000000000000000e+00,0.000000000000000000e+00,0.000000000000000000e+00,0.000000000000000000e+00,0.000000000000000000e+00,0.000000000000000000e+00,0.000000000000000000e+00,0.000000000000000000e+00,0.000000000000000000e+00,0.000000000000000000e+00,0.000000000000000000e+00,0.000000000000000000e+00,0.000000000000000000e+00,0.000000000000000000e+00,0.000000000000000000e+00,0.000000000000000000e+00,0.000000000000000000e+00,0.000000000000000000e+00,0.000000000000000000e+00,0.000000000000000000e+00,0.000000000000000000e+00,0.000000000000000000e+00,0.000000000000000000e+00,0.000000000000000000e+00,0.000000000000000000e+00,0.000000000000000000e+00,0.000000000000000000e+00,0.000000000000000000e+00,0.000000000000000000e+00,0.000000000000000000e+00,0.000000000000000000e+00,0.000000000000000000e+00,0.000000000000000000e+00,0.000000000000000000e+00,0.000000000000000000e+00,0.000000000000000000e+00,0.000000000000000000e+00,0.000000000000000000e+00,0.000000000000000000e+00,0.000000000000000000e+00,0.000000000000000000e+00,0.000000000000000000e+00,0.000000000000000000e+00,0.000000000000000000e+00,0.000000000000000000e+00,0.000000000000000000e+00,0.000000000000000000e+00,0.000000000000000000e+00,0.000000000000000000e+00,0.000000000000000000e+00,0.000000000000000000e+00,0.000000000000000000e+00,0.000000000000000000e+00,0.000000000000000000e+00,0.000000000000000000e+00,0.000000000000000000e+00,0.000000000000000000e+00,0.000000000000000000e+00,0.000000000000000000e+00,0.000000000000000000e+00,0.000000000000000000e+00,0.000000000000000000e+00,0.000000000000000000e+00,0.000000000000000000e+00,0.000000000000000000e+00,0.000000000000000000e+00,0.000000000000000000e+00,0.000000000000000000e+00,0.000000000000000000e+00,0.000000000000000000e+00,0.000000000000000000e+00,0.000000000000000000e+00,0.000000000000000000e+00,0.000000000000000000e+00,0.000000000000000000e+00,0.000000000000000000e+00,0.000000000000000000e+00,0.000000000000000000e+00,0.000000000000000000e+00,0.000000000000000000e+00,0.000000000000000000e+00,0.000000000000000000e+00,0.000000000000000000e+00,0.000000000000000000e+00,0.000000000000000000e+00,0.000000000000000000e+00
0.000000000000000000e+00,0.000000000000000000e+00,0.000000000000000000e+00,0.000000000000000000e+00,0.000000000000000000e+00,0.000000000000000000e+00,0.000000000000000000e+00,0.000000000000000000e+00,1.523992192784799027e+00,-3.495193552491908218e+00,5.046569355942113339e-02,0.000000000000000000e+00,0.000000000000000000e+00,0.000000000000000000e+00,3.600710098266572512e+00,-5.507689577037633732e+00,1.192344247403198804e-01,0.000000000000000000e+00,0.000000000000000000e+00,0.000000000000000000e+00,8.431522054151972867e+00,-7.201322160417517715e+00,2.792026168105311568e-01,0.000000000000000000e+00,0.000000000000000000e+00,0.000000000000000000e+00,1.734455232819171755e+01,-8.643477775874334412e+00,5.743499650876918716e-01,0.000000000000000000e+00,0.000000000000000000e+00,0.000000000000000000e+00,3.097800870580727661e+01,-9.703487431993885082e+00,1.025810172670028386e+00,0.000000000000000000e+00,0.000000000000000000e+00,0.000000000000000000e+00,4.907142429631839065e+01,-1.012734085666448536e+01,1.624958102007833860e+00,0.000000000000000000e+00,0.000000000000000000e+00,0.000000000000000000e+00,7.006547122704091635e+01,-9.569296803570301435e+00,2.320157948827232808e+00,0.000000000000000000e+00,0.000000000000000000e+00,0.000000000000000000e+00,9.061504404090446485e+01,-7.634415711821698203e+00,3.000639416718756447e+00,0.000000000000000000e+00,0.000000000000000000e+00,0.000000000000000000e+00,1.050133408477853294e+02,-3.954136327730436662e+00,3.477426658722850839e+00,0.000000000000000000e+00,0.000000000000000000e+00,0.000000000000000000e+00,1.039856388969696752e+02,1.625754896028197782e+00,3.443395190605239797e+00,0.000000000000000000e+00,0.000000000000000000e+00,0.000000000000000000e+00,7.087476151018519488e+01,8.521092427238114553e+00,2.346956902012910628e+00,0.000000000000000000e+00,0.000000000000000000e+00,0.000000000000000000e+00,-3.173370431917814116e+01,1.407708996217513153e+01,-1.050834384361619245e+00,0.000000000000000000e+00,0.000000000000000000e+00,0.000000000000000000e+00,-3.619235519146931779e+02,9.833550070377567565e+00,-1.198478781540785221e+01,0.000000000000000000e+00,0.000000000000000000e+00,0.000000000000000000e+00,-2.583304007709226013e+01,1.374173619838604488e+01,-8.554389519913231377e-01,0.000000000000000000e+00,0.000000000000000000e+00,0.000000000000000000e+00,8.263198614155079724e+01,7.990368945432232195e+00,2.736287305518172897e+00,0.000000000000000000e+00,0.000000000000000000e+00,0.000000000000000000e+00,1.213379948285545709e+02,1.181719322932299088e+00,4.018003565322175064e+00,0.000000000000000000e+00,0.000000000000000000e+00,0.000000000000000000e+00,1.271278049986844110e+02,-3.884721031589072116e+00,4.209728160235665761e+00,0.000000000000000000e+00,0.000000000000000000e+00,0.000000000000000000e+00,1.154901769150694690e+02,-6.482189567693255938e+00,3.824358093770218847e+00,0.000000000000000000e+00,0.000000000000000000e+00,0.000000000000000000e+00,9.340611724330553045e+01,-6.642301966967104399e+00,3.093063410490623166e+00,0.000000000000000000e+00,0.000000000000000000e+00,0.000000000000000000e+00,6.138011049499621663e+01,-4.642872747193383276e+00,2.032549682045060813e+00,0.000000000000000000e+00
0.000000000000000000e+00,0.000000000000000000e+00,0.000000000000000000e+00,0.000000000000000000e+00,0.000000000000000000e+00,0.000000000000000000e+00,0.000000000000000000e+00,0.000000000000000000e+00,3.524155902005530638e+00,2.337652834875515229e+00,1.166993982306775979e-01,0.000000000000000000e+00,0.000000000000000000e+00,0.000000000000000000e+00,4.032655365982393825e+00,3.657814541300642652e+00,1.335379215811776377e-01,0.000000000000000000e+00,0.000000000000000000e+00,0.000000000000000000e+00,1.725362418510584028e+00,4.852195121721703863e+00,5.713389576648066764e-02,0.000000000000000000e+00,0.000000000000000000e+00,0.000000000000000000e+00,-4.153647544199479569e+00,5.991049768759307170e+00,-1.375444737261931616e-01,0.000000000000000000e+00,0.000000000000000000e+00,0.000000000000000000e+00,-1.414936558206418837e+01,6.984439524351362394e+00,-4.685440981294465845e-01,0.000000000000000000e+00,0.000000000000000000e+00,0.000000000000000000e+00,-2.827262216418774798e+01,7.640445248978896764e+00,-9.362236191328553447e-01,0.000000000000000000e+00,0.000000000000000000e+00,0.000000000000000000e+00,-4.562334057152301625e+01,7.687415229519614535e+00,-1.510777768639601337e+00,0.000000000000000000e+00,0.000000000000000000e+00,0.000000000000000000e+00,-6.395146908049198942e+01,6.803664699434482266e+00,-2.117698014839255016e+00,0.000000000000000000e+00,0.000000000000000000e+00,0.000000000000000000e+00,-7.911910494687417383e+01,4.677307315524457110e+00,-2.619961259544612897e+00,0.000000000000000000e+00,0.000000000000000000e+00,0.000000000000000000e+00,-8.395377080940738779e+01,1.179153735593329699e+00,-2.780057070426022570e+00,0.000000000000000000e+00,0.000000000000000000e+00,0.000000000000000000e+00,-6.470639176851321395e+01,-3.105527494127628518e+00,-2.142696631771235705e+00,0.000000000000000000e+00,0.000000000000000000e+00,0.000000000000000000e+00,1.084991840814220510e+01,-5.339252348753439570e+00,3.592857365820818494e-01,0.000000000000000000e+00,0.000000000000000000e+00,0.000000000000000000e+00,2.760860559422254710e+02,6.613114590196295772e+00,9.142352802838047410e+00,0.000000000000000000e+00,0.000000000000000000e+00,0.000000000000000000e+00,6.932133278567651935e+00,-5.005585067990261372e+00,2.295516442968162929e-01,0.000000000000000000e+00,0.000000000000000000e+00,0.000000000000000000e+00,-7.258150600862309432e+01,-2.531034266997222559e+00,-2.403474281334259999e+00,0.000000000000000000e+00,0.000000000000000000e+00,0.000000000000000000e+00,-9.574871027605709628e+01,1.805073584560640709e+00,-3.170636368334487365e+00,0.000000000000000000e+00,0.000000000000000000e+00,0.000000000000000000e+00,-9.448118653541740741e+01,5.061702352827524898e+00,-3.128663407464179258e+00,0.000000000000000000e+00,0.000000000000000000e+00,0.000000000000000000e+00,-8.181087249859666599e+01,6.541810825523105777e+00,-2.709096831919276749e+00,0.000000000000000000e+00,0.000000000000000000e+00,0.000000000000000000e+00,-6.343792836709384630e+01,6.256785648928555155e+00,-2.100692554840633441e+00,0.000000000000000000e+00,0.000000000000000000e+00,0.000000000000000000e+00,-4.013973263198604968e+01,4.360695942180176310e+00,-1.329192797806513893e+00,0.000000000000000000e+00
0.000000000000000000e+00,0.000000000000000000e+00,0.000000000000000000e+00,0.000000000000000000e+00,0.000000000000000000e+00,0.000000000000000000e+00,0.000000000000000000e+00,0.000000000000000000e+00,5.046569355942043950e-02,-1.157403348822974021e-01,1.671128132080265151e-03,0.000000000000000000e+00,0.000000000000000000e+00,0.000000000000000000e+00,1.192344247403190477e-01,-1.823824135918292733e-01,3.948345647154184214e-03,0.000000000000000000e+00,0.000000000000000000e+00,0.000000000000000000e+00,2.792026168105277151e-01,-2.384656030988035746e-01,9.245555041329711274e-03,0.000000000000000000e+00,0.000000000000000000e+00,0.000000000000000000e+00,5.743499650876875418e-01,-2.862213486329396872e-01,1.901910618125606661e-02,0.000000000000000000e+00,0.000000000000000000e+00,0.000000000000000000e+00,1.025810172670017950e+00,-3.213226586849328159e-01,3.396882350788531235e-02,0.000000000000000000e+00,0.000000000000000000e+00,0.000000000000000000e+00,1.624958102007812322e+00,-3.353582010878448094e-01,5.380909299343430291e-02,0.000000000000000000e+00,0.000000000000000000e+00,0.000000000000000000e+00,2.320157948827202166e+00,-3.168790511883641248e-01,7.683003929371369500e-02,0.000000000000000000e+00,0.000000000000000000e+00,0.000000000000000000e+00,3.000639416718735575e+00,-2.528071243685328096e-01,9.936359910724981703e-02,0.000000000000000000e+00,0.000000000000000000e+00,0.000000000000000000e+00,3.477426658722826858e+00,-1.309378310152498615e-01,1.151519994428528426e-01,0.000000000000000000e+00,0.000000000000000000e+00,0.000000000000000000e+00,3.443395190605193168e+00,5.383547814360258033e-02,1.140250765822689721e-01,0.000000000000000000e+00,0.000000000000000000e+00,0.000000000000000000e+00,2.346956902012879542e+00,2.821686628451255952e-01,7.771746362933998342e-02,0.000000000000000000e+00,0.000000000000000000e+00,0.000000000000000000e+00,-1.050834384361606366e+00,4.661507530044429748e-01,-3.479747880203504923e-02,0.000000000000000000e+00,0.000000000000000000e+00,0.000000000000000000e+00,-1.198478781540784333e+01,3.256295713340107145e-01,-3.968659630479198230e-01,0.000000000000000000e+00,0.000000000000000000e+00,0.000000000000000000e+00,-8.554389519913103701e-01,4.550458009203682264e-01,-2.832712674931793170e-02,0.000000000000000000e+00,0.000000000000000000e+00,0.000000000000000000e+00,2.736287305518132928e+00,2.645942102170825705e-01,9.060980581434775749e-02,0.000000000000000000e+00,0.000000000000000000e+00,0.000000000000000000e+00,4.018003565322117332e+00,3.913162121609999738e-02,1.330527397766277098e-01,0.000000000000000000e+00,0.000000000000000000e+00,0.000000000000000000e+00,4.209728160235609806e+00,-1.286392030563990874e-01,1.394015351973104944e-01,0.000000000000000000e+00,0.000000000000000000e+00,0.000000000000000000e+00,3.824358093770217071e+00,-2.146521444571952431e-01,1.266403361745770118e-01,0.000000000000000000e+00,0.000000000000000000e+00,0.000000000000000000e+00,3.093063410490581422e+00,-2.199541291491595441e-01,1.024241403418514190e-01,0.000000000000000000e+00,0.000000000000000000e+00,0.000000000000000000e+00,2.032549682045032391e+00,-1.537447464655957996e-01,6.730613836738214006e-02,0.000000000000000000e+00
0.000000000000000000e+00,0.000000000000000000e+00,0.000000000000000000e+00,0.000000000000000000e+00,0.000000000000000000e+00,0.000000000000000000e+00,0.000000000000000000e+00,0.000000000000000000e+00,0.000000000000000000e+00,0.000000000000000000e+00,0.000000000000000000e+00,0.000000000000000000e+00,0.000000000000000000e+00,0.000000000000000000e+00,0.000000000000000000e+00,0.000000000000000000e+00,0.000000000000000000e+00,0.000000000000000000e+00,0.000000000000000000e+00,0.000000000000000000e+00,0.000000000000000000e+00,0.000000000000000000e+00,0.000000000000000000e+00,0.000000000000000000e+00,0.000000000000000000e+00,0.000000000000000000e+00,0.000000000000000000e+00,0.000000000000000000e+00,0.000000000000000000e+00,0.000000000000000000e+00,0.000000000000000000e+00,0.000000000000000000e+00,0.000000000000000000e+00,0.000000000000000000e+00,0.000000000000000000e+00,0.000000000000000000e+00,0.000000000000000000e+00,0.000000000000000000e+00,0.000000000000000000e+00,0.000000000000000000e+00,0.000000000000000000e+00,0.000000000000000000e+00,0.000000000000000000e+00,0.000000000000000000e+00,0.000000000000000000e+00,0.000000000000000000e+00,0.000000000000000000e+00,0.000000000000000000e+00,0.000000000000000000e+00,0.000000000000000000e+00,0.000000000000000000e+00,0.000000000000000000e+00,0.000000000000000000e+00,0.000000000000000000e+00,0.000000000000000000e+00,0.000000000000000000e+00,0.000000000000000000e+00,0.000000000000000000e+00,0.000000000000000000e+00,0.000000000000000000e+00,0.000000000000000000e+00,0.000000000000000000e+00,0.000000000000000000e+00,0.000000000000000000e+00,0.000000000000000000e+00,0.000000000000000000e+00,0.000000000000000000e+00,0.000000000000000000e+00,0.000000000000000000e+00,0.000000000000000000e+00,0.000000000000000000e+00,0.000000000000000000e+00,0.000000000000000000e+00,0.000000000000000000e+00,0.000000000000000000e+00,0.000000000000000000e+00,0.000000000000000000e+00,0.000000000000000000e+00,0.000000000000000000e+00,0.000000000000000000e+00,0.000000000000000000e+00,0.000000000000000000e+00,0.000000000000000000e+00,0.000000000000000000e+00,0.000000000000000000e+00,0.000000000000000000e+00,0.000000000000000000e+00,0.000000000000000000e+00,0.000000000000000000e+00,0.000000000000000000e+00,0.000000000000000000e+00,0.000000000000000000e+00,0.000000000000000000e+00,0.000000000000000000e+00,0.000000000000000000e+00,0.000000000000000000e+00,0.000000000000000000e+00,0.000000000000000000e+00,0.000000000000000000e+00,0.000000000000000000e+00,0.000000000000000000e+00,0.000000000000000000e+00,0.000000000000000000e+00,0.000000000000000000e+00,0.000000000000000000e+00,0.000000000000000000e+00,0.000000000000000000e+00,0.000000000000000000e+00,0.000000000000000000e+00,0.000000000000000000e+00,0.000000000000000000e+00,0.000000000000000000e+00,0.000000000000000000e+00,0.000000000000000000e+00,0.000000000000000000e+00,0.000000000000000000e+00,0.000000000000000000e+00,0.000000000000000000e+00,0.000000000000000000e+00,0.000000000000000000e+00,0.000000000000000000e+00,0.000000000000000000e+00,0.000000000000000000e+00,0.000000000000000000e+00,0.000000000000000000e+00,0.000000000000000000e+00
0.000000000000000000e+00,0.000000000000000000e+00,0.000000000000000000e+00,0.000000000000000000e+00,0.000000000000000000e+00,0.000000000000000000e+00,0.000000000000000000e+00,0.000000000000000000e+00,0.000000000000000000e+00,0.000000000000000000e+00,0.000000000000000000e+00,0.000000000000000000e+00,0.000000000000000000e+00,0.000000000000000000e+00,0.000000000000000000e+00,0.000000000000000000e+00,0.000000000000000000e+00,0.000000000000000000e+00,0.000000000000000000e+00,0.000000000000000000e+00,0.000000000000000000e+00,0.000000000000000000e+00,0.000000000000000000e+00,0.000000000000000000e+00,0.000000000000000000e+00,0.000000000000000000e+00,0.000000000000000000e+00,0.000000000000000000e+00,0.000000000000000000e+00,0.000000000000000000e+00,0.000000000000000000e+00,0.000000000000000000e+00,0.000000000000000000e+00,0.000000000000000000e+00,0.000000000000000000e+00,0.000000000000000000e+00,0.000000000000000000e+00,0.000000000000000000e+00,0.000000000000000000e+00,0.000000000000000000e+00,0.000000000000000000e+00,0.000000000000000000e+00,0.000000000000000000e+00,0.000000000000000000e+00,0.000000000000000000e+00,0.000000000000000000e+00,0.000000000000000000e+00,0.000000000000000000e+00,0.000000000000000000e+00,0.000000000000000000e+00,0.000000000000000000e+00,0.000000000000000000e+00,0.000000000000000000e+00,0.000000000000000000e+00,0.000000000000000000e+00,0.000000000000000000e+00,0.000000000000000000e+00,0.000000000000000000e+00,0.000000000000000000e+00,0.000000000000000000e+00,0.000000000000000000e+00,0.000000000000000000e+00,0.000000000000000000e+00,0.000000000000000000e+00,0.000000000000000000e+00,0.000000000000000000e+00,0.000000000000000000e+00,0.000000000000000000e+00,0.000000000000000000e+00,0.000000000000000000e+00,0.000000000000000000e+00,0.000000000000000000e+00,0.000000000000000000e+00,0.000000000000000000e+00,0.000000000000000000e+00,0.000000000000000000e+00,0.000000000000000000e+00,0.000000000000000000e+00,0.000000000000000000e+00,0.000000000000000000e+00,0.000000000000000000e+00,0.000000000000000000e+00,0.000000000000000000e+00,0.000000000000000000e+00,0.000000000000000000e+00,0.000000000000000000e+00,0.000000000000000000e+00,0.000000000000000000e+00,0.000000000000000000e+00,0.000000000000000000e+00,0.000000000000000000e+00,0.000000000000000000e+00,0.000000000000000000e+00,0.000000000000000000e+00,0.000000000000000000e+00,0.000000000000000000e+00,0.000000000000000000e+00,0.000000000000000000e+00,0.000000000000000000e+00,0.000000000000000000e+00,0.000000000000000000e+00,0.000000000000000000e+00,0.000000000000000000e+00,0.000000000000000000e+00,0.000000000000000000e+00,0.000000000000000000e+00,0.000000000000000000e+00,0.000000000000000000e+00,0.000000000000000000e+00,0.000000000000000000e+00,0.000000000000000000e+00,0.000000000000000000e+00,0.000000000000000000e+00,0.000000000000000000e+00,0.000000000000000000e+00,0.000000000000000000e+00,0.000000000000000000e+00,0.000000000000000000e+00,0.000000000000000000e+00,0.000000000000000000e+00,0.000000000000000000e+00,0.000000000000000000e+00,0.000000000000000000e+00,0.000000000000000000e+00,0.000000000000000000e+00,0.000000000000000000e+00
0.000000000000000000e+00,0.000000000000000000e+00,0.000000000000000000e+00,0.000000000000000000e+00,0.000000000000000000e+00,0.000000000000000000e+00,0.000000000000000000e+00,0.000000000000000000e+00,0.000000000000000000e+00,0.000000000000000000e+00,0.000000000000000000e+00,0.000000000000000000e+00,0.000000000000000000e+00,0.000000000000000000e+00,0.000000000000000000e+00,0.000000000000000000e+00,0.000000000000000000e+00,0.000000000000000000e+00,0.000000000000000000e+00,0.000000000000000000e+00,0.000000000000000000e+00,0.000000000000000000e+00,0.000000000000000000e+00,0.000000000000000000e+00,0.000000000000000000e+00,0.000000000000000000e+00,0.000000000000000000e+00,0.000000000000000000e+00,0.000000000000000000e+00,0.000000000000000000e+00,0.000000000000000000e+00,0.000000000000000000e+00,0.000000000000000000e+00,0.000000000000000000e+00,0.000000000000000000e+00,0.000000000000000000e+00,0.000000000000000000e+00,0.000000000000000000e+00,0.000000000000000000e+00,0.000000000000000000e+00,0.000000000000000000e+00,0.000000000000000000e+00,0.000000000000000000e+00,0.000000000000000000e+00,0.000000000000000000e+00,0.000000000000000000e+00,0.000000000000000000e+00,0.000000000000000000e+00,0.000000000000000000e+00,0.000000000000000000e+00,0.000000000000000000e+00,0.000000000000000000e+00,0.000000000000000000e+00,0.000000000000000000e+00,0.000000000000000000e+00,0.000000000000000000e+00,0.000000000000000000e+00,0.000000000000000000e+00,0.000000000000000000e+00,0.000000000000000000e+00,0.000000000000000000e+00,0.000000000000000000e+00,0.000000000000000000e+00,0.000000000000000000e+00,0.000000000000000000e+00,0.000000000000000000e+00,0.000000000000000000e+00,0.000000000000000000e+00,0.000000000000000000e+00,0.000000000000000000e+00,0.000000000000000000e+00,0.000000000000000000e+00,0.000000000000000000e+00,0.000000000000000000e+00,0.000000000000000000e+00,0.000000000000000000e+00,0.000000000000000000e+00,0.000000000000000000e+00,0.000000000000000000e+00,0.000000000000000000e+00,0.000000000000000000e+00,0.000000000000000000e+00,0.000000000000000000e+00,0.000000000000000000e+00,0.000000000000000000e+00,0.000000000000000000e+00,0.000000000000000000e+00,0.000000000000000000e+00,0.000000000000000000e+00,0.000000000000000000e+00,0.000000000000000000e+00,0.000000000000000000e+00,0.000000000000000000e+00,0.000000000000000000e+00,0.000000000000000000e+00,0.000000000000000000e+00,0.000000000000000000e+00,0.000000000000000000e+00,0.000000000000000000e+00,0.000000000000000000e+00,0.000000000000000000e+00,0.000000000000000000e+00,0.000000000000000000e+00,0.000000000000000000e+00,0.000000000000000000e+00,0.000000000000000000e+00,0.000000000000000000e+00,0.000000000000000000e+00,0.000000000000000000e+00,0.000000000000000000e+00,0.000000000000000000e+00,0.000000000000000000e+00,0.000000000000000000e+00,0.000000000000000000e+00,0.000000000000000000e+00,0.000000000000000000e+00,0.000000000000000000e+00,0.000000000000000000e+00,0.000000000000000000e+00,0.000000000000000000e+00,0.000000000000000000e+00,0.000000000000000000e+00,0.000000000000000000e+00,0.000000000000000000e+00,0.000000000000000000e+00,0.000000000000000000e+00
0.000000000000000000e+00,0.000000000000000000e+00,0.000000000000000000e+00,0.000000000000000000e+00,0.000000000000000000e+00,0.000000000000000000e+00,0.000000000000000000e+00,0.000000000000000000e+00,-1.624250839197913798e+00,-2.701521171652217390e+00,-5.378567259246398724e-02,0.000000000000000000e+00,0.000000000000000000e+00,0.000000000000000000e+00,-2.069586450715978021e+00,-4.320349779330338258e+00,-6.853257917661205456e-02,0.000000000000000000e+00,0.000000000000000000e+00,0.000000000000000000e+00,-2.074510832953098682e-01,-5.807389102908785183e+00,-6.869564586824234917e-03,0.000000000000000000e+00,0.000000000000000000e+00,0.000000000000000000e+00,5.124124183487520412e+00,-7.259982028701243095e+00,1.696809747639008159e-01,0.000000000000000000e+00,0.000000000000000000e+00,0.000000000000000000e+00,1.480917108682402272e+01,-8.611277119452701356e+00,4.903929911681859655e-01,0.000000000000000000e+00,0.000000000000000000e+00,0.000000000000000000e+00,2.928708910236981922e+01,-9.678282557703999700e+00,9.698168211655447957e-01,0.000000000000000000e+00,0.000000000000000000e+00,0.000000000000000000e+00,4.822642243430888698e+01,-1.017401047240226397e+01,1.596976590536053120e+00,0.000000000000000000e+00,0.000000000000000000e+00,0.000000000000000000e+00,7.006547122705647723e+01,-9.728381697843598630e+00,2.320157948827732852e+00,0.000000000000000000e+00,0.000000000000000000e+00,0.000000000000000000e+00,9.149704501974888160e+01,-7.926332790162225805e+00,3.029846122191529378e+00,0.000000000000000000e+00,0.000000000000000000e+00,0.000000000000000000e+00,1.068744891977820828e+02,-4.380049592626655830e+00,3.539056989077737025e+00,0.000000000000000000e+00,0.000000000000000000e+00,0.000000000000000000e+00,1.069871983988478803e+02,1.085848992024196269e+00,3.542789257542920289e+00,0.000000000000000000e+00,0.000000000000000000e+00,0.000000000000000000e+00,7.522354494004423486e+01,7.912506286874367412e+00,2.490963133125239093e+00,0.000000000000000000e+00,0.000000000000000000e+00,0.000000000000000000e+00,-2.583304007716066408e+01,1.347596838233265437e+01,-8.554389519935765573e-01,0.000000000000000000e+00,0.000000000000000000e+00,0.000000000000000000e+00,-3.543536786966013210e+02,9.352381551924162650e+00,-1.173411796032836030e+01,0.000000000000000000e+00,0.000000000000000000e+00,0.000000000000000000e+00,-1.669494757137174190e+01,1.353282655164080239e+01,-5.528388610626049360e-01,0.000000000000000000e+00,0.000000000000000000e+00,0.000000000000000000e+00,9.283562795763015174e+01,8.244699376062373020e+00,3.074172147394833132e+00,0.000000000000000000e+00,0.000000000000000000e+00,0.000000000000000000e+00,1.314547235347186245e+02,2.119497532844170529e+00,4.353010354153648009e+00,0.000000000000000000e+00,0.000000000000000000e+00,0.000000000000000000e+00,1.349765720466076289e+02,-2.040352737310441089e+00,4.469633345140783476e+00,0.000000000000000000e+00,0.000000000000000000e+00,0.000000000000000000e+00,1.170557144782139716e+02,-3.571678140627655207e+00,3.876199526614518387e+00,0.000000000000000000e+00,0.000000000000000000e+00,0.000000000000000000e+00,8.023532179722975854e+01,-2.722610218251834358e+00,2.656923822596198637e+00,0.000000000000000000e+00
0.000000000000000000e+00,0.000000000000000000e+00,0.000000000000000000e+00,0.000000000000000000e+00,0.000000000000000000e+00,0.000000000000000000e+00,0.000000000000000000e+00,0.000000000000000000e+00,4.988035837168830255e+00,1.691016555238160857e+00,1.651745259678760458e-01,0.000000000000000000e+00,0.000000000000000000e+00,0.000000000000000000e+00,7.052592773866596332e+00,2.685927026670397844e+00,2.335405571041522244e-01,0.000000000000000000e+00,0.000000000000000000e+00,0.000000000000000000e+00,6.897966484694700640e+00,3.679214623623120684e+00,2.284202402399823362e-01,0.000000000000000000e+00,0.000000000000000000e+00,0.000000000000000000e+00,3.889878844696689875e+00,4.757795736719492297e+00,1.288099996109741407e-01,0.000000000000000000e+00,0.000000000000000000e+00,0.000000000000000000e+00,-2.663746412863646551e+00,5.882117120794402076e+00,-8.820767640938065313e-02,0.000000000000000000e+00,0.000000000000000000e+00,0.000000000000000000e+00,-1.326366342355769490e+01,6.921473031161375467e+00,-4.392148312685528744e-01,0.000000000000000000e+00,0.000000000000000000e+00,0.000000000000000000e+00,-2.792486325070581543e+01,7.660818457781951807e+00,-9.247078811629206863e-01,0.000000000000000000e+00,0.000000000000000000e+00,0.000000000000000000e+00,-4.578242546580276695e+01,7.813092295995987868e+00,-1.516045728385490676e+00,0.000000000000000000e+00,0.000000000000000000e+00,0.000000000000000000e+00,-6.463985541418982450e+01,7.044807451218418670e+00,-2.140493337499936644e+00,0.000000000000000000e+00,0.000000000000000000e+00,0.000000000000000000e+00,-8.042221202894073429e+01,5.032916407291309291e+00,-2.663112532228327112e+00,0.000000000000000000e+00,0.000000000000000000e+00,0.000000000000000000e+00,-8.601907327572236284e+01,1.635282680452677440e+00,-2.848447789135753805e+00,0.000000000000000000e+00,0.000000000000000000e+00,0.000000000000000000e+00,-6.772811850623540408e+01,-2.579498153795354742e+00,-2.242758519416175655e+00,0.000000000000000000e+00,0.000000000000000000e+00,0.000000000000000000e+00,6.666365462571607559e+00,-4.795628493308209173e+00,2.207509711545810605e-01,0.000000000000000000e+00,0.000000000000000000e+00,0.000000000000000000e+00,2.705870246183940253e+02,7.095027949456884642e+00,8.960257099870661435e+00,0.000000000000000000e+00,0.000000000000000000e+00,0.000000000000000000e+00,1.127231822675537343e-01,-4.695946603945292175e+00,3.732731440679104735e-03,0.000000000000000000e+00,0.000000000000000000e+00,0.000000000000000000e+00,-8.044129625915451243e+01,-2.537081739743862752e+00,-2.663744490133588716e+00,0.000000000000000000e+00,0.000000000000000000e+00,0.000000000000000000e+00,-1.038991599775747261e+02,1.310421282997102255e+00,-3.440531515406509921e+00,0.000000000000000000e+00,0.000000000000000000e+00,0.000000000000000000e+00,-1.014200882201946001e+02,3.889521279225742756e+00,-3.358439181723868572e+00,0.000000000000000000e+00,0.000000000000000000e+00,0.000000000000000000e+00,-8.469343413638947027e+01,4.523234435707894185e+00,-2.804550386712908239e+00,0.000000000000000000e+00,0.000000000000000000e+00,0.000000000000000000e+00,-5.625994377729194440e+01,3.304631715159374927e+00,-1.862999755364235677e+00,0.000000000000000000e+00
0.000000000000000000e+00,0.000000000000000000e+00,0.000000000000000000e+00,0.000000000000000000e+00,0.000000000000000000e+00,0.000000000000000000e+00,0.000000000000000000e+00,0.000000000000000000e+00,-5.378567259246404275e-02,-8.945855512800598985e-02,-1.781066388521805859e-03,0.000000000000000000e+00,0.000000000000000000e+00,0.000000000000000000e+00,-6.853257917661202681e-02,-1.430646751771030845e-01,-2.269397544119866605e-03,0.000000000000000000e+00,0.000000000000000000e+00,0.000000000000000000e+00,-6.869564586824378899e-03,-1.923067061860611326e-01,-2.274797357667852752e-04,0.000000000000000000e+00,0.000000000000000000e+00,0.000000000000000000e+00,1.696809747639013433e-01,-2.404080742945632621e-01,5.618839857474299503e-03,0.000000000000000000e+00,0.000000000000000000e+00,0.000000000000000000e+00,4.903929911681876863e-01,-2.851550515304522304e-01,1.623894304258834131e-02,0.000000000000000000e+00,0.000000000000000000e+00,0.000000000000000000e+00,9.698168211655450177e-01,-3.204880209038917238e-01,3.211465172684356550e-02,0.000000000000000000e+00,0.000000000000000000e+00,0.000000000000000000e+00,1.596976590536053342e+00,-3.369036253606961240e-01,5.288250925504723449e-02,0.000000000000000000e+00,0.000000000000000000e+00,0.000000000000000000e+00,2.320157948827748395e+00,-3.221470109340539012e-01,7.683003929373127816e-02,0.000000000000000000e+00,0.000000000000000000e+00,0.000000000000000000e+00,3.029846122191550251e+00,-2.624737078917595556e-01,1.003307540935086117e-01,0.000000000000000000e+00,0.000000000000000000e+00,0.000000000000000000e+00,3.539056989077737470e+00,-1.450415832594612042e-01,1.171928349408186548e-01,0.000000000000000000e+00,0.000000000000000000e+00,0.000000000000000000e+00,3.542789257542920289e+00,3.595695748491099103e-02,1.173164258079747724e-01,0.000000000000000000e+00,0.000000000000000000e+00,0.000000000000000000e+00,2.490963133125238649e+00,2.620158551014197257e-01,8.248610638510360527e-02,0.000000000000000000e+00,0.000000000000000000e+00,0.000000000000000000e+00,-8.554389519935876596e-01,4.462451277762429225e-01,-2.832712674939294115e-02,0.000000000000000000e+00,0.000000000000000000e+00,0.000000000000000000e+00,-1.173411796032835319e+01,3.096960887888455249e-01,-3.885652459242302514e-01,0.000000000000000000e+00,0.000000000000000000e+00,0.000000000000000000e+00,-5.528388610626057131e-01,4.481279372566588370e-01,-1.830678443250041004e-02,0.000000000000000000e+00,0.000000000000000000e+00,0.000000000000000000e+00,3.074172147394834909e+00,2.730161441585997051e-01,1.017985723770980372e-01,0.000000000000000000e+00,0.000000000000000000e+00,0.000000000000000000e+00,4.353010354153648898e+00,7.018534182712039826e-02,1.441462020827599111e-01,0.000000000000000000e+00,0.000000000000000000e+00,0.000000000000000000e+00,4.469633345140843872e+00,-6.756452984583970200e-02,1.480080723423347344e-01,0.000000000000000000e+00,0.000000000000000000e+00,0.000000000000000000e+00,3.876199526614519275e+00,-1.182730563786110051e-01,1.283570207324052359e-01,0.000000000000000000e+00,0.000000000000000000e+00,0.000000000000000000e+00,2.656923822596199081e+00,-9.015690080733121392e-02,8.798175218788654994e-02,0.000000000000000000e+00
0.000000000000000000e+00,0.000000000000000000e+00,0.000000000000000000e+00,0.000000000000000000e+00,0.000000000000000000e+00,0.000000000000000000e+00,0.000000000000000000e+00,0.000000000000000000e+00,0.000000000000000000e+00,0.000000000000000000e+00,0.000000000000000000e+00,0.000000000000000000e+00,0.000000000000000000e+00,0.000000000000000000e+00,0.000000000000000000e+00,0.000000000000000000e+00,0.000000000000000000e+00,0.000000000000000000e+00,0.000000000000000000e+00,0.000000000000000000e+00,0.000000000000000000e+00,0.000000000000000000e+00,0.000000000000000000e+00,0.000000000000000000e+00,0.000000000000000000e+00,0.000000000000000000e+00,0.000000000000000000e+00,0.000000000000000000e+00,0.000000000000000000e+00,0.000000000000000000e+00,0.000000000000000000e+00,0.000000000000000000e+00,0.000000000000000000e+00,0.000000000000000000e+00,0.000000000000000000e+00,0.000000000000000000e+00,0.000000000000000000e+00,0.000000000000000000e+00,0.000000000000000000e+00,0.000000000000000000e+00,0.000000000000000000e+00,0.000000000000000000e+00,0.000000000000000000e+00,0.000000000000000000e+00,0.000000000000000000e+00,0.000000000000000000e+00,0.000000000000000000e+00,0.000000000000000000e+00,0.000000000000000000e+00,0.000000000000000000e+00,0.000000000000000000e+00,0.000000000000000000e+00,0.000000000000000000e+00,0.000000000000000000e+00,0.000000000000000000e+00,0.000000000000000000e+00,0.000000000000000000e+00,0.000000000000000000e+00,0.000000000000000000e+00,0.000000000000000000e+00,0.000000000000000000e+00,0.000000000000000000e+00,0.000000000000000000e+00,0.000000000000000000e+00,0.000000000000000000e+00,0.000000000000000000e+00,0.000000000000000000e+00,0.000000000000000000e+00,0.000000000000000000e+00,0.000000000000000000e+00,0.000000000000000000e+00,0.000000000000000000e+00,0.000000000000000000e+00,0.000000000000000000e+00,0.000000000000000000e+00,0.000000000000000000e+00,0.000000000000000000e+00,0.000000000000000000e+00,0.000000000000000000e+00,0.000000000000000000e+00,0.000000000000000000e+00,0.000000000000000000e+00,0.000000000000000000e+00,0.000000000000000000e+00,0.000000000000000000e+00,0.000000000000000000e+00,0.000000000000000000e+00,0.000000000000000000e+00,0.000000000000000000e+00,0.000000000000000000e+00,0.000000000000000000e+00,0.000000000000000000e+00,0.000000000000000000e+00,0.000000000000000000e+00,0.000000000000000000e+00,0.000000000000000000e+00,0.000000000000000000e+00,0.000000000000000000e+00,0.000000000000000000e+00,0.000000000000000000e+00,0.000000000000000000e+00,0.000000000000000000e+00,0.000000000000000000e+00,0.000000000000000000e+00,0.000000000000000000e+00,0.000000000000000000e+00,0.000000000000000000e+00,0.000000000000000000e+00,0.000000000000000000e+00,0.000000000000000000e+00,0.000000000000000000e+00,0.000000000000000000e+00,0.000000000000000000e+00,0.000000000000000000e+00,0.000000000000000000e+00,0.000000000000000000e+00,0.000000000000000000e+00,0.000000000000000000e+00,0.000000000000000000e+00,0.000000000000000000e+00,0.000000000000000000e+00,0.000000000000000000e+00,0.000000000000000000e+00,0.000000000000000000e+00,0.000000000000000000e+00,0.000000000000000000e+00
0.000000000000000000e+00,0.000000000000000000e+00,0.000000000000000000e+00,0.000000000000000000e+00,0.000000000000000000e+00,0.000000000000000000e+00,0.000000000000000000e+00,0.000000000000000000e+00,0.000000000000000000e+00,0.000000000000000000e+00,0.000000000000000000e+00,0.000000000000000000e+00,0.000000000000000000e+00,0.000000000000000000e+00,0.000000000000000000e+00,0.000000000000000000e+00,0.000000000000000000e+00,0.000000000000000000e+00,0.000000000000000000e+00,0.000000000000000000e+00,0.000000000000000000e+00,0.000000000000000000e+00,0.000000000000000000e+00,0.000000000000000000e+00,0.000000000000000000e+00,0.000000000000000000e+00,0.000000000000000000e+00,0.000000000000000000e+00,0.000000000000000000e+00,0.000000000000000000e+00,0.000000000000000000e+00,0.000000000000000000e+00,0.000000000000000000e+00,0.000000000000000000e+00,0.000000000000000000e+00,0.000000000000000000e+00,0.000000000000000000e+00,0.000000000000000000e+00,0.000000000000000000e+00,0.000000000000000000e+00,0.000000000000000000e+00,0.000000000000000000e+00,0.000000000000000000e+00,0.000000000000000000e+00,0.000000000000000000e+00,0.000000000000000000e+00,0.000000000000000000e+00,0.000000000000000000e+00,0.000000000000000000e+00,0.000000000000000000e+00,0.000000000000000000e+00,0.000000000000000000e+00,0.000000000000000000e+00,0.000000000000000000e+00,0.000000000000000000e+00,0.000000000000000000e+00,0.000000000000000000e+00,0.000000000000000000e+00,0.000000000000000000e+00,0.000000000000000000e+00,0.000000000000000000e+00,0.000000000000000000e+00,0.000000000000000000e+00,0.000000000000000000e+00,0.000000000000000000e+00,0.000000000000000000e+00,0.000000000000000000e+00,0.000000000000000000e+00,0.000000000000000000e+00,0.000000000000000000e+00,0.000000000000000000e+00,0.000000000000000000e+00,0.000000000000000000e+00,0.000000000000000000e+00,0.000000000000000000e+00,0.000000000000000000e+00,0.000000000000000000e+00,0.000000000000000000e+00,0.000000000000000000e+00,0.000000000000000000e+00,0.000000000000000000e+00,0.000000000000000000e+00,0.000000000000000000e+00,0.000000000000000000e+00,0.000000000000000000e+00,0.000000000000000000e+00,0.000000000000000000e+00,0.000000000000000000e+00,0.000000000000000000e+00,0.000000000000000000e+00,0.000000000000000000e+00,0.000000000000000000e+00,0.000000000000000000e+00,0.000000000000000000e+00,0.000000000000000000e+00,0.000000000000000000e+00,0.000000000000000000e+00,0.000000000000000000e+00,0.000000000000000000e+00,0.000000000000000000e+00,0.000000000000000000e+00,0.000000000000000000e+00,0.000000000000000000e+00,0.000000000000000000e+00,0.000000000000000000e+00,0.000000000000000000e+00,0.000000000000000000e+00,0.000000000000000000e+00,0.000000000000000000e+00,0.000000000000000000e+00,0.000000000000000000e+00,0.000000000000000000e+00,0.000000000000000000e+00,0.000000000000000000e+00,0.000000000000000000e+00,0.000000000000000000e+00,0.000000000000000000e+00,0.000000000000000000e+00,0.000000000000000000e+00,0.000000000000000000e+00,0.000000000000000000e+00,0.000000000000000000e+00,0.000000000000000000e+00,0.000000000000000000e+00,0.000000000000000000e+00,0.000000000000000000e+00
0.000000000000000000e+00,0.000000000000000000e+00,0.000000000000000000e+00,0.000000000000000000e+00,0.000000000000000000e+00,0.000000000000000000e+00,0.000000000000000000e+00,0.000000000000000000e+00,0.000000000000000000e+00,0.000000000000000000e+00,0.000000000000000000e+00,0.000000000000000000e+00,0.000000000000000000e+00,0.000000000000000000e+00,0.000000000000000000e+00,0.000000000000000000e+00,0.000000000000000000e+00,0.000000000000000000e+00,0.000000000000000000e+00,0.000000000000000000e+00,0.000000000000000000e+00,0.000000000000000000e+00,0.000000000000000000e+00,0.000000000000000000e+00,0.000000000000000000e+00,0.000000000000000000e+00,0.000000000000000000e+00,0.000000000000000000e+00,0.000000000000000000e+00,0.000000000000000000e+00,0.000000000000000000e+00,0.000000000000000000e+00,0.000000000000000000e+00,0.000000000000000000e+00,0.000000000000000000e+00,0.000000000000000000e+00,0.000000000000000000e+00,0.000000000000000000e+00,0.000000000000000000e+00,0.000000000000000000e+00,0.000000000000000000e+00,0.000000000000000000e+00,0.000000000000000000e+00,0.000000000000000000e+00,0.000000000000000000e+00,0.000000000000000000e+00,0.000000000000000000e+00,0.000000000000000000e+00,0.000000000000000000e+00,0.000000000000000000e+00,0.000000000000000000e+00,0.000000000000000000e+00,0.000000000000000000e+00,0.000000000000000000e+00,0.000000000000000000e+00,0.000000000000000000e+00,0.000000000000000000e+00,0.000000000000000000e+00,0.000000000000000000e+00,0.000000000000000000e+00,0.000000000000000000e+00,0.000000000000000000e+00,0.000000000000000000e+00,0.000000000000000000e+00,0.000000000000000000e+00,0.000000000000000000e+00,0.000000000000000000e+00,0.000000000000000000e+00,0.000000000000000000e+00,0.000000000000000000e+00,0.000000000000000000e+00,0.000000000000000000e+00,0.000000000000000000e+00,0.000000000000000000e+00,0.000000000000000000e+00,0.000000000000000000e+00,0.000000000000000000e+00,0.000000000000000000e+00,0.000000000000000000e+00,0.000000000000000000e+00,0.000000000000000000e+00,0.000000000000000000e+00,0.000000000000000000e+00,0.000000000000000000e+00,0.000000000000000000e+00,0.000000000000000000e+00,0.000000000000000000e+00,0.000000000000000000e+00,0.000000000000000000e+00,0.000000000000000000e+00,0.000000000000000000e+00,0.000000000000000000e+00,0.000000000000000000e+00,0.000000000000000000e+00,0.000000000000000000e+00,0.000000000000000000e+00,0.000000000000000000e+00,0.000000000000000000e+00,0.000000000000000000e+00,0.000000000000000000e+00,0.000000000000000000e+00,0.000000000000000000e+00,0.000000000000000000e+00,0.000000000000000000e+00,0.000000000000000000e+00,0.000000000000000000e+00,0.000000000000000000e+00,0.000000000000000000e+00,0.000000000000000000e+00,0.000000000000000000e+00,0.000000000000000000e+00,0.000000000000000000e+00,0.000000000000000000e+00,0.000000000000000000e+00,0.000000000000000000e+00,0.000000000000000000e+00,0.000000000000000000e+00,0.000000000000000000e+00,0.000000000000000000e+00,0.000000000000000000e+00,0.000000000000000000e+00,0.000000000000000000e+00,0.000000000000000000e+00,0.000000000000000000e+00,0.000000000000000000e+00,0.000000000000000000e+00
0.000000000000000000e+00,0.000000000000000000e+00,0.000000000000000000e+00,0.000000000000000000e+00,0.000000000000000000e+00,0.000000000000000000e+00,0.000000000000000000e+00,0.000000000000000000e+00,-2.949893955385167743e+00,-2.016350080338106476e+00,-9.768320670542855744e-02,0.000000000000000000e+00,0.000000000000000000e+00,0.000000000000000000e+00,-4.835549989260309545e+00,-3.281023594451660141e+00,-1.601250879791957793e-01,0.000000000000000000e+00,0.000000000000000000e+00,0.000000000000000000e+00,-5.030487932759852399e+00,-4.530596364122247977e+00,-1.665802906805792238e-01,0.000000000000000000e+00,0.000000000000000000e+00,0.000000000000000000e+00,-2.549950227393864122e+00,-5.876297547303633628e+00,-8.443941338852130329e-02,0.000000000000000000e+00,0.000000000000000000e+00,0.000000000000000000e+00,3.535120926453386492e+00,-7.305357492007762410e+00,1.170624956049792498e-01,0.000000000000000000e+00,0.000000000000000000e+00,0.000000000000000000e+00,1.400701767770767070e+01,-8.707722531577687164e+00,4.638303694410125799e-01,0.000000000000000000e+00,0.000000000000000000e+00,0.000000000000000000e+00,2.928708910239275198e+01,-9.873136967320064628e+00,9.698168211663042992e-01,0.000000000000000000e+00,0.000000000000000000e+00,0.000000000000000000e+00,4.907142429640167336e+01,-1.049380302990474689e+01,1.624958102010580996e+00,0.000000000000000000e+00,0.000000000000000000e+00,0.000000000000000000e+00,7.185014171288783302e+01,-1.018107277665981591e+01,2.379255780344791127e+00,0.000000000000000000e+00,0.000000000000000000e+00,0.000000000000000000e+00,9.437640236536810789e+01,-8.500348023590772684e+00,3.125193569599770349e+00,0.000000000000000000e+00,0.000000000000000000e+00,0.000000000000000000e+00,1.110546129830753159e+02,-5.040732040109491052e+00,3.677478200805589292e+00,0.000000000000000000e+00,0.000000000000000000e+00,0.000000000000000000e+00,1.126924066135224791e+02,4.016056672054117427e-01,3.731712331307720287e+00,0.000000000000000000e+00,0.000000000000000000e+00,0.000000000000000000e+00,8.263198614154792665e+01,7.302236956795933764e+00,2.736287305518041002e+00,0.000000000000000000e+00,0.000000000000000000e+00,0.000000000000000000e+00,-1.669494757132212825e+01,1.307628539911610410e+01,-5.528388610609625831e-01,0.000000000000000000e+00,0.000000000000000000e+00,0.000000000000000000e+00,-3.437668116345080875e+02,9.339487469680671339e+00,-1.138354294331751149e+01,0.000000000000000000e+00,0.000000000000000000e+00,0.000000000000000000e+00,-5.458745934702447400e+00,1.411520915461758285e+01,-1.807616868798033738e-01,0.000000000000000000e+00,0.000000000000000000e+00,0.000000000000000000e+00,1.031256512122569688e+02,9.642532871511001247e+00,3.414917436475617407e+00,0.000000000000000000e+00,0.000000000000000000e+00,0.000000000000000000e+00,1.379931175327342032e+02,4.517971600348210437e+00,4.569523660085732963e+00,0.000000000000000000e+00,0.000000000000000000e+00,0.000000000000000000e+00,1.328538263416349992e+02,1.397603680899829115e+00,4.399340442881300106e+00,0.000000000000000000e+00,0.000000000000000000e+00,0.000000000000000000e+00,9.620492725370368703e+01,4.999337822962364175e-01,3.185743602019491583e+00,0.000000000000000000e+00
0.000000000000000000e+00,0.000000000000000000e+00,0.000000000000000000e+00,0.000000000000000000e+00,0.000000000000000000e+00,0.000000000000000000e+00,0.000000000000000000e+00,0.000000000000000000e+00,5.168605606602320712e+00,1.166403929762880987e+00,1.711539389159664193e-01,0.000000000000000000e+00,0.000000000000000000e+00,0.000000000000000000e+00,7.966848225034938835e+00,1.888090041730399404e+00,2.638153417468365181e-01,0.000000000000000000e+00,0.000000000000000000e+00,0.000000000000000000e+00,9.196850191325157908e+00,2.677058245765794098e+00,3.045458012611084730e-01,0.000000000000000000e+00,0.000000000000000000e+00,0.000000000000000000e+00,8.347814746549580889e+00,3.625560728300221136e+00,2.764307211576867984e-01,0.000000000000000000e+00,0.000000000000000000e+00,0.000000000000000000e+00,4.731782351019078625e+00,4.735151654225175477e+00,1.566889116932148329e-01,0.000000000000000000e+00,0.000000000000000000e+00,0.000000000000000000e+00,-2.357821433816393863e+00,5.934634124889052842e+00,-7.807723327596842455e-02,0.000000000000000000e+00,0.000000000000000000e+00,0.000000000000000000e+00,-1.345851783319097450e+01,7.075408014758261643e+00,-4.456672678176443747e-01,0.000000000000000000e+00,0.000000000000000000e+00,0.000000000000000000e+00,-2.863908433749604043e+01,7.929950365838967841e+00,-9.483586995006181297e-01,0.000000000000000000e+00,0.000000000000000000e+00,0.000000000000000000e+00,-4.709713302541759816e+01,8.200402144250597658e+00,-1.559581140927558840e+00,0.000000000000000000e+00,0.000000000000000000e+00,0.000000000000000000e+00,-6.669955930918887077e+01,7.541368660602519647e+00,-2.208698664325299710e+00,0.000000000000000000e+00,0.000000000000000000e+00,0.000000000000000000e+00,-8.342487256654034411e+01,5.614521915784543182e+00,-2.762543059019002545e+00,0.000000000000000000e+00,0.000000000000000000e+00,0.000000000000000000e+00,-9.018988569995801186e+01,2.257418153071515832e+00,-2.986560663133280169e+00,0.000000000000000000e+00,0.000000000000000000e+00,0.000000000000000000e+00,-7.326963799725920978e+01,-1.987409995974622978e+00,-2.426261181576471415e+00,0.000000000000000000e+00,0.000000000000000000e+00,0.000000000000000000e+00,-3.438179702973300778e-01,-4.335279093450523646e+00,-1.138523701853169472e-02,0.000000000000000000e+00,0.000000000000000000e+00,0.000000000000000000e+00,2.622362937215768284e+02,7.288480246277782904e+00,8.683729812899530387e+00,0.000000000000000000e+00,0.000000000000000000e+00,0.000000000000000000e+00,-9.058852550754945554e+00,-4.935159346614910625e+00,-2.999761278245181573e-01,0.000000000000000000e+00,0.000000000000000000e+00,0.000000000000000000e+00,-8.930441541249366821e+01,-3.393597065215548714e+00,-2.957239074482952201e+00,0.000000000000000000e+00,0.000000000000000000e+00,0.000000000000000000e+00,-1.103893788576530710e+02,-3.376799816445619773e-01,-3.655449543652459443e+00,0.000000000000000000e+00,0.000000000000000000e+00,0.000000000000000000e+00,-1.018488048723725115e+02,1.356519466114960881e+00,-3.372635765732062474e+00,0.000000000000000000e+00,0.000000000000000000e+00,0.000000000000000000e+00,-7.150253277557514764e+01,1.261155606911407823e+00,-2.367745008707005105e+00,0.000000000000000000e+00
0.000000000000000000e+00,0.000000000000000000e+00,0.000000000000000000e+00,0.000000000000000000e+00,0.000000000000000000e+00,0.000000000000000000e+00,0.000000000000000000e+00,0.000000000000000000e+00,-9.768320670542858519e-02,-6.676970245951012461e-02,-3.234695557389817566e-03,0.000000000000000000e+00,0.000000000000000000e+00,0.000000000000000000e+00,-1.601250879791955573e-01,-1.086482805244986249e-01,-5.302404867552058115e-03,0.000000000000000000e+00,0.000000000000000000e+00,0.000000000000000000e+00,-1.665802906805791683e-01,-1.500268103968611655e-01,-5.516163365091802419e-03,0.000000000000000000e+00,0.000000000000000000e+00,0.000000000000000000e+00,-8.443941338852188616e-02,-1.945885501843117316e-01,-2.796138707650290458e-03,0.000000000000000000e+00,0.000000000000000000e+00,0.000000000000000000e+00,1.170624956049794718e-01,-2.419106438203028897e-01,3.876424077807714974e-03,0.000000000000000000e+00,0.000000000000000000e+00,0.000000000000000000e+00,4.638303694410129685e-01,-2.883487585825977861e-01,1.535934462038853095e-02,0.000000000000000000e+00,0.000000000000000000e+00,0.000000000000000000e+00,9.698168211663049654e-01,-3.269404574524133467e-01,3.211465172686873287e-02,0.000000000000000000e+00,0.000000000000000000e+00,0.000000000000000000e+00,1.624958102010592542e+00,-3.474932814533654435e-01,5.380909299352600039e-02,0.000000000000000000e+00,0.000000000000000000e+00,0.000000000000000000e+00,2.379255780344806670e+00,-3.371374875052479125e-01,7.878701326609550970e-02,0.000000000000000000e+00,0.000000000000000000e+00,0.000000000000000000e+00,3.125193569599769905e+00,-2.814817297213926817e-01,1.034881029863429502e-01,0.000000000000000000e+00,0.000000000000000000e+00,0.000000000000000000e+00,3.677478200805590181e+00,-1.669195155038719625e-01,1.217765345727812726e-01,0.000000000000000000e+00,0.000000000000000000e+00,0.000000000000000000e+00,3.731712331307721175e+00,1.329882700768965711e-02,1.235724512601108771e-01,0.000000000000000000e+00,0.000000000000000000e+00,0.000000000000000000e+00,2.736287305518077861e+00,2.418073099748363208e-01,9.060980581434470438e-02,0.000000000000000000e+00,0.000000000000000000e+00,0.000000000000000000e+00,-5.528388610609622500e-01,4.330099687987786772e-01,-1.830678443244600218e-02,0.000000000000000000e+00,0.000000000000000000e+00,0.000000000000000000e+00,-1.138354294331751504e+01,3.092691123211772086e-01,-3.769562551027422215e-01,0.000000000000000000e+00,0.000000000000000000e+00,0.000000000000000000e+00,-1.807616868798022081e-01,4.674130373479258305e-01,-5.985768129619479030e-03,0.000000000000000000e+00,0.000000000000000000e+00,0.000000000000000000e+00,3.414917436475616519e+00,3.193042007263323656e-01,1.130820601941484732e-01,0.000000000000000000e+00,0.000000000000000000e+00,0.000000000000000000e+00,4.569523660085792471e+00,1.496087521791773789e-01,1.513158543949148782e-01,0.000000000000000000e+00,0.000000000000000000e+00,0.000000000000000000e+00,4.399340442881302771e+00,4.628044645617712671e-02,1.456803832100516949e-01,0.000000000000000000e+00,0.000000000000000000e+00,0.000000000000000000e+00,3.185743602019492027e+00,1.655487815279580582e-02,1.054931653453062140e-01,0.000000000000000000e+00
0.000000000000000000e+00,0.000000000000000000e+00,0.000000000000000000e+00,0.000000000000000000e+00,0.000000000000000000e+00,0.000000000000000000e+00,0.000000000000000000e+00,0.000000000000000000e+00,0.000000000000000000e+00,0.000000000000000000e+00,0.000000000000000000e+00,0.000000000000000000e+00,0.000000000000000000e+00,0.000000000000000000e+00,0.000000000000000000e+00,0.000000000000000000e+00,0.000000000000000000e+00,0.000000000000000000e+00,0.000000000000000000e+00,0.000000000000000000e+00,0.000000000000000000e+00,0.000000000000000000e+00,0.000000000000000000e+00,0.000000000000000000e+00,0.000000000000000000e+00,0.000000000000000000e+00,0.000000000000000000e+00,0.000000000000000000e+00,0.000000000000000000e+00,0.000000000000000000e+00,0.000000000000000000e+00,0.000000000000000000e+00,0.000000000000000000e+00,0.000000000000000000e+00,0.000000000000000000e+00,0.000000000000000000e+00,0.000000000000000000e+00,0.000000000000000000e+00,0.000000000000000000e+00,0.000000000000000000e+00,0.000000000000000000e+00,0.000000000000000000e+00,0.000000000000000000e+00,0.000000000000000000e+00,0.000000000000000000e+00,0.000000000000000000e+00,0.000000000000000000e+00,0.000000000000000000e+00,0.000000000000000000e+00,0.000000000000000000e+00,0.000000000000000000e+00,0.000000000000000000e+00,0.000000000000000000e+00,0.000000000000000000e+00,0.000000000000000000e+00,0.000000000000000000e+00,0.000000000000000000e+00,0.000000000000000000e+00,0.000000000000000000e+00,0.000000000000000000e+00,0.000000000000000000e+00,0.000000000000000000e+00,0.000000000000000000e+00,0.000000000000000000e+00,0.000000000000000000e+00,0.000000000000000000e+00,0.000000000000000000e+00,0.000000000000000000e+00,0.000000000000000000e+00,0.000000000000000000e+00,0.000000000000000000e+00,0.000000000000000000e+00,0.000000000000000000e+00,0.000000000000000000e+00,0.000000000000000000e+00,0.000000000000000000e+00,0.000000000000000000e+00,0.000000000000000000e+00,0.000000000000000000e+00,0.000000000000000000e+00,0.000000000000000000e+00,0.000000000000000000e+00,0.000000000000000000e+00,0.000000000000000000e+00,0.000000000000000000e+00,0.000000000000000000e+00,0.000000000000000000e+00,0.000000000000000000e+00,0.000000000000000000e+00,0.000000000000000000e+00,0.000000000000000000e+00,0.000000000000000000e+00,0.000000000000000000e+00,0.000000000000000000e+00,0.000000000000000000e+00,0.000000000000000000e+00,0.000000000000000000e+00,0.000000000000000000e+00,0.000000000000000000e+00,0.000000000000000000e+00,0.000000000000000000e+00,0.000000000000000000e+00,0.000000000000000000e+00,0.000000000000000000e+00,0.000000000000000000e+00,0.000000000000000000e+00,0.000000000000000000e+00,0.000000000000000000e+00,0.000000000000000000e+00,0.000000000000000000e+00,0.000000000000000000e+00,0.000000000000000000e+00,0.000000000000000000e+00,0.000000000000000000e+00,0.000000000000000000e+00,0.000000000000000000e+00,0.000000000000000000e+00,0.000000000000000000e+00,0.000000000000000000e+00,0.000000000000000000e+00,0.000000000000000000e+00,0.000000000000000000e+00,0.000000000000000000e+00,0.000000000000000000e+00,0.000000000000000000e+00,0.000000000000000000e+00
0.000000000000000000e+00,0.000000000000000000e+00,0.000000000000000000e+00,0.000000000000000000e+00,0.000000000000000000e+00,0.000000000000000000e+00,0.000000000000000000e+00,0.000000000000000000e+00,0.000000000000000000e+00,0.000000000000000000e+00,0.000000000000000000e+00,0.000000000000000000e+00,0.000000000000000000e+00,0.000000000000000000e+00,0.000000000000000000e+00,0.000000000000000000e+00,0.000000000000000000e+00,0.000000000000000000e+00,0.000000000000000000e+00,0.000000000000000000e+00,0.000000000000000000e+00,0.000000000000000000e+00,0.000000000000000000e+00,0.000000000000000000e+00,0.000000000000000000e+00,0.000000000000000000e+00,0.000000000000000000e+00,0.000000000000000000e+00,0.000000000000000000e+00,0.000000000000000000e+00,0.000000000000000000e+00,0.000000000000000000e+00,0.000000000000000000e+00,0.000000000000000000e+00,0.000000000000000000e+00,0.000000000000000000e+00,0.000000000000000000e+00,0.000000000000000000e+00,0.000000000000000000e+00,0.000000000000000000e+00,0.000000000000000000e+00,0.000000000000000000e+00,0.000000000000000000e+00,0.000000000000000000e+00,0.000000000000000000e+00,0.000000000000000000e+00,0.000000000000000000e+00,0.000000000000000000e+00,0.000000000000000000e+00,0.000000000000000000e+00,0.000000000000000000e+00,0.000000000000000000e+00,0.000000000000000000e+00,0.000000000000000000e+00,0.000000000000000000e+00,0.000000000000000000e+00,0.000000000000000000e+00,0.000000000000000000e+00,0.000000000000000000e+00,0.000000000000000000e+00,0.000000000000000000e+00,0.000000000000000000e+00,0.000000000000000000e+00,0.000000000000000000e+00,0.000000000000000000e+00,0.000000000000000000e+00,0.000000000000000000e+00,0.000000000000000000e+00,0.000000000000000000e+00,0.000000000000000000e+00,0.000000000000000000e+00,0.000000000000000000e+00,0.000000000000000000e+00,0.000000000000000000e+00,0.000000000000000000e+00,0.000000000000000000e+00,0.000000000000000000e+00,0.000000000000000000e+00,0.000000000000000000e+00,0.000000000000000000e+00,0.000000000000000000e+00,0.000000000000000000e+00,0.000000000000000000e+00,0.000000000000000000e+00,0.000000000000000000e+00,0.000000000000000000e+00,0.000000000000000000e+00,0.000000000000000000e+00,0.000000000000000000e+00,0.000000000000000000e+00,0.000000000000000000e+00,0.000000000000000000e+00,0.000000000000000000e+00,0.000000000000000000e+00,0.000000000000000000e+00,0.000000000000000000e+00,0.000000000000000000e+00,0.000000000000000000e+00,0.000000000000000000e+00,0.000000000000000000e+00,0.000000000000000000e+00,0.000000000000000000e+00,0.000000000000000000e+00,0.000000000000000000e+00,0.000000000000000000e+00,0.000000000000000000e+00,0.000000000000000000e+00,0.000000000000000000e+00,0.000000000000000000e+00,0.000000000000000000e+00,0.000000000000000000e+00,0.000000000000000000e+00,0.000000000000000000e+00,0.000000000000000000e+00,0.000000000000000000e+00,0.000000000000000000e+00,0.000000000000000000e+00,0.000000000000000000e+00,0.000000000000000000e+00,0.000000000000000000e+00,0.000000000000000000e+00,0.000000000000000000e+00,0.000000000000000000e+00,0.000000000000000000e+00,0.000000000000000000e+00,0.000000000000000000e+00
0.000000000000000000e+00,0.000000000000000000e+00,0.000000000000000000e+00,0.000000000000000000e+00,0.000000000000000000e+00,0.000000000000000000e+00,0.000000000000000000e+00,0.000000000000000000e+00,0.000000000000000000e+00,0.000000000000000000e+00,0.000000000000000000e+00,0.000000000000000000e+00,0.000000000000000000e+00,0.000000000000000000e+00,0.000000000000000000e+00,0.000000000000000000e+00,0.000000000000000000e+00,0.000000000000000000e+00,0.000000000000000000e+00,0.000000000000000000e+00,0.000000000000000000e+00,0.000000000000000000e+00,0.000000000000000000e+00,0.000000000000000000e+00,0.000000000000000000e+00,0.000000000000000000e+00,0.000000000000000000e+00,0.000000000000000000e+00,0.000000000000000000e+00,0.000000000000000000e+00,0.000000000000000000e+00,0.000000000000000000e+00,0.000000000000000000e+00,0.000000000000000000e+00,0.000000000000000000e+00,0.000000000000000000e+00,0.000000000000000000e+00,0.000000000000000000e+00,0.000000000000000000e+00,0.000000000000000000e+00,0.000000000000000000e+00,0.000000000000000000e+00,0.000000000000000000e+00,0.000000000000000000e+00,0.000000000000000000e+00,0.000000000000000000e+00,0.000000000000000000e+00,0.000000000000000000e+00,0.000000000000000000e+00,0.000000000000000000e+00,0.000000000000000000e+00,0.000000000000000000e+00,0.000000000000000000e+00,0.000000000000000000e+00,0.000000000000000000e+00,0.000000000000000000e+00,0.000000000000000000e+00,0.000000000000000000e+00,0.000000000000000000e+00,0.000000000000000000e+00,0.000000000000000000e+00,0.000000000000000000e+00,0.000000000000000000e+00,0.000000000000000000e+00,0.000000000000000000e+00,0.000000000000000000e+00,0.000000000000000000e+00,0.000000000000000000e+00,0.000000000000000000e+00,0.000000000000000000e+00,0.000000000000000000e+00,0.000000000000000000e+00,0.000000000000000000e+00,0.000000000000000000e+00,0.000000000000000000e+00,0.000000000000000000e+00,0.000000000000000000e+00,0.000000000000000000e+00,0.000000000000000000e+00,0.000000000000000000e+00,0.000000000000000000e+00,0.000000000000000000e+00,0.000000000000000000e+00,0.000000000000000000e+00,0.000000000000000000e+00,0.000000000000000000e+00,0.000000000000000000e+00,0.000000000000000000e+00,0.000000000000000000e+00,0.000000000000000000e+00,0.000000000000000000e+00,0.000000000000000000e+00,0.000000000000000000e+00,0.000000000000000000e+00,0.000000000000000000e+00,0.000000000000000000e+00,0.000000000000000000e+00,0.000000000000000000e+00,0.000000000000000000e+00,0.000000000000000000e+00,0.000000000000000000e+00,0.000000000000000000e+00,0.000000000000000000e+00,0.000000000000000000e+00,0.000000000000000000e+00,0.000000000000000000e+00,0.000000000000000000e+00,0.000000000000000000e+00,0.000000000000000000e+00,0.000000000000000000e+00,0.000000000000000000e+00,0.000000000000000000e+00,0.000000000000000000e+00,0.000000000000000000e+00,0.000000000000000000e+00,0.000000000000000000e+00,0.000000000000000000e+00,0.000000000000000000e+00,0.000000000000000000e+00,0.000000000000000000e+00,0.000000000000000000e+00,0.000000000000000000e+00,0.000000000000000000e+00,0.000000000000000000e+00,0.000000000000000000e+00,0.000000000000000000e+00
0.000000000000000000e+00,0.000000000000000000e+00,0.000000000000000000e+00,0.000000000000000000e+00,0.000000000000000000e+00,0.000000000000000000e+00,0.000000000000000000e+00,0.000000000000000000e+00,-2.999459367114322372e+00,-1.471301870773973786e+00,-9.932452277733004598e-02,0.000000000000000000e+00,0.000000000000000000e+00,0.000000000000000000e+00,-5.498163378849487692e+00,-2.447661769591652270e+00,-1.820669617143055030e-01,0.000000000000000000e+00,0.000000000000000000e+00,0.000000000000000000e+00,-6.945695216616721623e+00,-3.470675134792744476e+00,-2.300007362363266084e-01,0.000000000000000000e+00,0.000000000000000000e+00,0.000000000000000000e+00,-6.503809307225147052e+00,-4.652280185508832488e+00,-2.153680635775288288e-01,0.000000000000000000e+00,0.000000000000000000e+00,0.000000000000000000e+00,-3.304917653958212131e+00,-6.019231713144312046e+00,-1.094395117989475363e-01,0.000000000000000000e+00,0.000000000000000000e+00,0.000000000000000000e+00,3.535120926471964964e+00,-7.524527882913844223e+00,1.170624956055950627e-01,0.000000000000000000e+00,0.000000000000000000e+00,0.000000000000000000e+00,1.480917108684062988e+01,-9.035498745723527847e+00,4.903929911687375243e-01,0.000000000000000000e+00,0.000000000000000000e+00,0.000000000000000000e+00,3.097800870580813637e+01,-1.032326129552000182e+01,1.025810172670053033e+00,0.000000000000000000e+00,0.000000000000000000e+00,0.000000000000000000e+00,5.178840233028064688e+01,-1.106175881216393009e+01,1.714928497865998658e+00,0.000000000000000000e+00,0.000000000000000000e+00,0.000000000000000000e+00,7.577733195065772520e+01,-1.084170124963116244e+01,2.509301314716406495e+00,0.000000000000000000e+00,0.000000000000000000e+00,0.000000000000000000e+00,9.972274622352048823e+01,-9.203414819385933754e+00,3.302233158179154415e+00,0.000000000000000000e+00,0.000000000000000000e+00,0.000000000000000000e+00,1.180073374501123169e+02,-5.705422897056537046e+00,3.907711704637014005e+00,0.000000000000000000e+00,0.000000000000000000e+00,0.000000000000000000e+00,1.213379948285500518e+02,-1.083056385004742550e-01,4.018003565321969894e+00,0.000000000000000000e+00,0.000000000000000000e+00,0.000000000000000000e+00,9.283562795761677933e+01,7.101150172626701007e+00,3.074172147394391708e+00,0.000000000000000000e+00,0.000000000000000000e+00,0.000000000000000000e+00,-5.458745934696736413e+00,1.337126183917150257e+01,-1.807616868796139975e-01,0.000000000000000000e+00,0.000000000000000000e+00,0.000000000000000000e+00,-3.326351689074770661e+02,1.033525635337337079e+01,-1.101492814769392758e+01,0.000000000000000000e+00,0.000000000000000000e+00,0.000000000000000000e+00,3.541615194302610181e+00,1.599977109420381538e+01,1.172775477113640191e-01,0.000000000000000000e+00,0.000000000000000000e+00,0.000000000000000000e+00,1.066782840515801638e+02,1.251739384831493673e+01,3.532559824046343167e+00,0.000000000000000000e+00,0.000000000000000000e+00,0.000000000000000000e+00,1.306073160895497267e+02,8.237713444571403087e+00,4.324949183860038460e+00,0.000000000000000000e+00,0.000000000000000000e+00,0.000000000000000000e+00,1.036116027573023786e+02,5.102342920732425569e+00,3.431009304841541763e+00,0.000000000000000000e+00
0.000000000000000000e+00,0.000000000000000000e+00,0.000000000000000000e+00,0.000000000000000000e+00,0.000000000000000000e+00,0.000000000000000000e+00,0.000000000000000000e+00,0.000000000000000000e+00,4.506266216489706267e+00,7.764627190163730930e-01,1.492211384383741180e-01,0.000000000000000000e+00,0.000000000000000000e+00,0.000000000000000000e+00,7.445278163685088657e+00,1.291963336372739635e+00,2.465439967816416278e-01,0.000000000000000000e+00,0.000000000000000000e+00,0.000000000000000000e+00,9.424021439876201001e+00,1.902762023271788561e+00,3.120683821963422533e-01,0.000000000000000000e+00,0.000000000000000000e+00,0.000000000000000000e+00,1.002327931693115382e+01,2.697559929193742434e+00,3.319122925061845364e-01,0.000000000000000000e+00,0.000000000000000000e+00,0.000000000000000000e+00,8.630116659773916510e+00,3.706693583170750816e+00,2.857789067399148508e-01,0.000000000000000000e+00,0.000000000000000000e+00,0.000000000000000000e+00,4.512611960089796703e+00,4.908296263040382357e+00,1.494312722917137404e-01,0.000000000000000000e+00,0.000000000000000000e+00,0.000000000000000000e+00,-3.087968039155144950e+00,6.217252205547835864e+00,-1.022554114929748598e-01,0.000000000000000000e+00,0.000000000000000000e+00,0.000000000000000000e+00,-1.476913944559103520e+01,7.474060876536972486e+00,-4.890673777242906528e-01,0.000000000000000000e+00,0.000000000000000000e+00,0.000000000000000000e+00,-3.066088620261948705e+01,8.440151103703506408e+00,-1.015308933134520419e+00,0.000000000000000000e+00,0.000000000000000000e+00,0.000000000000000000e+00,-5.001498477437937140e+01,8.804042123106791351e+00,-1.656203297466214197e+00,0.000000000000000000e+00,0.000000000000000000e+00,0.000000000000000000e+00,-7.073321151780027094e+01,8.202261357048568513e+00,-2.342269595494637535e+00,0.000000000000000000e+00,0.000000000000000000e+00,0.000000000000000000e+00,-8.879119787557672794e+01,6.272830250981005662e+00,-2.940244316196136243e+00,0.000000000000000000e+00,0.000000000000000000e+00,0.000000000000000000e+00,-9.703873523748788443e+01,2.824193304092442069e+00,-3.213354437820490350e+00,0.000000000000000000e+00,0.000000000000000000e+00,0.000000000000000000e+00,-8.158484546257618319e+01,-1.633677869029527940e+00,-2.701612140600053724e+00,0.000000000000000000e+00,0.000000000000000000e+00,0.000000000000000000e+00,-9.802799866209392476e+00,-4.347440967412731005e+00,-3.246113047131050089e-01,0.000000000000000000e+00,0.000000000000000000e+00,0.000000000000000000e+00,2.524465270835319757e+02,6.735567382541868930e+00,8.359550092351854644e+00,0.000000000000000000e+00,0.000000000000000000e+00,0.000000000000000000e+00,-1.764369460616033081e+01,-6.203054495386651546e+00,-5.842558048958680361e-01,0.000000000000000000e+00,0.000000000000000000e+00,0.000000000000000000e+00,-9.409108232018758144e+01,-5.501993332988627472e+00,-3.115745441167963481e+00,0.000000000000000000e+00,0.000000000000000000e+00,0.000000000000000000e+00,-1.070060462790490874e+02,-3.252901764111531868e+00,-3.543413388920351181e+00,0.000000000000000000e+00,0.000000000000000000e+00,0.000000000000000000e+00,-8.162855021159451496e+01,-1.874469417221305889e+00,-2.703059385855963725e+00,0.000000000000000000e+00
0.000000000000000000e+00,0.000000000000000000e+00,0.000000000000000000e+00,0.000000000000000000e+00,0.000000000000000000e+00,0.000000000000000000e+00,0.000000000000000000e+00,0.000000000000000000e+00,-9.932452277732989332e-02,-4.872089876537021719e-02,-3.289046330517705549e-03,0.000000000000000000e+00,0.000000000000000000e+00,0.000000000000000000e+00,-1.820669617143057251e-01,-8.105221889333237562e-02,-6.028991185564743296e-03,0.000000000000000000e+00,0.000000000000000000e+00,0.000000000000000000e+00,-2.300007362363274410e-01,-1.149284285221308655e-01,-7.616276991638647881e-03,0.000000000000000000e+00,0.000000000000000000e+00,0.000000000000000000e+00,-2.153680635775303553e-01,-1.540562657118609569e-01,-7.131728594441888447e-03,0.000000000000000000e+00,0.000000000000000000e+00,0.000000000000000000e+00,-1.094395117989491045e-01,-1.993216924186595740e-01,-3.623995511188497429e-03,0.000000000000000000e+00,0.000000000000000000e+00,0.000000000000000000e+00,1.170624956055963811e-01,-2.491682832210371235e-01,3.876424077828163027e-03,0.000000000000000000e+00,0.000000000000000000e+00,0.000000000000000000e+00,4.903929911687374688e-01,-2.992027866133611935e-01,1.623894304260660101e-02,0.000000000000000000e+00,0.000000000000000000e+00,0.000000000000000000e+00,1.025810172670060139e+00,-3.418459382797588986e-01,3.396882350788660299e-02,0.000000000000000000e+00,0.000000000000000000e+00,0.000000000000000000e+00,1.714928497866011092e+00,-3.663006497578047971e-01,5.678838543882561152e-02,0.000000000000000000e+00,0.000000000000000000e+00,0.000000000000000000e+00,2.509301314716406495e+00,-3.590136324300322590e-01,8.309335953049259982e-02,0.000000000000000000e+00,0.000000000000000000e+00,0.000000000000000000e+00,3.302233158179155748e+00,-3.047631832855143830e-01,1.093506170250844317e-01,0.000000000000000000e+00,0.000000000000000000e+00,0.000000000000000000e+00,3.907711704637011785e+00,-1.889301827876343765e-01,1.294005194635680922e-01,0.000000000000000000e+00,0.000000000000000000e+00,0.000000000000000000e+00,4.018003565322021409e+00,-3.586448270009074020e-03,1.330527397766227971e-01,0.000000000000000000e+00,0.000000000000000000e+00,0.000000000000000000e+00,3.074172147394390375e+00,2.351484936916705126e-01,1.017985723770834655e-01,0.000000000000000000e+00,0.000000000000000000e+00,0.000000000000000000e+00,-1.807616868796116383e-01,4.427778604596164236e-01,-5.985768129613170709e-03,0.000000000000000000e+00,0.000000000000000000e+00,0.000000000000000000e+00,-1.101492814769392758e+01,3.422431443262999307e-01,-3.647498924944034826e-01,0.000000000000000000e+00,0.000000000000000000e+00,0.000000000000000000e+00,1.172775477113630616e-01,5.298186886282775232e-01,3.883545343750885795e-03,0.000000000000000000e+00,0.000000000000000000e+00,0.000000000000000000e+00,3.532559824046388908e+00,4.145027547400618739e-01,1.169776868967329353e-01,0.000000000000000000e+00,0.000000000000000000e+00,0.000000000000000000e+00,4.324949183860037571e+00,2.727848110326707709e-01,1.432169805108511884e-01,0.000000000000000000e+00,0.000000000000000000e+00,0.000000000000000000e+00,3.431009304841539986e+00,1.689597069406549301e-01,1.136149286048910023e-01,0.000000000000000000e+00
0.000000000000000000e+00,0.000000000000000000e+00,0.000000000000000000e+00,0.000000000000000000e+00,0.000000000000000000e+00,0.000000000000000000e+00,0.000000000000000000e+00,0.000000000000000000e+00,0.000000000000000000e+00,0.000000000000000000e+00,0.000000000000000000e+00,0.000000000000000000e+00,0.000000000000000000e+00,0.000000000000000000e+00,0.000000000000000000e+00,0.000000000000000000e+00,0.000000000000000000e+00,0.000000000000000000e+00,0.000000000000000000e+00,0.000000000000000000e+00,0.000000000000000000e+00,0.000000000000000000e+00,0.000000000000000000e+00,0.000000000000000000e+00,0.000000000000000000e+00,0.000000000000000000e+00,0.000000000000000000e+00,0.000000000000000000e+00,0.000000000000000000e+00,0.000000000000000000e+00,0.000000000000000000e+00,0.000000000000000000e+00,0.000000000000000000e+00,0.000000000000000000e+00,0.000000000000000000e+00,0.000000000000000000e+00,0.000000000000000000e+00,0.000000000000000000e+00,0.000000000000000000e+00,0.000000000000000000e+00,0.000000000000000000e+00,0.000000000000000000e+00,0.000000000000000000e+00,0.000000000000000000e+00,0.000000000000000000e+00,0.000000000000000000e+00,0.000000000000000000e+00,0.000000000000000000e+00,0.000000000000000000e+00,0.000000000000000000e+00,0.000000000000000000e+00,0.000000000000000000e+00,0.000000000000000000e+00,0.000000000000000000e+00,0.000000000000000000e+00,0.000000000000000000e+00,0.000000000000000000e+00,0.000000000000000000e+00,0.000000000000000000e+00,0.000000000000000000e+00,0.000000000000000000e+00,0.000000000000000000e+00,0.000000000000000000e+00,0.000000000000000000e+00,0.000000000000000000e+00,0.000000000000000000e+00,0.000000000000000000e+00,0.000000000000000000e+00,0.000000000000000000e+00,0.000000000000000000e+00,0.000000000000000000e+00,0.000000000000000000e+00,0.000000000000000000e+00,0.000000000000000000e+00,0.000000000000000000e+00,0.000000000000000000e+00,0.000000000000000000e+00,0.000000000000000000e+00,0.000000000000000000e+00,0.000000000000000000e+00,0.000000000000000000e+00,0.000000000000000000e+00,0.000000000000000000e+00,0.000000000000000000e+00,0.000000000000000000e+00,0.000000000000000000e+00,0.000000000000000000e+00,0.000000000000000000e+00,0.000000000000000000e+00,0.000000000000000000e+00,0.000000000000000000e+00,0.000000000000000000e+00,0.000000000000000000e+00,0.000000000000000000e+00,0.000000000000000000e+00,0.000000000000000000e+00,0.000000000000000000e+00,0.000000000000000000e+00,0.000000000000000000e+00,0.000000000000000000e+00,0.000000000000000000e+00,0.000000000000000000e+00,0.000000000000000000e+00,0.000000000000000000e+00,0.000000000000000000e+00,0.000000000000000000e+00,0.000000000000000000e+00,0.000000000000000000e+00,0.000000000000000000e+00,0.000000000000000000e+00,0.000000000000000000e+00,0.000000000000000000e+00,0.000000000000000000e+00,0.000000000000000000e+00,0.000000000000000000e+00,0.000000000000000000e+00,0.000000000000000000e+00,0.000000000000000000e+00,0.000000000000000000e+00,0.000000000000000000e+00,0.000000000000000000e+00,0.000000000000000000e+00,0.000000000000000000e+00,0.000000000000000000e+00,0.000000000000000000e+00,0.000000000000000000e+00
0.000000000000000000e+00,0.000000000000000000e+00,0.000000000000000000e+00,0.000000000000000000e+00,0.000000000000000000e+00,0.000000000000000000e+00,0.000000000000000000e+00,0.000000000000000000e+00,0.000000000000000000e+00,0.000000000000000000e+00,0.000000000000000000e+00,0.000000000000000000e+00,0.000000000000000000e+00,0.000000000000000000e+00,0.000000000000000000e+00,0.000000000000000000e+00,0.000000000000000000e+00,0.000000000000000000e+00,0.000000000000000000e+00,0.000000000000000000e+00,0.000000000000000000e+00,0.000000000000000000e+00,0.000000000000000000e+00,0.000000000000000000e+00,0.000000000000000000e+00,0.000000000000000000e+00,0.000000000000000000e+00,0.000000000000000000e+00,0.000000000000000000e+00,0.000000000000000000e+00,0.000000000000000000e+00,0.000000000000000000e+00,0.000000000000000000e+00,0.000000000000000000e+00,0.000000000000000000e+00,0.000000000000000000e+00,0.000000000000000000e+00,0.000000000000000000e+00,0.000000000000000000e+00,0.000000000000000000e+00,0.000000000000000000e+00,0.000000000000000000e+00,0.000000000000000000e+00,0.000000000000000000e+00,0.000000000000000000e+00,0.000000000000000000e+00,0.000000000000000000e+00,0.000000000000000000e+00,0.000000000000000000e+00,0.000000000000000000e+00,0.000000000000000000e+00,0.000000000000000000e+00,0.000000000000000000e+00,0.000000000000000000e+00,0.000000000000000000e+00,0.000000000000000000e+00,0.000000000000000000e+00,0.000000000000000000e+00,0.000000000000000000e+00,0.000000000000000000e+00,0.000000000000000000e+00,0.000000000000000000e+00,0.000000000000000000e+00,0.000000000000000000e+00,0.000000000000000000e+00,0.000000000000000000e+00,0.000000000000000000e+00,0.000000000000000000e+00,0.000000000000000000e+00,0.000000000000000000e+00,0.000000000000000000e+00,0.000000000000000000e+00,0.000000000000000000e+00,0.000000000000000000e+00,0.000000000000000000e+00,0.000000000000000000e+00,0.000000000000000000e+00,0.000000000000000000e+00,0.000000000000000000e+00,0.000000000000000000e+00,0.000000000000000000e+00,0.000000000000000000e+00,0.000000000000000000e+00,0.000000000000000000e+00,0.000000000000000000e+00,0.000000000000000000e+00,0.000000000000000000e+00,0.000000000000000000e+00,0.000000000000000000e+00,0.000000000000000000e+00,0.000000000000000000e+00,0.000000000000000000e+00,0.000000000000000000e+00,0.000000000000000000e+00,0.000000000000000000e+00,0.000000000000000000e+00,0.000000000000000000e+00,0.000000000000000000e+00,0.000000000000000000e+00,0.000000000000000000e+00,0.000000000000000000e+00,0.000000000000000000e+00,0.000000000000000000e+00,0.000000000000000000e+00,0.000000000000000000e+00,0.000000000000000000e+00,0.000000000000000000e+00,0.000000000000000000e+00,0.000000000000000000e+00,0.000000000000000000e+00,0.000000000000000000e+00,0.000000000000000000e+00,0.000000000000000000e+00,0.000000000000000000e+00,0.000000000000000000e+00,0.000000000000000000e+00,0.000000000000000000e+00,0.000000000000000000e+00,0.000000000000000000e+00,0.000000000000000000e+00,0.000000000000000000e+00,0.000000000000000000e+00,0.000000000000000000e+00,0.000000000000000000e+00,0.000000000000000000e+00,0.000000000000000000e+00
0.000000000000000000e+00,0.000000000000000000e+00,0.000000000000000000e+00,0.000000000000000000e+00,0.000000000000000000e+00,0.000000000000000000e+00,0.000000000000000000e+00,0.000000000000000000e+00,0.000000000000000000e+00,0.000000000000000000e+00,0.000000000000000000e+00,0.000000000000000000e+00,0.000000000000000000e+00,0.000000000000000000e+00,0.000000000000000000e+00,0.000000000000000000e+00,0.000000000000000000e+00,0.000000000000000000e+00,0.000000000000000000e+00,0.000000000000000000e+00,0.000000000000000000e+00,0.000000000000000000e+00,0.000000000000000000e+00,0.000000000000000000e+00,0.000000000000000000e+00,0.000000000000000000e+00,0.000000000000000000e+00,0.000000000000000000e+00,0.000000000000000000e+00,0.000000000000000000e+00,0.000000000000000000e+00,0.000000000000000000e+00,0.000000000000000000e+00,0.000000000000000000e+00,0.000000000000000000e+00,0.000000000000000000e+00,0.000000000000000000e+00,0.000000000000000000e+00,0.000000000000000000e+00,0.000000000000000000e+00,0.000000000000000000e+00,0.000000000000000000e+00,0.000000000000000000e+00,0.000000000000000000e+00,0.000000000000000000e+00,0.000000000000000000e+00,0.000000000000000000e+00,0.000000000000000000e+00,0.000000000000000000e+00,0.000000000000000000e+00,0.000000000000000000e+00,0.000000000000000000e+00,0.000000000000000000e+00,0.000000000000000000e+00,0.000000000000000000e+00,0.000000000000000000e+00,0.000000000000000000e+00,0.000000000000000000e+00,0.000000000000000000e+00,0.000000000000000000e+00,0.000000000000000000e+00,0.000000000000000000e+00,0.000000000000000000e+00,0.000000000000000000e+00,0.000000000000000000e+00,0.000000000000000000e+00,0.000000000000000000e+00,0.000000000000000000e+00,0.000000000000000000e+00,0.000000000000000000e+00,0.000000000000000000e+00,0.000000000000000000e+00,0.000000000000000000e+00,0.000000000000000000e+00,0.000000000000000000e+00,0.000000000000000000e+00,0.000000000000000000e+00,0.000000000000000000e+00,0.000000000000000000e+00,0.000000000000000000e+00,0.000000000000000000e+00,0.000000000000000000e+00,0.000000000000000000e+00,0.000000000000000000e+00,0.000000000000000000e+00,0.000000000000000000e+00,0.000000000000000000e+00,0.000000000000000000e+00,0.000000000000000000e+00,0.000000000000000000e+00,0.000000000000000000e+00,0.000000000000000000e+00,0.000000000000000000e+00,0.000000000000000000e+00,0.000000000000000000e+00,0.000000000000000000e+00,0.000000000000000000e+00,0.000000000000000000e+00,0.000000000000000000e+00,0.000000000000000000e+00,0.000000000000000000e+00,0.000000000000000000e+00,0.000000000000000000e+00,0.000000000000000000e+00,0.000000000000000000e+00,0.000000000000000000e+00,0.000000000000000000e+00,0.000000000000000000e+00,0.000000000000000000e+00,0.000000000000000000e+00,0.000000000000000000e+00,0.000000000000000000e+00,0.000000000000000000e+00,0.000000000000000000e+00,0.000000000000000000e+00,0.000000000000000000e+00,0.000000000000000000e+00,0.000000000000000000e+00,0.000000000000000000e+00,0.000000000000000000e+00,0.000000000000000000e+00,0.000000000000000000e+00,0.000000000000000000e+00,0.000000000000000000e+00,0.000000000000000000e+00,0.000000000000000000e+00
0.000000000000000000e+00,0.000000000000000000e+00,0.000000000000000000e+00,0.000000000000000000e+00,0.000000000000000000e+00,0.000000000000000000e+00,0.000000000000000000e+00,0.000000000000000000e+00,-2.235314679029626994e+00,-1.068017692914443595e+00,-7.402052722767092641e-02,0.000000000000000000e+00,0.000000000000000000e+00,0.000000000000000000e+00,-4.754547513640417833e+00,-1.828635475667141463e+00,-1.574427605161409227e-01,0.000000000000000000e+00,0.000000000000000000e+00,0.000000000000000000e+00,-6.801235784050096100e+00,-2.658343070165469335e+00,-2.252170861033468419e-01,0.000000000000000000e+00,0.000000000000000000e+00,0.000000000000000000e+00,-7.638856020348600673e+00,-3.660249266126480272e+00,-2.529541613746877360e-01,0.000000000000000000e+00,0.000000000000000000e+00,0.000000000000000000e+00,-6.503809307221791514e+00,-4.885269964223694750e+00,-2.153680635774183061e-01,0.000000000000000000e+00,0.000000000000000000e+00,0.000000000000000000e+00,-2.549950227396253322e+00,-6.333354066908831292e+00,-8.443941338860082302e-02,0.000000000000000000e+00,0.000000000000000000e+00,0.000000000000000000e+00,5.124124183480611272e+00,-7.937936949652050878e+00,1.696809747636731647e-01,0.000000000000000000e+00,0.000000000000000000e+00,0.000000000000000000e+00,1.734455232817492032e+01,-9.548548795073072526e+00,5.743499650871356499e-01,0.000000000000000000e+00,0.000000000000000000e+00,0.000000000000000000e+00,3.460489923148217883e+01,-1.091755538009915938e+01,1.145911539795678280e+00,0.000000000000000000e+00,0.000000000000000000e+00,0.000000000000000000e+00,5.666885765904508787e+01,-1.169725158235746321e+01,1.876540587624694112e+00,0.000000000000000000e+00,0.000000000000000000e+00,0.000000000000000000e+00,8.205597888422163066e+01,-1.145267830459058089e+01,2.717213319526643023e+00,0.000000000000000000e+00,0.000000000000000000e+00,0.000000000000000000e+00,1.074689158262969357e+02,-9.694551542843495184e+00,3.558740916738400539e+00,0.000000000000000000e+00,0.000000000000000000e+00,0.000000000000000000e+00,1.271278049986830609e+02,-5.949779413540903228e+00,4.209728160235568062e+00,0.000000000000000000e+00,0.000000000000000000e+00,0.000000000000000000e+00,1.314547235346978482e+02,4.992838514652150894e-02,4.353010354152960559e+00,0.000000000000000000e+00,0.000000000000000000e+00,0.000000000000000000e+00,1.031256512122473907e+02,7.835150954811228807e+00,3.414917436475302104e+00,0.000000000000000000e+00,0.000000000000000000e+00,0.000000000000000000e+00,3.541615194307830894e+00,1.484581860266246700e+01,1.172775477115369086e-01,0.000000000000000000e+00,0.000000000000000000e+00,0.000000000000000000e+00,-3.272538929293235128e+02,1.265823497429792788e+01,-1.083673181193978330e+01,0.000000000000000000e+00,0.000000000000000000e+00,0.000000000000000000e+00,1.804384452471079259e+00,1.913073129631303715e+01,5.975064260361753754e-02,0.000000000000000000e+00,0.000000000000000000e+00,0.000000000000000000e+00,9.244590853841195610e+01,1.606395674610202207e+01,3.061266923288346931e+00,0.000000000000000000e+00,0.000000000000000000e+00,0.000000000000000000e+00,9.364028611674763170e+01,1.082086952516678480e+01,3.100817711768694807e+00,0.000000000000000000e+00
0.000000000000000000e+00,0.000000000000000000e+00,0.000000000000000000e+00,0.000000000000000000e+00,0.000000000000000000e+00,0.000000000000000000e+00,0.000000000000000000e+00,0.000000000000000000e+00,3.347198907626384834e+00,5.133359368821870383e-01,1.108396192279938186e-01,0.000000000000000000e+00,0.000000000000000000e+00,0.000000000000000000e+00,6.028494569905070044e+00,8.906485133202494131e-01,1.996284239708206454e-01,0.000000000000000000e+00,0.000000000000000000e+00,0.000000000000000000e+00,8.267912944726351299e+00,1.363727751954791234e+00,2.737848415628014176e-01,0.000000000000000000e+00,0.000000000000000000e+00,0.000000000000000000e+00,9.694945522200715260e+00,2.011758113815372617e+00,3.210398006728829023e-01,0.000000000000000000e+00,0.000000000000000000e+00,0.000000000000000000e+00,9.790289538216880416e+00,2.881621854378875192e+00,3.241970359381146083e-01,0.000000000000000000e+00,0.000000000000000000e+00,0.000000000000000000e+00,7.890758226944428522e+00,3.986635378788271566e+00,2.612956867612323264e-01,0.000000000000000000e+00,0.000000000000000000e+00,0.000000000000000000e+00,3.211923923749373966e+00,5.293380124270601783e+00,1.063601042311894118e-01,0.000000000000000000e+00,0.000000000000000000e+00,0.000000000000000000e+00,-5.058718563380026012e+00,6.706055873926799471e+00,-1.675151237857686604e-01,0.000000000000000000e+00,0.000000000000000000e+00,0.000000000000000000e+00,-1.756660205075499093e+01,8.052913151347215859e+00,-5.817029510851831064e-01,0.000000000000000000e+00,0.000000000000000000e+00,0.000000000000000000e+00,-3.447415845398671763e+01,9.079733862756917517e+00,-1.141582171151906744e+00,0.000000000000000000e+00,0.000000000000000000e+00,0.000000000000000000e+00,-5.503628700955619735e+01,9.454780944615214011e+00,-1.822479411654585046e+00,0.000000000000000000e+00,0.000000000000000000e+00,0.000000000000000000e+00,-7.710887633379942940e+01,8.789465026830253436e+00,-2.553394264220044008e+00,0.000000000000000000e+00,0.000000000000000000e+00,0.000000000000000000e+00,-9.654624491737314429e+01,6.693098474569227463e+00,-3.197046043529784498e+00,0.000000000000000000e+00,0.000000000000000000e+00,0.000000000000000000e+00,-1.059687291252534180e+02,2.945380909678499748e+00,-3.509063521607891367e+00,0.000000000000000000e+00,0.000000000000000000e+00,0.000000000000000000e+00,-9.111179732918786556e+01,-1.965765351022793483e+00,-3.017088975541867057e+00,0.000000000000000000e+00,0.000000000000000000e+00,0.000000000000000000e+00,-1.879764709770824282e+01,-5.291432027069105537e+00,-6.224679513204329773e-01,0.000000000000000000e+00,0.000000000000000000e+00,0.000000000000000000e+00,2.458723404398672017e+02,5.051531105170032454e+00,8.141851543676631664e+00,0.000000000000000000e+00,0.000000000000000000e+00,0.000000000000000000e+00,-1.886783265822623079e+01,-8.657629489721163196e+00,-6.247920859230602364e-01,0.000000000000000000e+00,0.000000000000000000e+00,0.000000000000000000e+00,-8.536846751999125615e+01,-8.511745405101256878e+00,-2.826903537890785856e+00,0.000000000000000000e+00,0.000000000000000000e+00,0.000000000000000000e+00,-7.962046251767414162e+01,-5.923701195869781166e+00,-2.636563285231817932e+00,0.000000000000000000e+00
0.000000000000000000e+00,0.000000000000000000e+00,0.000000000000000000e+00,0.000000000000000000e+00,0.000000000000000000e+00,0.000000000000000000e+00,0.000000000000000000e+00,0.000000000000000000e+00,-7.402052722767105131e-02,-3.536648931788283906e-02,-2.451126234021281606e-03,0.000000000000000000e+00,0.000000000000000000e+00,0.000000000000000000e+00,-1.574427605161409782e-01,-6.055369442429671401e-02,-5.213581895612039510e-03,0.000000000000000000e+00,0.000000000000000000e+00,0.000000000000000000e+00,-2.252170861033468974e-01,-8.802874935313118043e-02,-7.457870522859195300e-03,0.000000000000000000e+00,0.000000000000000000e+00,0.000000000000000000e+00,-2.529541613746894568e-01,-1.212060131869188428e-01,-8.376359966246884475e-03,0.000000000000000000e+00,0.000000000000000000e+00,0.000000000000000000e+00,-2.153680635774190555e-01,-1.617715222799512576e-01,-7.131728594438222109e-03,0.000000000000000000e+00,0.000000000000000000e+00,0.000000000000000000e+00,-8.443941338860092016e-02,-2.097235845807698118e-01,-2.796138707652910324e-03,0.000000000000000000e+00,0.000000000000000000e+00,0.000000000000000000e+00,1.696809747636730259e-01,-2.628579696744646199e-01,5.618839857466775140e-03,0.000000000000000000e+00,0.000000000000000000e+00,0.000000000000000000e+00,5.743499650871393136e-01,-3.161919986931219229e-01,1.901910618123791447e-02,0.000000000000000000e+00,0.000000000000000000e+00,0.000000000000000000e+00,1.145911539795686052e+00,-3.615254768617411352e-01,3.794587720811197495e-02,0.000000000000000000e+00,0.000000000000000000e+00,0.000000000000000000e+00,1.876540587624694556e+00,-3.873444474568017992e-01,6.214003109414666104e-02,0.000000000000000000e+00,0.000000000000000000e+00,0.000000000000000000e+00,2.717213319526644355e+00,-3.792456132586729534e-01,8.997818713771643662e-02,0.000000000000000000e+00,0.000000000000000000e+00,0.000000000000000000e+00,3.558740916738399651e+00,-3.210267543845869431e-01,1.178446513123669326e-01,0.000000000000000000e+00,0.000000000000000000e+00,0.000000000000000000e+00,4.209728160235624017e+00,-1.970218391219200893e-01,1.394015351973091621e-01,0.000000000000000000e+00,0.000000000000000000e+00,0.000000000000000000e+00,4.353010354152962336e+00,1.653335625109783949e-03,1.441462020827370960e-01,0.000000000000000000e+00,0.000000000000000000e+00,0.000000000000000000e+00,3.414917436475302992e+00,2.594542996672315471e-01,1.130820601941380926e-01,0.000000000000000000e+00,0.000000000000000000e+00,0.000000000000000000e+00,1.172775477115385184e-01,4.916065422039293531e-01,3.883545343756656353e-03,0.000000000000000000e+00,0.000000000000000000e+00,0.000000000000000000e+00,-1.083673181193978685e+01,4.191665877557897990e-01,-3.588490737657015206e-01,0.000000000000000000e+00,0.000000000000000000e+00,0.000000000000000000e+00,5.975064260361741958e-02,6.334977487011934638e-01,1.978591251246939083e-03,0.000000000000000000e+00,0.000000000000000000e+00,0.000000000000000000e+00,3.061266923288348707e+00,5.319441414061492068e-01,1.013712269561983514e-01,0.000000000000000000e+00,0.000000000000000000e+00,0.000000000000000000e+00,3.100817711768691698e+00,3.583238077523798748e-01,1.026809173738606890e-01,0.000000000000000000e+00
0.000000000000000000e+00,0.000000000000000000e+00,0.000000000000000000e+00,0.000000000000000000e+00,0.000000000000000000e+00,0.000000000000000000e+00,0.000000000000000000e+00,0.000000000000000000e+00,0.000000000000000000e+00,0.000000000000000000e+00,0.000000000000000000e+00,0.000000000000000000e+00,0.000000000000000000e+00,0.000000000000000000e+00,0.000000000000000000e+00,0.000000000000000000e+00,0.000000000000000000e+00,0.000000000000000000e+00,0.000000000000000000e+00,0.000000000000000000e+00,0.000000000000000000e+00,0.000000000000000000e+00,0.000000000000000000e+00,0.000000000000000000e+00,0.000000000000000000e+00,0.000000000000000000e+00,0.000000000000000000e+00,0.000000000000000000e+00,0.000000000000000000e+00,0.000000000000000000e+00,0.000000000000000000e+00,0.000000000000000000e+00,0.000000000000000000e+00,0.000000000000000000e+00,0.000000000000000000e+00,0.000000000000000000e+00,0.000000000000000000e+00,0.000000000000000000e+00,0.000000000000000000e+00,0.000000000000000000e+00,0.000000000000000000e+00,0.000000000000000000e+00,0.000000000000000000e+00,0.000000000000000000e+00,0.000000000000000000e+00,0.000000000000000000e+00,0.000000000000000000e+00,0.000000000000000000e+00,0.000000000000000000e+00,0.000000000000000000e+00,0.000000000000000000e+00,0.000000000000000000e+00,0.000000000000000000e+00,0.000000000000000000e+00,0.000000000000000000e+00,0.000000000000000000e+00,0.000000000000000000e+00,0.000000000000000000e+00,0.000000000000000000e+00,0.000000000000000000e+00,0.000000000000000000e+00,0.000000000000000000e+00,0.000000000000000000e+00,0.000000000000000000e+00,0.000000000000000000e+00,0.000000000000000000e+00,0.000000000000000000e+00,0.000000000000000000e+00,0.000000000000000000e+00,0.000000000000000000e+00,0.000000000000000000e+00,0.000000000000000000e+00,0.000000000000000000e+00,0.000000000000000000e+00,0.000000000000000000e+00,0.000000000000000000e+00,0.000000000000000000e+00,0.000000000000000000e+00,0.000000000000000000e+00,0.000000000000000000e+00,0.000000000000000000e+00,0.000000000000000000e+00,0.000000000000000000e+00,0.000000000000000000e+00,0.000000000000000000e+00,0.000000000000000000e+00,0.000000000000000000e+00,0.000000000000000000e+00,0.000000000000000000e+00,0.000000000000000000e+00,0.000000000000000000e+00,0.000000000000000000e+00,0.000000000000000000e+00,0.000000000000000000e+00,0.000000000000000000e+00,0.000000000000000000e+00,0.000000000000000000e+00,0.000000000000000000e+00,0.000000000000000000e+00,0.000000000000000000e+00,0.000000000000000000e+00,0.000000000000000000e+00,0.000000000000000000e+00,0.000000000000000000e+00,0.000000000000000000e+00,0.000000000000000000e+00,0.000000000000000000e+00,0.000000000000000000e+00,0.000000000000000000e+00,0.000000000000000000e+00,0.000000000000000000e+00,0.000000000000000000e+00,0.000000000000000000e+00,0.000000000000000000e+00,0.000000000000000000e+00,0.000000000000000000e+00,0.000000000000000000e+00,0.000000000000000000e+00,0.000000000000000000e+00,0.000000000000000000e+00,0.000000000000000000e+00,0.000000000000000000e+00,0.000000000000000000e+00,0.000000000000000000e+00,0.000000000000000000e+00,0.000000000000000000e+00
0.000000000000000000e+00,0.000000000000000000e+00,0.000000000000000000e+00,0.000000000000000000e+00,0.000000000000000000e+00,0.000000000000000000e+00,0.000000000000000000e+00,0.000000000000000000e+00,0.000000000000000000e+00,0.000000000000000000e+00,0.000000000000000000e+00,0.000000000000000000e+00,0.000000000000000000e+00,0.000000000000000000e+00,0.000000000000000000e+00,0.000000000000000000e+00,0.000000000000000000e+00,0.000000000000000000e+00,0.000000000000000000e+00,0.000000000000000000e+00,0.000000000000000000e+00,0.000000000000000000e+00,0.000000000000000000e+00,0.000000000000000000e+00,0.000000000000000000e+00,0.000000000000000000e+00,0.000000000000000000e+00,0.000000000000000000e+00,0.000000000000000000e+00,0.000000000000000000e+00,0.000000000000000000e+00,0.000000000000000000e+00,0.000000000000000000e+00,0.000000000000000000e+00,0.000000000000000000e+00,0.000000000000000000e+00,0.000000000000000000e+00,0.000000000000000000e+00,0.000000000000000000e+00,0.000000000000000000e+00,0.000000000000000000e+00,0.000000000000000000e+00,0.000000000000000000e+00,0.000000000000000000e+00,0.000000000000000000e+00,0.000000000000000000e+00,0.000000000000000000e+00,0.000000000000000000e+00,0.000000000000000000e+00,0.000000000000000000e+00,0.000000000000000000e+00,0.000000000000000000e+00,0.000000000000000000e+00,0.000000000000000000e+00,0.000000000000000000e+00,0.000000000000000000e+00,0.000000000000000000e+00,0.000000000000000000e+00,0.000000000000000000e+00,0.000000000000000000e+00,0.000000000000000000e+00,0.000000000000000000e+00,0.000000000000000000e+00,0.000000000000000000e+00,0.000000000000000000e+00,0.000000000000000000e+00,0.000000000000000000e+00,0.000000000000000000e+00,0.000000000000000000e+00,0.000000000000000000e+00,0.000000000000000000e+00,0.000000000000000000e+00,0.000000000000000000e+00,0.000000000000000000e+00,0.000000000000000000e+00,0.000000000000000000e+00,0.000000000000000000e+00,0.000000000000000000e+00,0.000000000000000000e+00,0.000000000000000000e+00,0.000000000000000000e+00,0.000000000000000000e+00,0.000000000000000000e+00,0.000000000000000000e+00,0.000000000000000000e+00,0.000000000000000000e+00,0.000000000000000000e+00,0.000000000000000000e+00,0.000000000000000000e+00,0.000000000000000000e+00,0.000000000000000000e+00,0.000000000000000000e+00,0.000000000000000000e+00,0.000000000000000000e+00,0.000000000000000000e+00,0.000000000000000000e+00,0.000000000000000000e+00,0.000000000000000000e+00,0.000000000000000000e+00,0.000000000000000000e+00,0.000000000000000000e+00,0.000000000000000000e+00,0.000000000000000000e+00,0.000000000000000000e+00,0.000000000000000000e+00,0.000000000000000000e+00,0.000000000000000000e+00,0.000000000000000000e+00,0.000000000000000000e+00,0.000000000000000000e+00,0.000000000000000000e+00,0.000000000000000000e+00,0.000000000000000000e+00,0.000000000000000000e+00,0.000000000000000000e+00,0.000000000000000000e+00,0.000000000000000000e+00,0.000000000000000000e+00,0.000000000000000000e+00,0.000000000000000000e+00,0.000000000000000000e+00,0.000000000000000000e+00,0.000000000000000000e+00,0.000000000000000000e+00,0.000000000000000000e+00,0.000000000000000000e+00
0.000000000000000000e+00,0.000000000000000000e+00,0.000000000000000000e+00,0.000000000000000000e+00,0.000000000000000000e+00,0.000000000000000000e+00,0.000000000000000000e+00,0.000000000000000000e+00,0.000000000000000000e+00,0.000000000000000000e+00,0.000000000000000000e+00,0.000000000000000000e+00,0.000000000000000000e+00,0.000000000000000000e+00,0.000000000000000000e+00,0.000000000000000000e+00,0.000000000000000000e+00,0.000000000000000000e+00,0.000000000000000000e+00,0.000000000000000000e+00,0.000000000000000000e+00,0.000000000000000000e+00,0.000000000000000000e+00,0.000000000000000000e+00,0.000000000000000000e+00,0.000000000000000000e+00,0.000000000000000000e+00,0.000000000000000000e+00,0.000000000000000000e+00,0.000000000000000000e+00,0.000000000000000000e+00,0.000000000000000000e+00,0.000000000000000000e+00,0.000000000000000000e+00,0.000000000000000000e+00,0.000000000000000000e+00,0.000000000000000000e+00,0.000000000000000000e+00,0.000000000000000000e+00,0.000000000000000000e+00,0.000000000000000000e+00,0.000000000000000000e+00,0.000000000000000000e+00,0.000000000000000000e+00,0.000000000000000000e+00,0.000000000000000000e+00,0.000000000000000000e+00,0.000000000000000000e+00,0.000000000000000000e+00,0.000000000000000000e+00,0.000000000000000000e+00,0.000000000000000000e+00,0.000000000000000000e+00,0.000000000000000000e+00,0.000000000000000000e+00,0.000000000000000000e+00,0.000000000000000000e+00,0.000000000000000000e+00,0.000000000000000000e+00,0.000000000000000000e+00,0.000000000000000000e+00,0.000000000000000000e+00,0.000000000000000000e+00,0.000000000000000000e+00,0.000000000000000000e+00,0.000000000000000000e+00,0.000000000000000000e+00,0.000000000000000000e+00,0.000000000000000000e+00,0.000000000000000000e+00,0.000000000000000000e+00,0.000000000000000000e+00,0.000000000000000000e+00,0.000000000000000000e+00,0.000000000000000000e+00,0.000000000000000000e+00,0.000000000000000000e+00,0.000000000000000000e+00,0.000000000000000000e+00,0.000000000000000000e+00,0.000000000000000000e+00,0.000000000000000000e+00,0.000000000000000000e+00,0.000000000000000000e+00,0.000000000000000000e+00,0.000000000000000000e+00,0.000000000000000000e+00,0.000000000000000000e+00,0.000000000000000000e+00,0.000000000000000000e+00,0.000000000000000000e+00,0.000000000000000000e+00,0.000000000000000000e+00,0.000000000000000000e+00,0.000000000000000000e+00,0.000000000000000000e+00,0.000000000000000000e+00,0.000000000000000000e+00,0.000000000000000000e+00,0.000000000000000000e+00,0.000000000000000000e+00,0.000000000000000000e+00,0.000000000000000000e+00,0.000000000000000000e+00,0.000000000000000000e+00,0.000000000000000000e+00,0.000000000000000000e+00,0.000000000000000000e+00,0.000000000000000000e+00,0.000000000000000000e+00,0.000000000000000000e+00,0.000000000000000000e+00,0.000000000000000000e+00,0.000000000000000000e+00,0.000000000000000000e+00,0.000000000000000000e+00,0.000000000000000000e+00,0.000000000000000000e+00,0.000000000000000000e+00,0.000000000000000000e+00,0.000000000000000000e+00,0.000000000000000000e+00,0.000000000000000000e+00,0.000000000000000000e+00,0.000000000000000000e+00,0.000000000000000000e+00
0.000000000000000000e+00,0.000000000000000000e+00,0.000000000000000000e+00,0.000000000000000000e+00,0.000000000000000000e+00,0.000000000000000000e+00,0.000000000000000000e+00,0.000000000000000000e+00,-1.048990388294556375e+00,-7.863836867303986011e-01,-3.473641645480965434e-02,0.000000000000000000e+00,0.000000000000000000e+00,0.000000000000000000e+00,-3.192864092831067868e+00,-1.394173591614489727e+00,-1.057289542876583693e-01,0.000000000000000000e+00,0.000000000000000000e+00,0.000000000000000000e+00,-5.333815048234140654e+00,-2.067712025408929843e+00,-1.766247077912844188e-01,0.000000000000000000e+00,0.000000000000000000e+00,0.000000000000000000e+00,-6.801235784078375701e+00,-2.894936675326776676e+00,-2.252170861042818995e-01,0.000000000000000000e+00,0.000000000000000000e+00,0.000000000000000000e+00,-6.945695216614697465e+00,-3.936922218746050195e+00,-2.300007362362588292e-01,0.000000000000000000e+00,0.000000000000000000e+00,0.000000000000000000e+00,-5.030487932768751946e+00,-5.222764724443083928e+00,-1.665802906808738493e-01,0.000000000000000000e+00,0.000000000000000000e+00,0.000000000000000000e+00,-2.074510833089832085e-01,-6.734080128890382433e+00,-6.869564587277097491e-03,0.000000000000000000e+00,0.000000000000000000e+00,0.000000000000000000e+00,8.431522054158950397e+00,-8.386264841288541660e+00,2.792026168107606399e-01,0.000000000000000000e+00,0.000000000000000000e+00,0.000000000000000000e+00,2.170681079548013415e+01,-1.000964735409927719e+01,7.188024105000895281e-01,0.000000000000000000e+00,0.000000000000000000e+00,0.000000000000000000e+00,4.007812012724634343e+01,-1.133554175617784310e+01,1.327152552588497958e+00,0.000000000000000000e+00,0.000000000000000000e+00,0.000000000000000000e+00,6.323035121396768687e+01,-1.199365150313270867e+01,2.093818815559554292e+00,0.000000000000000000e+00,0.000000000000000000e+00,0.000000000000000000e+00,8.954120820292503424e+01,-1.152657635346777276e+01,2.965080264520254083e+00,0.000000000000000000e+00,0.000000000000000000e+00,0.000000000000000000e+00,1.154901769150738460e+02,-9.426367264307492277e+00,3.824358093770362288e+00,0.000000000000000000e+00,0.000000000000000000e+00,0.000000000000000000e+00,1.349765720465909453e+02,-5.211403696626822679e+00,4.469633345140292313e+00,0.000000000000000000e+00,0.000000000000000000e+00,0.000000000000000000e+00,1.379931175327319863e+02,1.374816006793071477e+00,4.569523660085720529e+00,0.000000000000000000e+00,0.000000000000000000e+00,0.000000000000000000e+00,1.066782840515804622e+02,9.815237919439427472e+00,3.532559824046400454e+00,0.000000000000000000e+00,0.000000000000000000e+00,0.000000000000000000e+00,1.804384452460255694e+00,1.744236894077234723e+01,5.975064260326128085e-02,0.000000000000000000e+00,0.000000000000000000e+00,0.000000000000000000e+00,-3.372934325509700102e+02,1.562166102632950526e+01,-1.116918255048171993e+01,0.000000000000000000e+00,0.000000000000000000e+00,0.000000000000000000e+00,-2.052923105912637780e+01,2.177853228729504664e+01,-6.798078681409109869e-01,0.000000000000000000e+00,0.000000000000000000e+00,0.000000000000000000e+00,5.089359895444388826e+01,1.653291476375923708e+01,1.685297852003974750e+00,0.000000000000000000e+00
0.000000000000000000e+00,0.000000000000000000e+00,0.000000000000000000e+00,0.000000000000000000e+00,0.000000000000000000e+00,0.000000000000000000e+00,0.000000000000000000e+00,0.000000000000000000e+00,1.964726245900523027e+00,3.554256610509879954e-01,6.506022348617690465e-02,0.000000000000000000e+00,0.000000000000000000e+00,0.000000000000000000e+00,4.140058797203324481e+00,6.522819390308464138e-01,1.370944940314088034e-01,0.000000000000000000e+00,0.000000000000000000e+00,0.000000000000000000e+00,6.281425913515578330e+00,1.028635873877051132e+00,2.080040283463890916e-01,0.000000000000000000e+00,0.000000000000000000e+00,0.000000000000000000e+00,8.031319339588785411e+00,1.550636700032136828e+00,2.659502473755595009e-01,0.000000000000000000e+00,0.000000000000000000e+00,0.000000000000000000e+00,8.957774355922092369e+00,2.271097219595063610e+00,2.966290101488990860e-01,0.000000000000000000e+00,0.000000000000000000e+00,0.000000000000000000e+00,8.504681831008383597e+00,3.223871250419098722e+00,2.816252400347125096e-01,0.000000000000000000e+00,0.000000000000000000e+00,0.000000000000000000e+00,5.971275458721055251e+00,4.411300534148474561e+00,1.977336622099495067e-01,0.000000000000000000e+00,0.000000000000000000e+00,0.000000000000000000e+00,5.404197376331479896e-01,5.788299839610063557e+00,1.789553581834410836e-02,0.000000000000000000e+00,0.000000000000000000e+00,0.000000000000000000e+00,-8.619048657620110632e+00,7.245235155557169904e+00,-2.854123993472556520e-01,0.000000000000000000e+00,0.000000000000000000e+00,0.000000000000000000e+00,-2.214591826704646138e+01,8.593454411448274044e+00,-7.333430775747896702e-01,0.000000000000000000e+00,0.000000000000000000e+00,0.000000000000000000e+00,-4.015629459986266170e+01,9.558644952146162055e+00,-1.329741233159108749e+00,0.000000000000000000e+00,0.000000000000000000e+00,0.000000000000000000e+00,-6.180128546732409234e+01,9.786819340167953740e+00,-2.046496529797315667e+00,0.000000000000000000e+00,0.000000000000000000e+00,0.000000000000000000e+00,-8.475505019521592942e+01,8.867711205848340938e+00,-2.806590749621418190e+00,0.000000000000000000e+00,0.000000000000000000e+00,0.000000000000000000e+00,-1.045911391794952294e+02,6.394651537085859871e+00,-3.463445812814950120e+00,0.000000000000000000e+00,0.000000000000000000e+00,0.000000000000000000e+00,-1.135325344512079795e+02,2.145412937263994735e+00,-3.759532443646944611e+00,0.000000000000000000e+00,0.000000000000000000e+00,0.000000000000000000e+00,-9.679323824906327900e+01,-3.367290149176799030e+00,-3.205225015736711036e+00,0.000000000000000000e+00,0.000000000000000000e+00,0.000000000000000000e+00,-2.055619501375497293e+01,-7.323823228843632016e+00,-6.807007563577128773e-01,0.000000000000000000e+00,0.000000000000000000e+00,0.000000000000000000e+00,2.508401506889322832e+02,2.509892239556025029e+00,8.306356316652129479e+00,0.000000000000000000e+00,0.000000000000000000e+00,0.000000000000000000e+00,-3.286737773381379846e+00,-1.126751294415035964e+01,-1.088375006557933400e-01,0.000000000000000000e+00,0.000000000000000000e+00,0.000000000000000000e+00,-5.241479273064813071e+01,-9.899296305031404231e+00,-1.735670878399957928e+00,0.000000000000000000e+00
0.000000000000000000e+00,0.000000000000000000e+00,0.000000000000000000e+00,0.000000000000000000e+00,0.000000000000000000e+00,0.000000000000000000e+00,0.000000000000000000e+00,0.000000000000000000e+00,-3.473641645480922413e-02,-2.604042090409028690e-02,-1.150266619776822360e-03,0.000000000000000000e+00,0.000000000000000000e+00,0.000000000000000000e+00,-1.057289542876571065e-01,-4.616686199322857925e-02,-3.501123583637944046e-03,0.000000000000000000e+00,0.000000000000000000e+00,0.000000000000000000e+00,-1.766247077912821706e-01,-6.847050919121780432e-02,-5.848775617498087019e-03,0.000000000000000000e+00,0.000000000000000000e+00,0.000000000000000000e+00,-2.252170861042804006e-01,-9.586334354115609580e-02,-7.457870522890056898e-03,0.000000000000000000e+00,0.000000000000000000e+00,0.000000000000000000e+00,-2.300007362362571361e-01,-1.303678005695448616e-01,-7.616276991636288657e-03,0.000000000000000000e+00,0.000000000000000000e+00,0.000000000000000000e+00,-1.665802906808712402e-01,-1.729473716233893288e-01,-5.516163365101474370e-03,0.000000000000000000e+00,0.000000000000000000e+00,0.000000000000000000e+00,-6.869564587277776635e-03,-2.229932842163540041e-01,-2.274797357817956206e-04,0.000000000000000000e+00,0.000000000000000000e+00,0.000000000000000000e+00,2.792026168107593631e-01,-2.777039630467274534e-01,9.245555041337314567e-03,0.000000000000000000e+00,0.000000000000000000e+00,0.000000000000000000e+00,7.188024105000844211e-01,-3.314608817560851795e-01,2.380252494062001095e-02,0.000000000000000000e+00,0.000000000000000000e+00,0.000000000000000000e+00,1.327152552588480861e+00,-3.753667369856842906e-01,4.394751780397838231e-02,0.000000000000000000e+00,0.000000000000000000e+00,0.000000000000000000e+00,2.093818815559525426e+00,-3.971594764600267502e-01,6.933501314195930632e-02,0.000000000000000000e+00,0.000000000000000000e+00,0.000000000000000000e+00,2.965080264520214559e+00,-3.816926837272252016e-01,9.818608829940028704e-02,0.000000000000000000e+00,0.000000000000000000e+00,0.000000000000000000e+00,3.824358093770362288e+00,-3.121460621591714002e-01,1.266403361745818412e-01,0.000000000000000000e+00,0.000000000000000000e+00,0.000000000000000000e+00,4.469633345140228364e+00,-1.725711609373953570e-01,1.480080723423163047e-01,0.000000000000000000e+00,0.000000000000000000e+00,0.000000000000000000e+00,4.569523660085656580e+00,4.552585218473215872e-02,1.513158543949123802e-01,0.000000000000000000e+00,0.000000000000000000e+00,0.000000000000000000e+00,3.532559824046355157e+00,3.250231801713568958e-01,1.169776868967334765e-01,0.000000000000000000e+00,0.000000000000000000e+00,0.000000000000000000e+00,5.975064260326270332e-02,5.775890782661443623e-01,1.978591251235199341e-03,0.000000000000000000e+00,0.000000000000000000e+00,0.000000000000000000e+00,-1.116918255048171815e+01,5.172978982282829818e-01,-3.698578946601152051e-01,0.000000000000000000e+00,0.000000000000000000e+00,0.000000000000000000e+00,-6.798078681408996626e-01,7.211774061494662380e-01,-2.251125413588427743e-02,0.000000000000000000e+00,0.000000000000000000e+00,0.000000000000000000e+00,1.685297852003949881e+00,5.474732836966126337e-01,5.580719203040697407e-02,0.000000000000000000e+00
0.000000000000000000e+00,0.000000000000000000e+00,0.000000000000000000e+00,0.000000000000000000e+00,0.000000000000000000e+00,0.000000000000000000e+00,0.000000000000000000e+00,0.000000000000000000e+00,0.000000000000000000e+00,0.000000000000000000e+00,0.000000000000000000e+00,0.000000000000000000e+00,0.000000000000000000e+00,0.000000000000000000e+00,0.000000000000000000e+00,0.000000000000000000e+00,0.000000000000000000e+00,0.000000000000000000e+00,0.000000000000000000e+00,0.000000000000000000e+00,0.000000000000000000e+00,0.000000000000000000e+00,0.000000000000000000e+00,0.000000000000000000e+00,0.000000000000000000e+00,0.000000000000000000e+00,0.000000000000000000e+00,0.000000000000000000e+00,0.000000000000000000e+00,0.000000000000000000e+00,0.000000000000000000e+00,0.000000000000000000e+00,0.000000000000000000e+00,0.000000000000000000e+00,0.000000000000000000e+00,0.000000000000000000e+00,0.000000000000000000e+00,0.000000000000000000e+00,0.000000000000000000e+00,0.000000000000000000e+00,0.000000000000000000e+00,0.000000000000000000e+00,0.000000000000000000e+00,0.000000000000000000e+00,0.000000000000000000e+00,0.000000000000000000e+00,0.000000000000000000e+00,0.000000000000000000e+00,0.000000000000000000e+00,0.000000000000000000e+00,0.000000000000000000e+00,0.000000000000000000e+00,0.000000000000000000e+00,0.000000000000000000e+00,0.000000000000000000e+00,0.000000000000000000e+00,0.000000000000000000e+00,0.000000000000000000e+00,0.000000000000000000e+00,0.000000000000000000e+00,0.000000000000000000e+00,0.000000000000000000e+00,0.000000000000000000e+00,0.000000000000000000e+00,0.000000000000000000e+00,0.000000000000000000e+00,0.000000000000000000e+00,0.000000000000000000e+00,0.000000000000000000e+00,0.000000000000000000e+00,0.000000000000000000e+00,0.000000000000000000e+00,0.000000000000000000e+00,0.000000000000000000e+00,0.000000000000000000e+00,0.000000000000000000e+00,0.000000000000000000e+00,0.000000000000000000e+00,0.000000000000000000e+00,0.000000000000000000e+00,0.000000000000000000e+00,0.000000000000000000e+00,0.000000000000000000e+00,0.000000000000000000e+00,0.000000000000000000e+00,0.000000000000000000e+00,0.000000000000000000e+00,0.000000000000000000e+00,0.000000000000000000e+00,0.000000000000000000e+00,0.000000000000000000e+00,0.000000000000000000e+00,0.000000000000000000e+00,0.000000000000000000e+00,0.000000000000000000e+00,0.000000000000000000e+00,0.000000000000000000e+00,0.000000000000000000e+00,0.000000000000000000e+00,0.000000000000000000e+00,0.000000000000000000e+00,0.000000000000000000e+00,0.000000000000000000e+00,0.000000000000000000e+00,0.000000000000000000e+00,0.000000000000000000e+00,0.000000000000000000e+00,0.000000000000000000e+00,0.000000000000000000e+00,0.000000000000000000e+00,0.000000000000000000e+00,0.000000000000000000e+00,0.000000000000000000e+00,0.000000000000000000e+00,0.000000000000000000e+00,0.000000000000000000e+00,0.000000000000000000e+00,0.000000000000000000e+00,0.000000000000000000e+00,0.000000000000000000e+00,0.000000000000000000e+00,0.000000000000000000e+00,0.000000000000000000e+00,0.000000000000000000e+00,0.000000000000000000e+00,0.000000000000000000e+00
0.000000000000000000e+00,0.000000000000000000e+00,0.000000000000000000e+00,0.000000000000000000e+00,0.000000000000000000e+00,0.000000000000000000e+00,0.000000000000000000e+00,0.000000000000000000e+00,0.000000000000000000e+00,0.000000000000000000e+00,0.000000000000000000e+00,0.000000000000000000e+00,0.000000000000000000e+00,0.000000000000000000e+00,0.000000000000000000e+00,0.000000000000000000e+00,0.000000000000000000e+00,0.000000000000000000e+00,0.000000000000000000e+00,0.000000000000000000e+00,0.000000000000000000e+00,0.000000000000000000e+00,0.000000000000000000e+00,0.000000000000000000e+00,0.000000000000000000e+00,0.000000000000000000e+00,0.000000000000000000e+00,0.000000000000000000e+00,0.000000000000000000e+00,0.000000000000000000e+00,0.000000000000000000e+00,0.000000000000000000e+00,0.000000000000000000e+00,0.000000000000000000e+00,0.000000000000000000e+00,0.000000000000000000e+00,0.000000000000000000e+00,0.000000000000000000e+00,0.000000000000000000e+00,0.000000000000000000e+00,0.000000000000000000e+00,0.000000000000000000e+00,0.000000000000000000e+00,0.000000000000000000e+00,0.000000000000000000e+00,0.000000000000000000e+00,0.000000000000000000e+00,0.000000000000000000e+00,0.000000000000000000e+00,0.000000000000000000e+00,0.000000000000000000e+00,0.000000000000000000e+00,0.000000000000000000e+00,0.000000000000000000e+00,0.000000000000000000e+00,0.000000000000000000e+00,0.000000000000000000e+00,0.000000000000000000e+00,0.000000000000000000e+00,0.000000000000000000e+00,0.000000000000000000e+00,0.000000000000000000e+00,0.000000000000000000e+00,0.000000000000000000e+00,0.000000000000000000e+00,0.000000000000000000e+00,0.000000000000000000e+00,0.000000000000000000e+00,0.000000000000000000e+00,0.000000000000000000e+00,0.000000000000000000e+00,0.000000000000000000e+00,0.000000000000000000e+00,0.000000000000000000e+00,0.000000000000000000e+00,0.000000000000000000e+00,0.000000000000000000e+00,0.000000000000000000e+00,0.000000000000000000e+00,0.000000000000000000e+00,0.000000000000000000e+00,0.000000000000000000e+00,0.000000000000000000e+00,0.000000000000000000e+00,0.000000000000000000e+00,0.000000000000000000e+00,0.000000000000000000e+00,0.000000000000000000e+00,0.000000000000000000e+00,0.000000000000000000e+00,0.000000000000000000e+00,0.000000000000000000e+00,0.000000000000000000e+00,0.000000000000000000e+00,0.000000000000000000e+00,0.000000000000000000e+00,0.000000000000000000e+00,0.000000000000000000e+00,0.000000000000000000e+00,0.000000000000000000e+00,0.000000000000000000e+00,0.000000000000000000e+00,0.000000000000000000e+00,0.000000000000000000e+00,0.000000000000000000e+00,0.000000000000000000e+00,0.000000000000000000e+00,0.000000000000000000e+00,0.000000000000000000e+00,0.000000000000000000e+00,0.000000000000000000e+00,0.000000000000000000e+00,0.000000000000000000e+00,0.000000000000000000e+00,0.000000000000000000e+00,0.000000000000000000e+00,0.000000000000000000e+00,0.000000000000000000e+00,0.000000000000000000e+00,0.000000000000000000e+00,0.000000000000000000e+00,0.000000000000000000e+00,0.000000000000000000e+00,0.000000000000000000e+00,0.000000000000000000e+00,0.000000000000000000e+00
0.000000000000000000e+00,0.000000000000000000e+00,0.000000000000000000e+00,0.000000000000000000e+00,0.000000000000000000e+00,0.000000000000000000e+00,0.000000000000000000e+00,0.000000000000000000e+00,0.000000000000000000e+00,0.000000000000000000e+00,0.000000000000000000e+00,0.000000000000000000e+00,0.000000000000000000e+00,0.000000000000000000e+00,0.000000000000000000e+00,0.000000000000000000e+00,0.000000000000000000e+00,0.000000000000000000e+00,0.000000000000000000e+00,0.000000000000000000e+00,0.000000000000000000e+00,0.000000000000000000e+00,0.000000000000000000e+00,0.000000000000000000e+00,0.000000000000000000e+00,0.000000000000000000e+00,0.000000000000000000e+00,0.000000000000000000e+00,0.000000000000000000e+00,0.000000000000000000e+00,0.000000000000000000e+00,0.000000000000000000e+00,0.000000000000000000e+00,0.000000000000000000e+00,0.000000000000000000e+00,0.000000000000000000e+00,0.000000000000000000e+00,0.000000000000000000e+00,0.000000000000000000e+00,0.000000000000000000e+00,0.000000000000000000e+00,0.000000000000000000e+00,0.000000000000000000e+00,0.000000000000000000e+00,0.000000000000000000e+00,0.000000000000000000e+00,0.000000000000000000e+00,0.000000000000000000e+00,0.000000000000000000e+00,0.000000000000000000e+00,0.000000000000000000e+00,0.000000000000000000e+00,0.000000000000000000e+00,0.000000000000000000e+00,0.000000000000000000e+00,0.000000000000000000e+00,0.000000000000000000e+00,0.000000000000000000e+00,0.000000000000000000e+00,0.000000000000000000e+00,0.000000000000000000e+00,0.000000000000000000e+00,0.000000000000000000e+00,0.000000000000000000e+00,0.000000000000000000e+00,0.000000000000000000e+00,0.000000000000000000e+00,0.000000000000000000e+00,0.000000000000000000e+00,0.000000000000000000e+00,0.000000000000000000e+00,0.000000000000000000e+00,0.000000000000000000e+00,0.000000000000000000e+00,0.000000000000000000e+00,0.000000000000000000e+00,0.000000000000000000e+00,0.000000000000000000e+00,0.000000000000000000e+00,0.000000000000000000e+00,0.000000000000000000e+00,0.000000000000000000e+00,0.000000000000000000e+00,0.000000000000000000e+00,0.000000000000000000e+00,0.000000000000000000e+00,0.000000000000000000e+00,0.000000000000000000e+00,0.000000000000000000e+00,0.000000000000000000e+00,0.000000000000000000e+00,0.000000000000000000e+00,0.000000000000000000e+00,0.000000000000000000e+00,0.000000000000000000e+00,0.000000000000000000e+00,0.000000000000000000e+00,0.000000000000000000e+00,0.000000000000000000e+00,0.000000000000000000e+00,0.000000000000000000e+00,0.000000000000000000e+00,0.000000000000000000e+00,0.000000000000000000e+00,0.000000000000000000e+00,0.000000000000000000e+00,0.000000000000000000e+00,0.000000000000000000e+00,0.000000000000000000e+00,0.000000000000000000e+00,0.000000000000000000e+00,0.000000000000000000e+00,0.000000000000000000e+00,0.000000000000000000e+00,0.000000000000000000e+00,0.000000000000000000e+00,0.000000000000000000e+00,0.000000000000000000e+00,0.000000000000000000e+00,0.000000000000000000e+00,0.000000000000000000e+00,0.000000000000000000e+00,0.000000000000000000e+00,0.000000000000000000e+00,0.000000000000000000e+00,0.000000000000000000e+00
0.000000000000000000e+00,0.000000000000000000e+00,0.000000000000000000e+00,0.000000000000000000e+00,0.000000000000000000e+00,0.000000000000000000e+00,0.000000000000000000e+00,0.000000000000000000e+00,1.893920732524171091e-01,-5.872229302654683458e-01,6.271555967668641235e-03,0.000000000000000000e+00,0.000000000000000000e+00,0.000000000000000000e+00,-1.341838866412736531e+00,-1.078739410708110746e+00,-4.443384248233390316e-02,0.000000000000000000e+00,0.000000000000000000e+00,0.000000000000000000e+00,-3.192864092838322954e+00,-1.617696163867794912e+00,-1.057289542878986216e-01,0.000000000000000000e+00,0.000000000000000000e+00,0.000000000000000000e+00,-4.754547513632448208e+00,-2.272402034129207493e+00,-1.574427605158760513e-01,0.000000000000000000e+00,0.000000000000000000e+00,0.000000000000000000e+00,-5.498163378805775103e+00,-3.101729094390717201e+00,-1.820669617128575501e-01,0.000000000000000000e+00,0.000000000000000000e+00,0.000000000000000000e+00,-4.835549989250675473e+00,-4.146763733517723871e+00,-1.601250879788768122e-01,0.000000000000000000e+00,0.000000000000000000e+00,0.000000000000000000e+00,-2.069586450732183280e+00,-5.417619477800147187e+00,-6.853257917714863923e-02,0.000000000000000000e+00,0.000000000000000000e+00,0.000000000000000000e+00,3.600710098263380399e+00,-6.877216343609452665e+00,1.192344247402135349e-01,0.000000000000000000e+00,0.000000000000000000e+00,0.000000000000000000e+00,1.301028438140136245e+01,-8.422867910157730620e+00,4.308244017398554782e-01,0.000000000000000000e+00,0.000000000000000000e+00,0.000000000000000000e+00,2.686629219568545679e+01,-9.868673388329732177e+00,8.896542091517053441e-01,0.000000000000000000e+00,0.000000000000000000e+00,0.000000000000000000e+00,4.546486730417556288e+01,-1.093400382838521878e+01,1.505530062394661917e+00,0.000000000000000000e+00,0.000000000000000000e+00,0.000000000000000000e+00,6.827346040130325378e+01,-1.124470526995360586e+01,2.260817048253727091e+00,0.000000000000000000e+00,0.000000000000000000e+00,0.000000000000000000e+00,9.340611724331596122e+01,-1.035290425511717594e+01,3.093063410490926035e+00,0.000000000000000000e+00,0.000000000000000000e+00,0.000000000000000000e+00,1.170557144782103052e+02,-7.780580301400614296e+00,3.876199526614396262e+00,0.000000000000000000e+00,0.000000000000000000e+00,0.000000000000000000e+00,1.328538263416530185e+02,-3.105717937517825877e+00,4.399340442881898738e+00,0.000000000000000000e+00,0.000000000000000000e+00,0.000000000000000000e+00,1.306073160895680303e+02,3.826266568306273541e+00,4.324949183860646862e+00,0.000000000000000000e+00,0.000000000000000000e+00,0.000000000000000000e+00,9.244590853842618117e+01,1.233619977464890738e+01,3.061266923288819441e+00,0.000000000000000000e+00,0.000000000000000000e+00,0.000000000000000000e+00,-2.052923105917283308e+01,1.950483031008937829e+01,-6.798078681424395420e-01,0.000000000000000000e+00,0.000000000000000000e+00,0.000000000000000000e+00,-3.680893400795199000e+02,1.626873503813109423e+01,-1.218896259894799350e+01,0.000000000000000000e+00,0.000000000000000000e+00,0.000000000000000000e+00,-5.892156288579789702e+01,1.893226955029355096e+01,-1.951136987915484289e+00,0.000000000000000000e+00
0.000000000000000000e+00,0.000000000000000000e+00,0.000000000000000000e+00,0.000000000000000000e+00,0.000000000000000000e+00,0.000000000000000000e+00,0.000000000000000000e+00,0.000000000000000000e+00,6.073853662210237925e-01,2.694764707067415777e-01,2.011304513848999331e-02,0.000000000000000000e+00,0.000000000000000000e+00,0.000000000000000000e+00,2.138792115174035224e+00,5.219119303464927473e-01,7.082426536217877044e-02,0.000000000000000000e+00,0.000000000000000000e+00,0.000000000000000000e+00,3.916536224958021783e+00,8.288647711111097882e-01,1.296927358807107578e-01,0.000000000000000000e+00,0.000000000000000000e+00,0.000000000000000000e+00,5.584728011435188044e+00,1.241224094505215536e+00,1.849334752317858266e-01,0.000000000000000000e+00,0.000000000000000000e+00,0.000000000000000000e+00,6.791210838848492415e+00,1.808676522964126399e+00,2.248851186464986274e-01,0.000000000000000000e+00,0.000000000000000000e+00,0.000000000000000000e+00,7.101108085957549498e+00,2.572024751592480563e+00,2.351471000277401691e-01,0.000000000000000000e+00,0.000000000000000000e+00,0.000000000000000000e+00,5.955323075407576106e+00,3.552770088461461029e+00,1.972054127270112533e-01,0.000000000000000000e+00,0.000000000000000000e+00,0.000000000000000000e+00,2.663128599411216602e+00,4.739740686892446320e+00,8.818721804711654455e-02,0.000000000000000000e+00,0.000000000000000000e+00,0.000000000000000000e+00,-3.557462341464753930e+00,6.073065686641180072e+00,-1.178023123894647722e-01,0.000000000000000000e+00,0.000000000000000000e+00,0.000000000000000000e+00,-1.346540859693660330e+01,7.427652328632501799e+00,-4.458954495453616995e-01,0.000000000000000000e+00,0.000000000000000000e+00,0.000000000000000000e+00,-2.757874427715821852e+01,8.600317347481276187e+00,-9.132464483964988222e-01,0.000000000000000000e+00,0.000000000000000000e+00,0.000000000000000000e+00,-4.583543826586863901e+01,9.306008128061263207e+00,-1.517801201763591568e+00,0.000000000000000000e+00,0.000000000000000000e+00,0.000000000000000000e+00,-6.714853065525377929e+01,9.188161456567121022e+00,-2.223565965138714073e+00,0.000000000000000000e+00,0.000000000000000000e+00,0.000000000000000000e+00,-8.890233629715906716e+01,7.848267142718563072e+00,-2.943924569646782174e+00,0.000000000000000000e+00,0.000000000000000000e+00,0.000000000000000000e+00,-1.063521264908065973e+02,4.914143544664866248e+00,-3.521759396332906356e+00,0.000000000000000000e+00,0.000000000000000000e+00,0.000000000000000000e+00,-1.114174931553311865e+02,2.321412681378564324e-01,-3.689494666282612467e+00,0.000000000000000000e+00,0.000000000000000000e+00,0.000000000000000000e+00,-8.909622449145967948e+01,-5.566817397653417210e+00,-2.950345010804346302e+00,0.000000000000000000e+00,0.000000000000000000e+00,0.000000000000000000e+00,-5.560439750547237381e+00,-9.471288382158080665e+00,-1.841291903168975619e-01,0.000000000000000000e+00,0.000000000000000000e+00,0.000000000000000000e+00,2.745218436246916554e+02,1.081760251724878774e+00,9.090555254364980797e+00,0.000000000000000000e+00,0.000000000000000000e+00,0.000000000000000000e+00,3.019335495960025995e+01,-1.049283380898669371e+01,9.998270372617209523e-01,0.000000000000000000e+00
0.000000000000000000e+00,0.000000000000000000e+00,0.000000000000000000e+00,0.000000000000000000e+00,0.000000000000000000e+00,0.000000000000000000e+00,0.000000000000000000e+00,0.000000000000000000e+00,6.271555967668669858e-03,-1.944538337541681580e-02,2.076771935601501101e-04,0.000000000000000000e+00,0.000000000000000000e+00,0.000000000000000000e+00,-4.443384248233387540e-02,-3.572152980113955240e-02,-1.471388560254717742e-03,0.000000000000000000e+00,0.000000000000000000e+00,0.000000000000000000e+00,-1.057289542878986771e-01,-5.356862014419225271e-02,-3.501123583645942422e-03,0.000000000000000000e+00,0.000000000000000000e+00,0.000000000000000000e+00,-1.574427605158771060e-01,-7.524864316307149081e-02,-5.213581895603267014e-03,0.000000000000000000e+00,0.000000000000000000e+00,0.000000000000000000e+00,-1.820669617128582163e-01,-1.027110970272318013e-01,-6.028991185516789468e-03,0.000000000000000000e+00,0.000000000000000000e+00,0.000000000000000000e+00,-1.601250879788764792e-01,-1.373165222432199961e-01,-5.302404867541492782e-03,0.000000000000000000e+00,0.000000000000000000e+00,0.000000000000000000e+00,-6.853257917714859759e-02,-1.793998195546013252e-01,-2.269397544137634944e-03,0.000000000000000000e+00,0.000000000000000000e+00,0.000000000000000000e+00,1.192344247402145896e-01,-2.277331171259134313e-01,3.948345647150696552e-03,0.000000000000000000e+00,0.000000000000000000e+00,0.000000000000000000e+00,4.308244017398584202e-01,-2.789160422592311117e-01,1.426638032600124721e-02,0.000000000000000000e+00,0.000000000000000000e+00,0.000000000000000000e+00,8.896542091517055661e-01,-3.267926498648341949e-01,2.946013562632410557e-02,0.000000000000000000e+00,0.000000000000000000e+00,0.000000000000000000e+00,1.505530062394661917e+00,-3.620701531105187665e-01,4.985433595592842632e-02,0.000000000000000000e+00,0.000000000000000000e+00,0.000000000000000000e+00,2.260817048253727535e+00,-3.723587647011130652e-01,7.486501629815039971e-02,0.000000000000000000e+00,0.000000000000000000e+00,0.000000000000000000e+00,3.093063410490968224e+00,-3.428275394469483262e-01,1.024241403418628682e-01,0.000000000000000000e+00,0.000000000000000000e+00,0.000000000000000000e+00,3.876199526614397151e+00,-2.576472393125960880e-01,1.283570207324011836e-01,0.000000000000000000e+00,0.000000000000000000e+00,0.000000000000000000e+00,4.399340442881898738e+00,-1.028431841441226485e-01,1.456803832100714291e-01,0.000000000000000000e+00,0.000000000000000000e+00,0.000000000000000000e+00,4.324949183860647750e+00,1.267035336709692317e-01,1.432169805108713390e-01,0.000000000000000000e+00,0.000000000000000000e+00,0.000000000000000000e+00,3.061266923288819886e+00,4.085026684930952445e-01,1.013712269562138946e-01,0.000000000000000000e+00,0.000000000000000000e+00,0.000000000000000000e+00,-6.798078681424483127e-01,6.458857164870521750e-01,-2.251125413593522626e-02,0.000000000000000000e+00,0.000000000000000000e+00,0.000000000000000000e+00,-1.218896259894799705e+01,5.387251988040054895e-01,-4.036270357801090003e-01,0.000000000000000000e+00,0.000000000000000000e+00,0.000000000000000000e+00,-1.951136987915484955e+00,6.269258583035219878e-01,-6.461022687043339874e-02,0.000000000000000000e+00
0.000000000000000000e+00,0.000000000000000000e+00,0.000000000000000000e+00,0.000000000000000000e+00,0.000000000000000000e+00,0.000000000000000000e+00,0.000000000000000000e+00,0.000000000000000000e+00,0.000000000000000000e+00,0.000000000000000000e+00,0.000000000000000000e+00,0.000000000000000000e+00,0.000000000000000000e+00,0.000000000000000000e+00,0.000000000000000000e+00,0.000000000000000000e+00,0.000000000000000000e+00,0.000000000000000000e+00,0.000000000000000000e+00,0.000000000000000000e+00,0.000000000000000000e+00,0.000000000000000000e+00,0.000000000000000000e+00,0.000000000000000000e+00,0.000000000000000000e+00,0.000000000000000000e+00,0.000000000000000000e+00,0.000000000000000000e+00,0.000000000000000000e+00,0.000000000000000000e+00,0.000000000000000000e+00,0.000000000000000000e+00,0.000000000000000000e+00,0.000000000000000000e+00,0.000000000000000000e+00,0.000000000000000000e+00,0.000000000000000000e+00,0.000000000000000000e+00,0.000000000000000000e+00,0.000000000000000000e+00,0.000000000000000000e+00,0.000000000000000000e+00,0.000000000000000000e+00,0.000000000000000000e+00,0.000000000000000000e+00,0.000000000000000000e+00,0.000000000000000000e+00,0.000000000000000000e+00,0.000000000000000000e+00,0.000000000000000000e+00,0.000000000000000000e+00,0.000000000000000000e+00,0.000000000000000000e+00,0.000000000000000000e+00,0.000000000000000000e+00,0.000000000000000000e+00,0.000000000000000000e+00,0.000000000000000000e+00,0.000000000000000000e+00,0.000000000000000000e+00,0.000000000000000000e+00,0.000000000000000000e+00,0.000000000000000000e+00,0.000000000000000000e+00,0.000000000000000000e+00,0.000000000000000000e+00,0.000000000000000000e+00,0.000000000000000000e+00,0.000000000000000000e+00,0.000000000000000000e+00,0.000000000000000000e+00,0.000000000000000000e+00,0.000000000000000000e+00,0.000000000000000000e+00,0.000000000000000000e+00,0.000000000000000000e+00,0.000000000000000000e+00,0.000000000000000000e+00,0.000000000000000000e+00,0.000000000000000000e+00,0.000000000000000000e+00,0.000000000000000000e+00,0.000000000000000000e+00,0.000000000000000000e+00,0.000000000000000000e+00,0.000000000000000000e+00,0.000000000000000000e+00,0.000000000000000000e+00,0.000000000000000000e+00,0.000000000000000000e+00,0.000000000000000000e+00,0.000000000000000000e+00,0.000000000000000000e+00,0.000000000000000000e+00,0.000000000000000000e+00,0.000000000000000000e+00,0.000000000000000000e+00,0.000000000000000000e+00,0.000000000000000000e+00,0.000000000000000000e+00,0.000000000000000000e+00,0.000000000000000000e+00,0.000000000000000000e+00,0.000000000000000000e+00,0.000000000000000000e+00,0.000000000000000000e+00,0.000000000000000000e+00,0.000000000000000000e+00,0.000000000000000000e+00,0.000000000000000000e+00,0.000000000000000000e+00,0.000000000000000000e+00,0.000000000000000000e+00,0.000000000000000000e+00,0.000000000000000000e+00,0.000000000000000000e+00,0.000000000000000000e+00,0.000000000000000000e+00,0.000000000000000000e+00,0.000000000000000000e+00,0.000000000000000000e+00,0.000000000000000000e+00,0.000000000000000000e+00,0.000000000000000000e+00,0.000000000000000000e+00,0.000000000000000000e+00
0.000000000000000000e+00,0.000000000000000000e+00,0.000000000000000000e+00,0.000000000000000000e+00,0.000000000000000000e+00,0.000000000000000000e+00,0.000000000000000000e+00,0.000000000000000000e+00,0.000000000000000000e+00,0.000000000000000000e+00,0.000000000000000000e+00,0.000000000000000000e+00,0.000000000000000000e+00,0.000000000000000000e+00,0.000000000000000000e+00,0.000000000000000000e+00,0.000000000000000000e+00,0.000000000000000000e+00,0.000000000000000000e+00,0.000000000000000000e+00,0.000000000000000000e+00,0.000000000000000000e+00,0.000000000000000000e+00,0.000000000000000000e+00,0.000000000000000000e+00,0.000000000000000000e+00,0.000000000000000000e+00,0.000000000000000000e+00,0.000000000000000000e+00,0.000000000000000000e+00,0.000000000000000000e+00,0.000000000000000000e+00,0.000000000000000000e+00,0.000000000000000000e+00,0.000000000000000000e+00,0.000000000000000000e+00,0.000000000000000000e+00,0.000000000000000000e+00,0.000000000000000000e+00,0.000000000000000000e+00,0.000000000000000000e+00,0.000000000000000000e+00,0.000000000000000000e+00,0.000000000000000000e+00,0.000000000000000000e+00,0.000000000000000000e+00,0.000000000000000000e+00,0.000000000000000000e+00,0.000000000000000000e+00,0.000000000000000000e+00,0.000000000000000000e+00,0.000000000000000000e+00,0.000000000000000000e+00,0.000000000000000000e+00,0.000000000000000000e+00,0.000000000000000000e+00,0.000000000000000000e+00,0.000000000000000000e+00,0.000000000000000000e+00,0.000000000000000000e+00,0.000000000000000000e+00,0.000000000000000000e+00,0.000000000000000000e+00,0.000000000000000000e+00,0.000000000000000000e+00,0.000000000000000000e+00,0.000000000000000000e+00,0.000000000000000000e+00,0.000000000000000000e+00,0.000000000000000000e+00,0.000000000000000000e+00,0.000000000000000000e+00,0.000000000000000000e+00,0.000000000000000000e+00,0.000000000000000000e+00,0.000000000000000000e+00,0.000000000000000000e+00,0.000000000000000000e+00,0.000000000000000000e+00,0.000000000000000000e+00,0.000000000000000000e+00,0.000000000000000000e+00,0.000000000000000000e+00,0.000000000000000000e+00,0.000000000000000000e+00,0.000000000000000000e+00,0.000000000000000000e+00,0.000000000000000000e+00,0.000000000000000000e+00,0.000000000000000000e+00,0.000000000000000000e+00,0.000000000000000000e+00,0.000000000000000000e+00,0.000000000000000000e+00,0.000000000000000000e+00,0.000000000000000000e+00,0.000000000000000000e+00,0.000000000000000000e+00,0.000000000000000000e+00,0.000000000000000000e+00,0.000000000000000000e+00,0.000000000000000000e+00,0.000000000000000000e+00,0.000000000000000000e+00,0.000000000000000000e+00,0.000000000000000000e+00,0.000000000000000000e+00,0.000000000000000000e+00,0.000000000000000000e+00,0.000000000000000000e+00,0.000000000000000000e+00,0.000000000000000000e+00,0.000000000000000000e+00,0.000000000000000000e+00,0.000000000000000000e+00,0.000000000000000000e+00,0.000000000000000000e+00,0.000000000000000000e+00,0.000000000000000000e+00,0.000000000000000000e+00,0.000000000000000000e+00,0.000000000000000000e+00,0.000000000000000000e+00,0.000000000000000000e+00,0.000000000000000000e+00,0.000000000000000000e+00
0.000000000000000000e+00,0.000000000000000000e+00,0.000000000000000000e+00,0.000000000000000000e+00,0.000000000000000000e+00,0.000000000000000000e+00,0.000000000000000000e+00,0.000000000000000000e+00,0.000000000000000000e+00,0.000000000000000000e+00,0.000000000000000000e+00,0.000000000000000000e+00,0.000000000000000000e+00,0.000000000000000000e+00,0.000000000000000000e+00,0.000000000000000000e+00,0.000000000000000000e+00,0.000000000000000000e+00,0.000000000000000000e+00,0.000000000000000000e+00,0.000000000000000000e+00,0.000000000000000000e+00,0.000000000000000000e+00,0.000000000000000000e+00,0.000000000000000000e+00,0.000000000000000000e+00,0.000000000000000000e+00,0.000000000000000000e+00,0.000000000000000000e+00,0.000000000000000000e+00,0.000000000000000000e+00,0.000000000000000000e+00,0.000000000000000000e+00,0.000000000000000000e+00,0.000000000000000000e+00,0.000000000000000000e+00,0.000000000000000000e+00,0.000000000000000000e+00,0.000000000000000000e+00,0.000000000000000000e+00,0.000000000000000000e+00,0.000000000000000000e+00,0.000000000000000000e+00,0.000000000000000000e+00,0.000000000000000000e+00,0.000000000000000000e+00,0.000000000000000000e+00,0.000000000000000000e+00,0.000000000000000000e+00,0.000000000000000000e+00,0.000000000000000000e+00,0.000000000000000000e+00,0.000000000000000000e+00,0.000000000000000000e+00,0.000000000000000000e+00,0.000000000000000000e+00,0.000000000000000000e+00,0.000000000000000000e+00,0.000000000000000000e+00,0.000000000000000000e+00,0.000000000000000000e+00,0.000000000000000000e+00,0.000000000000000000e+00,0.000000000000000000e+00,0.000000000000000000e+00,0.000000000000000000e+00,0.000000000000000000e+00,0.000000000000000000e+00,0.000000000000000000e+00,0.000000000000000000e+00,0.000000000000000000e+00,0.000000000000000000e+00,0.000000000000000000e+00,0.000000000000000000e+00,0.000000000000000000e+00,0.000000000000000000e+00,0.000000000000000000e+00,0.000000000000000000e+00,0.000000000000000000e+00,0.000000000000000000e+00,0.000000000000000000e+00,0.000000000000000000e+00,0.000000000000000000e+00,0.000000000000000000e+00,0.000000000000000000e+00,0.000000000000000000e+00,0.000000000000000000e+00,0.000000000000000000e+00,0.000000000000000000e+00,0.000000000000000000e+00,0.000000000000000000e+00,0.000000000000000000e+00,0.000000000000000000e+00,0.000000000000000000e+00,0.000000000000000000e+00,0.000000000000000000e+00,0.000000000000000000e+00,0.000000000000000000e+00,0.000000000000000000e+00,0.000000000000000000e+00,0.000000000000000000e+00,0.000000000000000000e+00,0.000000000000000000e+00,0.000000000000000000e+00,0.000000000000000000e+00,0.000000000000000000e+00,0.000000000000000000e+00,0.000000000000000000e+00,0.000000000000000000e+00,0.000000000000000000e+00,0.000000000000000000e+00,0.000000000000000000e+00,0.000000000000000000e+00,0.000000000000000000e+00,0.000000000000000000e+00,0.000000000000000000e+00,0.000000000000000000e+00,0.000000000000000000e+00,0.000000000000000000e+00,0.000000000000000000e+00,0.000000000000000000e+00,0.000000000000000000e+00,0.000000000000000000e+00,0.000000000000000000e+00,0.000000000000000000e+00,0.000000000000000000e+00
0.000000000000000000e+00,0.000000000000000000e+00,0.000000000000000000e+00,0.000000000000000000e+00,0.000000000000000000e+00,0.000000000000000000e+00,0.000000000000000000e+00,0.000000000000000000e+00,9.988186957007745281e-01,-4.007046757081937916e-01,3.307502391239206668e-02,0.000000000000000000e+00,0.000000000000000000e+00,0.000000000000000000e+00,1.893920732518850347e-01,-7.570051040904716144e-01,6.271555967651037261e-03,0.000000000000000000e+00,0.000000000000000000e+00,0.000000000000000000e+00,-1.048990388313483235e+00,-1.136023839149658432e+00,-3.473641645543643769e-02,0.000000000000000000e+00,0.000000000000000000e+00,0.000000000000000000e+00,-2.235314679023586049e+00,-1.581300311193243324e+00,-7.402052722747051727e-02,0.000000000000000000e+00,0.000000000000000000e+00,0.000000000000000000e+00,-2.999459367092467854e+00,-2.136693316468925463e+00,-9.932452277660618056e-02,0.000000000000000000e+00,0.000000000000000000e+00,0.000000000000000000e+00,-2.949893955378591670e+00,-2.838189381848840398e+00,-9.768320670521098148e-02,0.000000000000000000e+00,0.000000000000000000e+00,0.000000000000000000e+00,-1.624250839195998664e+00,-3.704877674203574944e+00,-5.378567259240066983e-02,0.000000000000000000e+00,0.000000000000000000e+00,0.000000000000000000e+00,1.523992192803004908e+00,-4.728109734304874578e+00,5.046569356002385959e-02,0.000000000000000000e+00,0.000000000000000000e+00,0.000000000000000000e+00,7.102045272693747968e+00,-5.858463603660308827e+00,2.351781341622052601e-01,0.000000000000000000e+00,0.000000000000000000e+00,0.000000000000000000e+00,1.570102872516215520e+01,-6.991762954426619103e+00,5.199260914610164264e-01,0.000000000000000000e+00,0.000000000000000000e+00,0.000000000000000000e+00,2.774244112260070239e+01,-7.957194504047039985e+00,9.186671289471314283e-01,0.000000000000000000e+00,0.000000000000000000e+00,0.000000000000000000e+00,4.322664161795839277e+01,-8.512311379013073775e+00,1.431413139662229606e+00,0.000000000000000000e+00,0.000000000000000000e+00,0.000000000000000000e+00,6.138011049499307603e+01,-8.350554659060097862e+00,2.032549682044928474e+00,0.000000000000000000e+00,0.000000000000000000e+00,0.000000000000000000e+00,8.023532179721374291e+01,-7.125960442519366111e+00,2.656923822595668838e+00,0.000000000000000000e+00,0.000000000000000000e+00,0.000000000000000000e+00,9.620492725369358311e+01,-4.499359754849924009e+00,3.185743602019155851e+00,0.000000000000000000e+00,0.000000000000000000e+00,0.000000000000000000e+00,1.036116027572879261e+02,-2.246159666744996786e-01,3.431009304841065255e+00,0.000000000000000000e+00,0.000000000000000000e+00,0.000000000000000000e+00,9.364028611674240210e+01,5.644636485443688123e+00,3.100817711768519835e+00,0.000000000000000000e+00,0.000000000000000000e+00,0.000000000000000000e+00,5.089359895443114823e+01,1.220884955663526839e+01,1.685297852003531105e+00,0.000000000000000000e+00,0.000000000000000000e+00,0.000000000000000000e+00,-5.892156288574897616e+01,1.635467972018257043e+01,-1.951136987913864695e+00,0.000000000000000000e+00,0.000000000000000000e+00,0.000000000000000000e+00,-3.859172157078704117e+02,8.657343061397289929e+00,-1.277931740032778052e+01,0.000000000000000000e+00
0.000000000000000000e+00,0.000000000000000000e+00,0.000000000000000000e+00,0.000000000000000000e+00,0.000000000000000000e+00,0.000000000000000000e+00,0.000000000000000000e+00,0.000000000000000000e+00,-3.883620938954110424e-01,2.021625110166457573e-01,-1.286027744329036777e-02,0.000000000000000000e+00,0.000000000000000000e+00,0.000000000000000000e+00,4.376031923964544545e-01,4.036043880284799212e-01,1.449085416097166922e-02,0.000000000000000000e+00,0.000000000000000000e+00,0.000000000000000000e+00,1.615086093499836783e+00,6.316413814623609291e-01,5.348218990394459915e-02,0.000000000000000000e+00,0.000000000000000000e+00,0.000000000000000000e+00,2.833916289342228723e+00,9.188292053223994227e-01,9.384270582755620260e-02,0.000000000000000000e+00,0.000000000000000000e+00,0.000000000000000000e+00,3.840874770778343272e+00,1.302121961115618509e+00,1.271872717589326296e-01,0.000000000000000000e+00,0.000000000000000000e+00,0.000000000000000000e+00,4.346766305086045001e+00,1.815656977956428886e+00,1.439394357565885463e-01,0.000000000000000000e+00,0.000000000000000000e+00,0.000000000000000000e+00,3.984679334615293111e+00,2.483668192253803308e+00,1.319492364759440595e-01,0.000000000000000000e+00,0.000000000000000000e+00,0.000000000000000000e+00,2.291239720177424832e+00,3.311656618508000083e+00,7.587243696987576447e-02,0.000000000000000000e+00,0.000000000000000000e+00,0.000000000000000000e+00,-1.285852410644324761e+00,4.275215023173123186e+00,-4.257989904767338352e-02,0.000000000000000000e+00,0.000000000000000000e+00,0.000000000000000000e+00,-7.338362564144409461e+00,5.307284649417153055e+00,-2.430035784588401859e-01,0.000000000000000000e+00,0.000000000000000000e+00,0.000000000000000000e+00,-1.638358509467275681e+01,6.286162908600604560e+00,-5.425283598609681457e-01,0.000000000000000000e+00,0.000000000000000000e+00,0.000000000000000000e+00,-2.866338562256210309e+01,7.028169643464435623e+00,-9.491634156999922967e-01,0.000000000000000000e+00,0.000000000000000000e+00,0.000000000000000000e+00,-4.384741454385082449e+01,7.289764652554833191e+00,-1.451969502349887531e+00,0.000000000000000000e+00,0.000000000000000000e+00,0.000000000000000000e+00,-6.066329400154592832e+01,6.783278392330709394e+00,-2.008812919043211132e+00,0.000000000000000000e+00,0.000000000000000000e+00,0.000000000000000000e+00,-7.650182631271307798e+01,5.210597501256860831e+00,-2.533292323747893260e+00,0.000000000000000000e+00,0.000000000000000000e+00,0.000000000000000000e+00,-8.695550909898777547e+01,2.333828103830259515e+00,-2.879457057765024697e+00,0.000000000000000000e+00,0.000000000000000000e+00,0.000000000000000000e+00,-8.479669555739253894e+01,-1.834477094488419002e+00,-2.807969800049487041e+00,0.000000000000000000e+00,0.000000000000000000e+00,0.000000000000000000e+00,-5.673885793776192799e+01,-6.483284791403487901e+00,-1.878858586779470263e+00,0.000000000000000000e+00,0.000000000000000000e+00,0.000000000000000000e+00,2.761576512944591855e+01,-8.456537843198971061e+00,9.144723621483572540e-01,0.000000000000000000e+00,0.000000000000000000e+00,0.000000000000000000e+00,2.962172573478183040e+02,4.965899175822830358e+00,9.808980260595163259e+00,0.000000000000000000e+00
0.000000000000000000e+00,0.000000000000000000e+00,0.000000000000000000e+00,0.000000000000000000e+00,0.000000000000000000e+00,0.000000000000000000e+00,0.000000000000000000e+00,0.000000000000000000e+00,3.307502391239210138e-02,-1.326899144749915313e-02,1.095251031557618708e-03,0.000000000000000000e+00,0.000000000000000000e+00,0.000000000000000000e+00,6.271555967651038996e-03,-2.506757435294953290e-02,2.076771935595666196e-04,0.000000000000000000e+00,0.000000000000000000e+00,0.000000000000000000e+00,-3.473641645543645851e-02,-3.761845448693811045e-02,-1.150266619797593939e-03,0.000000000000000000e+00,0.000000000000000000e+00,0.000000000000000000e+00,-7.402052722747105851e-02,-5.236340271814264591e-02,-2.451126234014647156e-03,0.000000000000000000e+00,0.000000000000000000e+00,0.000000000000000000e+00,-9.932452277660648587e-02,-7.075476544426816117e-02,-3.289046330493750753e-03,0.000000000000000000e+00,0.000000000000000000e+00,0.000000000000000000e+00,-9.768320670521089821e-02,-9.398420561870450551e-02,-3.234695557382614127e-03,0.000000000000000000e+00,0.000000000000000000e+00,0.000000000000000000e+00,-5.378567259240055187e-02,-1.226838446198659643e-01,-1.781066388519704675e-03,0.000000000000000000e+00,0.000000000000000000e+00,0.000000000000000000e+00,5.046569356002447715e-02,-1.565672961425992049e-01,1.671128132100258273e-03,0.000000000000000000e+00,0.000000000000000000e+00,0.000000000000000000e+00,2.351781341622069810e-01,-1.939979944458236627e-01,7.787722080661767590e-03,0.000000000000000000e+00,0.000000000000000000e+00,0.000000000000000000e+00,5.199260914610164264e-01,-2.315262298381291772e-01,1.721690631319684056e-02,0.000000000000000000e+00,0.000000000000000000e+00,0.000000000000000000e+00,9.186671289471313173e-01,-2.634956670612377261e-01,3.042087356618491945e-02,0.000000000000000000e+00,0.000000000000000000e+00,0.000000000000000000e+00,1.431413139662229606e+00,-2.818778859691369321e-01,4.740001766749449980e-02,0.000000000000000000e+00,0.000000000000000000e+00,0.000000000000000000e+00,2.032549682044955119e+00,-2.765214510090551192e-01,6.730613836737867062e-02,0.000000000000000000e+00,0.000000000000000000e+00,0.000000000000000000e+00,2.656923822595669282e+00,-2.359700644867553376e-01,8.798175218786898066e-02,0.000000000000000000e+00,0.000000000000000000e+00,0.000000000000000000e+00,3.185743602019155851e+00,-1.489924368883646377e-01,1.054931653452951534e-01,0.000000000000000000e+00,0.000000000000000000e+00,0.000000000000000000e+00,3.431009304841063479e+00,-7.437964968859706039e-03,1.136149286048752233e-01,0.000000000000000000e+00,0.000000000000000000e+00,0.000000000000000000e+00,3.100817711768521168e+00,1.869172929345542522e-01,1.026809173738550407e-01,0.000000000000000000e+00,0.000000000000000000e+00,0.000000000000000000e+00,1.685297852003551311e+00,4.042855753167466371e-01,5.580719203039301302e-02,0.000000000000000000e+00,0.000000000000000000e+00,0.000000000000000000e+00,-1.951136987913865584e+00,5.415711831915940300e-01,-6.461022687037974721e-02,0.000000000000000000e+00,0.000000000000000000e+00,0.000000000000000000e+00,-1.277931740032778052e+01,2.866804856637167331e-01,-4.231761283796744988e-01,0.000000000000000000e+00
0.000000000000000000e+00,0.000000000000000000e+00,0.000000000000000000e+00,0.000000000000000000e+00,0.000000000000000000e+00,0.000000000000000000e+00,0.000000000000000000e+00,0.000000000000000000e+00,0.000000000000000000e+00,0.000000000000000000e+00,0.000000000000000000e+00,0.000000000000000000e+00,0.000000000000000000e+00,0.000000000000000000e+00,0.000000000000000000e+00,0.000000000000000000e+00,0.000000000000000000e+00,0.000000000000000000e+00,0.000000000000000000e+00,0.000000000000000000e+00,0.000000000000000000e+00,0.000000000000000000e+00,0.000000000000000000e+00,0.000000000000000000e+00,0.000000000000000000e+00,0.000000000000000000e+00,0.000000000000000000e+00,0.000000000000000000e+00,0.000000000000000000e+00,0.000000000000000000e+00,0.000000000000000000e+00,0.000000000000000000e+00,0.000000000000000000e+00,0.000000000000000000e+00,0.000000000000000000e+00,0.000000000000000000e+00,0.000000000000000000e+00,0.000000000000000000e+00,0.000000000000000000e+00,0.000000000000000000e+00,0.000000000000000000e+00,0.000000000000000000e+00,0.000000000000000000e+00,0.000000000000000000e+00,0.000000000000000000e+00,0.000000000000000000e+00,0.000000000000000000e+00,0.000000000000000000e+00,0.000000000000000000e+00,0.000000000000000000e+00,0.000000000000000000e+00,0.000000000000000000e+00,0.000000000000000000e+00,0.000000000000000000e+00,0.000000000000000000e+00,0.000000000000000000e+00,0.000000000000000000e+00,0.000000000000000000e+00,0.000000000000000000e+00,0.000000000000000000e+00,0.000000000000000000e+00,0.000000000000000000e+00,0.000000000000000000e+00,0.000000000000000000e+00,0.000000000000000000e+00,0.000000000000000000e+00,0.000000000000000000e+00,0.000000000000000000e+00,0.000000000000000000e+00,0.000000000000000000e+00,0.000000000000000000e+00,0.000000000000000000e+00,0.000000000000000000e+00,0.000000000000000000e+00,0.000000000000000000e+00,0.000000000000000000e+00,0.000000000000000000e+00,0.000000000000000000e+00,0.000000000000000000e+00,0.000000000000000000e+00,0.000000000000000000e+00,0.000000000000000000e+00,0.000000000000000000e+00,0.000000000000000000e+00,0.000000000000000000e+00,0.000000000000000000e+00,0.000000000000000000e+00,0.000000000000000000e+00,0.000000000000000000e+00,0.000000000000000000e+00,0.000000000000000000e+00,0.000000000000000000e+00,0.000000000000000000e+00,0.000000000000000000e+00,0.000000000000000000e+00,0.000000000000000000e+00,0.000000000000000000e+00,0.000000000000000000e+00,0.000000000000000000e+00,0.000000000000000000e+00,0.000000000000000000e+00,0.000000000000000000e+00,0.000000000000000000e+00,0.000000000000000000e+00,0.000000000000000000e+00,0.000000000000000000e+00,0.000000000000000000e+00,0.000000000000000000e+00,0.000000000000000000e+00,0.000000000000000000e+00,0.000000000000000000e+00,0.000000000000000000e+00,0.000000000000000000e+00,0.000000000000000000e+00,0.000000000000000000e+00,0.000000000000000000e+00,0.000000000000000000e+00,0.000000000000000000e+00,0.000000000000000000e+00,0.000000000000000000e+00,0.000000000000000000e+00,0.000000000000000000e+00,0.000000000000000000e+00,0.000000000000000000e+00,0.000000000000000000e+00,0.000000000000000000e+00
