0.000000000000000000e+00,0.000000000000000000e+00,0.000000000000000000e+00,0.000000000000000000e+00,0.000000000000000000e+00,0.000000000000000000e+00,0.000000000000000000e+00,0.000000000000000000e+00,0.000000000000000000e+00,0.000000000000000000e+00,0.000000000000000000e+00,0.000000000000000000e+00,0.000000000000000000e+00,0.000000000000000000e+00,0.000000000000000000e+00,0.000000000000000000e+00,0.000000000000000000e+00,0.000000000000000000e+00,0.000000000000000000e+00,0.000000000000000000e+00,0.000000000000000000e+00,0.000000000000000000e+00,0.000000000000000000e+00,0.000000000000000000e+00,0.000000000000000000e+00,0.000000000000000000e+00,0.000000000000000000e+00,0.000000000000000000e+00,0.000000000000000000e+00,0.000000000000000000e+00,0.000000000000000000e+00,0.000000000000000000e+00,0.000000000000000000e+00,0.000000000000000000e+00,0.000000000000000000e+00,0.000000000000000000e+00,0.000000000000000000e+00,0.000000000000000000e+00,0.000000000000000000e+00,0.000000000000000000e+00,0.000000000000000000e+00,0.000000000000000000e+00,0.000000000000000000e+00,0.000000000000000000e+00,0.000000000000000000e+00,0.000000000000000000e+00,0.000000000000000000e+00,0.000000000000000000e+00,0.000000000000000000e+00,0.000000000000000000e+00,0.000000000000000000e+00,0.000000000000000000e+00,0.000000000000000000e+00,0.000000000000000000e+00,0.000000000000000000e+00,0.000000000000000000e+00,0.000000000000000000e+00,0.000000000000000000e+00,0.000000000000000000e+00,0.000000000000000000e+00,0.000000000000000000e+00,0.000000000000000000e+00,0.000000000000000000e+00,0.000000000000000000e+00,0.000000000000000000e+00,0.000000000000000000e+00,0.000000000000000000e+00,0.000000000000000000e+00,0.000000000000000000e+00,0.000000000000000000e+00,0.000000000000000000e+00,0.000000000000000000e+00,0.000000000000000000e+00,0.000000000000000000e+00,0.000000000000000000e+00,0.000000000000000000e+00,0.000000000000000000e+00,0.000000000000000000e+00,0.000000000000000000e+00,0.000000000000000000e+00,0.000000000000000000e+00,0.000000000000000000e+00,0.000000000000000000e+00,0.000000000000000000e+00,0.000000000000000000e+00,0.000000000000000000e+00,0.000000000000000000e+00,0.000000000000000000e+00,0.000000000000000000e+00,0.000000000000000000e+00,0.000000000000000000e+00,0.000000000000000000e+00,0.000000000000000000e+00,0.000000000000000000e+00,0.000000000000000000e+00,0.000000000000000000e+00,0.000000000000000000e+00,0.000000000000000000e+00,0.000000000000000000e+00,0.000000000000000000e+00,0.000000000000000000e+00,0.000000000000000000e+00,0.000000000000000000e+00,0.000000000000000000e+00,0.000000000000000000e+00,0.000000000000000000e+00,0.000000000000000000e+00,0.000000000000000000e+00,0.000000000000000000e+00,0.000000000000000000e+00,0.000000000000000000e+00,0.000000000000000000e+00,0.000000000000000000e+00,0.000000000000000000e+00,0.000000000000000000e+00,0.000000000000000000e+00,0.000000000000000000e+00,0.000000000000000000e+00,0.000000000000000000e+00,0.000000000000000000e+00,0.000000000000000000e+00,0.000000000000000000e+00,0.000000000000000000e+00,0.000000000000000000e+00,0.000000000000000000e+00,0.000000000000000000e+00
0.000000000000000000e+00,0.000000000000000000e+00,0.000000000000000000e+00,0.000000000000000000e+00,0.000000000000000000e+00,0.000000000000000000e+00,0.000000000000000000e+00,0.000000000000000000e+00,0.000000000000000000e+00,0.000000000000000000e+00,0.000000000000000000e+00,0.000000000000000000e+00,0.000000000000000000e+00,0.000000000000000000e+00,0.000000000000000000e+00,0.000000000000000000e+00,0.000000000000000000e+00,0.000000000000000000e+00,0.000000000000000000e+00,0.000000000000000000e+00,0.000000000000000000e+00,0.000000000000000000e+00,0.000000000000000000e+00,0.000000000000000000e+00,0.000000000000000000e+00,0.000000000000000000e+00,0.000000000000000000e+00,0.000000000000000000e+00,0.000000000000000000e+00,0.000000000000000000e+00,0.000000000000000000e+00,0.000000000000000000e+00,0.000000000000000000e+00,0.000000000000000000e+00,0.000000000000000000e+00,0.000000000000000000e+00,0.000000000000000000e+00,0.000000000000000000e+00,0.000000000000000000e+00,0.000000000000000000e+00,0.000000000000000000e+00,0.000000000000000000e+00,0.000000000000000000e+00,0.000000000000000000e+00,0.000000000000000000e+00,0.000000000000000000e+00,0.000000000000000000e+00,0.000000000000000000e+00,0.000000000000000000e+00,0.000000000000000000e+00,0.000000000000000000e+00,0.000000000000000000e+00,0.000000000000000000e+00,0.000000000000000000e+00,0.000000000000000000e+00,0.000000000000000000e+00,0.000000000000000000e+00,0.000000000000000000e+00,0.000000000000000000e+00,0.000000000000000000e+00,0.000000000000000000e+00,0.000000000000000000e+00,0.000000000000000000e+00,0.000000000000000000e+00,0.000000000000000000e+00,0.000000000000000000e+00,0.000000000000000000e+00,0.000000000000000000e+00,0.000000000000000000e+00,0.000000000000000000e+00,0.000000000000000000e+00,0.000000000000000000e+00,0.000000000000000000e+00,0.000000000000000000e+00,0.000000000000000000e+00,0.000000000000000000e+00,0.000000000000000000e+00,0.000000000000000000e+00,0.000000000000000000e+00,0.000000000000000000e+00,0.000000000000000000e+00,0.000000000000000000e+00,0.000000000000000000e+00,0.000000000000000000e+00,0.000000000000000000e+00,0.000000000000000000e+00,0.000000000000000000e+00,0.000000000000000000e+00,0.000000000000000000e+00,0.000000000000000000e+00,0.000000000000000000e+00,0.000000000000000000e+00,0.000000000000000000e+00,0.000000000000000000e+00,0.000000000000000000e+00,0.000000000000000000e+00,0.000000000000000000e+00,0.000000000000000000e+00,0.000000000000000000e+00,0.000000000000000000e+00,0.000000000000000000e+00,0.000000000000000000e+00,0.000000000000000000e+00,0.000000000000000000e+00,0.000000000000000000e+00,0.000000000000000000e+00,0.000000000000000000e+00,0.000000000000000000e+00,0.000000000000000000e+00,0.000000000000000000e+00,0.000000000000000000e+00,0.000000000000000000e+00,0.000000000000000000e+00,0.000000000000000000e+00,0.000000000000000000e+00,0.000000000000000000e+00,0.000000000000000000e+00,0.000000000000000000e+00,0.000000000000000000e+00,0.000000000000000000e+00,0.000000000000000000e+00,0.000000000000000000e+00,0.000000000000000000e+00,0.000000000000000000e+00,0.000000000000000000e+00,0.000000000000000000e+00
0.000000000000000000e+00,0.000000000000000000e+00,0.000000000000000000e+00,0.000000000000000000e+00,0.000000000000000000e+00,0.000000000000000000e+00,0.000000000000000000e+00,0.000000000000000000e+00,0.000000000000000000e+00,0.000000000000000000e+00,0.000000000000000000e+00,0.000000000000000000e+00,0.000000000000000000e+00,0.000000000000000000e+00,0.000000000000000000e+00,0.000000000000000000e+00,0.000000000000000000e+00,0.000000000000000000e+00,0.000000000000000000e+00,0.000000000000000000e+00,0.000000000000000000e+00,0.000000000000000000e+00,0.000000000000000000e+00,0.000000000000000000e+00,0.000000000000000000e+00,0.000000000000000000e+00,0.000000000000000000e+00,0.000000000000000000e+00,0.000000000000000000e+00,0.000000000000000000e+00,0.000000000000000000e+00,0.000000000000000000e+00,0.000000000000000000e+00,0.000000000000000000e+00,0.000000000000000000e+00,0.000000000000000000e+00,0.000000000000000000e+00,0.000000000000000000e+00,0.000000000000000000e+00,0.000000000000000000e+00,0.000000000000000000e+00,0.000000000000000000e+00,0.000000000000000000e+00,0.000000000000000000e+00,0.000000000000000000e+00,0.000000000000000000e+00,0.000000000000000000e+00,0.000000000000000000e+00,0.000000000000000000e+00,0.000000000000000000e+00,0.000000000000000000e+00,0.000000000000000000e+00,0.000000000000000000e+00,0.000000000000000000e+00,0.000000000000000000e+00,0.000000000000000000e+00,0.000000000000000000e+00,0.000000000000000000e+00,0.000000000000000000e+00,0.000000000000000000e+00,0.000000000000000000e+00,0.000000000000000000e+00,0.000000000000000000e+00,0.000000000000000000e+00,0.000000000000000000e+00,0.000000000000000000e+00,0.000000000000000000e+00,0.000000000000000000e+00,0.000000000000000000e+00,0.000000000000000000e+00,0.000000000000000000e+00,0.000000000000000000e+00,0.000000000000000000e+00,0.000000000000000000e+00,0.000000000000000000e+00,0.000000000000000000e+00,0.000000000000000000e+00,0.000000000000000000e+00,0.000000000000000000e+00,0.000000000000000000e+00,0.000000000000000000e+00,0.000000000000000000e+00,0.000000000000000000e+00,0.000000000000000000e+00,0.000000000000000000e+00,0.000000000000000000e+00,0.000000000000000000e+00,0.000000000000000000e+00,0.000000000000000000e+00,0.000000000000000000e+00,0.000000000000000000e+00,0.000000000000000000e+00,0.000000000000000000e+00,0.000000000000000000e+00,0.000000000000000000e+00,0.000000000000000000e+00,0.000000000000000000e+00,0.000000000000000000e+00,0.000000000000000000e+00,0.000000000000000000e+00,0.000000000000000000e+00,0.000000000000000000e+00,0.000000000000000000e+00,0.000000000000000000e+00,0.000000000000000000e+00,0.000000000000000000e+00,0.000000000000000000e+00,0.000000000000000000e+00,0.000000000000000000e+00,0.000000000000000000e+00,0.000000000000000000e+00,0.000000000000000000e+00,0.000000000000000000e+00,0.000000000000000000e+00,0.000000000000000000e+00,0.000000000000000000e+00,0.000000000000000000e+00,0.000000000000000000e+00,0.000000000000000000e+00,0.000000000000000000e+00,0.000000000000000000e+00,0.000000000000000000e+00,0.000000000000000000e+00,0.000000000000000000e+00,0.000000000000000000e+00,0.000000000000000000e+00
0.000000000000000000e+00,0.000000000000000000e+00,0.000000000000000000e+00,0.000000000000000000e+00,0.000000000000000000e+00,0.000000000000000000e+00,0.000000000000000000e+00,0.000000000000000000e+00,0.000000000000000000e+00,0.000000000000000000e+00,0.000000000000000000e+00,0.000000000000000000e+00,0.000000000000000000e+00,0.000000000000000000e+00,0.000000000000000000e+00,0.000000000000000000e+00,0.000000000000000000e+00,0.000000000000000000e+00,0.000000000000000000e+00,0.000000000000000000e+00,0.000000000000000000e+00,0.000000000000000000e+00,0.000000000000000000e+00,0.000000000000000000e+00,0.000000000000000000e+00,0.000000000000000000e+00,0.000000000000000000e+00,0.000000000000000000e+00,0.000000000000000000e+00,0.000000000000000000e+00,0.000000000000000000e+00,0.000000000000000000e+00,0.000000000000000000e+00,0.000000000000000000e+00,0.000000000000000000e+00,0.000000000000000000e+00,0.000000000000000000e+00,0.000000000000000000e+00,0.000000000000000000e+00,0.000000000000000000e+00,0.000000000000000000e+00,0.000000000000000000e+00,0.000000000000000000e+00,0.000000000000000000e+00,0.000000000000000000e+00,0.000000000000000000e+00,0.000000000000000000e+00,0.000000000000000000e+00,0.000000000000000000e+00,0.000000000000000000e+00,0.000000000000000000e+00,0.000000000000000000e+00,0.000000000000000000e+00,0.000000000000000000e+00,0.000000000000000000e+00,0.000000000000000000e+00,0.000000000000000000e+00,0.000000000000000000e+00,0.000000000000000000e+00,0.000000000000000000e+00,0.000000000000000000e+00,0.000000000000000000e+00,0.000000000000000000e+00,0.000000000000000000e+00,0.000000000000000000e+00,0.000000000000000000e+00,0.000000000000000000e+00,0.000000000000000000e+00,0.000000000000000000e+00,0.000000000000000000e+00,0.000000000000000000e+00,0.000000000000000000e+00,0.000000000000000000e+00,0.000000000000000000e+00,0.000000000000000000e+00,0.000000000000000000e+00,0.000000000000000000e+00,0.000000000000000000e+00,0.000000000000000000e+00,0.000000000000000000e+00,0.000000000000000000e+00,0.000000000000000000e+00,0.000000000000000000e+00,0.000000000000000000e+00,0.000000000000000000e+00,0.000000000000000000e+00,0.000000000000000000e+00,0.000000000000000000e+00,0.000000000000000000e+00,0.000000000000000000e+00,0.000000000000000000e+00,0.000000000000000000e+00,0.000000000000000000e+00,0.000000000000000000e+00,0.000000000000000000e+00,0.000000000000000000e+00,0.000000000000000000e+00,0.000000000000000000e+00,0.000000000000000000e+00,0.000000000000000000e+00,0.000000000000000000e+00,0.000000000000000000e+00,0.000000000000000000e+00,0.000000000000000000e+00,0.000000000000000000e+00,0.000000000000000000e+00,0.000000000000000000e+00,0.000000000000000000e+00,0.000000000000000000e+00,0.000000000000000000e+00,0.000000000000000000e+00,0.000000000000000000e+00,0.000000000000000000e+00,0.000000000000000000e+00,0.000000000000000000e+00,0.000000000000000000e+00,0.000000000000000000e+00,0.000000000000000000e+00,0.000000000000000000e+00,0.000000000000000000e+00,0.000000000000000000e+00,0.000000000000000000e+00,0.000000000000000000e+00,0.000000000000000000e+00,0.000000000000000000e+00,0.000000000000000000e+00
0.000000000000000000e+00,0.000000000000000000e+00,0.000000000000000000e+00,0.000000000000000000e+00,0.000000000000000000e+00,0.000000000000000000e+00,0.000000000000000000e+00,0.000000000000000000e+00,0.000000000000000000e+00,0.000000000000000000e+00,0.000000000000000000e+00,0.000000000000000000e+00,0.000000000000000000e+00,0.000000000000000000e+00,0.000000000000000000e+00,0.000000000000000000e+00,0.000000000000000000e+00,0.000000000000000000e+00,0.000000000000000000e+00,0.000000000000000000e+00,0.000000000000000000e+00,0.000000000000000000e+00,0.000000000000000000e+00,0.000000000000000000e+00,0.000000000000000000e+00,0.000000000000000000e+00,0.000000000000000000e+00,0.000000000000000000e+00,0.000000000000000000e+00,0.000000000000000000e+00,0.000000000000000000e+00,0.000000000000000000e+00,0.000000000000000000e+00,0.000000000000000000e+00,0.000000000000000000e+00,0.000000000000000000e+00,0.000000000000000000e+00,0.000000000000000000e+00,0.000000000000000000e+00,0.000000000000000000e+00,0.000000000000000000e+00,0.000000000000000000e+00,0.000000000000000000e+00,0.000000000000000000e+00,0.000000000000000000e+00,0.000000000000000000e+00,0.000000000000000000e+00,0.000000000000000000e+00,0.000000000000000000e+00,0.000000000000000000e+00,0.000000000000000000e+00,0.000000000000000000e+00,0.000000000000000000e+00,0.000000000000000000e+00,0.000000000000000000e+00,0.000000000000000000e+00,0.000000000000000000e+00,0.000000000000000000e+00,0.000000000000000000e+00,0.000000000000000000e+00,0.000000000000000000e+00,0.000000000000000000e+00,0.000000000000000000e+00,0.000000000000000000e+00,0.000000000000000000e+00,0.000000000000000000e+00,0.000000000000000000e+00,0.000000000000000000e+00,0.000000000000000000e+00,0.000000000000000000e+00,0.000000000000000000e+00,0.000000000000000000e+00,0.000000000000000000e+00,0.000000000000000000e+00,0.000000000000000000e+00,0.000000000000000000e+00,0.000000000000000000e+00,0.000000000000000000e+00,0.000000000000000000e+00,0.000000000000000000e+00,0.000000000000000000e+00,0.000000000000000000e+00,0.000000000000000000e+00,0.000000000000000000e+00,0.000000000000000000e+00,0.000000000000000000e+00,0.000000000000000000e+00,0.000000000000000000e+00,0.000000000000000000e+00,0.000000000000000000e+00,0.000000000000000000e+00,0.000000000000000000e+00,0.000000000000000000e+00,0.000000000000000000e+00,0.000000000000000000e+00,0.000000000000000000e+00,0.000000000000000000e+00,0.000000000000000000e+00,0.000000000000000000e+00,0.000000000000000000e+00,0.000000000000000000e+00,0.000000000000000000e+00,0.000000000000000000e+00,0.000000000000000000e+00,0.000000000000000000e+00,0.000000000000000000e+00,0.000000000000000000e+00,0.000000000000000000e+00,0.000000000000000000e+00,0.000000000000000000e+00,0.000000000000000000e+00,0.000000000000000000e+00,0.000000000000000000e+00,0.000000000000000000e+00,0.000000000000000000e+00,0.000000000000000000e+00,0.000000000000000000e+00,0.000000000000000000e+00,0.000000000000000000e+00,0.000000000000000000e+00,0.000000000000000000e+00,0.000000000000000000e+00,0.000000000000000000e+00,0.000000000000000000e+00,0.000000000000000000e+00,0.000000000000000000e+00
0.000000000000000000e+00,0.000000000000000000e+00,0.000000000000000000e+00,0.000000000000000000e+00,0.000000000000000000e+00,0.000000000000000000e+00,0.000000000000000000e+00,0.000000000000000000e+00,0.000000000000000000e+00,0.000000000000000000e+00,0.000000000000000000e+00,0.000000000000000000e+00,0.000000000000000000e+00,0.000000000000000000e+00,0.000000000000000000e+00,0.000000000000000000e+00,0.000000000000000000e+00,0.000000000000000000e+00,0.000000000000000000e+00,0.000000000000000000e+00,0.000000000000000000e+00,0.000000000000000000e+00,0.000000000000000000e+00,0.000000000000000000e+00,0.000000000000000000e+00,0.000000000000000000e+00,0.000000000000000000e+00,0.000000000000000000e+00,0.000000000000000000e+00,0.000000000000000000e+00,0.000000000000000000e+00,0.000000000000000000e+00,0.000000000000000000e+00,0.000000000000000000e+00,0.000000000000000000e+00,0.000000000000000000e+00,0.000000000000000000e+00,0.000000000000000000e+00,0.000000000000000000e+00,0.000000000000000000e+00,0.000000000000000000e+00,0.000000000000000000e+00,0.000000000000000000e+00,0.000000000000000000e+00,0.000000000000000000e+00,0.000000000000000000e+00,0.000000000000000000e+00,0.000000000000000000e+00,0.000000000000000000e+00,0.000000000000000000e+00,0.000000000000000000e+00,0.000000000000000000e+00,0.000000000000000000e+00,0.000000000000000000e+00,0.000000000000000000e+00,0.000000000000000000e+00,0.000000000000000000e+00,0.000000000000000000e+00,0.000000000000000000e+00,0.000000000000000000e+00,0.000000000000000000e+00,0.000000000000000000e+00,0.000000000000000000e+00,0.000000000000000000e+00,0.000000000000000000e+00,0.000000000000000000e+00,0.000000000000000000e+00,0.000000000000000000e+00,0.000000000000000000e+00,0.000000000000000000e+00,0.000000000000000000e+00,0.000000000000000000e+00,0.000000000000000000e+00,0.000000000000000000e+00,0.000000000000000000e+00,0.000000000000000000e+00,0.000000000000000000e+00,0.000000000000000000e+00,0.000000000000000000e+00,0.000000000000000000e+00,0.000000000000000000e+00,0.000000000000000000e+00,0.000000000000000000e+00,0.000000000000000000e+00,0.000000000000000000e+00,0.000000000000000000e+00,0.000000000000000000e+00,0.000000000000000000e+00,0.000000000000000000e+00,0.000000000000000000e+00,0.000000000000000000e+00,0.000000000000000000e+00,0.000000000000000000e+00,0.000000000000000000e+00,0.000000000000000000e+00,0.000000000000000000e+00,0.000000000000000000e+00,0.000000000000000000e+00,0.000000000000000000e+00,0.000000000000000000e+00,0.000000000000000000e+00,0.000000000000000000e+00,0.000000000000000000e+00,0.000000000000000000e+00,0.000000000000000000e+00,0.000000000000000000e+00,0.000000000000000000e+00,0.000000000000000000e+00,0.000000000000000000e+00,0.000000000000000000e+00,0.000000000000000000e+00,0.000000000000000000e+00,0.000000000000000000e+00,0.000000000000000000e+00,0.000000000000000000e+00,0.000000000000000000e+00,0.000000000000000000e+00,0.000000000000000000e+00,0.000000000000000000e+00,0.000000000000000000e+00,0.000000000000000000e+00,0.000000000000000000e+00,0.000000000000000000e+00,0.000000000000000000e+00,0.000000000000000000e+00,0.000000000000000000e+00
0.000000000000000000e+00,0.000000000000000000e+00,0.000000000000000000e+00,0.000000000000000000e+00,0.000000000000000000e+00,0.000000000000000000e+00,0.000000000000000000e+00,0.000000000000000000e+00,0.000000000000000000e+00,0.000000000000000000e+00,0.000000000000000000e+00,0.000000000000000000e+00,0.000000000000000000e+00,0.000000000000000000e+00,0.000000000000000000e+00,0.000000000000000000e+00,0.000000000000000000e+00,0.000000000000000000e+00,0.000000000000000000e+00,0.000000000000000000e+00,0.000000000000000000e+00,0.000000000000000000e+00,0.000000000000000000e+00,0.000000000000000000e+00,0.000000000000000000e+00,0.000000000000000000e+00,0.000000000000000000e+00,0.000000000000000000e+00,0.000000000000000000e+00,0.000000000000000000e+00,0.000000000000000000e+00,0.000000000000000000e+00,0.000000000000000000e+00,0.000000000000000000e+00,0.000000000000000000e+00,0.000000000000000000e+00,0.000000000000000000e+00,0.000000000000000000e+00,0.000000000000000000e+00,0.000000000000000000e+00,0.000000000000000000e+00,0.000000000000000000e+00,0.000000000000000000e+00,0.000000000000000000e+00,0.000000000000000000e+00,0.000000000000000000e+00,0.000000000000000000e+00,0.000000000000000000e+00,0.000000000000000000e+00,0.000000000000000000e+00,0.000000000000000000e+00,0.000000000000000000e+00,0.000000000000000000e+00,0.000000000000000000e+00,0.000000000000000000e+00,0.000000000000000000e+00,0.000000000000000000e+00,0.000000000000000000e+00,0.000000000000000000e+00,0.000000000000000000e+00,0.000000000000000000e+00,0.000000000000000000e+00,0.000000000000000000e+00,0.000000000000000000e+00,0.000000000000000000e+00,0.000000000000000000e+00,0.000000000000000000e+00,0.000000000000000000e+00,0.000000000000000000e+00,0.000000000000000000e+00,0.000000000000000000e+00,0.000000000000000000e+00,0.000000000000000000e+00,0.000000000000000000e+00,0.000000000000000000e+00,0.000000000000000000e+00,0.000000000000000000e+00,0.000000000000000000e+00,0.000000000000000000e+00,0.000000000000000000e+00,0.000000000000000000e+00,0.000000000000000000e+00,0.000000000000000000e+00,0.000000000000000000e+00,0.000000000000000000e+00,0.000000000000000000e+00,0.000000000000000000e+00,0.000000000000000000e+00,0.000000000000000000e+00,0.000000000000000000e+00,0.000000000000000000e+00,0.000000000000000000e+00,0.000000000000000000e+00,0.000000000000000000e+00,0.000000000000000000e+00,0.000000000000000000e+00,0.000000000000000000e+00,0.000000000000000000e+00,0.000000000000000000e+00,0.000000000000000000e+00,0.000000000000000000e+00,0.000000000000000000e+00,0.000000000000000000e+00,0.000000000000000000e+00,0.000000000000000000e+00,0.000000000000000000e+00,0.000000000000000000e+00,0.000000000000000000e+00,0.000000000000000000e+00,0.000000000000000000e+00,0.000000000000000000e+00,0.000000000000000000e+00,0.000000000000000000e+00,0.000000000000000000e+00,0.000000000000000000e+00,0.000000000000000000e+00,0.000000000000000000e+00,0.000000000000000000e+00,0.000000000000000000e+00,0.000000000000000000e+00,0.000000000000000000e+00,0.000000000000000000e+00,0.000000000000000000e+00,0.000000000000000000e+00,0.000000000000000000e+00,0.000000000000000000e+00
0.000000000000000000e+00,0.000000000000000000e+00,0.000000000000000000e+00,0.000000000000000000e+00,0.000000000000000000e+00,0.000000000000000000e+00,0.000000000000000000e+00,0.000000000000000000e+00,0.000000000000000000e+00,0.000000000000000000e+00,0.000000000000000000e+00,0.000000000000000000e+00,0.000000000000000000e+00,0.000000000000000000e+00,0.000000000000000000e+00,0.000000000000000000e+00,0.000000000000000000e+00,0.000000000000000000e+00,0.000000000000000000e+00,0.000000000000000000e+00,0.000000000000000000e+00,0.000000000000000000e+00,0.000000000000000000e+00,0.000000000000000000e+00,0.000000000000000000e+00,0.000000000000000000e+00,0.000000000000000000e+00,0.000000000000000000e+00,0.000000000000000000e+00,0.000000000000000000e+00,0.000000000000000000e+00,0.000000000000000000e+00,0.000000000000000000e+00,0.000000000000000000e+00,0.000000000000000000e+00,0.000000000000000000e+00,0.000000000000000000e+00,0.000000000000000000e+00,0.000000000000000000e+00,0.000000000000000000e+00,0.000000000000000000e+00,0.000000000000000000e+00,0.000000000000000000e+00,0.000000000000000000e+00,0.000000000000000000e+00,0.000000000000000000e+00,0.000000000000000000e+00,0.000000000000000000e+00,0.000000000000000000e+00,0.000000000000000000e+00,0.000000000000000000e+00,0.000000000000000000e+00,0.000000000000000000e+00,0.000000000000000000e+00,0.000000000000000000e+00,0.000000000000000000e+00,0.000000000000000000e+00,0.000000000000000000e+00,0.000000000000000000e+00,0.000000000000000000e+00,0.000000000000000000e+00,0.000000000000000000e+00,0.000000000000000000e+00,0.000000000000000000e+00,0.000000000000000000e+00,0.000000000000000000e+00,0.000000000000000000e+00,0.000000000000000000e+00,0.000000000000000000e+00,0.000000000000000000e+00,0.000000000000000000e+00,0.000000000000000000e+00,0.000000000000000000e+00,0.000000000000000000e+00,0.000000000000000000e+00,0.000000000000000000e+00,0.000000000000000000e+00,0.000000000000000000e+00,0.000000000000000000e+00,0.000000000000000000e+00,0.000000000000000000e+00,0.000000000000000000e+00,0.000000000000000000e+00,0.000000000000000000e+00,0.000000000000000000e+00,0.000000000000000000e+00,0.000000000000000000e+00,0.000000000000000000e+00,0.000000000000000000e+00,0.000000000000000000e+00,0.000000000000000000e+00,0.000000000000000000e+00,0.000000000000000000e+00,0.000000000000000000e+00,0.000000000000000000e+00,0.000000000000000000e+00,0.000000000000000000e+00,0.000000000000000000e+00,0.000000000000000000e+00,0.000000000000000000e+00,0.000000000000000000e+00,0.000000000000000000e+00,0.000000000000000000e+00,0.000000000000000000e+00,0.000000000000000000e+00,0.000000000000000000e+00,0.000000000000000000e+00,0.000000000000000000e+00,0.000000000000000000e+00,0.000000000000000000e+00,0.000000000000000000e+00,0.000000000000000000e+00,0.000000000000000000e+00,0.000000000000000000e+00,0.000000000000000000e+00,0.000000000000000000e+00,0.000000000000000000e+00,0.000000000000000000e+00,0.000000000000000000e+00,0.000000000000000000e+00,0.000000000000000000e+00,0.000000000000000000e+00,0.000000000000000000e+00,0.000000000000000000e+00,0.000000000000000000e+00,0.000000000000000000e+00
0.000000000000000000e+00,0.000000000000000000e+00,0.000000000000000000e+00,0.000000000000000000e+00,0.000000000000000000e+00,0.000000000000000000e+00,0.000000000000000000e+00,0.000000000000000000e+00,6.463626497073527988e-01,2.592854118834631710e-03,2.140374443046301478e-02,0.000000000000000000e+00,0.000000000000000000e+00,0.000000000000000000e+00,9.235438618710756220e-02,-2.172966119081212039e-02,3.058236239170259319e-03,0.000000000000000000e+00,0.000000000000000000e+00,0.000000000000000000e+00,-9.435254811588134061e-02,-1.725049295353975332e-02,-3.124403656599961457e-03,0.000000000000000000e+00,0.000000000000000000e+00,0.000000000000000000e+00,-1.665323130078867619e-01,-7.162192129924302604e-03,-5.514574625635451817e-03,0.000000000000000000e+00,0.000000000000000000e+00,0.000000000000000000e+00,-1.826322266902269398e-01,2.255489822181533637e-03,-6.047709450126555891e-03,0.000000000000000000e+00,0.000000000000000000e+00,0.000000000000000000e+00,-1.690087230320907463e-01,9.174199025705435245e-03,-5.596578818308281002e-03,0.000000000000000000e+00,0.000000000000000000e+00,0.000000000000000000e+00,-1.407854444367419300e-01,1.338841194967274606e-02,-4.661989169110404563e-03,0.000000000000000000e+00,0.000000000000000000e+00,0.000000000000000000e+00,-1.077166315070811897e-01,1.526848878174218507e-02,-3.566943808915585493e-03,0.000000000000000000e+00,0.000000000000000000e+00,0.000000000000000000e+00,-7.596796686849711933e-02,1.537057045939699794e-02,-2.515614026415936063e-03,0.000000000000000000e+00,0.000000000000000000e+00,0.000000000000000000e+00,-4.891667924420690233e-02,1.427480867293123845e-02,-1.619833852410843293e-03,0.000000000000000000e+00,0.000000000000000000e+00,0.000000000000000000e+00,-2.788210809139528290e-02,1.249983551973754894e-02,-9.232920807552381448e-04,0.000000000000000000e+00,0.000000000000000000e+00,0.000000000000000000e+00,-1.284957628128512858e-02,1.045723408616524609e-02,-4.255026909257349937e-04,0.000000000000000000e+00,0.000000000000000000e+00,0.000000000000000000e+00,-3.079106750954289061e-03,8.437020460947169259e-03,-1.019619775390440776e-04,0.000000000000000000e+00,0.000000000000000000e+00,0.000000000000000000e+00,2.460330748660891683e-03,6.615423965178886950e-03,8.147174126257145880e-05,0.000000000000000000e+00,0.000000000000000000e+00,0.000000000000000000e+00,4.825795533013674775e-03,5.074924060750958706e-03,1.598020775319561283e-04,0.000000000000000000e+00,0.000000000000000000e+00,0.000000000000000000e+00,4.968002778226815463e-03,3.828105522732066449e-03,1.645111484135739356e-04,0.000000000000000000e+00,0.000000000000000000e+00,0.000000000000000000e+00,3.691130052835617757e-03,2.839972966557306484e-03,1.222286039366059078e-04,0.000000000000000000e+00,0.000000000000000000e+00,0.000000000000000000e+00,1.676303107414482772e-03,2.046481730471973008e-03,5.550933878270170757e-05,0.000000000000000000e+00,0.000000000000000000e+00,0.000000000000000000e+00,-4.321658048297274198e-04,1.369799547884427600e-03,-1.431079973811743514e-05,0.000000000000000000e+00,0.000000000000000000e+00,0.000000000000000000e+00,-1.795721933250962526e-03,7.313635388158704585e-04,-5.946379071390119167e-05,0.000000000000000000e+00
0.000000000000000000e+00,0.000000000000000000e+00,0.000000000000000000e+00,0.000000000000000000e+00,0.000000000000000000e+00,0.000000000000000000e+00,0.000000000000000000e+00,0.000000000000000000e+00,-5.132193473876482948e-01,-1.590067675448419635e-02,-1.699481823899901337e-02,0.000000000000000000e+00,0.000000000000000000e+00,0.000000000000000000e+00,-4.677126235996251907e-02,1.238007543717130343e-02,-1.548790213506339754e-03,0.000000000000000000e+00,0.000000000000000000e+00,0.000000000000000000e+00,9.926960928958160346e-02,1.005489132631291575e-02,3.287227917498209990e-03,0.000000000000000000e+00,0.000000000000000000e+00,0.000000000000000000e+00,1.476779513341674455e-01,2.459299199418363627e-03,4.890228619803406451e-03,0.000000000000000000e+00,0.000000000000000000e+00,0.000000000000000000e+00,1.512402701229634550e-01,-4.522303022730054904e-03,5.008191749278413131e-03,0.000000000000000000e+00,0.000000000000000000e+00,0.000000000000000000e+00,1.329922227248704070e-01,-9.364269896629232384e-03,4.403923320339044045e-03,0.000000000000000000e+00,0.000000000000000000e+00,0.000000000000000000e+00,1.054505181617823445e-01,-1.199788972897828342e-02,3.491903410286142494e-03,0.000000000000000000e+00,0.000000000000000000e+00,0.000000000000000000e+00,7.624233961368198642e-02,-1.281371014330233080e-02,2.524699644403422590e-03,0.000000000000000000e+00,0.000000000000000000e+00,0.000000000000000000e+00,4.988038108298564755e-02,-1.231705997749512824e-02,1.651746011743872962e-03,0.000000000000000000e+00,0.000000000000000000e+00,0.000000000000000000e+00,2.856328155488375292e-02,-1.100003108582011530e-02,9.458485554090902483e-04,0.000000000000000000e+00,0.000000000000000000e+00,0.000000000000000000e+00,1.285939761156922045e-02,-9.280744350250147087e-03,4.258279158493333163e-04,0.000000000000000000e+00,0.000000000000000000e+00,0.000000000000000000e+00,2.347046977574770467e-03,-7.474990206913034382e-03,7.772044640426833560e-05,0.000000000000000000e+00,0.000000000000000000e+00,0.000000000000000000e+00,-3.871736331988109934e-03,-5.791999735345146685e-03,-1.282092258727063675e-04,0.000000000000000000e+00,0.000000000000000000e+00,0.000000000000000000e+00,-6.823366459029372652e-03,-4.346842961591394251e-03,-2.259499244125291642e-04,0.000000000000000000e+00,0.000000000000000000e+00,0.000000000000000000e+00,-7.465531817364630049e-03,-3.181023857971327501e-03,-2.472146791413606568e-04,0.000000000000000000e+00,0.000000000000000000e+00,0.000000000000000000e+00,-6.601650222073834721e-03,-2.284442708712819577e-03,-2.186079815047374053e-04,0.000000000000000000e+00,0.000000000000000000e+00,0.000000000000000000e+00,-4.867907841186490565e-03,-1.614676898014602352e-03,-1.611965904759139658e-04,0.000000000000000000e+00,0.000000000000000000e+00,0.000000000000000000e+00,-2.765815702050600840e-03,-1.112209501129592321e-03,-9.158761332396746213e-05,0.000000000000000000e+00,0.000000000000000000e+00,0.000000000000000000e+00,-7.346365754614356562e-04,-7.126139351190070382e-04,-2.432685972428381277e-05,0.000000000000000000e+00,0.000000000000000000e+00,0.000000000000000000e+00,6.872567884521801939e-04,-3.587884625100253629e-04,2.275791873925778319e-05,0.000000000000000000e+00
0.000000000000000000e+00,0.000000000000000000e+00,0.000000000000000000e+00,0.000000000000000000e+00,0.000000000000000000e+00,0.000000000000000000e+00,0.000000000000000000e+00,0.000000000000000000e+00,2.140374443046300437e-02,8.586013893305385804e-05,7.087666279169984500e-04,0.000000000000000000e+00,0.000000000000000000e+00,0.000000000000000000e+00,3.058236239170254982e-03,-7.195590817310846144e-04,1.012708684525897196e-04,0.000000000000000000e+00,0.000000000000000000e+00,0.000000000000000000e+00,-3.124403656599953217e-03,-5.712352696187490003e-04,-1.034619456952649001e-04,0.000000000000000000e+00,0.000000000000000000e+00,0.000000000000000000e+00,-5.514574625635476103e-03,-2.371698457207902660e-04,-1.826104060673336632e-04,0.000000000000000000e+00,0.000000000000000000e+00,0.000000000000000000e+00,-6.047709450126566300e-03,7.468860977864538384e-05,-2.002647082389610682e-04,0.000000000000000000e+00,0.000000000000000000e+00,0.000000000000000000e+00,-5.596578818308273195e-03,3.037957273510574091e-04,-1.853259045309135951e-04,0.000000000000000000e+00,0.000000000000000000e+00,0.000000000000000000e+00,-4.661989169110395889e-03,4.433457716504757675e-04,-1.543777703714841365e-04,0.000000000000000000e+00,0.000000000000000000e+00,0.000000000000000000e+00,-3.566943808915603274e-03,5.056029024445711810e-04,-1.181162830470137976e-04,0.000000000000000000e+00,0.000000000000000000e+00,0.000000000000000000e+00,-2.515614026415947339e-03,5.089832495926402455e-04,-8.330239956079292258e-05,0.000000000000000000e+00,0.000000000000000000e+00,0.000000000000000000e+00,-1.619833852410840474e-03,4.726980384270518709e-04,-5.363940786571047700e-05,0.000000000000000000e+00,0.000000000000000000e+00,0.000000000000000000e+00,-9.232920807552363017e-04,4.139213257579459375e-04,-3.057402487613252834e-05,0.000000000000000000e+00,0.000000000000000000e+00,0.000000000000000000e+00,-4.255026909257342347e-04,3.462823322652475448e-04,-1.409015643953464154e-05,0.000000000000000000e+00,0.000000000000000000e+00,0.000000000000000000e+00,-1.019619775390456361e-04,2.793846918327685166e-04,-3.376383381463030711e-06,0.000000000000000000e+00,0.000000000000000000e+00,0.000000000000000000e+00,8.147174126257136393e-05,2.190640871869029764e-04,2.697866792083997147e-06,0.000000000000000000e+00,0.000000000000000000e+00,0.000000000000000000e+00,1.598020775319558030e-04,1.680517549234953874e-04,5.291708653802363426e-06,0.000000000000000000e+00,0.000000000000000000e+00,0.000000000000000000e+00,1.645111484135736374e-04,1.267644290685708693e-04,5.447645494677553738e-06,0.000000000000000000e+00,0.000000000000000000e+00,0.000000000000000000e+00,1.222286039366057180e-04,9.404326749563574311e-05,4.047495321606051300e-06,0.000000000000000000e+00,0.000000000000000000e+00,0.000000000000000000e+00,5.550933878270231743e-05,6.776748619442315828e-05,1.838144115144746779e-06,0.000000000000000000e+00,0.000000000000000000e+00,0.000000000000000000e+00,-1.431079973811740973e-05,4.535973645314513443e-05,-4.738898516628169454e-07,0.000000000000000000e+00,0.000000000000000000e+00,0.000000000000000000e+00,-5.946379071390107648e-05,2.421847592471716140e-05,-1.969092397098023072e-06,0.000000000000000000e+00
0.000000000000000000e+00,0.000000000000000000e+00,0.000000000000000000e+00,0.000000000000000000e+00,0.000000000000000000e+00,0.000000000000000000e+00,0.000000000000000000e+00,0.000000000000000000e+00,0.000000000000000000e+00,0.000000000000000000e+00,0.000000000000000000e+00,0.000000000000000000e+00,0.000000000000000000e+00,0.000000000000000000e+00,0.000000000000000000e+00,0.000000000000000000e+00,0.000000000000000000e+00,0.000000000000000000e+00,0.000000000000000000e+00,0.000000000000000000e+00,0.000000000000000000e+00,0.000000000000000000e+00,0.000000000000000000e+00,0.000000000000000000e+00,0.000000000000000000e+00,0.000000000000000000e+00,0.000000000000000000e+00,0.000000000000000000e+00,0.000000000000000000e+00,0.000000000000000000e+00,0.000000000000000000e+00,0.000000000000000000e+00,0.000000000000000000e+00,0.000000000000000000e+00,0.000000000000000000e+00,0.000000000000000000e+00,0.000000000000000000e+00,0.000000000000000000e+00,0.000000000000000000e+00,0.000000000000000000e+00,0.000000000000000000e+00,0.000000000000000000e+00,0.000000000000000000e+00,0.000000000000000000e+00,0.000000000000000000e+00,0.000000000000000000e+00,0.000000000000000000e+00,0.000000000000000000e+00,0.000000000000000000e+00,0.000000000000000000e+00,0.000000000000000000e+00,0.000000000000000000e+00,0.000000000000000000e+00,0.000000000000000000e+00,0.000000000000000000e+00,0.000000000000000000e+00,0.000000000000000000e+00,0.000000000000000000e+00,0.000000000000000000e+00,0.000000000000000000e+00,0.000000000000000000e+00,0.000000000000000000e+00,0.000000000000000000e+00,0.000000000000000000e+00,0.000000000000000000e+00,0.000000000000000000e+00,0.000000000000000000e+00,0.000000000000000000e+00,0.000000000000000000e+00,0.000000000000000000e+00,0.000000000000000000e+00,0.000000000000000000e+00,0.000000000000000000e+00,0.000000000000000000e+00,0.000000000000000000e+00,0.000000000000000000e+00,0.000000000000000000e+00,0.000000000000000000e+00,0.000000000000000000e+00,0.000000000000000000e+00,0.000000000000000000e+00,0.000000000000000000e+00,0.000000000000000000e+00,0.000000000000000000e+00,0.000000000000000000e+00,0.000000000000000000e+00,0.000000000000000000e+00,0.000000000000000000e+00,0.000000000000000000e+00,0.000000000000000000e+00,0.000000000000000000e+00,0.000000000000000000e+00,0.000000000000000000e+00,0.000000000000000000e+00,0.000000000000000000e+00,0.000000000000000000e+00,0.000000000000000000e+00,0.000000000000000000e+00,0.000000000000000000e+00,0.000000000000000000e+00,0.000000000000000000e+00,0.000000000000000000e+00,0.000000000000000000e+00,0.000000000000000000e+00,0.000000000000000000e+00,0.000000000000000000e+00,0.000000000000000000e+00,0.000000000000000000e+00,0.000000000000000000e+00,0.000000000000000000e+00,0.000000000000000000e+00,0.000000000000000000e+00,0.000000000000000000e+00,0.000000000000000000e+00,0.000000000000000000e+00,0.000000000000000000e+00,0.000000000000000000e+00,0.000000000000000000e+00,0.000000000000000000e+00,0.000000000000000000e+00,0.000000000000000000e+00,0.000000000000000000e+00,0.000000000000000000e+00,0.000000000000000000e+00,0.000000000000000000e+00,0.000000000000000000e+00
0.000000000000000000e+00,0.000000000000000000e+00,0.000000000000000000e+00,0.000000000000000000e+00,0.000000000000000000e+00,0.000000000000000000e+00,0.000000000000000000e+00,0.000000000000000000e+00,0.000000000000000000e+00,0.000000000000000000e+00,0.000000000000000000e+00,0.000000000000000000e+00,0.000000000000000000e+00,0.000000000000000000e+00,0.000000000000000000e+00,0.000000000000000000e+00,0.000000000000000000e+00,0.000000000000000000e+00,0.000000000000000000e+00,0.000000000000000000e+00,0.000000000000000000e+00,0.000000000000000000e+00,0.000000000000000000e+00,0.000000000000000000e+00,0.000000000000000000e+00,0.000000000000000000e+00,0.000000000000000000e+00,0.000000000000000000e+00,0.000000000000000000e+00,0.000000000000000000e+00,0.000000000000000000e+00,0.000000000000000000e+00,0.000000000000000000e+00,0.000000000000000000e+00,0.000000000000000000e+00,0.000000000000000000e+00,0.000000000000000000e+00,0.000000000000000000e+00,0.000000000000000000e+00,0.000000000000000000e+00,0.000000000000000000e+00,0.000000000000000000e+00,0.000000000000000000e+00,0.000000000000000000e+00,0.000000000000000000e+00,0.000000000000000000e+00,0.000000000000000000e+00,0.000000000000000000e+00,0.000000000000000000e+00,0.000000000000000000e+00,0.000000000000000000e+00,0.000000000000000000e+00,0.000000000000000000e+00,0.000000000000000000e+00,0.000000000000000000e+00,0.000000000000000000e+00,0.000000000000000000e+00,0.000000000000000000e+00,0.000000000000000000e+00,0.000000000000000000e+00,0.000000000000000000e+00,0.000000000000000000e+00,0.000000000000000000e+00,0.000000000000000000e+00,0.000000000000000000e+00,0.000000000000000000e+00,0.000000000000000000e+00,0.000000000000000000e+00,0.000000000000000000e+00,0.000000000000000000e+00,0.000000000000000000e+00,0.000000000000000000e+00,0.000000000000000000e+00,0.000000000000000000e+00,0.000000000000000000e+00,0.000000000000000000e+00,0.000000000000000000e+00,0.000000000000000000e+00,0.000000000000000000e+00,0.000000000000000000e+00,0.000000000000000000e+00,0.000000000000000000e+00,0.000000000000000000e+00,0.000000000000000000e+00,0.000000000000000000e+00,0.000000000000000000e+00,0.000000000000000000e+00,0.000000000000000000e+00,0.000000000000000000e+00,0.000000000000000000e+00,0.000000000000000000e+00,0.000000000000000000e+00,0.000000000000000000e+00,0.000000000000000000e+00,0.000000000000000000e+00,0.000000000000000000e+00,0.000000000000000000e+00,0.000000000000000000e+00,0.000000000000000000e+00,0.000000000000000000e+00,0.000000000000000000e+00,0.000000000000000000e+00,0.000000000000000000e+00,0.000000000000000000e+00,0.000000000000000000e+00,0.000000000000000000e+00,0.000000000000000000e+00,0.000000000000000000e+00,0.000000000000000000e+00,0.000000000000000000e+00,0.000000000000000000e+00,0.000000000000000000e+00,0.000000000000000000e+00,0.000000000000000000e+00,0.000000000000000000e+00,0.000000000000000000e+00,0.000000000000000000e+00,0.000000000000000000e+00,0.000000000000000000e+00,0.000000000000000000e+00,0.000000000000000000e+00,0.000000000000000000e+00,0.000000000000000000e+00,0.000000000000000000e+00,0.000000000000000000e+00,0.000000000000000000e+00
0.000000000000000000e+00,0.000000000000000000e+00,0.000000000000000000e+00,0.000000000000000000e+00,0.000000000000000000e+00,0.000000000000000000e+00,0.000000000000000000e+00,0.000000000000000000e+00,0.000000000000000000e+00,0.000000000000000000e+00,0.000000000000000000e+00,0.000000000000000000e+00,0.000000000000000000e+00,0.000000000000000000e+00,0.000000000000000000e+00,0.000000000000000000e+00,0.000000000000000000e+00,0.000000000000000000e+00,0.000000000000000000e+00,0.000000000000000000e+00,0.000000000000000000e+00,0.000000000000000000e+00,0.000000000000000000e+00,0.000000000000000000e+00,0.000000000000000000e+00,0.000000000000000000e+00,0.000000000000000000e+00,0.000000000000000000e+00,0.000000000000000000e+00,0.000000000000000000e+00,0.000000000000000000e+00,0.000000000000000000e+00,0.000000000000000000e+00,0.000000000000000000e+00,0.000000000000000000e+00,0.000000000000000000e+00,0.000000000000000000e+00,0.000000000000000000e+00,0.000000000000000000e+00,0.000000000000000000e+00,0.000000000000000000e+00,0.000000000000000000e+00,0.000000000000000000e+00,0.000000000000000000e+00,0.000000000000000000e+00,0.000000000000000000e+00,0.000000000000000000e+00,0.000000000000000000e+00,0.000000000000000000e+00,0.000000000000000000e+00,0.000000000000000000e+00,0.000000000000000000e+00,0.000000000000000000e+00,0.000000000000000000e+00,0.000000000000000000e+00,0.000000000000000000e+00,0.000000000000000000e+00,0.000000000000000000e+00,0.000000000000000000e+00,0.000000000000000000e+00,0.000000000000000000e+00,0.000000000000000000e+00,0.000000000000000000e+00,0.000000000000000000e+00,0.000000000000000000e+00,0.000000000000000000e+00,0.000000000000000000e+00,0.000000000000000000e+00,0.000000000000000000e+00,0.000000000000000000e+00,0.000000000000000000e+00,0.000000000000000000e+00,0.000000000000000000e+00,0.000000000000000000e+00,0.000000000000000000e+00,0.000000000000000000e+00,0.000000000000000000e+00,0.000000000000000000e+00,0.000000000000000000e+00,0.000000000000000000e+00,0.000000000000000000e+00,0.000000000000000000e+00,0.000000000000000000e+00,0.000000000000000000e+00,0.000000000000000000e+00,0.000000000000000000e+00,0.000000000000000000e+00,0.000000000000000000e+00,0.000000000000000000e+00,0.000000000000000000e+00,0.000000000000000000e+00,0.000000000000000000e+00,0.000000000000000000e+00,0.000000000000000000e+00,0.000000000000000000e+00,0.000000000000000000e+00,0.000000000000000000e+00,0.000000000000000000e+00,0.000000000000000000e+00,0.000000000000000000e+00,0.000000000000000000e+00,0.000000000000000000e+00,0.000000000000000000e+00,0.000000000000000000e+00,0.000000000000000000e+00,0.000000000000000000e+00,0.000000000000000000e+00,0.000000000000000000e+00,0.000000000000000000e+00,0.000000000000000000e+00,0.000000000000000000e+00,0.000000000000000000e+00,0.000000000000000000e+00,0.000000000000000000e+00,0.000000000000000000e+00,0.000000000000000000e+00,0.000000000000000000e+00,0.000000000000000000e+00,0.000000000000000000e+00,0.000000000000000000e+00,0.000000000000000000e+00,0.000000000000000000e+00,0.000000000000000000e+00,0.000000000000000000e+00,0.000000000000000000e+00,0.000000000000000000e+00
0.000000000000000000e+00,0.000000000000000000e+00,0.000000000000000000e+00,0.000000000000000000e+00,0.000000000000000000e+00,0.000000000000000000e+00,0.000000000000000000e+00,0.000000000000000000e+00,9.235438618710682668e-02,-2.618870272785411152e-02,3.058236239170229395e-03,0.000000000000000000e+00,0.000000000000000000e+00,0.000000000000000000e+00,6.113829590826599381e-01,-8.044399391255827036e-03,2.024542199533076181e-02,0.000000000000000000e+00,0.000000000000000000e+00,0.000000000000000000e+00,2.329694425891381745e-02,-2.566740933971888017e-02,7.714583154739838898e-04,0.000000000000000000e+00,0.000000000000000000e+00,0.000000000000000000e+00,-1.680870845575885286e-01,-1.644880206575305079e-02,-5.566059551184038452e-03,0.000000000000000000e+00,0.000000000000000000e+00,0.000000000000000000e+00,-2.318345946350613418e-01,-3.283334354062871635e-03,-7.677003638677907388e-03,0.000000000000000000e+00,0.000000000000000000e+00,0.000000000000000000e+00,-2.342271610513339819e-01,7.783920048436258204e-03,-7.756231422229460312e-03,0.000000000000000000e+00,0.000000000000000000e+00,0.000000000000000000e+00,-2.058397338064686666e-01,1.526337694300418033e-02,-6.816206131376782718e-03,0.000000000000000000e+00,0.000000000000000000e+00,0.000000000000000000e+00,-1.641483000716793539e-01,1.928851209763494945e-02,-5.435630083235605363e-03,0.000000000000000000e+00,0.000000000000000000e+00,0.000000000000000000e+00,-1.200837167726042931e-01,2.052204771066277328e-02,-3.976469223932753254e-03,0.000000000000000000e+00,0.000000000000000000e+00,0.000000000000000000e+00,-8.017946132789917357e-02,1.975307650908886270e-02,-2.655074051094304458e-03,0.000000000000000000e+00,0.000000000000000000e+00,0.000000000000000000e+00,-4.766298549882335561e-02,1.773334709387730870e-02,-1.578318859964406105e-03,0.000000000000000000e+00,0.000000000000000000e+00,0.000000000000000000e+00,-2.343045316349567225e-02,1.509522948234490354e-02,-7.758793482705955659e-04,0.000000000000000000e+00,0.000000000000000000e+00,0.000000000000000000e+00,-6.950800610538473111e-03,1.231409115996202203e-02,-2.301697969745445304e-04,0.000000000000000000e+00,0.000000000000000000e+00,0.000000000000000000e+00,3.013697658058871361e-03,9.704374001070062428e-03,9.979601156252165611e-05,0.000000000000000000e+00,0.000000000000000000e+00,0.000000000000000000e+00,7.918637663265759227e-03,7.438439516821404932e-03,2.622188903686143834e-04,0.000000000000000000e+00,0.000000000000000000e+00,0.000000000000000000e+00,9.158500716835464225e-03,5.576365791280304962e-03,3.032758913252672143e-04,0.000000000000000000e+00,0.000000000000000000e+00,0.000000000000000000e+00,7.946425667051126157e-03,4.097346056133621163e-03,2.631390662660366194e-04,0.000000000000000000e+00,0.000000000000000000e+00,0.000000000000000000e+00,5.306121321570968219e-03,2.927352069435953767e-03,1.757076537998516770e-04,0.000000000000000000e+00,0.000000000000000000e+00,0.000000000000000000e+00,2.158680692871721429e-03,1.961365635267376967e-03,7.148285854407047653e-05,0.000000000000000000e+00,0.000000000000000000e+00,0.000000000000000000e+00,-4.321658048292405046e-04,1.076047561277128839e-03,-1.431079973810129578e-05,0.000000000000000000e+00
0.000000000000000000e+00,0.000000000000000000e+00,0.000000000000000000e+00,0.000000000000000000e+00,0.000000000000000000e+00,0.000000000000000000e+00,0.000000000000000000e+00,0.000000000000000000e+00,-5.123030389700048565e-02,1.590271825143443202e-02,-1.696447547213336942e-03,0.000000000000000000e+00,0.000000000000000000e+00,0.000000000000000000e+00,-4.749481382840453070e-01,-9.944589877298815397e-03,-1.572749999425019848e-02,0.000000000000000000e+00,0.000000000000000000e+00,0.000000000000000000e+00,1.119678984163922225e-02,1.371486103111116753e-02,3.707720864139597079e-04,0.000000000000000000e+00,0.000000000000000000e+00,0.000000000000000000e+00,1.556878408778241130e-01,8.198426083527847810e-03,5.155469237877927623e-03,0.000000000000000000e+00,0.000000000000000000e+00,0.000000000000000000e+00,1.940663377362520925e-01,-1.305222109563642643e-03,6.426340224552433075e-03,0.000000000000000000e+00,0.000000000000000000e+00,0.000000000000000000e+00,1.850484756196239533e-01,-9.124872783535957488e-03,6.127721459775660288e-03,0.000000000000000000e+00,0.000000000000000000e+00,0.000000000000000000e+00,1.546335977325643540e-01,-1.403192582062007948e-02,5.120558880884217012e-03,0.000000000000000000e+00,0.000000000000000000e+00,0.000000000000000000e+00,1.168099415497761834e-01,-1.623848341693797173e-02,3.868060967013948071e-03,0.000000000000000000e+00,0.000000000000000000e+00,0.000000000000000000e+00,7.978502606999794688e-02,-1.636393570250998034e-02,2.642012666036991191e-03,0.000000000000000000e+00,0.000000000000000000e+00,0.000000000000000000e+00,4.808021489163558787e-02,-1.508532793993539248e-02,1.592135053237136002e-03,0.000000000000000000e+00,0.000000000000000000e+00,0.000000000000000000e+00,2.357122700153756883e-02,-1.301272943549024522e-02,7.805409531039012808e-04,0.000000000000000000e+00,0.000000000000000000e+00,0.000000000000000000e+00,6.360444772782861828e-03,-1.063528065345408814e-02,2.106206700562859955e-04,0.000000000000000000e+00,0.000000000000000000e+00,0.000000000000000000e+00,-4.453030213704231577e-03,-8.301951279741167852e-03,-1.474582738937772026e-04,0.000000000000000000e+00,0.000000000000000000e+00,0.000000000000000000e+00,-1.018638251239203409e-02,-6.227418743779870348e-03,-3.373133148471543167e-04,0.000000000000000000e+00,0.000000000000000000e+00,0.000000000000000000e+00,-1.219598937729503459e-02,-4.513989200602145507e-03,-4.038597215146231775e-04,0.000000000000000000e+00,0.000000000000000000e+00,0.000000000000000000e+00,-1.167969736337200540e-02,-3.179996905441966667e-03,-3.867631545602964022e-04,0.000000000000000000e+00,0.000000000000000000e+00,0.000000000000000000e+00,-9.607071040860023711e-03,-2.187417670930462757e-03,-3.181299126380067281e-04,0.000000000000000000e+00,0.000000000000000000e+00,0.000000000000000000e+00,-6.732384368977229958e-03,-1.464913027654030520e-03,-2.229371305821475902e-04,0.000000000000000000e+00,0.000000000000000000e+00,0.000000000000000000e+00,-3.666723382635914477e-03,-9.257231604038328350e-04,-1.214203979989800859e-04,0.000000000000000000e+00,0.000000000000000000e+00,0.000000000000000000e+00,-1.028388562069614681e-03,-4.805498656992548859e-04,-3.405420466005470092e-05,0.000000000000000000e+00
0.000000000000000000e+00,0.000000000000000000e+00,0.000000000000000000e+00,0.000000000000000000e+00,0.000000000000000000e+00,0.000000000000000000e+00,0.000000000000000000e+00,0.000000000000000000e+00,3.058236239170233732e-03,-8.672164154382196047e-04,1.012708684525888116e-04,0.000000000000000000e+00,0.000000000000000000e+00,0.000000000000000000e+00,2.024542199533075834e-02,-2.663833820610893906e-04,6.704097745609662127e-04,0.000000000000000000e+00,0.000000000000000000e+00,0.000000000000000000e+00,7.714583154739873593e-04,-8.499542322690843785e-04,2.554618004403070189e-05,0.000000000000000000e+00,0.000000000000000000e+00,0.000000000000000000e+00,-5.566059551184077483e-03,-5.446879638884640244e-04,-1.843152851920210945e-04,0.000000000000000000e+00,0.000000000000000000e+00,0.000000000000000000e+00,-7.677003638677929939e-03,-1.087247993459075374e-04,-2.542173870170140806e-04,0.000000000000000000e+00,0.000000000000000000e+00,0.000000000000000000e+00,-7.756231422229459445e-03,2.577578321694789479e-04,-2.568409470752837983e-04,0.000000000000000000e+00,0.000000000000000000e+00,0.000000000000000000e+00,-6.816206131376785320e-03,5.054336282917917594e-04,-2.257128163073751398e-04,0.000000000000000000e+00,0.000000000000000000e+00,0.000000000000000000e+00,-5.435630083235641792e-03,6.387225245279784394e-04,-1.799962252967230391e-04,0.000000000000000000e+00,0.000000000000000000e+00,0.000000000000000000e+00,-3.976469223932778407e-03,6.795699977213561470e-04,-1.316773657066871485e-04,0.000000000000000000e+00,0.000000000000000000e+00,0.000000000000000000e+00,-2.655074051094304458e-03,6.541061763196619975e-04,-8.792049859209286316e-05,0.000000000000000000e+00,0.000000000000000000e+00,0.000000000000000000e+00,-1.578318859964405454e-03,5.872245700859945929e-04,-5.226467451940959883e-05,0.000000000000000000e+00,0.000000000000000000e+00,0.000000000000000000e+00,-7.758793482705959995e-04,4.998655694378162893e-04,-2.569257875091783016e-05,0.000000000000000000e+00,0.000000000000000000e+00,0.000000000000000000e+00,-2.301697969745480541e-04,4.077705606915630102e-04,-7.621875292895170230e-06,0.000000000000000000e+00,0.000000000000000000e+00,0.000000000000000000e+00,9.979601156252194071e-05,3.213520166590328863e-04,3.304659277003167345e-06,0.000000000000000000e+00,0.000000000000000000e+00,0.000000000000000000e+00,2.622188903686143834e-04,2.463175408597429177e-04,8.683153515801907452e-06,0.000000000000000000e+00,0.000000000000000000e+00,0.000000000000000000e+00,3.032758913252674854e-04,1.846565674878951108e-04,1.004272086697133301e-05,0.000000000000000000e+00,0.000000000000000000e+00,0.000000000000000000e+00,2.631390662660364568e-04,1.356800982673677964e-04,8.713624350941302969e-06,0.000000000000000000e+00,0.000000000000000000e+00,0.000000000000000000e+00,1.757076537998538454e-04,9.693675149788214722e-05,5.818408161596350495e-06,0.000000000000000000e+00,0.000000000000000000e+00,0.000000000000000000e+00,7.148285854407044942e-05,6.494893974916851305e-05,2.367093513415340317e-06,0.000000000000000000e+00,0.000000000000000000e+00,0.000000000000000000e+00,-1.431079973810128392e-05,3.563239151740347230e-05,-4.738898516622826264e-07,0.000000000000000000e+00
0.000000000000000000e+00,0.000000000000000000e+00,0.000000000000000000e+00,0.000000000000000000e+00,0.000000000000000000e+00,0.000000000000000000e+00,0.000000000000000000e+00,0.000000000000000000e+00,0.000000000000000000e+00,0.000000000000000000e+00,0.000000000000000000e+00,0.000000000000000000e+00,0.000000000000000000e+00,0.000000000000000000e+00,0.000000000000000000e+00,0.000000000000000000e+00,0.000000000000000000e+00,0.000000000000000000e+00,0.000000000000000000e+00,0.000000000000000000e+00,0.000000000000000000e+00,0.000000000000000000e+00,0.000000000000000000e+00,0.000000000000000000e+00,0.000000000000000000e+00,0.000000000000000000e+00,0.000000000000000000e+00,0.000000000000000000e+00,0.000000000000000000e+00,0.000000000000000000e+00,0.000000000000000000e+00,0.000000000000000000e+00,0.000000000000000000e+00,0.000000000000000000e+00,0.000000000000000000e+00,0.000000000000000000e+00,0.000000000000000000e+00,0.000000000000000000e+00,0.000000000000000000e+00,0.000000000000000000e+00,0.000000000000000000e+00,0.000000000000000000e+00,0.000000000000000000e+00,0.000000000000000000e+00,0.000000000000000000e+00,0.000000000000000000e+00,0.000000000000000000e+00,0.000000000000000000e+00,0.000000000000000000e+00,0.000000000000000000e+00,0.000000000000000000e+00,0.000000000000000000e+00,0.000000000000000000e+00,0.000000000000000000e+00,0.000000000000000000e+00,0.000000000000000000e+00,0.000000000000000000e+00,0.000000000000000000e+00,0.000000000000000000e+00,0.000000000000000000e+00,0.000000000000000000e+00,0.000000000000000000e+00,0.000000000000000000e+00,0.000000000000000000e+00,0.000000000000000000e+00,0.000000000000000000e+00,0.000000000000000000e+00,0.000000000000000000e+00,0.000000000000000000e+00,0.000000000000000000e+00,0.000000000000000000e+00,0.000000000000000000e+00,0.000000000000000000e+00,0.000000000000000000e+00,0.000000000000000000e+00,0.000000000000000000e+00,0.000000000000000000e+00,0.000000000000000000e+00,0.000000000000000000e+00,0.000000000000000000e+00,0.000000000000000000e+00,0.000000000000000000e+00,0.000000000000000000e+00,0.000000000000000000e+00,0.000000000000000000e+00,0.000000000000000000e+00,0.000000000000000000e+00,0.000000000000000000e+00,0.000000000000000000e+00,0.000000000000000000e+00,0.000000000000000000e+00,0.000000000000000000e+00,0.000000000000000000e+00,0.000000000000000000e+00,0.000000000000000000e+00,0.000000000000000000e+00,0.000000000000000000e+00,0.000000000000000000e+00,0.000000000000000000e+00,0.000000000000000000e+00,0.000000000000000000e+00,0.000000000000000000e+00,0.000000000000000000e+00,0.000000000000000000e+00,0.000000000000000000e+00,0.000000000000000000e+00,0.000000000000000000e+00,0.000000000000000000e+00,0.000000000000000000e+00,0.000000000000000000e+00,0.000000000000000000e+00,0.000000000000000000e+00,0.000000000000000000e+00,0.000000000000000000e+00,0.000000000000000000e+00,0.000000000000000000e+00,0.000000000000000000e+00,0.000000000000000000e+00,0.000000000000000000e+00,0.000000000000000000e+00,0.000000000000000000e+00,0.000000000000000000e+00,0.000000000000000000e+00,0.000000000000000000e+00,0.000000000000000000e+00,0.000000000000000000e+00
0.000000000000000000e+00,0.000000000000000000e+00,0.000000000000000000e+00,0.000000000000000000e+00,0.000000000000000000e+00,0.000000000000000000e+00,0.000000000000000000e+00,0.000000000000000000e+00,0.000000000000000000e+00,0.000000000000000000e+00,0.000000000000000000e+00,0.000000000000000000e+00,0.000000000000000000e+00,0.000000000000000000e+00,0.000000000000000000e+00,0.000000000000000000e+00,0.000000000000000000e+00,0.000000000000000000e+00,0.000000000000000000e+00,0.000000000000000000e+00,0.000000000000000000e+00,0.000000000000000000e+00,0.000000000000000000e+00,0.000000000000000000e+00,0.000000000000000000e+00,0.000000000000000000e+00,0.000000000000000000e+00,0.000000000000000000e+00,0.000000000000000000e+00,0.000000000000000000e+00,0.000000000000000000e+00,0.000000000000000000e+00,0.000000000000000000e+00,0.000000000000000000e+00,0.000000000000000000e+00,0.000000000000000000e+00,0.000000000000000000e+00,0.000000000000000000e+00,0.000000000000000000e+00,0.000000000000000000e+00,0.000000000000000000e+00,0.000000000000000000e+00,0.000000000000000000e+00,0.000000000000000000e+00,0.000000000000000000e+00,0.000000000000000000e+00,0.000000000000000000e+00,0.000000000000000000e+00,0.000000000000000000e+00,0.000000000000000000e+00,0.000000000000000000e+00,0.000000000000000000e+00,0.000000000000000000e+00,0.000000000000000000e+00,0.000000000000000000e+00,0.000000000000000000e+00,0.000000000000000000e+00,0.000000000000000000e+00,0.000000000000000000e+00,0.000000000000000000e+00,0.000000000000000000e+00,0.000000000000000000e+00,0.000000000000000000e+00,0.000000000000000000e+00,0.000000000000000000e+00,0.000000000000000000e+00,0.000000000000000000e+00,0.000000000000000000e+00,0.000000000000000000e+00,0.000000000000000000e+00,0.000000000000000000e+00,0.000000000000000000e+00,0.000000000000000000e+00,0.000000000000000000e+00,0.000000000000000000e+00,0.000000000000000000e+00,0.000000000000000000e+00,0.000000000000000000e+00,0.000000000000000000e+00,0.000000000000000000e+00,0.000000000000000000e+00,0.000000000000000000e+00,0.000000000000000000e+00,0.000000000000000000e+00,0.000000000000000000e+00,0.000000000000000000e+00,0.000000000000000000e+00,0.000000000000000000e+00,0.000000000000000000e+00,0.000000000000000000e+00,0.000000000000000000e+00,0.000000000000000000e+00,0.000000000000000000e+00,0.000000000000000000e+00,0.000000000000000000e+00,0.000000000000000000e+00,0.000000000000000000e+00,0.000000000000000000e+00,0.000000000000000000e+00,0.000000000000000000e+00,0.000000000000000000e+00,0.000000000000000000e+00,0.000000000000000000e+00,0.000000000000000000e+00,0.000000000000000000e+00,0.000000000000000000e+00,0.000000000000000000e+00,0.000000000000000000e+00,0.000000000000000000e+00,0.000000000000000000e+00,0.000000000000000000e+00,0.000000000000000000e+00,0.000000000000000000e+00,0.000000000000000000e+00,0.000000000000000000e+00,0.000000000000000000e+00,0.000000000000000000e+00,0.000000000000000000e+00,0.000000000000000000e+00,0.000000000000000000e+00,0.000000000000000000e+00,0.000000000000000000e+00,0.000000000000000000e+00,0.000000000000000000e+00,0.000000000000000000e+00,0.000000000000000000e+00
0.000000000000000000e+00,0.000000000000000000e+00,0.000000000000000000e+00,0.000000000000000000e+00,0.000000000000000000e+00,0.000000000000000000e+00,0.000000000000000000e+00,0.000000000000000000e+00,0.000000000000000000e+00,0.000000000000000000e+00,0.000000000000000000e+00,0.000000000000000000e+00,0.000000000000000000e+00,0.000000000000000000e+00,0.000000000000000000e+00,0.000000000000000000e+00,0.000000000000000000e+00,0.000000000000000000e+00,0.000000000000000000e+00,0.000000000000000000e+00,0.000000000000000000e+00,0.000000000000000000e+00,0.000000000000000000e+00,0.000000000000000000e+00,0.000000000000000000e+00,0.000000000000000000e+00,0.000000000000000000e+00,0.000000000000000000e+00,0.000000000000000000e+00,0.000000000000000000e+00,0.000000000000000000e+00,0.000000000000000000e+00,0.000000000000000000e+00,0.000000000000000000e+00,0.000000000000000000e+00,0.000000000000000000e+00,0.000000000000000000e+00,0.000000000000000000e+00,0.000000000000000000e+00,0.000000000000000000e+00,0.000000000000000000e+00,0.000000000000000000e+00,0.000000000000000000e+00,0.000000000000000000e+00,0.000000000000000000e+00,0.000000000000000000e+00,0.000000000000000000e+00,0.000000000000000000e+00,0.000000000000000000e+00,0.000000000000000000e+00,0.000000000000000000e+00,0.000000000000000000e+00,0.000000000000000000e+00,0.000000000000000000e+00,0.000000000000000000e+00,0.000000000000000000e+00,0.000000000000000000e+00,0.000000000000000000e+00,0.000000000000000000e+00,0.000000000000000000e+00,0.000000000000000000e+00,0.000000000000000000e+00,0.000000000000000000e+00,0.000000000000000000e+00,0.000000000000000000e+00,0.000000000000000000e+00,0.000000000000000000e+00,0.000000000000000000e+00,0.000000000000000000e+00,0.000000000000000000e+00,0.000000000000000000e+00,0.000000000000000000e+00,0.000000000000000000e+00,0.000000000000000000e+00,0.000000000000000000e+00,0.000000000000000000e+00,0.000000000000000000e+00,0.000000000000000000e+00,0.000000000000000000e+00,0.000000000000000000e+00,0.000000000000000000e+00,0.000000000000000000e+00,0.000000000000000000e+00,0.000000000000000000e+00,0.000000000000000000e+00,0.000000000000000000e+00,0.000000000000000000e+00,0.000000000000000000e+00,0.000000000000000000e+00,0.000000000000000000e+00,0.000000000000000000e+00,0.000000000000000000e+00,0.000000000000000000e+00,0.000000000000000000e+00,0.000000000000000000e+00,0.000000000000000000e+00,0.000000000000000000e+00,0.000000000000000000e+00,0.000000000000000000e+00,0.000000000000000000e+00,0.000000000000000000e+00,0.000000000000000000e+00,0.000000000000000000e+00,0.000000000000000000e+00,0.000000000000000000e+00,0.000000000000000000e+00,0.000000000000000000e+00,0.000000000000000000e+00,0.000000000000000000e+00,0.000000000000000000e+00,0.000000000000000000e+00,0.000000000000000000e+00,0.000000000000000000e+00,0.000000000000000000e+00,0.000000000000000000e+00,0.000000000000000000e+00,0.000000000000000000e+00,0.000000000000000000e+00,0.000000000000000000e+00,0.000000000000000000e+00,0.000000000000000000e+00,0.000000000000000000e+00,0.000000000000000000e+00,0.000000000000000000e+00,0.000000000000000000e+00,0.000000000000000000e+00
0.000000000000000000e+00,0.000000000000000000e+00,0.000000000000000000e+00,0.000000000000000000e+00,0.000000000000000000e+00,0.000000000000000000e+00,0.000000000000000000e+00,0.000000000000000000e+00,-9.435254811587909241e-02,-2.473109627803304900e-02,-3.124403656599882527e-03,0.000000000000000000e+00,0.000000000000000000e+00,0.000000000000000000e+00,2.329694425890455750e-02,-2.960137580617917125e-02,7.714583154736773859e-04,0.000000000000000000e+00,0.000000000000000000e+00,0.000000000000000000e+00,5.564683053140285773e-01,-6.017276705591413644e-03,1.842697036406259689e-02,0.000000000000000000e+00,0.000000000000000000e+00,0.000000000000000000e+00,-1.645992112101309773e-02,-2.148584059670363006e-02,-5.450561618609189082e-04,0.000000000000000000e+00,0.000000000000000000e+00,0.000000000000000000e+00,-1.935076814862120020e-01,-1.164907760948642561e-02,-6.407840802276481944e-03,0.000000000000000000e+00,0.000000000000000000e+00,0.000000000000000000e+00,-2.451949285345632334e-01,1.281077099987395357e-03,-8.119419629793849999e-03,0.000000000000000000e+00,0.000000000000000000e+00,0.000000000000000000e+00,-2.383312344080439904e-01,1.167001885203557306e-02,-7.892134289281978882e-03,0.000000000000000000e+00,0.000000000000000000e+00,0.000000000000000000e+00,-2.034544765599504146e-01,1.829595945863665002e-02,-6.737220384708826788e-03,0.000000000000000000e+00,0.000000000000000000e+00,0.000000000000000000e+00,-1.577059136699319186e-01,2.146148499000645471e-02,-5.222295986459245080e-03,0.000000000000000000e+00,0.000000000000000000e+00,0.000000000000000000e+00,-1.115446484341137273e-01,2.192797609843816914e-02,-3.693705304213623294e-03,0.000000000000000000e+00,0.000000000000000000e+00,0.000000000000000000e+00,-7.100247034666781754e-02,2.053337157387607331e-02,-2.351185870532089116e-03,0.000000000000000000e+00,0.000000000000000000e+00,0.000000000000000000e+00,-3.884656365238856740e-02,1.804388259816021300e-02,-1.286370616857105548e-03,0.000000000000000000e+00,0.000000000000000000e+00,0.000000000000000000e+00,-1.559390903079108624e-02,1.508375712401694053e-02,-5.163789147130555795e-04,0.000000000000000000e+00,0.000000000000000000e+00,0.000000000000000000e+00,-4.282511890474540589e-04,1.210661745464006005e-02,-1.418117059604803558e-05,0.000000000000000000e+00,0.000000000000000000e+00,0.000000000000000000e+00,8.085704111201968622e-03,9.397975473958590509e-03,2.677511524140017128e-04,0.000000000000000000e+00,0.000000000000000000e+00,0.000000000000000000e+00,1.153150622324847566e-02,7.098183508486699024e-03,3.818559321341566544e-04,0.000000000000000000e+00,0.000000000000000000e+00,0.000000000000000000e+00,1.138655137018218348e-02,5.234271600796595175e-03,3.770558765765049595e-04,0.000000000000000000e+00,0.000000000000000000e+00,0.000000000000000000e+00,8.933995678143239610e-03,3.751741279167044793e-03,2.958415996413376985e-04,0.000000000000000000e+00,0.000000000000000000e+00,0.000000000000000000e+00,5.306121321580826652e-03,2.540548524938379769e-03,1.757076538001804071e-04,0.000000000000000000e+00,0.000000000000000000e+00,0.000000000000000000e+00,1.676303107442781532e-03,1.441536247196054631e-03,5.550933878363948146e-05,0.000000000000000000e+00
0.000000000000000000e+00,0.000000000000000000e+00,0.000000000000000000e+00,0.000000000000000000e+00,0.000000000000000000e+00,0.000000000000000000e+00,0.000000000000000000e+00,0.000000000000000000e+00,9.178900596508464405e-02,1.596456795266225012e-02,3.039514158332669563e-03,0.000000000000000000e+00,0.000000000000000000e+00,0.000000000000000000e+00,7.262823375183781460e-03,1.682269453961456745e-02,2.405021630448625459e-04,0.000000000000000000e+00,0.000000000000000000e+00,0.000000000000000000e+00,-4.335926844924858359e-01,-1.265724400078785568e-02,-1.435804963358791944e-02,0.000000000000000000e+00,0.000000000000000000e+00,0.000000000000000000e+00,3.741094728998575064e-02,9.839776393091251988e-03,1.238831413075794190e-03,0.000000000000000000e+00,0.000000000000000000e+00,0.000000000000000000e+00,1.691966274333872033e-01,4.280222083043750889e-03,5.602801111295843337e-03,0.000000000000000000e+00,0.000000000000000000e+00,0.000000000000000000e+00,1.978628616261808026e-01,-4.697991940398779133e-03,6.552058854954401039e-03,0.000000000000000000e+00,0.000000000000000000e+00,0.000000000000000000e+00,1.821000390750844855e-01,-1.174810556132734572e-02,6.030086513979626694e-03,0.000000000000000000e+00,0.000000000000000000e+00,0.000000000000000000e+00,1.475288746739652213e-01,-1.584248865667260003e-02,4.885292074139819564e-03,0.000000000000000000e+00,0.000000000000000000e+00,0.000000000000000000e+00,1.076095365496066159e-01,-1.730996696100587859e-02,3.563397451308729803e-03,0.000000000000000000e+00,0.000000000000000000e+00,0.000000000000000000e+00,6.999658707315836725e-02,-1.682844305857631242e-02,2.317876909188450185e-03,0.000000000000000000e+00,0.000000000000000000e+00,0.000000000000000000e+00,3.870823346429629053e-02,-1.509455182623902630e-02,1.281789931394717186e-03,0.000000000000000000e+00,0.000000000000000000e+00,0.000000000000000000e+00,1.520706446317499939e-02,-1.271338771245334939e-02,5.035688888501566995e-04,0.000000000000000000e+00,0.000000000000000000e+00,0.000000000000000000e+00,-7.136423158566294889e-04,-1.015513301380772254e-02,-2.363165283494431134e-05,0.000000000000000000e+00,0.000000000000000000e+00,0.000000000000000000e+00,-1.016435857184565250e-02,-7.743330888082977474e-03,-3.365840109571172274e-04,0.000000000000000000e+00,0.000000000000000000e+00,0.000000000000000000e+00,-1.458766212154126267e-02,-5.665686302164269807e-03,-4.830579118839575109e-04,0.000000000000000000e+00,0.000000000000000000e+00,0.000000000000000000e+00,-1.540109279609275066e-02,-3.998732013476424471e-03,-5.099939705777603409e-04,0.000000000000000000e+00,0.000000000000000000e+00,0.000000000000000000e+00,-1.382016269047090656e-02,-2.737238858002313206e-03,-4.576428268994007522e-04,0.000000000000000000e+00,0.000000000000000000e+00,0.000000000000000000e+00,-1.080959786489674689e-02,-1.821596606258646563e-03,-3.579505563959788235e-04,0.000000000000000000e+00,0.000000000000000000e+00,0.000000000000000000e+00,-7.119187913485766107e-03,-1.159338227501166552e-03,-2.357457980000565647e-04,0.000000000000000000e+00,0.000000000000000000e+00,0.000000000000000000e+00,-3.370761185355200269e-03,-6.343025693419216977e-04,-1.116198638336120800e-04,0.000000000000000000e+00
0.000000000000000000e+00,0.000000000000000000e+00,0.000000000000000000e+00,0.000000000000000000e+00,0.000000000000000000e+00,0.000000000000000000e+00,0.000000000000000000e+00,0.000000000000000000e+00,-3.124403656599891634e-03,-8.189490287841629012e-04,-1.034619456952626503e-04,0.000000000000000000e+00,0.000000000000000000e+00,0.000000000000000000e+00,7.714583154736760848e-04,-9.802241556383416501e-04,2.554618004402038164e-05,0.000000000000000000e+00,0.000000000000000000e+00,0.000000000000000000e+00,1.842697036406259342e-02,-1.992569540213511535e-04,6.101933094040688571e-04,0.000000000000000000e+00,0.000000000000000000e+00,0.000000000000000000e+00,-5.450561618609214018e-04,-7.114851720063440459e-04,-1.804906702762327866e-05,0.000000000000000000e+00,0.000000000000000000e+00,0.000000000000000000e+00,-6.407840802276501893e-03,-3.857492076885403118e-04,-2.121901488972421782e-04,0.000000000000000000e+00,0.000000000000000000e+00,0.000000000000000000e+00,-8.119419629793846530e-03,4.242176873348570067e-05,-2.688676128771919213e-04,0.000000000000000000e+00,0.000000000000000000e+00,0.000000000000000000e+00,-7.892134289281978882e-03,3.864426589635811546e-04,-2.613412538845901671e-04,0.000000000000000000e+00,0.000000000000000000e+00,0.000000000000000000e+00,-6.737220384708871024e-03,6.058549957056986275e-04,-2.230972710927874958e-04,0.000000000000000000e+00,0.000000000000000000e+00,0.000000000000000000e+00,-5.222295986459279775e-03,7.106786569927813196e-04,-1.729318497673321044e-04,0.000000000000000000e+00,0.000000000000000000e+00,0.000000000000000000e+00,-3.693705304213623728e-03,7.261261097013754860e-04,-1.223138811758832704e-04,0.000000000000000000e+00,0.000000000000000000e+00,0.000000000000000000e+00,-2.351185870532088249e-03,6.799449777334167248e-04,-7.785750229251240306e-05,0.000000000000000000e+00,0.000000000000000000e+00,0.000000000000000000e+00,-1.286370616857105331e-03,5.975076868057890497e-04,-4.259705900168041882e-05,0.000000000000000000e+00,0.000000000000000000e+00,0.000000000000000000e+00,-5.163789147130637110e-04,4.994856721374734245e-04,-1.709944459940910064e-05,0.000000000000000000e+00,0.000000000000000000e+00,0.000000000000000000e+00,-1.418117059604785262e-05,4.009002469957405790e-04,-4.695972938721499593e-07,0.000000000000000000e+00,0.000000000000000000e+00,0.000000000000000000e+00,2.677511524140020380e-04,3.112058923878770807e-04,8.866349625594827243e-06,0.000000000000000000e+00,0.000000000000000000e+00,0.000000000000000000e+00,3.818559321341571423e-04,2.350502551546930225e-04,1.264483148021659765e-05,0.000000000000000000e+00,0.000000000000000000e+00,0.000000000000000000e+00,3.770558765765050138e-04,1.733284119585270426e-04,1.248588175987844069e-05,0.000000000000000000e+00,0.000000000000000000e+00,0.000000000000000000e+00,2.958415996413414932e-04,1.242356926794382411e-04,9.796540678038084823e-06,0.000000000000000000e+00,0.000000000000000000e+00,0.000000000000000000e+00,1.757076538001804613e-04,8.412808408033921293e-05,5.818408161607239104e-06,0.000000000000000000e+00,0.000000000000000000e+00,0.000000000000000000e+00,5.550933878363950856e-05,4.773523568572960254e-05,1.838144115175805995e-06,0.000000000000000000e+00
0.000000000000000000e+00,0.000000000000000000e+00,0.000000000000000000e+00,0.000000000000000000e+00,0.000000000000000000e+00,0.000000000000000000e+00,0.000000000000000000e+00,0.000000000000000000e+00,0.000000000000000000e+00,0.000000000000000000e+00,0.000000000000000000e+00,0.000000000000000000e+00,0.000000000000000000e+00,0.000000000000000000e+00,0.000000000000000000e+00,0.000000000000000000e+00,0.000000000000000000e+00,0.000000000000000000e+00,0.000000000000000000e+00,0.000000000000000000e+00,0.000000000000000000e+00,0.000000000000000000e+00,0.000000000000000000e+00,0.000000000000000000e+00,0.000000000000000000e+00,0.000000000000000000e+00,0.000000000000000000e+00,0.000000000000000000e+00,0.000000000000000000e+00,0.000000000000000000e+00,0.000000000000000000e+00,0.000000000000000000e+00,0.000000000000000000e+00,0.000000000000000000e+00,0.000000000000000000e+00,0.000000000000000000e+00,0.000000000000000000e+00,0.000000000000000000e+00,0.000000000000000000e+00,0.000000000000000000e+00,0.000000000000000000e+00,0.000000000000000000e+00,0.000000000000000000e+00,0.000000000000000000e+00,0.000000000000000000e+00,0.000000000000000000e+00,0.000000000000000000e+00,0.000000000000000000e+00,0.000000000000000000e+00,0.000000000000000000e+00,0.000000000000000000e+00,0.000000000000000000e+00,0.000000000000000000e+00,0.000000000000000000e+00,0.000000000000000000e+00,0.000000000000000000e+00,0.000000000000000000e+00,0.000000000000000000e+00,0.000000000000000000e+00,0.000000000000000000e+00,0.000000000000000000e+00,0.000000000000000000e+00,0.000000000000000000e+00,0.000000000000000000e+00,0.000000000000000000e+00,0.000000000000000000e+00,0.000000000000000000e+00,0.000000000000000000e+00,0.000000000000000000e+00,0.000000000000000000e+00,0.000000000000000000e+00,0.000000000000000000e+00,0.000000000000000000e+00,0.000000000000000000e+00,0.000000000000000000e+00,0.000000000000000000e+00,0.000000000000000000e+00,0.000000000000000000e+00,0.000000000000000000e+00,0.000000000000000000e+00,0.000000000000000000e+00,0.000000000000000000e+00,0.000000000000000000e+00,0.000000000000000000e+00,0.000000000000000000e+00,0.000000000000000000e+00,0.000000000000000000e+00,0.000000000000000000e+00,0.000000000000000000e+00,0.000000000000000000e+00,0.000000000000000000e+00,0.000000000000000000e+00,0.000000000000000000e+00,0.000000000000000000e+00,0.000000000000000000e+00,0.000000000000000000e+00,0.000000000000000000e+00,0.000000000000000000e+00,0.000000000000000000e+00,0.000000000000000000e+00,0.000000000000000000e+00,0.000000000000000000e+00,0.000000000000000000e+00,0.000000000000000000e+00,0.000000000000000000e+00,0.000000000000000000e+00,0.000000000000000000e+00,0.000000000000000000e+00,0.000000000000000000e+00,0.000000000000000000e+00,0.000000000000000000e+00,0.000000000000000000e+00,0.000000000000000000e+00,0.000000000000000000e+00,0.000000000000000000e+00,0.000000000000000000e+00,0.000000000000000000e+00,0.000000000000000000e+00,0.000000000000000000e+00,0.000000000000000000e+00,0.000000000000000000e+00,0.000000000000000000e+00,0.000000000000000000e+00,0.000000000000000000e+00,0.000000000000000000e+00,0.000000000000000000e+00
0.000000000000000000e+00,0.000000000000000000e+00,0.000000000000000000e+00,0.000000000000000000e+00,0.000000000000000000e+00,0.000000000000000000e+00,0.000000000000000000e+00,0.000000000000000000e+00,0.000000000000000000e+00,0.000000000000000000e+00,0.000000000000000000e+00,0.000000000000000000e+00,0.000000000000000000e+00,0.000000000000000000e+00,0.000000000000000000e+00,0.000000000000000000e+00,0.000000000000000000e+00,0.000000000000000000e+00,0.000000000000000000e+00,0.000000000000000000e+00,0.000000000000000000e+00,0.000000000000000000e+00,0.000000000000000000e+00,0.000000000000000000e+00,0.000000000000000000e+00,0.000000000000000000e+00,0.000000000000000000e+00,0.000000000000000000e+00,0.000000000000000000e+00,0.000000000000000000e+00,0.000000000000000000e+00,0.000000000000000000e+00,0.000000000000000000e+00,0.000000000000000000e+00,0.000000000000000000e+00,0.000000000000000000e+00,0.000000000000000000e+00,0.000000000000000000e+00,0.000000000000000000e+00,0.000000000000000000e+00,0.000000000000000000e+00,0.000000000000000000e+00,0.000000000000000000e+00,0.000000000000000000e+00,0.000000000000000000e+00,0.000000000000000000e+00,0.000000000000000000e+00,0.000000000000000000e+00,0.000000000000000000e+00,0.000000000000000000e+00,0.000000000000000000e+00,0.000000000000000000e+00,0.000000000000000000e+00,0.000000000000000000e+00,0.000000000000000000e+00,0.000000000000000000e+00,0.000000000000000000e+00,0.000000000000000000e+00,0.000000000000000000e+00,0.000000000000000000e+00,0.000000000000000000e+00,0.000000000000000000e+00,0.000000000000000000e+00,0.000000000000000000e+00,0.000000000000000000e+00,0.000000000000000000e+00,0.000000000000000000e+00,0.000000000000000000e+00,0.000000000000000000e+00,0.000000000000000000e+00,0.000000000000000000e+00,0.000000000000000000e+00,0.000000000000000000e+00,0.000000000000000000e+00,0.000000000000000000e+00,0.000000000000000000e+00,0.000000000000000000e+00,0.000000000000000000e+00,0.000000000000000000e+00,0.000000000000000000e+00,0.000000000000000000e+00,0.000000000000000000e+00,0.000000000000000000e+00,0.000000000000000000e+00,0.000000000000000000e+00,0.000000000000000000e+00,0.000000000000000000e+00,0.000000000000000000e+00,0.000000000000000000e+00,0.000000000000000000e+00,0.000000000000000000e+00,0.000000000000000000e+00,0.000000000000000000e+00,0.000000000000000000e+00,0.000000000000000000e+00,0.000000000000000000e+00,0.000000000000000000e+00,0.000000000000000000e+00,0.000000000000000000e+00,0.000000000000000000e+00,0.000000000000000000e+00,0.000000000000000000e+00,0.000000000000000000e+00,0.000000000000000000e+00,0.000000000000000000e+00,0.000000000000000000e+00,0.000000000000000000e+00,0.000000000000000000e+00,0.000000000000000000e+00,0.000000000000000000e+00,0.000000000000000000e+00,0.000000000000000000e+00,0.000000000000000000e+00,0.000000000000000000e+00,0.000000000000000000e+00,0.000000000000000000e+00,0.000000000000000000e+00,0.000000000000000000e+00,0.000000000000000000e+00,0.000000000000000000e+00,0.000000000000000000e+00,0.000000000000000000e+00,0.000000000000000000e+00,0.000000000000000000e+00,0.000000000000000000e+00,0.000000000000000000e+00
0.000000000000000000e+00,0.000000000000000000e+00,0.000000000000000000e+00,0.000000000000000000e+00,0.000000000000000000e+00,0.000000000000000000e+00,0.000000000000000000e+00,0.000000000000000000e+00,0.000000000000000000e+00,0.000000000000000000e+00,0.000000000000000000e+00,0.000000000000000000e+00,0.000000000000000000e+00,0.000000000000000000e+00,0.000000000000000000e+00,0.000000000000000000e+00,0.000000000000000000e+00,0.000000000000000000e+00,0.000000000000000000e+00,0.000000000000000000e+00,0.000000000000000000e+00,0.000000000000000000e+00,0.000000000000000000e+00,0.000000000000000000e+00,0.000000000000000000e+00,0.000000000000000000e+00,0.000000000000000000e+00,0.000000000000000000e+00,0.000000000000000000e+00,0.000000000000000000e+00,0.000000000000000000e+00,0.000000000000000000e+00,0.000000000000000000e+00,0.000000000000000000e+00,0.000000000000000000e+00,0.000000000000000000e+00,0.000000000000000000e+00,0.000000000000000000e+00,0.000000000000000000e+00,0.000000000000000000e+00,0.000000000000000000e+00,0.000000000000000000e+00,0.000000000000000000e+00,0.000000000000000000e+00,0.000000000000000000e+00,0.000000000000000000e+00,0.000000000000000000e+00,0.000000000000000000e+00,0.000000000000000000e+00,0.000000000000000000e+00,0.000000000000000000e+00,0.000000000000000000e+00,0.000000000000000000e+00,0.000000000000000000e+00,0.000000000000000000e+00,0.000000000000000000e+00,0.000000000000000000e+00,0.000000000000000000e+00,0.000000000000000000e+00,0.000000000000000000e+00,0.000000000000000000e+00,0.000000000000000000e+00,0.000000000000000000e+00,0.000000000000000000e+00,0.000000000000000000e+00,0.000000000000000000e+00,0.000000000000000000e+00,0.000000000000000000e+00,0.000000000000000000e+00,0.000000000000000000e+00,0.000000000000000000e+00,0.000000000000000000e+00,0.000000000000000000e+00,0.000000000000000000e+00,0.000000000000000000e+00,0.000000000000000000e+00,0.000000000000000000e+00,0.000000000000000000e+00,0.000000000000000000e+00,0.000000000000000000e+00,0.000000000000000000e+00,0.000000000000000000e+00,0.000000000000000000e+00,0.000000000000000000e+00,0.000000000000000000e+00,0.000000000000000000e+00,0.000000000000000000e+00,0.000000000000000000e+00,0.000000000000000000e+00,0.000000000000000000e+00,0.000000000000000000e+00,0.000000000000000000e+00,0.000000000000000000e+00,0.000000000000000000e+00,0.000000000000000000e+00,0.000000000000000000e+00,0.000000000000000000e+00,0.000000000000000000e+00,0.000000000000000000e+00,0.000000000000000000e+00,0.000000000000000000e+00,0.000000000000000000e+00,0.000000000000000000e+00,0.000000000000000000e+00,0.000000000000000000e+00,0.000000000000000000e+00,0.000000000000000000e+00,0.000000000000000000e+00,0.000000000000000000e+00,0.000000000000000000e+00,0.000000000000000000e+00,0.000000000000000000e+00,0.000000000000000000e+00,0.000000000000000000e+00,0.000000000000000000e+00,0.000000000000000000e+00,0.000000000000000000e+00,0.000000000000000000e+00,0.000000000000000000e+00,0.000000000000000000e+00,0.000000000000000000e+00,0.000000000000000000e+00,0.000000000000000000e+00,0.000000000000000000e+00,0.000000000000000000e+00,0.000000000000000000e+00
0.000000000000000000e+00,0.000000000000000000e+00,0.000000000000000000e+00,0.000000000000000000e+00,0.000000000000000000e+00,0.000000000000000000e+00,0.000000000000000000e+00,0.000000000000000000e+00,-1.665323130078896208e-01,-1.611742405793890887e-02,-5.514574625635574982e-03,0.000000000000000000e+00,0.000000000000000000e+00,0.000000000000000000e+00,-1.680870845575731798e-01,-2.289904407732851893e-02,-5.566059551183568342e-03,0.000000000000000000e+00,0.000000000000000000e+00,0.000000000000000000e+00,-1.645992112097221030e-02,-2.440760960438347060e-02,-5.450561618595686428e-04,0.000000000000000000e+00,0.000000000000000000e+00,0.000000000000000000e+00,5.383523385266221206e-01,-4.776214923506993948e-04,1.782707567119313358e-02,0.000000000000000000e+00,0.000000000000000000e+00,0.000000000000000000e+00,-1.998648296093312807e-02,-1.670053124965101277e-02,-6.618352306608379183e-04,0.000000000000000000e+00,0.000000000000000000e+00,0.000000000000000000e+00,-1.877340631643747426e-01,-8.008996283040768771e-03,-6.216652386523215806e-03,0.000000000000000000e+00,0.000000000000000000e+00,0.000000000000000000e+00,-2.341542639963876682e-01,3.732922338077121049e-03,-7.753817498815861534e-03,0.000000000000000000e+00,0.000000000000000000e+00,0.000000000000000000e+00,-2.249524116712867949e-01,1.306784196188141497e-02,-7.449106056187598454e-03,0.000000000000000000e+00,0.000000000000000000e+00,0.000000000000000000e+00,-1.897265144544486304e-01,1.885142139249076573e-02,-6.282630701053257098e-03,0.000000000000000000e+00,0.000000000000000000e+00,0.000000000000000000e+00,-1.448686343660411102e-01,2.140353821313217136e-02,-4.797200499386573488e-03,0.000000000000000000e+00,0.000000000000000000e+00,0.000000000000000000e+00,-1.002785584949799913e-01,2.146875606697622868e-02,-3.320638404545139030e-03,0.000000000000000000e+00,0.000000000000000000e+00,0.000000000000000000e+00,-6.159904636033975561e-02,1.985128750345994258e-02,-2.039799555333062214e-03,0.000000000000000000e+00,0.000000000000000000e+00,0.000000000000000000e+00,-3.134981211885825431e-02,1.727747869929322985e-02,-1.038122123607962237e-03,0.000000000000000000e+00,0.000000000000000000e+00,0.000000000000000000e+00,-9.910022428759521912e-03,1.433170215682673214e-02,-3.281618878525257568e-04,0.000000000000000000e+00,0.000000000000000000e+00,0.000000000000000000e+00,3.596313199783392374e-03,1.143051697212151344e-02,1.190888252205099361e-04,0.000000000000000000e+00,0.000000000000000000e+00,0.000000000000000000e+00,1.061545219695243271e-02,8.825634087256879409e-03,3.515215892196728743e-04,0.000000000000000000e+00,0.000000000000000000e+00,0.000000000000000000e+00,1.272040339979480308e-02,6.625573378587311726e-03,4.212252418125830389e-04,0.000000000000000000e+00,0.000000000000000000e+00,0.000000000000000000e+00,1.138655137022309347e-02,4.824787108029540694e-03,3.770558765778547912e-04,0.000000000000000000e+00,0.000000000000000000e+00,0.000000000000000000e+00,7.946425667033830964e-03,3.329394763887055450e-03,2.631390662654641065e-04,0.000000000000000000e+00,0.000000000000000000e+00,0.000000000000000000e+00,3.691130052824294783e-03,1.951915099445278865e-03,1.222286039362309635e-04,0.000000000000000000e+00
0.000000000000000000e+00,0.000000000000000000e+00,0.000000000000000000e+00,0.000000000000000000e+00,0.000000000000000000e+00,0.000000000000000000e+00,0.000000000000000000e+00,0.000000000000000000e+00,1.387227194061534108e-01,9.533932422549780059e-03,4.593683799972769766e-03,0.000000000000000000e+00,0.000000000000000000e+00,0.000000000000000000e+00,1.492375988662354158e-01,1.329411727267261999e-02,4.941875009323468300e-03,0.000000000000000000e+00,0.000000000000000000e+00,0.000000000000000000e+00,3.448917828227367199e-02,1.214797390915858984e-02,1.142079539875468820e-03,0.000000000000000000e+00,0.000000000000000000e+00,0.000000000000000000e+00,-4.248207259436891925e-01,-1.716102452798843117e-02,-1.406757375442298230e-02,0.000000000000000000e+00,0.000000000000000000e+00,0.000000000000000000e+00,3.448713655261580885e-02,6.248294715853940084e-03,1.142011929750077993e-03,0.000000000000000000e+00,0.000000000000000000e+00,0.000000000000000000e+00,1.594473151139899347e-01,1.800728229583311701e-03,5.279961000791917429e-03,0.000000000000000000e+00,0.000000000000000000e+00,0.000000000000000000e+00,1.848312979747527840e-01,-6.122437545451145727e-03,6.120529808449681752e-03,0.000000000000000000e+00,0.000000000000000000e+00,0.000000000000000000e+00,1.682191853323949382e-01,-1.229458034732892370e-02,5.570433954971607503e-03,0.000000000000000000e+00,0.000000000000000000e+00,0.000000000000000000e+00,1.343266412987390301e-01,-1.572970094499786392e-02,4.448111446201916813e-03,0.000000000000000000e+00,0.000000000000000000e+00,0.000000000000000000e+00,9.592441886141533924e-02,-1.675249829669323703e-02,3.176454807343841516e-03,0.000000000000000000e+00,0.000000000000000000e+00,0.000000000000000000e+00,6.017998823973608885e-02,-1.601268924483241138e-02,1.992808663518496216e-03,0.000000000000000000e+00,0.000000000000000000e+00,0.000000000000000000e+00,3.079624267497433482e-02,-1.416902326283325624e-02,1.019791146552341370e-03,0.000000000000000000e+00,0.000000000000000000e+00,0.000000000000000000e+00,9.055598237817059221e-03,-1.178781672573749224e-02,2.998683640444586504e-04,0.000000000000000000e+00,0.000000000000000000e+00,0.000000000000000000e+00,-5.329214823603075149e-03,-9.304269329366199673e-03,-1.764723753005833357e-04,0.000000000000000000e+00,0.000000000000000000e+00,0.000000000000000000e+00,-1.348043026235502991e-02,-7.012505743516795481e-03,-4.463928791039561798e-04,0.000000000000000000e+00,0.000000000000000000e+00,0.000000000000000000e+00,-1.680854236447933830e-02,-5.076142093112114874e-03,-5.566004551482278944e-04,0.000000000000000000e+00,0.000000000000000000e+00,0.000000000000000000e+00,-1.667469206442642390e-02,-3.551365764171148572e-03,-5.521681173335804766e-04,0.000000000000000000e+00,0.000000000000000000e+00,0.000000000000000000e+00,-1.422964718327229643e-02,-2.413746108716219221e-03,-4.712025544550117349e-04,0.000000000000000000e+00,0.000000000000000000e+00,0.000000000000000000e+00,-1.037502233308952408e-02,-1.580736150055507853e-03,-3.435599606170571538e-04,0.000000000000000000e+00,0.000000000000000000e+00,0.000000000000000000e+00,-5.755965708289607560e-03,-9.131111829961215988e-04,-1.906038646052951189e-04,0.000000000000000000e+00
0.000000000000000000e+00,0.000000000000000000e+00,0.000000000000000000e+00,0.000000000000000000e+00,0.000000000000000000e+00,0.000000000000000000e+00,0.000000000000000000e+00,0.000000000000000000e+00,-5.514574625635546359e-03,-5.337146655514656305e-04,-1.826104060673369701e-04,0.000000000000000000e+00,0.000000000000000000e+00,0.000000000000000000e+00,-5.566059551183529311e-03,-7.582821924425155787e-04,-1.843152851920041538e-04,0.000000000000000000e+00,0.000000000000000000e+00,0.000000000000000000e+00,-5.450561618595631133e-04,-8.082370452056049457e-04,-1.804906702757840285e-05,0.000000000000000000e+00,0.000000000000000000e+00,0.000000000000000000e+00,1.782707567119313011e-02,-1.581602581987064104e-05,5.903283114850447783e-04,0.000000000000000000e+00,0.000000000000000000e+00,0.000000000000000000e+00,-6.618352306608339067e-04,-5.530237597768537707e-04,-2.191610567002086807e-05,0.000000000000000000e+00,0.000000000000000000e+00,0.000000000000000000e+00,-6.216652386523174173e-03,-2.652110385158324563e-04,-2.058591085892948593e-04,0.000000000000000000e+00,0.000000000000000000e+00,0.000000000000000000e+00,-7.753817498815809492e-03,1.236125195958382740e-04,-2.567610120730928411e-04,0.000000000000000000e+00,0.000000000000000000e+00,0.000000000000000000e+00,-7.449106056187598454e-03,4.327303716209867897e-04,-2.466707541567266459e-04,0.000000000000000000e+00,0.000000000000000000e+00,0.000000000000000000e+00,-6.282630701053255363e-03,6.242486409425388339e-04,-2.080439238517377732e-04,0.000000000000000000e+00,0.000000000000000000e+00,0.000000000000000000e+00,-4.797200499386541396e-03,7.087597992070616363e-04,-1.588551775339243387e-04,0.000000000000000000e+00,0.000000000000000000e+00,0.000000000000000000e+00,-3.320638404545116044e-03,7.109194324665229483e-04,-1.099600909629351255e-04,0.000000000000000000e+00,0.000000000000000000e+00,0.000000000000000000e+00,-2.039799555333048769e-03,6.573583491126431221e-04,-6.754621169940432427e-05,0.000000000000000000e+00,0.000000000000000000e+00,0.000000000000000000e+00,-1.038122123607969609e-03,5.721288794299470319e-04,-3.437652319696143336e-05,0.000000000000000000e+00,0.000000000000000000e+00,0.000000000000000000e+00,-3.281618878525242389e-04,4.745820173197177940e-04,-1.086679928457166532e-05,0.000000000000000000e+00,0.000000000000000000e+00,0.000000000000000000e+00,1.190888252205081878e-04,3.785117597530246480e-04,3.943524244010545435e-06,0.000000000000000000e+00,0.000000000000000000e+00,0.000000000000000000e+00,3.515215892196704890e-04,2.922532985560895411e-04,1.164033574782600910e-05,0.000000000000000000e+00,0.000000000000000000e+00,0.000000000000000000e+00,4.212252418125802741e-04,2.194001763015982322e-04,1.394851238310019476e-05,0.000000000000000000e+00,0.000000000000000000e+00,0.000000000000000000e+00,3.770558765778567428e-04,1.597686844040454733e-04,1.248588175992303358e-05,0.000000000000000000e+00,0.000000000000000000e+00,0.000000000000000000e+00,2.631390662654620465e-04,1.102500502877516611e-04,8.713624350922268444e-06,0.000000000000000000e+00,0.000000000000000000e+00,0.000000000000000000e+00,1.222286039362302317e-04,6.463599336595934820e-05,4.047495321593613468e-06,0.000000000000000000e+00
0.000000000000000000e+00,0.000000000000000000e+00,0.000000000000000000e+00,0.000000000000000000e+00,0.000000000000000000e+00,0.000000000000000000e+00,0.000000000000000000e+00,0.000000000000000000e+00,0.000000000000000000e+00,0.000000000000000000e+00,0.000000000000000000e+00,0.000000000000000000e+00,0.000000000000000000e+00,0.000000000000000000e+00,0.000000000000000000e+00,0.000000000000000000e+00,0.000000000000000000e+00,0.000000000000000000e+00,0.000000000000000000e+00,0.000000000000000000e+00,0.000000000000000000e+00,0.000000000000000000e+00,0.000000000000000000e+00,0.000000000000000000e+00,0.000000000000000000e+00,0.000000000000000000e+00,0.000000000000000000e+00,0.000000000000000000e+00,0.000000000000000000e+00,0.000000000000000000e+00,0.000000000000000000e+00,0.000000000000000000e+00,0.000000000000000000e+00,0.000000000000000000e+00,0.000000000000000000e+00,0.000000000000000000e+00,0.000000000000000000e+00,0.000000000000000000e+00,0.000000000000000000e+00,0.000000000000000000e+00,0.000000000000000000e+00,0.000000000000000000e+00,0.000000000000000000e+00,0.000000000000000000e+00,0.000000000000000000e+00,0.000000000000000000e+00,0.000000000000000000e+00,0.000000000000000000e+00,0.000000000000000000e+00,0.000000000000000000e+00,0.000000000000000000e+00,0.000000000000000000e+00,0.000000000000000000e+00,0.000000000000000000e+00,0.000000000000000000e+00,0.000000000000000000e+00,0.000000000000000000e+00,0.000000000000000000e+00,0.000000000000000000e+00,0.000000000000000000e+00,0.000000000000000000e+00,0.000000000000000000e+00,0.000000000000000000e+00,0.000000000000000000e+00,0.000000000000000000e+00,0.000000000000000000e+00,0.000000000000000000e+00,0.000000000000000000e+00,0.000000000000000000e+00,0.000000000000000000e+00,0.000000000000000000e+00,0.000000000000000000e+00,0.000000000000000000e+00,0.000000000000000000e+00,0.000000000000000000e+00,0.000000000000000000e+00,0.000000000000000000e+00,0.000000000000000000e+00,0.000000000000000000e+00,0.000000000000000000e+00,0.000000000000000000e+00,0.000000000000000000e+00,0.000000000000000000e+00,0.000000000000000000e+00,0.000000000000000000e+00,0.000000000000000000e+00,0.000000000000000000e+00,0.000000000000000000e+00,0.000000000000000000e+00,0.000000000000000000e+00,0.000000000000000000e+00,0.000000000000000000e+00,0.000000000000000000e+00,0.000000000000000000e+00,0.000000000000000000e+00,0.000000000000000000e+00,0.000000000000000000e+00,0.000000000000000000e+00,0.000000000000000000e+00,0.000000000000000000e+00,0.000000000000000000e+00,0.000000000000000000e+00,0.000000000000000000e+00,0.000000000000000000e+00,0.000000000000000000e+00,0.000000000000000000e+00,0.000000000000000000e+00,0.000000000000000000e+00,0.000000000000000000e+00,0.000000000000000000e+00,0.000000000000000000e+00,0.000000000000000000e+00,0.000000000000000000e+00,0.000000000000000000e+00,0.000000000000000000e+00,0.000000000000000000e+00,0.000000000000000000e+00,0.000000000000000000e+00,0.000000000000000000e+00,0.000000000000000000e+00,0.000000000000000000e+00,0.000000000000000000e+00,0.000000000000000000e+00,0.000000000000000000e+00,0.000000000000000000e+00,0.000000000000000000e+00
0.000000000000000000e+00,0.000000000000000000e+00,0.000000000000000000e+00,0.000000000000000000e+00,0.000000000000000000e+00,0.000000000000000000e+00,0.000000000000000000e+00,0.000000000000000000e+00,0.000000000000000000e+00,0.000000000000000000e+00,0.000000000000000000e+00,0.000000000000000000e+00,0.000000000000000000e+00,0.000000000000000000e+00,0.000000000000000000e+00,0.000000000000000000e+00,0.000000000000000000e+00,0.000000000000000000e+00,0.000000000000000000e+00,0.000000000000000000e+00,0.000000000000000000e+00,0.000000000000000000e+00,0.000000000000000000e+00,0.000000000000000000e+00,0.000000000000000000e+00,0.000000000000000000e+00,0.000000000000000000e+00,0.000000000000000000e+00,0.000000000000000000e+00,0.000000000000000000e+00,0.000000000000000000e+00,0.000000000000000000e+00,0.000000000000000000e+00,0.000000000000000000e+00,0.000000000000000000e+00,0.000000000000000000e+00,0.000000000000000000e+00,0.000000000000000000e+00,0.000000000000000000e+00,0.000000000000000000e+00,0.000000000000000000e+00,0.000000000000000000e+00,0.000000000000000000e+00,0.000000000000000000e+00,0.000000000000000000e+00,0.000000000000000000e+00,0.000000000000000000e+00,0.000000000000000000e+00,0.000000000000000000e+00,0.000000000000000000e+00,0.000000000000000000e+00,0.000000000000000000e+00,0.000000000000000000e+00,0.000000000000000000e+00,0.000000000000000000e+00,0.000000000000000000e+00,0.000000000000000000e+00,0.000000000000000000e+00,0.000000000000000000e+00,0.000000000000000000e+00,0.000000000000000000e+00,0.000000000000000000e+00,0.000000000000000000e+00,0.000000000000000000e+00,0.000000000000000000e+00,0.000000000000000000e+00,0.000000000000000000e+00,0.000000000000000000e+00,0.000000000000000000e+00,0.000000000000000000e+00,0.000000000000000000e+00,0.000000000000000000e+00,0.000000000000000000e+00,0.000000000000000000e+00,0.000000000000000000e+00,0.000000000000000000e+00,0.000000000000000000e+00,0.000000000000000000e+00,0.000000000000000000e+00,0.000000000000000000e+00,0.000000000000000000e+00,0.000000000000000000e+00,0.000000000000000000e+00,0.000000000000000000e+00,0.000000000000000000e+00,0.000000000000000000e+00,0.000000000000000000e+00,0.000000000000000000e+00,0.000000000000000000e+00,0.000000000000000000e+00,0.000000000000000000e+00,0.000000000000000000e+00,0.000000000000000000e+00,0.000000000000000000e+00,0.000000000000000000e+00,0.000000000000000000e+00,0.000000000000000000e+00,0.000000000000000000e+00,0.000000000000000000e+00,0.000000000000000000e+00,0.000000000000000000e+00,0.000000000000000000e+00,0.000000000000000000e+00,0.000000000000000000e+00,0.000000000000000000e+00,0.000000000000000000e+00,0.000000000000000000e+00,0.000000000000000000e+00,0.000000000000000000e+00,0.000000000000000000e+00,0.000000000000000000e+00,0.000000000000000000e+00,0.000000000000000000e+00,0.000000000000000000e+00,0.000000000000000000e+00,0.000000000000000000e+00,0.000000000000000000e+00,0.000000000000000000e+00,0.000000000000000000e+00,0.000000000000000000e+00,0.000000000000000000e+00,0.000000000000000000e+00,0.000000000000000000e+00,0.000000000000000000e+00,0.000000000000000000e+00,0.000000000000000000e+00
0.000000000000000000e+00,0.000000000000000000e+00,0.000000000000000000e+00,0.000000000000000000e+00,0.000000000000000000e+00,0.000000000000000000e+00,0.000000000000000000e+00,0.000000000000000000e+00,0.000000000000000000e+00,0.000000000000000000e+00,0.000000000000000000e+00,0.000000000000000000e+00,0.000000000000000000e+00,0.000000000000000000e+00,0.000000000000000000e+00,0.000000000000000000e+00,0.000000000000000000e+00,0.000000000000000000e+00,0.000000000000000000e+00,0.000000000000000000e+00,0.000000000000000000e+00,0.000000000000000000e+00,0.000000000000000000e+00,0.000000000000000000e+00,0.000000000000000000e+00,0.000000000000000000e+00,0.000000000000000000e+00,0.000000000000000000e+00,0.000000000000000000e+00,0.000000000000000000e+00,0.000000000000000000e+00,0.000000000000000000e+00,0.000000000000000000e+00,0.000000000000000000e+00,0.000000000000000000e+00,0.000000000000000000e+00,0.000000000000000000e+00,0.000000000000000000e+00,0.000000000000000000e+00,0.000000000000000000e+00,0.000000000000000000e+00,0.000000000000000000e+00,0.000000000000000000e+00,0.000000000000000000e+00,0.000000000000000000e+00,0.000000000000000000e+00,0.000000000000000000e+00,0.000000000000000000e+00,0.000000000000000000e+00,0.000000000000000000e+00,0.000000000000000000e+00,0.000000000000000000e+00,0.000000000000000000e+00,0.000000000000000000e+00,0.000000000000000000e+00,0.000000000000000000e+00,0.000000000000000000e+00,0.000000000000000000e+00,0.000000000000000000e+00,0.000000000000000000e+00,0.000000000000000000e+00,0.000000000000000000e+00,0.000000000000000000e+00,0.000000000000000000e+00,0.000000000000000000e+00,0.000000000000000000e+00,0.000000000000000000e+00,0.000000000000000000e+00,0.000000000000000000e+00,0.000000000000000000e+00,0.000000000000000000e+00,0.000000000000000000e+00,0.000000000000000000e+00,0.000000000000000000e+00,0.000000000000000000e+00,0.000000000000000000e+00,0.000000000000000000e+00,0.000000000000000000e+00,0.000000000000000000e+00,0.000000000000000000e+00,0.000000000000000000e+00,0.000000000000000000e+00,0.000000000000000000e+00,0.000000000000000000e+00,0.000000000000000000e+00,0.000000000000000000e+00,0.000000000000000000e+00,0.000000000000000000e+00,0.000000000000000000e+00,0.000000000000000000e+00,0.000000000000000000e+00,0.000000000000000000e+00,0.000000000000000000e+00,0.000000000000000000e+00,0.000000000000000000e+00,0.000000000000000000e+00,0.000000000000000000e+00,0.000000000000000000e+00,0.000000000000000000e+00,0.000000000000000000e+00,0.000000000000000000e+00,0.000000000000000000e+00,0.000000000000000000e+00,0.000000000000000000e+00,0.000000000000000000e+00,0.000000000000000000e+00,0.000000000000000000e+00,0.000000000000000000e+00,0.000000000000000000e+00,0.000000000000000000e+00,0.000000000000000000e+00,0.000000000000000000e+00,0.000000000000000000e+00,0.000000000000000000e+00,0.000000000000000000e+00,0.000000000000000000e+00,0.000000000000000000e+00,0.000000000000000000e+00,0.000000000000000000e+00,0.000000000000000000e+00,0.000000000000000000e+00,0.000000000000000000e+00,0.000000000000000000e+00,0.000000000000000000e+00,0.000000000000000000e+00,0.000000000000000000e+00
0.000000000000000000e+00,0.000000000000000000e+00,0.000000000000000000e+00,0.000000000000000000e+00,0.000000000000000000e+00,0.000000000000000000e+00,0.000000000000000000e+00,0.000000000000000000e+00,-1.826322266902212776e-01,-6.960811037685473573e-03,-6.047709450126378082e-03,0.000000000000000000e+00,0.000000000000000000e+00,0.000000000000000000e+00,-2.318345946350440501e-01,-1.091700797455495350e-02,-7.677003638677357480e-03,0.000000000000000000e+00,0.000000000000000000e+00,0.000000000000000000e+00,-1.935076814862341510e-01,-1.632555905928318590e-02,-6.407840802277236548e-03,0.000000000000000000e+00,0.000000000000000000e+00,0.000000000000000000e+00,-1.998648296093970267e-02,-1.869781501348018529e-02,-6.618352306610529156e-04,0.000000000000000000e+00,0.000000000000000000e+00,0.000000000000000000e+00,5.473065787466413479e-01,3.747739771224400246e-03,1.812358765146469125e-02,0.000000000000000000e+00,0.000000000000000000e+00,0.000000000000000000e+00,-4.664664285628478124e-03,-1.399986708243353313e-02,-1.544663545591696977e-04,0.000000000000000000e+00,0.000000000000000000e+00,0.000000000000000000e+00,-1.701100061400628860e-01,-6.628904262052721236e-03,-5.633046863297102268e-03,0.000000000000000000e+00,0.000000000000000000e+00,0.000000000000000000e+00,-2.167813998489401817e-01,4.088782415408147991e-03,-7.178530012130937554e-03,0.000000000000000000e+00,0.000000000000000000e+00,0.000000000000000000e+00,-2.092692200603386843e-01,1.270668575318762566e-02,-6.929770625455803496e-03,0.000000000000000000e+00,0.000000000000000000e+00,0.000000000000000000e+00,-1.763968103284264122e-01,1.804812637026541322e-02,-5.841228988599395447e-03,0.000000000000000000e+00,0.000000000000000000e+00,0.000000000000000000e+00,-1.340602737209120598e-01,2.038149665786631592e-02,-4.439290912461401825e-03,0.000000000000000000e+00,0.000000000000000000e+00,0.000000000000000000e+00,-9.187601120513586017e-02,2.039558420252830795e-02,-3.042395262188241425e-03,0.000000000000000000e+00,0.000000000000000000e+00,0.000000000000000000e+00,-5.535503444027877612e-02,1.884258073613640991e-02,-1.833034459270850829e-03,0.000000000000000000e+00,0.000000000000000000e+00,0.000000000000000000e+00,-2.698583513342537807e-02,1.640380587234657392e-02,-8.936127709420726680e-04,0.000000000000000000e+00,0.000000000000000000e+00,0.000000000000000000e+00,-7.176006819275043171e-03,1.362565391534752146e-02,-2.376273073027410814e-04,0.000000000000000000e+00,0.000000000000000000e+00,0.000000000000000000e+00,4.894526862444319691e-03,1.089172966072037528e-02,1.620780565201687424e-04,0.000000000000000000e+00,0.000000000000000000e+00,0.000000000000000000e+00,1.061545219694716609e-02,8.422335128892526404e-03,3.515215892194988598e-04,0.000000000000000000e+00,0.000000000000000000e+00,0.000000000000000000e+00,1.153150622324708441e-02,6.291202879733292369e-03,3.818559321341055343e-04,0.000000000000000000e+00,0.000000000000000000e+00,0.000000000000000000e+00,9.158500716758624649e-03,4.444481797072668411e-03,3.032758913227228629e-04,0.000000000000000000e+00,0.000000000000000000e+00,0.000000000000000000e+00,4.968002778187047795e-03,2.676928027276924936e-03,1.645111484122570907e-04,0.000000000000000000e+00
0.000000000000000000e+00,0.000000000000000000e+00,0.000000000000000000e+00,0.000000000000000000e+00,0.000000000000000000e+00,0.000000000000000000e+00,0.000000000000000000e+00,0.000000000000000000e+00,1.420239692630951844e-01,2.758574656565020849e-03,4.703001855821257668e-03,0.000000000000000000e+00,0.000000000000000000e+00,0.000000000000000000e+00,1.864326641157463826e-01,4.725380050625099110e-03,6.173557673900974610e-03,0.000000000000000000e+00,0.000000000000000000e+00,0.000000000000000000e+00,1.645201459836148072e-01,7.974642428383624249e-03,5.447943441487670437e-03,0.000000000000000000e+00,0.000000000000000000e+00,0.000000000000000000e+00,3.248985278879042843e-02,7.826148889278870813e-03,1.075873591998988002e-03,0.000000000000000000e+00,0.000000000000000000e+00,0.000000000000000000e+00,-4.361199369810730420e-01,-2.012735209478620779e-02,-1.444173743083521956e-02,0.000000000000000000e+00,0.000000000000000000e+00,0.000000000000000000e+00,1.897275255573629971e-02,4.577167938527079011e-03,6.282664182858574940e-04,0.000000000000000000e+00,0.000000000000000000e+00,0.000000000000000000e+00,1.429954080351815149e-01,1.198602914250588430e-03,4.735170217060876569e-03,0.000000000000000000e+00,0.000000000000000000e+00,0.000000000000000000e+00,1.694017426248607405e-01,-5.932953704524093069e-03,5.609593324829656620e-03,0.000000000000000000e+00,0.000000000000000000e+00,0.000000000000000000e+00,1.548160151867508383e-01,-1.158229716133293667e-02,5.126599478327168585e-03,0.000000000000000000e+00,0.000000000000000000e+00,0.000000000000000000e+00,1.233060185956940530e-01,-1.472468949780272179e-02,4.083172983394215382e-03,0.000000000000000000e+00,0.000000000000000000e+00,0.000000000000000000e+00,8.724450256763778555e-02,-1.563468812645315079e-02,2.889026828462416992e-03,0.000000000000000000e+00,0.000000000000000000e+00,0.000000000000000000e+00,5.358841041284774509e-02,-1.491204358233834577e-02,1.774534220736100759e-03,0.000000000000000000e+00,0.000000000000000000e+00,0.000000000000000000e+00,2.596085217154778593e-02,-1.317182897698492353e-02,8.596713398096465699e-04,0.000000000000000000e+00,0.000000000000000000e+00,0.000000000000000000e+00,5.649411154415640013e-03,-1.094514285528803456e-02,1.870754019998939650e-04,0.000000000000000000e+00,0.000000000000000000e+00,0.000000000000000000e+00,-7.577191657174751731e-03,-8.639970703763861712e-03,-2.509121989091326536e-04,0.000000000000000000e+00,0.000000000000000000e+00,0.000000000000000000e+00,-1.475840588204622994e-02,-6.529110005343241770e-03,-4.887119449791542435e-04,0.000000000000000000e+00,0.000000000000000000e+00,0.000000000000000000e+00,-1.721184132284523174e-02,-4.757535916004915384e-03,-5.699553540394983750e-04,0.000000000000000000e+00,0.000000000000000000e+00,0.000000000000000000e+00,-1.620807342484664390e-02,-3.361217316761532913e-03,-5.367164415404598096e-04,0.000000000000000000e+00,0.000000000000000000e+00,0.000000000000000000e+00,-1.281158135751327490e-02,-2.285808550018099492e-03,-4.242445216326359565e-04,0.000000000000000000e+00,0.000000000000000000e+00,0.000000000000000000e+00,-7.752827717499413511e-03,-1.375012487303696636e-03,-2.567282363142401073e-04,0.000000000000000000e+00
0.000000000000000000e+00,0.000000000000000000e+00,0.000000000000000000e+00,0.000000000000000000e+00,0.000000000000000000e+00,0.000000000000000000e+00,0.000000000000000000e+00,0.000000000000000000e+00,-6.047709450126367674e-03,-2.305012836784760353e-04,-2.002647082389548340e-04,0.000000000000000000e+00,0.000000000000000000e+00,0.000000000000000000e+00,-7.677003638677336664e-03,-3.615073499969322676e-04,-2.542173870169952155e-04,0.000000000000000000e+00,0.000000000000000000e+00,0.000000000000000000e+00,-6.407840802277214864e-03,-5.406068774975382896e-04,-2.121901488972665457e-04,0.000000000000000000e+00,0.000000000000000000e+00,0.000000000000000000e+00,-6.618352306610546503e-04,-6.191620975280677942e-04,-2.191610567002809156e-05,0.000000000000000000e+00,0.000000000000000000e+00,0.000000000000000000e+00,1.812358765146469472e-02,1.241031861780501639e-04,6.001470512423274237e-04,0.000000000000000000e+00,0.000000000000000000e+00,0.000000000000000000e+00,-1.544663545591682882e-04,-4.635935836152178303e-04,-5.115020766726904503e-06,0.000000000000000000e+00,0.000000000000000000e+00,0.000000000000000000e+00,-5.633046863297080584e-03,-2.195104756489612077e-04,-1.865335125434936067e-04,0.000000000000000000e+00,0.000000000000000000e+00,0.000000000000000000e+00,-7.178530012130960106e-03,1.353965206541419544e-04,-2.377108606687350378e-04,0.000000000000000000e+00,0.000000000000000000e+00,0.000000000000000000e+00,-6.929770625455825180e-03,4.207709937178003728e-04,-2.294734070666682455e-04,0.000000000000000000e+00,0.000000000000000000e+00,0.000000000000000000e+00,-5.841228988599376365e-03,5.976482156770055463e-04,-1.934272849589920072e-04,0.000000000000000000e+00,0.000000000000000000e+00,0.000000000000000000e+00,-4.439290912461389682e-03,6.749157702302547917e-04,-1.470033087243219198e-04,0.000000000000000000e+00,0.000000000000000000e+00,0.000000000000000000e+00,-3.042395262188229716e-03,6.753822671816709722e-04,-1.007463080947076245e-04,0.000000000000000000e+00,0.000000000000000000e+00,0.000000000000000000e+00,-1.833034459270869694e-03,6.239558901945028947e-04,-6.069936299108359153e-05,0.000000000000000000e+00,0.000000000000000000e+00,0.000000000000000000e+00,-8.936127709420700659e-04,5.431979535599707138e-04,-2.959122000273652314e-05,0.000000000000000000e+00,0.000000000000000000e+00,0.000000000000000000e+00,-2.376273073027402412e-04,4.512018357404756633e-04,-7.868824347306805776e-06,0.000000000000000000e+00,0.000000000000000000e+00,0.000000000000000000e+00,1.620780565201677937e-04,3.606702803283909266e-04,5.367075744730108447e-06,0.000000000000000000e+00,0.000000000000000000e+00,0.000000000000000000e+00,3.515215892194979382e-04,2.788983996648705058e-04,1.164033574782030687e-05,0.000000000000000000e+00,0.000000000000000000e+00,0.000000000000000000e+00,3.818559321341092748e-04,2.083277841920022546e-04,1.264483148021484090e-05,0.000000000000000000e+00,0.000000000000000000e+00,0.000000000000000000e+00,3.032758913227220497e-04,1.471752004133572824e-04,1.004272086688704137e-05,0.000000000000000000e+00,0.000000000000000000e+00,0.000000000000000000e+00,1.645111484122564402e-04,8.864417425808899728e-05,5.447645494633942553e-06,0.000000000000000000e+00
0.000000000000000000e+00,0.000000000000000000e+00,0.000000000000000000e+00,0.000000000000000000e+00,0.000000000000000000e+00,0.000000000000000000e+00,0.000000000000000000e+00,0.000000000000000000e+00,0.000000000000000000e+00,0.000000000000000000e+00,0.000000000000000000e+00,0.000000000000000000e+00,0.000000000000000000e+00,0.000000000000000000e+00,0.000000000000000000e+00,0.000000000000000000e+00,0.000000000000000000e+00,0.000000000000000000e+00,0.000000000000000000e+00,0.000000000000000000e+00,0.000000000000000000e+00,0.000000000000000000e+00,0.000000000000000000e+00,0.000000000000000000e+00,0.000000000000000000e+00,0.000000000000000000e+00,0.000000000000000000e+00,0.000000000000000000e+00,0.000000000000000000e+00,0.000000000000000000e+00,0.000000000000000000e+00,0.000000000000000000e+00,0.000000000000000000e+00,0.000000000000000000e+00,0.000000000000000000e+00,0.000000000000000000e+00,0.000000000000000000e+00,0.000000000000000000e+00,0.000000000000000000e+00,0.000000000000000000e+00,0.000000000000000000e+00,0.000000000000000000e+00,0.000000000000000000e+00,0.000000000000000000e+00,0.000000000000000000e+00,0.000000000000000000e+00,0.000000000000000000e+00,0.000000000000000000e+00,0.000000000000000000e+00,0.000000000000000000e+00,0.000000000000000000e+00,0.000000000000000000e+00,0.000000000000000000e+00,0.000000000000000000e+00,0.000000000000000000e+00,0.000000000000000000e+00,0.000000000000000000e+00,0.000000000000000000e+00,0.000000000000000000e+00,0.000000000000000000e+00,0.000000000000000000e+00,0.000000000000000000e+00,0.000000000000000000e+00,0.000000000000000000e+00,0.000000000000000000e+00,0.000000000000000000e+00,0.000000000000000000e+00,0.000000000000000000e+00,0.000000000000000000e+00,0.000000000000000000e+00,0.000000000000000000e+00,0.000000000000000000e+00,0.000000000000000000e+00,0.000000000000000000e+00,0.000000000000000000e+00,0.000000000000000000e+00,0.000000000000000000e+00,0.000000000000000000e+00,0.000000000000000000e+00,0.000000000000000000e+00,0.000000000000000000e+00,0.000000000000000000e+00,0.000000000000000000e+00,0.000000000000000000e+00,0.000000000000000000e+00,0.000000000000000000e+00,0.000000000000000000e+00,0.000000000000000000e+00,0.000000000000000000e+00,0.000000000000000000e+00,0.000000000000000000e+00,0.000000000000000000e+00,0.000000000000000000e+00,0.000000000000000000e+00,0.000000000000000000e+00,0.000000000000000000e+00,0.000000000000000000e+00,0.000000000000000000e+00,0.000000000000000000e+00,0.000000000000000000e+00,0.000000000000000000e+00,0.000000000000000000e+00,0.000000000000000000e+00,0.000000000000000000e+00,0.000000000000000000e+00,0.000000000000000000e+00,0.000000000000000000e+00,0.000000000000000000e+00,0.000000000000000000e+00,0.000000000000000000e+00,0.000000000000000000e+00,0.000000000000000000e+00,0.000000000000000000e+00,0.000000000000000000e+00,0.000000000000000000e+00,0.000000000000000000e+00,0.000000000000000000e+00,0.000000000000000000e+00,0.000000000000000000e+00,0.000000000000000000e+00,0.000000000000000000e+00,0.000000000000000000e+00,0.000000000000000000e+00,0.000000000000000000e+00,0.000000000000000000e+00,0.000000000000000000e+00
0.000000000000000000e+00,0.000000000000000000e+00,0.000000000000000000e+00,0.000000000000000000e+00,0.000000000000000000e+00,0.000000000000000000e+00,0.000000000000000000e+00,0.000000000000000000e+00,0.000000000000000000e+00,0.000000000000000000e+00,0.000000000000000000e+00,0.000000000000000000e+00,0.000000000000000000e+00,0.000000000000000000e+00,0.000000000000000000e+00,0.000000000000000000e+00,0.000000000000000000e+00,0.000000000000000000e+00,0.000000000000000000e+00,0.000000000000000000e+00,0.000000000000000000e+00,0.000000000000000000e+00,0.000000000000000000e+00,0.000000000000000000e+00,0.000000000000000000e+00,0.000000000000000000e+00,0.000000000000000000e+00,0.000000000000000000e+00,0.000000000000000000e+00,0.000000000000000000e+00,0.000000000000000000e+00,0.000000000000000000e+00,0.000000000000000000e+00,0.000000000000000000e+00,0.000000000000000000e+00,0.000000000000000000e+00,0.000000000000000000e+00,0.000000000000000000e+00,0.000000000000000000e+00,0.000000000000000000e+00,0.000000000000000000e+00,0.000000000000000000e+00,0.000000000000000000e+00,0.000000000000000000e+00,0.000000000000000000e+00,0.000000000000000000e+00,0.000000000000000000e+00,0.000000000000000000e+00,0.000000000000000000e+00,0.000000000000000000e+00,0.000000000000000000e+00,0.000000000000000000e+00,0.000000000000000000e+00,0.000000000000000000e+00,0.000000000000000000e+00,0.000000000000000000e+00,0.000000000000000000e+00,0.000000000000000000e+00,0.000000000000000000e+00,0.000000000000000000e+00,0.000000000000000000e+00,0.000000000000000000e+00,0.000000000000000000e+00,0.000000000000000000e+00,0.000000000000000000e+00,0.000000000000000000e+00,0.000000000000000000e+00,0.000000000000000000e+00,0.000000000000000000e+00,0.000000000000000000e+00,0.000000000000000000e+00,0.000000000000000000e+00,0.000000000000000000e+00,0.000000000000000000e+00,0.000000000000000000e+00,0.000000000000000000e+00,0.000000000000000000e+00,0.000000000000000000e+00,0.000000000000000000e+00,0.000000000000000000e+00,0.000000000000000000e+00,0.000000000000000000e+00,0.000000000000000000e+00,0.000000000000000000e+00,0.000000000000000000e+00,0.000000000000000000e+00,0.000000000000000000e+00,0.000000000000000000e+00,0.000000000000000000e+00,0.000000000000000000e+00,0.000000000000000000e+00,0.000000000000000000e+00,0.000000000000000000e+00,0.000000000000000000e+00,0.000000000000000000e+00,0.000000000000000000e+00,0.000000000000000000e+00,0.000000000000000000e+00,0.000000000000000000e+00,0.000000000000000000e+00,0.000000000000000000e+00,0.000000000000000000e+00,0.000000000000000000e+00,0.000000000000000000e+00,0.000000000000000000e+00,0.000000000000000000e+00,0.000000000000000000e+00,0.000000000000000000e+00,0.000000000000000000e+00,0.000000000000000000e+00,0.000000000000000000e+00,0.000000000000000000e+00,0.000000000000000000e+00,0.000000000000000000e+00,0.000000000000000000e+00,0.000000000000000000e+00,0.000000000000000000e+00,0.000000000000000000e+00,0.000000000000000000e+00,0.000000000000000000e+00,0.000000000000000000e+00,0.000000000000000000e+00,0.000000000000000000e+00,0.000000000000000000e+00,0.000000000000000000e+00,0.000000000000000000e+00
0.000000000000000000e+00,0.000000000000000000e+00,0.000000000000000000e+00,0.000000000000000000e+00,0.000000000000000000e+00,0.000000000000000000e+00,0.000000000000000000e+00,0.000000000000000000e+00,0.000000000000000000e+00,0.000000000000000000e+00,0.000000000000000000e+00,0.000000000000000000e+00,0.000000000000000000e+00,0.000000000000000000e+00,0.000000000000000000e+00,0.000000000000000000e+00,0.000000000000000000e+00,0.000000000000000000e+00,0.000000000000000000e+00,0.000000000000000000e+00,0.000000000000000000e+00,0.000000000000000000e+00,0.000000000000000000e+00,0.000000000000000000e+00,0.000000000000000000e+00,0.000000000000000000e+00,0.000000000000000000e+00,0.000000000000000000e+00,0.000000000000000000e+00,0.000000000000000000e+00,0.000000000000000000e+00,0.000000000000000000e+00,0.000000000000000000e+00,0.000000000000000000e+00,0.000000000000000000e+00,0.000000000000000000e+00,0.000000000000000000e+00,0.000000000000000000e+00,0.000000000000000000e+00,0.000000000000000000e+00,0.000000000000000000e+00,0.000000000000000000e+00,0.000000000000000000e+00,0.000000000000000000e+00,0.000000000000000000e+00,0.000000000000000000e+00,0.000000000000000000e+00,0.000000000000000000e+00,0.000000000000000000e+00,0.000000000000000000e+00,0.000000000000000000e+00,0.000000000000000000e+00,0.000000000000000000e+00,0.000000000000000000e+00,0.000000000000000000e+00,0.000000000000000000e+00,0.000000000000000000e+00,0.000000000000000000e+00,0.000000000000000000e+00,0.000000000000000000e+00,0.000000000000000000e+00,0.000000000000000000e+00,0.000000000000000000e+00,0.000000000000000000e+00,0.000000000000000000e+00,0.000000000000000000e+00,0.000000000000000000e+00,0.000000000000000000e+00,0.000000000000000000e+00,0.000000000000000000e+00,0.000000000000000000e+00,0.000000000000000000e+00,0.000000000000000000e+00,0.000000000000000000e+00,0.000000000000000000e+00,0.000000000000000000e+00,0.000000000000000000e+00,0.000000000000000000e+00,0.000000000000000000e+00,0.000000000000000000e+00,0.000000000000000000e+00,0.000000000000000000e+00,0.000000000000000000e+00,0.000000000000000000e+00,0.000000000000000000e+00,0.000000000000000000e+00,0.000000000000000000e+00,0.000000000000000000e+00,0.000000000000000000e+00,0.000000000000000000e+00,0.000000000000000000e+00,0.000000000000000000e+00,0.000000000000000000e+00,0.000000000000000000e+00,0.000000000000000000e+00,0.000000000000000000e+00,0.000000000000000000e+00,0.000000000000000000e+00,0.000000000000000000e+00,0.000000000000000000e+00,0.000000000000000000e+00,0.000000000000000000e+00,0.000000000000000000e+00,0.000000000000000000e+00,0.000000000000000000e+00,0.000000000000000000e+00,0.000000000000000000e+00,0.000000000000000000e+00,0.000000000000000000e+00,0.000000000000000000e+00,0.000000000000000000e+00,0.000000000000000000e+00,0.000000000000000000e+00,0.000000000000000000e+00,0.000000000000000000e+00,0.000000000000000000e+00,0.000000000000000000e+00,0.000000000000000000e+00,0.000000000000000000e+00,0.000000000000000000e+00,0.000000000000000000e+00,0.000000000000000000e+00,0.000000000000000000e+00,0.000000000000000000e+00,0.000000000000000000e+00,0.000000000000000000e+00
0.000000000000000000e+00,0.000000000000000000e+00,0.000000000000000000e+00,0.000000000000000000e+00,0.000000000000000000e+00,0.000000000000000000e+00,0.000000000000000000e+00,0.000000000000000000e+00,-1.690087230320853617e-01,5.246684704826550579e-04,-5.596578818308092784e-03,0.000000000000000000e+00,0.000000000000000000e+00,0.000000000000000000e+00,-2.342271610513310676e-01,-9.018389066463034648e-06,-7.756231422229368372e-03,0.000000000000000000e+00,0.000000000000000000e+00,0.000000000000000000e+00,-2.451949285345906004e-01,-4.158868083876336892e-03,-8.119419629794757259e-03,0.000000000000000000e+00,0.000000000000000000e+00,0.000000000000000000e+00,-1.877340631644162650e-01,-1.113740521413126086e-02,-6.216652386524553278e-03,0.000000000000000000e+00,0.000000000000000000e+00,0.000000000000000000e+00,-4.664664285703192664e-03,-1.528766777009222394e-02,-1.544663545616438470e-04,0.000000000000000000e+00,0.000000000000000000e+00,0.000000000000000000e+00,5.663933847461434246e-01,5.577846617501994869e-03,1.875563085165916216e-02,0.000000000000000000e+00,0.000000000000000000e+00,0.000000000000000000e+00,1.465386352187478952e-02,-1.341134051876079723e-02,4.852501144413290304e-04,0.000000000000000000e+00,0.000000000000000000e+00,0.000000000000000000e+00,-1.525438187511797827e-01,-6.919287460789328228e-03,-5.051357643383903688e-03,0.000000000000000000e+00,0.000000000000000000e+00,0.000000000000000000e+00,-2.018874074877629043e-01,3.249137232613464980e-03,-6.685328237256970944e-03,0.000000000000000000e+00,0.000000000000000000e+00,0.000000000000000000e+00,-1.972875707243096355e-01,1.158824307400610834e-02,-6.533008590459079071e-03,0.000000000000000000e+00,0.000000000000000000e+00,0.000000000000000000e+00,-1.671823587818001833e-01,1.685504304120457805e-02,-5.536100333563142781e-03,0.000000000000000000e+00,0.000000000000000000e+00,0.000000000000000000e+00,-1.272919803145173834e-01,1.925551641344806775e-02,-4.215164684922653726e-03,0.000000000000000000e+00,0.000000000000000000e+00,0.000000000000000000e+00,-8.719418157475224140e-02,1.942491603049408683e-02,-2.887360491968930278e-03,0.000000000000000000e+00,0.000000000000000000e+00,0.000000000000000000e+00,-5.244205955597527197e-02,1.807154345834374037e-02,-1.736573795920017113e-03,0.000000000000000000e+00,0.000000000000000000e+00,0.000000000000000000e+00,-2.560449293223445583e-02,1.584054631687029091e-02,-8.478708094306980575e-04,0.000000000000000000e+00,0.000000000000000000e+00,0.000000000000000000e+00,-7.176006819297130537e-03,1.324623704439283588e-02,-2.376273073034726739e-04,0.000000000000000000e+00,0.000000000000000000e+00,0.000000000000000000e+00,3.596313199797901601e-03,1.063934283452220436e-02,1.190888252209903325e-04,0.000000000000000000e+00,0.000000000000000000e+00,0.000000000000000000e+00,8.085704111231554331e-03,8.199955873689197469e-03,2.677511524149779284e-04,0.000000000000000000e+00,0.000000000000000000e+00,0.000000000000000000e+00,7.918637663265146870e-03,5.940265623311266445e-03,2.622188903685941088e-04,0.000000000000000000e+00,0.000000000000000000e+00,0.000000000000000000e+00,4.825795533004136398e-03,3.653153346281161427e-03,1.598020775316402731e-04,0.000000000000000000e+00
0.000000000000000000e+00,0.000000000000000000e+00,0.000000000000000000e+00,0.000000000000000000e+00,0.000000000000000000e+00,0.000000000000000000e+00,0.000000000000000000e+00,0.000000000000000000e+00,1.243426921696426796e-01,-2.531140758003454574e-03,4.117501539112358895e-03,0.000000000000000000e+00,0.000000000000000000e+00,0.000000000000000000e+00,1.772555371821177839e-01,-2.968451417908840768e-03,5.869664991391802984e-03,0.000000000000000000e+00,0.000000000000000000e+00,0.000000000000000000e+00,1.924229164423387761e-01,-4.004352451465349998e-04,6.371919738804353826e-03,0.000000000000000000e+00,0.000000000000000000e+00,0.000000000000000000e+00,1.563189061829315107e-01,4.272171285144655238e-03,5.176366423870291250e-03,0.000000000000000000e+00,0.000000000000000000e+00,0.000000000000000000e+00,1.768495186814073722e-02,5.594530481777549615e-03,5.856220037189713637e-04,0.000000000000000000e+00,0.000000000000000000e+00,0.000000000000000000e+00,-4.530286205669540323e-01,-2.111089058981054090e-02,-1.500165397658805716e-02,0.000000000000000000e+00,0.000000000000000000e+00,0.000000000000000000e+00,2.625151365684693944e-03,4.536868356140007566e-03,8.692963454468745897e-05,0.000000000000000000e+00,0.000000000000000000e+00,0.000000000000000000e+00,1.286202289222203587e-01,1.796775514509214768e-03,4.259148497651075657e-03,0.000000000000000000e+00,0.000000000000000000e+00,0.000000000000000000e+00,1.575598990587919468e-01,-4.962307593607604914e-03,5.217460837922478084e-03,0.000000000000000000e+00,0.000000000000000000e+00,0.000000000000000000e+00,1.455370454421244797e-01,-1.045049292889988803e-02,4.819334358534307049e-03,0.000000000000000000e+00,0.000000000000000000e+00,0.000000000000000000e+00,1.163314736653486142e-01,-1.358638557541804598e-02,3.852216913646860745e-03,0.000000000000000000e+00,0.000000000000000000e+00,0.000000000000000000e+00,8.219953462822726653e-02,-1.459394087327515500e-02,2.721967044788479832e-03,0.000000000000000000e+00,0.000000000000000000e+00,0.000000000000000000e+00,5.009294566453933312e-02,-1.403181346493615096e-02,1.658784905437059266e-03,0.000000000000000000e+00,0.000000000000000000e+00,0.000000000000000000e+00,2.369503134916966722e-02,-1.248365833559383041e-02,7.846406278256654477e-04,0.000000000000000000e+00,0.000000000000000000e+00,0.000000000000000000e+00,4.387003099586533027e-03,-1.045688316215594681e-02,1.452718426748709482e-04,0.000000000000000000e+00,0.000000000000000000e+00,0.000000000000000000e+00,-7.956608528096393435e-03,-8.340231375708682948e-03,-2.634762629705222664e-04,0.000000000000000000e+00,0.000000000000000000e+00,0.000000000000000000e+00,-1.427160439996300913e-02,-6.387478174813327261e-03,-4.725919316776473192e-04,0.000000000000000000e+00,0.000000000000000000e+00,0.000000000000000000e+00,-1.578568172182932133e-02,-4.719250817951239213e-03,-5.227293027956326317e-04,0.000000000000000000e+00,0.000000000000000000e+00,0.000000000000000000e+00,-1.369416327079780137e-02,-3.330431824728848165e-03,-4.534704642508304126e-04,0.000000000000000000e+00,0.000000000000000000e+00,0.000000000000000000e+00,-8.887302531826594618e-03,-2.057824993540392517e-03,-2.942953961735698888e-04,0.000000000000000000e+00
0.000000000000000000e+00,0.000000000000000000e+00,0.000000000000000000e+00,0.000000000000000000e+00,0.000000000000000000e+00,0.000000000000000000e+00,0.000000000000000000e+00,0.000000000000000000e+00,-5.596578818308101458e-03,1.737394612454226184e-05,-1.853259045309075777e-04,0.000000000000000000e+00,0.000000000000000000e+00,0.000000000000000000e+00,-7.756231422229368372e-03,-2.986362142679303486e-07,-2.568409470752807625e-04,0.000000000000000000e+00,0.000000000000000000e+00,0.000000000000000000e+00,-8.119419629794755525e-03,-1.377173474172777631e-04,-2.688676128772219537e-04,0.000000000000000000e+00,0.000000000000000000e+00,0.000000000000000000e+00,-6.216652386524598381e-03,-3.688056154384884646e-04,-2.058591085893406668e-04,0.000000000000000000e+00,0.000000000000000000e+00,0.000000000000000000e+00,-1.544663545616453649e-04,-5.062379981841927303e-04,-5.115020766808917621e-06,0.000000000000000000e+00,0.000000000000000000e+00,0.000000000000000000e+00,1.875563085165916216e-02,1.847056037773683402e-04,6.210766193912616159e-04,0.000000000000000000e+00,0.000000000000000000e+00,0.000000000000000000e+00,4.852501144413289219e-04,-4.441050315383110025e-04,1.606864109344437262e-05,0.000000000000000000e+00,0.000000000000000000e+00,0.000000000000000000e+00,-5.051357643383940117e-03,-2.291262660654905096e-04,-1.672713732373100413e-04,0.000000000000000000e+00,0.000000000000000000e+00,0.000000000000000000e+00,-6.685328237257020384e-03,1.075923910174070205e-04,-2.213789071642556820e-04,0.000000000000000000e+00,0.000000000000000000e+00,0.000000000000000000e+00,-6.533008590459082540e-03,3.837347242548890761e-04,-2.163349727827183571e-04,0.000000000000000000e+00,0.000000000000000000e+00,0.000000000000000000e+00,-5.536100333563142781e-03,5.581402851506590997e-04,-1.833232114117915761e-04,0.000000000000000000e+00,0.000000000000000000e+00,0.000000000000000000e+00,-4.215164684922655461e-03,6.376299007633406696e-04,-1.395815610466446665e-04,0.000000000000000000e+00,0.000000000000000000e+00,0.000000000000000000e+00,-2.887360491968968441e-03,6.432394237014508629e-04,-9.561246473121515893e-05,0.000000000000000000e+00,0.000000000000000000e+00,0.000000000000000000e+00,-1.736573795920018197e-03,5.984236524519529789e-04,-5.750515090768303669e-05,0.000000000000000000e+00,0.000000000000000000e+00,0.000000000000000000e+00,-8.478708094306984912e-04,5.245460967751021213e-04,-2.807651420347544678e-05,0.000000000000000000e+00,0.000000000000000000e+00,0.000000000000000000e+00,-2.376273073034722402e-04,4.386377716779932831e-04,-7.868824347331051247e-06,0.000000000000000000e+00,0.000000000000000000e+00,0.000000000000000000e+00,1.190888252209898446e-04,3.523127071796229907e-04,3.943524244026495065e-06,0.000000000000000000e+00,0.000000000000000000e+00,0.000000000000000000e+00,2.677511524149813436e-04,2.715345014768131247e-04,8.866349625627138162e-06,0.000000000000000000e+00,0.000000000000000000e+00,0.000000000000000000e+00,2.622188903685937836e-04,1.967067981232912220e-04,8.683153515801223050e-06,0.000000000000000000e+00,0.000000000000000000e+00,0.000000000000000000e+00,1.598020775316403544e-04,1.209710378910270717e-04,5.291708653791920357e-06,0.000000000000000000e+00
0.000000000000000000e+00,0.000000000000000000e+00,0.000000000000000000e+00,0.000000000000000000e+00,0.000000000000000000e+00,0.000000000000000000e+00,0.000000000000000000e+00,0.000000000000000000e+00,0.000000000000000000e+00,0.000000000000000000e+00,0.000000000000000000e+00,0.000000000000000000e+00,0.000000000000000000e+00,0.000000000000000000e+00,0.000000000000000000e+00,0.000000000000000000e+00,0.000000000000000000e+00,0.000000000000000000e+00,0.000000000000000000e+00,0.000000000000000000e+00,0.000000000000000000e+00,0.000000000000000000e+00,0.000000000000000000e+00,0.000000000000000000e+00,0.000000000000000000e+00,0.000000000000000000e+00,0.000000000000000000e+00,0.000000000000000000e+00,0.000000000000000000e+00,0.000000000000000000e+00,0.000000000000000000e+00,0.000000000000000000e+00,0.000000000000000000e+00,0.000000000000000000e+00,0.000000000000000000e+00,0.000000000000000000e+00,0.000000000000000000e+00,0.000000000000000000e+00,0.000000000000000000e+00,0.000000000000000000e+00,0.000000000000000000e+00,0.000000000000000000e+00,0.000000000000000000e+00,0.000000000000000000e+00,0.000000000000000000e+00,0.000000000000000000e+00,0.000000000000000000e+00,0.000000000000000000e+00,0.000000000000000000e+00,0.000000000000000000e+00,0.000000000000000000e+00,0.000000000000000000e+00,0.000000000000000000e+00,0.000000000000000000e+00,0.000000000000000000e+00,0.000000000000000000e+00,0.000000000000000000e+00,0.000000000000000000e+00,0.000000000000000000e+00,0.000000000000000000e+00,0.000000000000000000e+00,0.000000000000000000e+00,0.000000000000000000e+00,0.000000000000000000e+00,0.000000000000000000e+00,0.000000000000000000e+00,0.000000000000000000e+00,0.000000000000000000e+00,0.000000000000000000e+00,0.000000000000000000e+00,0.000000000000000000e+00,0.000000000000000000e+00,0.000000000000000000e+00,0.000000000000000000e+00,0.000000000000000000e+00,0.000000000000000000e+00,0.000000000000000000e+00,0.000000000000000000e+00,0.000000000000000000e+00,0.000000000000000000e+00,0.000000000000000000e+00,0.000000000000000000e+00,0.000000000000000000e+00,0.000000000000000000e+00,0.000000000000000000e+00,0.000000000000000000e+00,0.000000000000000000e+00,0.000000000000000000e+00,0.000000000000000000e+00,0.000000000000000000e+00,0.000000000000000000e+00,0.000000000000000000e+00,0.000000000000000000e+00,0.000000000000000000e+00,0.000000000000000000e+00,0.000000000000000000e+00,0.000000000000000000e+00,0.000000000000000000e+00,0.000000000000000000e+00,0.000000000000000000e+00,0.000000000000000000e+00,0.000000000000000000e+00,0.000000000000000000e+00,0.000000000000000000e+00,0.000000000000000000e+00,0.000000000000000000e+00,0.000000000000000000e+00,0.000000000000000000e+00,0.000000000000000000e+00,0.000000000000000000e+00,0.000000000000000000e+00,0.000000000000000000e+00,0.000000000000000000e+00,0.000000000000000000e+00,0.000000000000000000e+00,0.000000000000000000e+00,0.000000000000000000e+00,0.000000000000000000e+00,0.000000000000000000e+00,0.000000000000000000e+00,0.000000000000000000e+00,0.000000000000000000e+00,0.000000000000000000e+00,0.000000000000000000e+00,0.000000000000000000e+00,0.000000000000000000e+00
0.000000000000000000e+00,0.000000000000000000e+00,0.000000000000000000e+00,0.000000000000000000e+00,0.000000000000000000e+00,0.000000000000000000e+00,0.000000000000000000e+00,0.000000000000000000e+00,0.000000000000000000e+00,0.000000000000000000e+00,0.000000000000000000e+00,0.000000000000000000e+00,0.000000000000000000e+00,0.000000000000000000e+00,0.000000000000000000e+00,0.000000000000000000e+00,0.000000000000000000e+00,0.000000000000000000e+00,0.000000000000000000e+00,0.000000000000000000e+00,0.000000000000000000e+00,0.000000000000000000e+00,0.000000000000000000e+00,0.000000000000000000e+00,0.000000000000000000e+00,0.000000000000000000e+00,0.000000000000000000e+00,0.000000000000000000e+00,0.000000000000000000e+00,0.000000000000000000e+00,0.000000000000000000e+00,0.000000000000000000e+00,0.000000000000000000e+00,0.000000000000000000e+00,0.000000000000000000e+00,0.000000000000000000e+00,0.000000000000000000e+00,0.000000000000000000e+00,0.000000000000000000e+00,0.000000000000000000e+00,0.000000000000000000e+00,0.000000000000000000e+00,0.000000000000000000e+00,0.000000000000000000e+00,0.000000000000000000e+00,0.000000000000000000e+00,0.000000000000000000e+00,0.000000000000000000e+00,0.000000000000000000e+00,0.000000000000000000e+00,0.000000000000000000e+00,0.000000000000000000e+00,0.000000000000000000e+00,0.000000000000000000e+00,0.000000000000000000e+00,0.000000000000000000e+00,0.000000000000000000e+00,0.000000000000000000e+00,0.000000000000000000e+00,0.000000000000000000e+00,0.000000000000000000e+00,0.000000000000000000e+00,0.000000000000000000e+00,0.000000000000000000e+00,0.000000000000000000e+00,0.000000000000000000e+00,0.000000000000000000e+00,0.000000000000000000e+00,0.000000000000000000e+00,0.000000000000000000e+00,0.000000000000000000e+00,0.000000000000000000e+00,0.000000000000000000e+00,0.000000000000000000e+00,0.000000000000000000e+00,0.000000000000000000e+00,0.000000000000000000e+00,0.000000000000000000e+00,0.000000000000000000e+00,0.000000000000000000e+00,0.000000000000000000e+00,0.000000000000000000e+00,0.000000000000000000e+00,0.000000000000000000e+00,0.000000000000000000e+00,0.000000000000000000e+00,0.000000000000000000e+00,0.000000000000000000e+00,0.000000000000000000e+00,0.000000000000000000e+00,0.000000000000000000e+00,0.000000000000000000e+00,0.000000000000000000e+00,0.000000000000000000e+00,0.000000000000000000e+00,0.000000000000000000e+00,0.000000000000000000e+00,0.000000000000000000e+00,0.000000000000000000e+00,0.000000000000000000e+00,0.000000000000000000e+00,0.000000000000000000e+00,0.000000000000000000e+00,0.000000000000000000e+00,0.000000000000000000e+00,0.000000000000000000e+00,0.000000000000000000e+00,0.000000000000000000e+00,0.000000000000000000e+00,0.000000000000000000e+00,0.000000000000000000e+00,0.000000000000000000e+00,0.000000000000000000e+00,0.000000000000000000e+00,0.000000000000000000e+00,0.000000000000000000e+00,0.000000000000000000e+00,0.000000000000000000e+00,0.000000000000000000e+00,0.000000000000000000e+00,0.000000000000000000e+00,0.000000000000000000e+00,0.000000000000000000e+00,0.000000000000000000e+00,0.000000000000000000e+00,0.000000000000000000e+00
0.000000000000000000e+00,0.000000000000000000e+00,0.000000000000000000e+00,0.000000000000000000e+00,0.000000000000000000e+00,0.000000000000000000e+00,0.000000000000000000e+00,0.000000000000000000e+00,0.000000000000000000e+00,0.000000000000000000e+00,0.000000000000000000e+00,0.000000000000000000e+00,0.000000000000000000e+00,0.000000000000000000e+00,0.000000000000000000e+00,0.000000000000000000e+00,0.000000000000000000e+00,0.000000000000000000e+00,0.000000000000000000e+00,0.000000000000000000e+00,0.000000000000000000e+00,0.000000000000000000e+00,0.000000000000000000e+00,0.000000000000000000e+00,0.000000000000000000e+00,0.000000000000000000e+00,0.000000000000000000e+00,0.000000000000000000e+00,0.000000000000000000e+00,0.000000000000000000e+00,0.000000000000000000e+00,0.000000000000000000e+00,0.000000000000000000e+00,0.000000000000000000e+00,0.000000000000000000e+00,0.000000000000000000e+00,0.000000000000000000e+00,0.000000000000000000e+00,0.000000000000000000e+00,0.000000000000000000e+00,0.000000000000000000e+00,0.000000000000000000e+00,0.000000000000000000e+00,0.000000000000000000e+00,0.000000000000000000e+00,0.000000000000000000e+00,0.000000000000000000e+00,0.000000000000000000e+00,0.000000000000000000e+00,0.000000000000000000e+00,0.000000000000000000e+00,0.000000000000000000e+00,0.000000000000000000e+00,0.000000000000000000e+00,0.000000000000000000e+00,0.000000000000000000e+00,0.000000000000000000e+00,0.000000000000000000e+00,0.000000000000000000e+00,0.000000000000000000e+00,0.000000000000000000e+00,0.000000000000000000e+00,0.000000000000000000e+00,0.000000000000000000e+00,0.000000000000000000e+00,0.000000000000000000e+00,0.000000000000000000e+00,0.000000000000000000e+00,0.000000000000000000e+00,0.000000000000000000e+00,0.000000000000000000e+00,0.000000000000000000e+00,0.000000000000000000e+00,0.000000000000000000e+00,0.000000000000000000e+00,0.000000000000000000e+00,0.000000000000000000e+00,0.000000000000000000e+00,0.000000000000000000e+00,0.000000000000000000e+00,0.000000000000000000e+00,0.000000000000000000e+00,0.000000000000000000e+00,0.000000000000000000e+00,0.000000000000000000e+00,0.000000000000000000e+00,0.000000000000000000e+00,0.000000000000000000e+00,0.000000000000000000e+00,0.000000000000000000e+00,0.000000000000000000e+00,0.000000000000000000e+00,0.000000000000000000e+00,0.000000000000000000e+00,0.000000000000000000e+00,0.000000000000000000e+00,0.000000000000000000e+00,0.000000000000000000e+00,0.000000000000000000e+00,0.000000000000000000e+00,0.000000000000000000e+00,0.000000000000000000e+00,0.000000000000000000e+00,0.000000000000000000e+00,0.000000000000000000e+00,0.000000000000000000e+00,0.000000000000000000e+00,0.000000000000000000e+00,0.000000000000000000e+00,0.000000000000000000e+00,0.000000000000000000e+00,0.000000000000000000e+00,0.000000000000000000e+00,0.000000000000000000e+00,0.000000000000000000e+00,0.000000000000000000e+00,0.000000000000000000e+00,0.000000000000000000e+00,0.000000000000000000e+00,0.000000000000000000e+00,0.000000000000000000e+00,0.000000000000000000e+00,0.000000000000000000e+00,0.000000000000000000e+00,0.000000000000000000e+00,0.000000000000000000e+00
0.000000000000000000e+00,0.000000000000000000e+00,0.000000000000000000e+00,0.000000000000000000e+00,0.000000000000000000e+00,0.000000000000000000e+00,0.000000000000000000e+00,0.000000000000000000e+00,-1.407854444367255820e-01,5.769982943243219531e-03,-4.661989169109858125e-03,0.000000000000000000e+00,0.000000000000000000e+00,0.000000000000000000e+00,-2.058397338064339444e-01,7.979791974545527578e-03,-6.816206131375634331e-03,0.000000000000000000e+00,0.000000000000000000e+00,0.000000000000000000e+00,-2.383312344080184830e-01,6.181636107270896928e-03,-7.892134289281139276e-03,0.000000000000000000e+00,0.000000000000000000e+00,0.000000000000000000e+00,-2.341542639963695160e-01,1.505705823945206745e-04,-7.753817498815209278e-03,0.000000000000000000e+00,0.000000000000000000e+00,0.000000000000000000e+00,-1.701100061400442065e-01,-8.608503184528938992e-03,-5.633046863296466492e-03,0.000000000000000000e+00,0.000000000000000000e+00,0.000000000000000000e+00,1.465386352177154572e-02,-1.420170354797255056e-02,4.852501144379098904e-04,0.000000000000000000e+00,0.000000000000000000e+00,0.000000000000000000e+00,5.846254581865926170e-01,5.611950498003073773e-03,1.935937031670015990e-02,0.000000000000000000e+00,0.000000000000000000e+00,0.000000000000000000e+00,3.040380393769157377e-02,-1.406190071038981165e-02,1.006795874561887101e-03,0.000000000000000000e+00,0.000000000000000000e+00,0.000000000000000000e+00,-1.397697983090838147e-01,-7.945321066074557265e-03,-4.628356919230176489e-03,0.000000000000000000e+00,0.000000000000000000e+00,0.000000000000000000e+00,-1.920485155882079020e-01,2.086953269990634782e-03,-6.359521775834198892e-03,0.000000000000000000e+00,0.000000000000000000e+00,0.000000000000000000e+00,-1.900786552280367137e-01,1.046069029206678908e-02,-6.294291540560093684e-03,0.000000000000000000e+00,0.000000000000000000e+00,0.000000000000000000e+00,-1.622171899287911667e-01,1.587266659205961022e-02,-5.371683028151054765e-03,0.000000000000000000e+00,0.000000000000000000e+00,0.000000000000000000e+00,-1.242150615759265025e-01,1.847912440356608635e-02,-4.113275161535194513e-03,0.000000000000000000e+00,0.000000000000000000e+00,0.000000000000000000e+00,-8.573772013935648806e-02,1.887494265620285466e-02,-2.839131021484944846e-03,0.000000000000000000e+00,0.000000000000000000e+00,0.000000000000000000e+00,-5.244205955602175562e-02,1.773419570004285475e-02,-1.736573795921556246e-03,0.000000000000000000e+00,0.000000000000000000e+00,0.000000000000000000e+00,-2.698583513345208587e-02,1.566939860098463463e-02,-8.936127709429572685e-04,0.000000000000000000e+00,0.000000000000000000e+00,0.000000000000000000e+00,-9.910022428746563528e-03,1.315813254232051088e-02,-3.281618878520966296e-04,0.000000000000000000e+00,0.000000000000000000e+00,0.000000000000000000e+00,-4.282511890278357458e-04,1.050267701119108471e-02,-1.418117059539833759e-05,0.000000000000000000e+00,0.000000000000000000e+00,0.000000000000000000e+00,3.013697658087957903e-03,7.805561362524569315e-03,9.979601156348476645e-05,0.000000000000000000e+00,0.000000000000000000e+00,0.000000000000000000e+00,2.460330748652824352e-03,4.879705167583878005e-03,8.147174126230448757e-05,0.000000000000000000e+00
0.000000000000000000e+00,0.000000000000000000e+00,0.000000000000000000e+00,0.000000000000000000e+00,0.000000000000000000e+00,0.000000000000000000e+00,0.000000000000000000e+00,0.000000000000000000e+00,9.783208915534102879e-02,-5.979330813898916727e-03,3.239625671946330492e-03,0.000000000000000000e+00,0.000000000000000000e+00,0.000000000000000000e+00,1.473500127640790525e-01,-8.277893695537521385e-03,4.879369215494972281e-03,0.000000000000000000e+00,0.000000000000000000e+00,0.000000000000000000e+00,1.766116563302962128e-01,-7.412283192963407819e-03,5.848343429568424873e-03,0.000000000000000000e+00,0.000000000000000000e+00,0.000000000000000000e+00,1.812489462190492451e-01,-3.292379658462190380e-03,6.001903304467992757e-03,0.000000000000000000e+00,0.000000000000000000e+00,0.000000000000000000e+00,1.410158091126855473e-01,2.762486063006553728e-03,4.669617497653099324e-03,0.000000000000000000e+00,0.000000000000000000e+00,0.000000000000000000e+00,1.834788336569937242e-03,5.161255149217616571e-03,6.075744113264850462e-05,0.000000000000000000e+00,0.000000000000000000e+00,0.000000000000000000e+00,-4.674660624654062846e-01,-2.078983274419891891e-02,-1.547973747470485391e-02,0.000000000000000000e+00,0.000000000000000000e+00,0.000000000000000000e+00,-9.496976494054343299e-03,5.323727176968852219e-03,-3.144842262047252727e-04,0.000000000000000000e+00,0.000000000000000000e+00,0.000000000000000000e+00,1.190369769500745217e-01,2.814408188967694804e-03,3.941807333031787340e-03,0.000000000000000000e+00,0.000000000000000000e+00,0.000000000000000000e+00,1.503470150887610823e-01,-3.890661832029682250e-03,4.978612375420811073e-03,0.000000000000000000e+00,0.000000000000000000e+00,0.000000000000000000e+00,1.403445095864601921e-01,-9.447506190163289241e-03,4.647387989957822534e-03,0.000000000000000000e+00,0.000000000000000000e+00,0.000000000000000000e+00,1.127698001792255128e-01,-1.272944879240242057e-02,3.734275152816077942e-03,0.000000000000000000e+00,0.000000000000000000e+00,0.000000000000000000e+00,7.992620922809891282e-02,-1.392516564695494598e-02,2.646687825152752114e-03,0.000000000000000000e+00,0.000000000000000000e+00,0.000000000000000000e+00,4.885785625388271158e-02,-1.356675397599795344e-02,1.617885979568709246e-03,0.000000000000000000e+00,0.000000000000000000e+00,0.000000000000000000e+00,2.335768359090582835e-02,-1.221715360653643362e-02,7.734696463258248274e-04,0.000000000000000000e+00,0.000000000000000000e+00,0.000000000000000000e+00,4.915003883088315401e-03,-1.036496111091141613e-02,1.627561354852200600e-04,0.000000000000000000e+00,0.000000000000000000e+00,0.000000000000000000e+00,-6.502784438117539811e-03,-8.377149333906477521e-03,-2.153341259165841479e-04,0.000000000000000000e+00,0.000000000000000000e+00,0.000000000000000000e+00,-1.176829901530562425e-02,-6.476217937758305294e-03,-3.896971222252892898e-04,0.000000000000000000e+00,0.000000000000000000e+00,0.000000000000000000e+00,-1.208519515095705411e-02,-4.727356759328824910e-03,-4.001908657941032695e-04,0.000000000000000000e+00,0.000000000000000000e+00,0.000000000000000000e+00,-8.559085256616692436e-03,-2.975625111491546435e-03,-2.834267627841926141e-04,0.000000000000000000e+00
0.000000000000000000e+00,0.000000000000000000e+00,0.000000000000000000e+00,0.000000000000000000e+00,0.000000000000000000e+00,0.000000000000000000e+00,0.000000000000000000e+00,0.000000000000000000e+00,-4.661989169109865064e-03,1.910680333110592274e-04,-1.543777703714663556e-04,0.000000000000000000e+00,0.000000000000000000e+00,0.000000000000000000e+00,-6.816206131375634331e-03,2.642439629034300567e-04,-2.257128163073369759e-04,0.000000000000000000e+00,0.000000000000000000e+00,0.000000000000000000e+00,-7.892134289281132337e-03,2.046995745531599042e-04,-2.613412538845621405e-04,0.000000000000000000e+00,0.000000000000000000e+00,0.000000000000000000e+00,-7.753817498815255248e-03,4.986015614882633199e-06,-2.567610120730727291e-04,0.000000000000000000e+00,0.000000000000000000e+00,0.000000000000000000e+00,-5.633046863296484706e-03,-2.850631950560694457e-04,-1.865335125434733322e-04,0.000000000000000000e+00,0.000000000000000000e+00,0.000000000000000000e+00,4.852501144379115167e-04,-4.702772249535626782e-04,1.606864109333120224e-05,0.000000000000000000e+00,0.000000000000000000e+00,0.000000000000000000e+00,1.935937031670017378e-02,1.858349245118848638e-04,6.410689336411225930e-04,0.000000000000000000e+00,0.000000000000000000e+00,0.000000000000000000e+00,1.006795874561893173e-03,-4.656477739671387194e-04,3.333918134428679619e-05,0.000000000000000000e+00,0.000000000000000000e+00,0.000000000000000000e+00,-4.628356919230208581e-03,-2.631024883526770120e-04,-1.532640672802186024e-04,0.000000000000000000e+00,0.000000000000000000e+00,0.000000000000000000e+00,-6.359521775834193688e-03,6.910766649252135714e-05,-2.105901058044555574e-04,0.000000000000000000e+00,0.000000000000000000e+00,0.000000000000000000e+00,-6.294291540560093684e-03,3.463967815575294236e-04,-2.084300625445643170e-04,0.000000000000000000e+00,0.000000000000000000e+00,0.000000000000000000e+00,-5.371683028151054765e-03,5.256097321220692562e-04,-1.778786734475712753e-04,0.000000000000000000e+00,0.000000000000000000e+00,0.000000000000000000e+00,-4.113275161535249157e-03,6.119203456631325125e-04,-1.362075769222304803e-04,0.000000000000000000e+00,0.000000000000000000e+00,0.000000000000000000e+00,-2.839131021484944412e-03,6.250275274041966001e-04,-9.401538720712996635e-05,0.000000000000000000e+00,0.000000000000000000e+00,0.000000000000000000e+00,-1.736573795921556029e-03,5.872526709508849333e-04,-5.750515090773393998e-05,0.000000000000000000e+00,0.000000000000000000e+00,0.000000000000000000e+00,-8.936127709429574854e-04,5.188786870441519997e-04,-2.959122000276590502e-05,0.000000000000000000e+00,0.000000000000000000e+00,0.000000000000000000e+00,-3.281618878520966296e-04,4.357202667039932094e-04,-1.086679928455751140e-05,0.000000000000000000e+00,0.000000000000000000e+00,0.000000000000000000e+00,-1.418117059539740246e-05,3.477871357279263575e-04,-4.695972938506060998e-07,0.000000000000000000e+00,0.000000000000000000e+00,0.000000000000000000e+00,9.979601156348548473e-05,2.584744657127303349e-04,3.304659277035079311e-06,0.000000000000000000e+00,0.000000000000000000e+00,0.000000000000000000e+00,8.147174126230471796e-05,1.615872488149852539e-04,2.697866792075169793e-06,0.000000000000000000e+00
0.000000000000000000e+00,0.000000000000000000e+00,0.000000000000000000e+00,0.000000000000000000e+00,0.000000000000000000e+00,0.000000000000000000e+00,0.000000000000000000e+00,0.000000000000000000e+00,0.000000000000000000e+00,0.000000000000000000e+00,0.000000000000000000e+00,0.000000000000000000e+00,0.000000000000000000e+00,0.000000000000000000e+00,0.000000000000000000e+00,0.000000000000000000e+00,0.000000000000000000e+00,0.000000000000000000e+00,0.000000000000000000e+00,0.000000000000000000e+00,0.000000000000000000e+00,0.000000000000000000e+00,0.000000000000000000e+00,0.000000000000000000e+00,0.000000000000000000e+00,0.000000000000000000e+00,0.000000000000000000e+00,0.000000000000000000e+00,0.000000000000000000e+00,0.000000000000000000e+00,0.000000000000000000e+00,0.000000000000000000e+00,0.000000000000000000e+00,0.000000000000000000e+00,0.000000000000000000e+00,0.000000000000000000e+00,0.000000000000000000e+00,0.000000000000000000e+00,0.000000000000000000e+00,0.000000000000000000e+00,0.000000000000000000e+00,0.000000000000000000e+00,0.000000000000000000e+00,0.000000000000000000e+00,0.000000000000000000e+00,0.000000000000000000e+00,0.000000000000000000e+00,0.000000000000000000e+00,0.000000000000000000e+00,0.000000000000000000e+00,0.000000000000000000e+00,0.000000000000000000e+00,0.000000000000000000e+00,0.000000000000000000e+00,0.000000000000000000e+00,0.000000000000000000e+00,0.000000000000000000e+00,0.000000000000000000e+00,0.000000000000000000e+00,0.000000000000000000e+00,0.000000000000000000e+00,0.000000000000000000e+00,0.000000000000000000e+00,0.000000000000000000e+00,0.000000000000000000e+00,0.000000000000000000e+00,0.000000000000000000e+00,0.000000000000000000e+00,0.000000000000000000e+00,0.000000000000000000e+00,0.000000000000000000e+00,0.000000000000000000e+00,0.000000000000000000e+00,0.000000000000000000e+00,0.000000000000000000e+00,0.000000000000000000e+00,0.000000000000000000e+00,0.000000000000000000e+00,0.000000000000000000e+00,0.000000000000000000e+00,0.000000000000000000e+00,0.000000000000000000e+00,0.000000000000000000e+00,0.000000000000000000e+00,0.000000000000000000e+00,0.000000000000000000e+00,0.000000000000000000e+00,0.000000000000000000e+00,0.000000000000000000e+00,0.000000000000000000e+00,0.000000000000000000e+00,0.000000000000000000e+00,0.000000000000000000e+00,0.000000000000000000e+00,0.000000000000000000e+00,0.000000000000000000e+00,0.000000000000000000e+00,0.000000000000000000e+00,0.000000000000000000e+00,0.000000000000000000e+00,0.000000000000000000e+00,0.000000000000000000e+00,0.000000000000000000e+00,0.000000000000000000e+00,0.000000000000000000e+00,0.000000000000000000e+00,0.000000000000000000e+00,0.000000000000000000e+00,0.000000000000000000e+00,0.000000000000000000e+00,0.000000000000000000e+00,0.000000000000000000e+00,0.000000000000000000e+00,0.000000000000000000e+00,0.000000000000000000e+00,0.000000000000000000e+00,0.000000000000000000e+00,0.000000000000000000e+00,0.000000000000000000e+00,0.000000000000000000e+00,0.000000000000000000e+00,0.000000000000000000e+00,0.000000000000000000e+00,0.000000000000000000e+00,0.000000000000000000e+00,0.000000000000000000e+00
0.000000000000000000e+00,0.000000000000000000e+00,0.000000000000000000e+00,0.000000000000000000e+00,0.000000000000000000e+00,0.000000000000000000e+00,0.000000000000000000e+00,0.000000000000000000e+00,0.000000000000000000e+00,0.000000000000000000e+00,0.000000000000000000e+00,0.000000000000000000e+00,0.000000000000000000e+00,0.000000000000000000e+00,0.000000000000000000e+00,0.000000000000000000e+00,0.000000000000000000e+00,0.000000000000000000e+00,0.000000000000000000e+00,0.000000000000000000e+00,0.000000000000000000e+00,0.000000000000000000e+00,0.000000000000000000e+00,0.000000000000000000e+00,0.000000000000000000e+00,0.000000000000000000e+00,0.000000000000000000e+00,0.000000000000000000e+00,0.000000000000000000e+00,0.000000000000000000e+00,0.000000000000000000e+00,0.000000000000000000e+00,0.000000000000000000e+00,0.000000000000000000e+00,0.000000000000000000e+00,0.000000000000000000e+00,0.000000000000000000e+00,0.000000000000000000e+00,0.000000000000000000e+00,0.000000000000000000e+00,0.000000000000000000e+00,0.000000000000000000e+00,0.000000000000000000e+00,0.000000000000000000e+00,0.000000000000000000e+00,0.000000000000000000e+00,0.000000000000000000e+00,0.000000000000000000e+00,0.000000000000000000e+00,0.000000000000000000e+00,0.000000000000000000e+00,0.000000000000000000e+00,0.000000000000000000e+00,0.000000000000000000e+00,0.000000000000000000e+00,0.000000000000000000e+00,0.000000000000000000e+00,0.000000000000000000e+00,0.000000000000000000e+00,0.000000000000000000e+00,0.000000000000000000e+00,0.000000000000000000e+00,0.000000000000000000e+00,0.000000000000000000e+00,0.000000000000000000e+00,0.000000000000000000e+00,0.000000000000000000e+00,0.000000000000000000e+00,0.000000000000000000e+00,0.000000000000000000e+00,0.000000000000000000e+00,0.000000000000000000e+00,0.000000000000000000e+00,0.000000000000000000e+00,0.000000000000000000e+00,0.000000000000000000e+00,0.000000000000000000e+00,0.000000000000000000e+00,0.000000000000000000e+00,0.000000000000000000e+00,0.000000000000000000e+00,0.000000000000000000e+00,0.000000000000000000e+00,0.000000000000000000e+00,0.000000000000000000e+00,0.000000000000000000e+00,0.000000000000000000e+00,0.000000000000000000e+00,0.000000000000000000e+00,0.000000000000000000e+00,0.000000000000000000e+00,0.000000000000000000e+00,0.000000000000000000e+00,0.000000000000000000e+00,0.000000000000000000e+00,0.000000000000000000e+00,0.000000000000000000e+00,0.000000000000000000e+00,0.000000000000000000e+00,0.000000000000000000e+00,0.000000000000000000e+00,0.000000000000000000e+00,0.000000000000000000e+00,0.000000000000000000e+00,0.000000000000000000e+00,0.000000000000000000e+00,0.000000000000000000e+00,0.000000000000000000e+00,0.000000000000000000e+00,0.000000000000000000e+00,0.000000000000000000e+00,0.000000000000000000e+00,0.000000000000000000e+00,0.000000000000000000e+00,0.000000000000000000e+00,0.000000000000000000e+00,0.000000000000000000e+00,0.000000000000000000e+00,0.000000000000000000e+00,0.000000000000000000e+00,0.000000000000000000e+00,0.000000000000000000e+00,0.000000000000000000e+00,0.000000000000000000e+00,0.000000000000000000e+00,0.000000000000000000e+00
0.000000000000000000e+00,0.000000000000000000e+00,0.000000000000000000e+00,0.000000000000000000e+00,0.000000000000000000e+00,0.000000000000000000e+00,0.000000000000000000e+00,0.000000000000000000e+00,0.000000000000000000e+00,0.000000000000000000e+00,0.000000000000000000e+00,0.000000000000000000e+00,0.000000000000000000e+00,0.000000000000000000e+00,0.000000000000000000e+00,0.000000000000000000e+00,0.000000000000000000e+00,0.000000000000000000e+00,0.000000000000000000e+00,0.000000000000000000e+00,0.000000000000000000e+00,0.000000000000000000e+00,0.000000000000000000e+00,0.000000000000000000e+00,0.000000000000000000e+00,0.000000000000000000e+00,0.000000000000000000e+00,0.000000000000000000e+00,0.000000000000000000e+00,0.000000000000000000e+00,0.000000000000000000e+00,0.000000000000000000e+00,0.000000000000000000e+00,0.000000000000000000e+00,0.000000000000000000e+00,0.000000000000000000e+00,0.000000000000000000e+00,0.000000000000000000e+00,0.000000000000000000e+00,0.000000000000000000e+00,0.000000000000000000e+00,0.000000000000000000e+00,0.000000000000000000e+00,0.000000000000000000e+00,0.000000000000000000e+00,0.000000000000000000e+00,0.000000000000000000e+00,0.000000000000000000e+00,0.000000000000000000e+00,0.000000000000000000e+00,0.000000000000000000e+00,0.000000000000000000e+00,0.000000000000000000e+00,0.000000000000000000e+00,0.000000000000000000e+00,0.000000000000000000e+00,0.000000000000000000e+00,0.000000000000000000e+00,0.000000000000000000e+00,0.000000000000000000e+00,0.000000000000000000e+00,0.000000000000000000e+00,0.000000000000000000e+00,0.000000000000000000e+00,0.000000000000000000e+00,0.000000000000000000e+00,0.000000000000000000e+00,0.000000000000000000e+00,0.000000000000000000e+00,0.000000000000000000e+00,0.000000000000000000e+00,0.000000000000000000e+00,0.000000000000000000e+00,0.000000000000000000e+00,0.000000000000000000e+00,0.000000000000000000e+00,0.000000000000000000e+00,0.000000000000000000e+00,0.000000000000000000e+00,0.000000000000000000e+00,0.000000000000000000e+00,0.000000000000000000e+00,0.000000000000000000e+00,0.000000000000000000e+00,0.000000000000000000e+00,0.000000000000000000e+00,0.000000000000000000e+00,0.000000000000000000e+00,0.000000000000000000e+00,0.000000000000000000e+00,0.000000000000000000e+00,0.000000000000000000e+00,0.000000000000000000e+00,0.000000000000000000e+00,0.000000000000000000e+00,0.000000000000000000e+00,0.000000000000000000e+00,0.000000000000000000e+00,0.000000000000000000e+00,0.000000000000000000e+00,0.000000000000000000e+00,0.000000000000000000e+00,0.000000000000000000e+00,0.000000000000000000e+00,0.000000000000000000e+00,0.000000000000000000e+00,0.000000000000000000e+00,0.000000000000000000e+00,0.000000000000000000e+00,0.000000000000000000e+00,0.000000000000000000e+00,0.000000000000000000e+00,0.000000000000000000e+00,0.000000000000000000e+00,0.000000000000000000e+00,0.000000000000000000e+00,0.000000000000000000e+00,0.000000000000000000e+00,0.000000000000000000e+00,0.000000000000000000e+00,0.000000000000000000e+00,0.000000000000000000e+00,0.000000000000000000e+00,0.000000000000000000e+00,0.000000000000000000e+00,0.000000000000000000e+00
0.000000000000000000e+00,0.000000000000000000e+00,0.000000000000000000e+00,0.000000000000000000e+00,0.000000000000000000e+00,0.000000000000000000e+00,0.000000000000000000e+00,0.000000000000000000e+00,-1.077166315070825914e-01,8.853799276912429489e-03,-3.566943808915649678e-03,0.000000000000000000e+00,0.000000000000000000e+00,0.000000000000000000e+00,-1.641483000717038343e-01,1.286721550685029393e-02,-5.435630083236451908e-03,0.000000000000000000e+00,0.000000000000000000e+00,0.000000000000000000e+00,-2.034544765599570204e-01,1.320016180839605861e-02,-6.737220384709088732e-03,0.000000000000000000e+00,0.000000000000000000e+00,0.000000000000000000e+00,-2.249524116712783572e-01,9.493219887922885181e-03,-7.449106056187321766e-03,0.000000000000000000e+00,0.000000000000000000e+00,0.000000000000000000e+00,-2.167813998489212246e-01,1.855563255803366514e-03,-7.178530012130331268e-03,0.000000000000000000e+00,0.000000000000000000e+00,0.000000000000000000e+00,-1.525438187511960753e-01,-8.110612108790136304e-03,-5.051357643384477014e-03,0.000000000000000000e+00,0.000000000000000000e+00,0.000000000000000000e+00,3.040380393769091805e-02,-1.452202861672291165e-02,1.006795874561871706e-03,0.000000000000000000e+00,0.000000000000000000e+00,0.000000000000000000e+00,5.976800441441154632e-01,4.808846973844337069e-03,1.979166172711312524e-02,0.000000000000000000e+00,0.000000000000000000e+00,0.000000000000000000e+00,4.058255917376807353e-02,-1.508095554758343525e-02,1.343856618699651234e-03,0.000000000000000000e+00,0.000000000000000000e+00,0.000000000000000000e+00,-1.322673817386522677e-01,-8.983478594507715229e-03,-4.379920833145885435e-03,0.000000000000000000e+00,0.000000000000000000e+00,0.000000000000000000e+00,-1.868704460872793738e-01,1.162913933159510395e-03,-6.188054448179627215e-03,0.000000000000000000e+00,0.000000000000000000e+00,0.000000000000000000e+00,-1.868682968351414175e-01,9.730095924567753324e-03,-6.187983277539584395e-03,0.000000000000000000e+00,0.000000000000000000e+00,0.000000000000000000e+00,-1.606960632188480231e-01,1.537061502223887460e-02,-5.321312222596677119e-03,0.000000000000000000e+00,0.000000000000000000e+00,0.000000000000000000e+00,-1.242150615759365778e-01,1.820368941688599307e-02,-4.113275161535581356e-03,0.000000000000000000e+00,0.000000000000000000e+00,0.000000000000000000e+00,-8.719418157485825382e-02,1.879045777950992882e-02,-2.887360491972478221e-03,0.000000000000000000e+00,0.000000000000000000e+00,0.000000000000000000e+00,-5.535503444027618791e-02,1.776962503627706885e-02,-1.833034459270789897e-03,0.000000000000000000e+00,0.000000000000000000e+00,0.000000000000000000e+00,-3.134981211883772212e-02,1.571075333608614941e-02,-1.038122123607296537e-03,0.000000000000000000e+00,0.000000000000000000e+00,0.000000000000000000e+00,-1.559390903080856011e-02,1.303283045018314643e-02,-5.163789147136343266e-04,0.000000000000000000e+00,0.000000000000000000e+00,0.000000000000000000e+00,-6.950800610540809783e-03,9.944162696032673651e-03,-2.301697969746251138e-04,0.000000000000000000e+00,0.000000000000000000e+00,0.000000000000000000e+00,-3.079106750995519101e-03,6.304230665241191203e-03,-1.019619775404107551e-04,0.000000000000000000e+00
0.000000000000000000e+00,0.000000000000000000e+00,0.000000000000000000e+00,0.000000000000000000e+00,0.000000000000000000e+00,0.000000000000000000e+00,0.000000000000000000e+00,0.000000000000000000e+00,6.982765010885395862e-02,-7.746105434486898374e-03,2.312282706598822127e-03,0.000000000000000000e+00,0.000000000000000000e+00,0.000000000000000000e+00,1.103886449590140428e-01,-1.116565911021815197e-02,3.655425241228915656e-03,0.000000000000000000e+00,0.000000000000000000e+00,0.000000000000000000e+00,1.424330770237309529e-01,-1.181680851298253648e-02,4.716549108214532389e-03,0.000000000000000000e+00,0.000000000000000000e+00,0.000000000000000000e+00,1.646445632584277730e-01,-9.470628908901820159e-03,5.452063412766971692e-03,0.000000000000000000e+00,0.000000000000000000e+00,0.000000000000000000e+00,1.671685234652394714e-01,-4.168710568436239869e-03,5.535642188928818243e-03,0.000000000000000000e+00,0.000000000000000000e+00,0.000000000000000000e+00,1.274289042742311473e-01,2.737921986429536509e-03,4.219698804339123109e-03,0.000000000000000000e+00,0.000000000000000000e+00,0.000000000000000000e+00,-9.957104400383829865e-03,5.687228222972429484e-03,-3.297209669366672714e-04,0.000000000000000000e+00,0.000000000000000000e+00,0.000000000000000000e+00,-4.769760818476944109e-01,-1.996278629161282389e-02,-1.579465360495981366e-02,0.000000000000000000e+00,0.000000000000000000e+00,0.000000000000000000e+00,-1.673233733004223303e-02,6.259649023661007124e-03,-5.540769908327271981e-04,0.000000000000000000e+00,0.000000000000000000e+00,0.000000000000000000e+00,1.138110176264620077e-01,3.721382076429581489e-03,3.768754174998561676e-03,0.000000000000000000e+00,0.000000000000000000e+00,0.000000000000000000e+00,1.467752900889679191e-01,-3.103540545861706215e-03,4.860337767341152589e-03,0.000000000000000000e+00,0.000000000000000000e+00,0.000000000000000000e+00,1.380909940235586220e-01,-8.833468052923627856e-03,4.572764756080903610e-03,0.000000000000000000e+00,0.000000000000000000e+00,0.000000000000000000e+00,1.115792749206493406e-01,-1.231275589628501137e-02,3.694851930598419803e-03,0.000000000000000000e+00,0.000000000000000000e+00,0.000000000000000000e+00,7.965077424141586704e-02,-1.370757200747830216e-02,2.637567031949714525e-03,0.000000000000000000e+00,0.000000000000000000e+00,0.000000000000000000e+00,4.945848741364013840e-02,-1.353059144665909319e-02,1.637775364956681147e-03,0.000000000000000000e+00,0.000000000000000000e+00,0.000000000000000000e+00,2.488789647168866345e-02,-1.232419397409597814e-02,8.241413326296472648e-04,0.000000000000000000e+00,0.000000000000000000e+00,0.000000000000000000e+00,7.488872874587376195e-03,-1.055010368880476140e-02,2.479875982197739248e-04,0.000000000000000000e+00,0.000000000000000000e+00,0.000000000000000000e+00,-2.764568989673665302e-03,-8.534900941479501776e-03,-9.154632951354560726e-05,0.000000000000000000e+00,0.000000000000000000e+00,0.000000000000000000e+00,-6.822958677626955910e-03,-6.429707793237086043e-03,-2.259364210813498148e-04,0.000000000000000000e+00,0.000000000000000000e+00,0.000000000000000000e+00,-6.004526127658902160e-03,-4.107095796737846548e-03,-1.988347295757846608e-04,0.000000000000000000e+00
0.000000000000000000e+00,0.000000000000000000e+00,0.000000000000000000e+00,0.000000000000000000e+00,0.000000000000000000e+00,0.000000000000000000e+00,0.000000000000000000e+00,0.000000000000000000e+00,-3.566943808915631463e-03,2.931859646398985646e-04,-1.181162830470153697e-04,0.000000000000000000e+00,0.000000000000000000e+00,0.000000000000000000e+00,-5.435630083236414611e-03,4.260867987421709281e-04,-1.799962252967498189e-04,0.000000000000000000e+00,0.000000000000000000e+00,0.000000000000000000e+00,-6.737220384709041894e-03,4.371120297801644712e-04,-2.230972710927946244e-04,0.000000000000000000e+00,0.000000000000000000e+00,0.000000000000000000e+00,-7.449106056187318296e-03,3.143598294166371002e-04,-2.466707541567174844e-04,0.000000000000000000e+00,0.000000000000000000e+00,0.000000000000000000e+00,-7.178530012130306115e-03,6.144538475382941515e-05,-2.377108606687141669e-04,0.000000000000000000e+00,0.000000000000000000e+00,0.000000000000000000e+00,-5.051357643384444922e-03,-2.685759593778501214e-04,-1.672713732373278493e-04,0.000000000000000000e+00,0.000000000000000000e+00,0.000000000000000000e+00,1.006795874561866502e-03,-4.808845146991958604e-04,3.333918134428615922e-05,0.000000000000000000e+00,0.000000000000000000e+00,0.000000000000000000e+00,1.979166172711311136e-02,1.592408405404778775e-04,6.553838927003280976e-04,0.000000000000000000e+00,0.000000000000000000e+00,0.000000000000000000e+00,1.343856618699651884e-03,-4.993929003382139003e-04,4.450065861766055607e-05,0.000000000000000000e+00,0.000000000000000000e+00,0.000000000000000000e+00,-4.379920833145855077e-03,-2.974801839500383388e-04,-1.450373194997568249e-04,0.000000000000000000e+00,0.000000000000000000e+00,0.000000000000000000e+00,-6.188054448179582112e-03,3.850889687273737730e-05,-2.049121124040704730e-04,0.000000000000000000e+00,0.000000000000000000e+00,0.000000000000000000e+00,-6.187983277539543629e-03,3.222037760808563363e-04,-2.049097556494048646e-04,0.000000000000000000e+00,0.000000000000000000e+00,0.000000000000000000e+00,-5.321312222596712681e-03,5.089847252529021990e-04,-1.762106874503429840e-04,0.000000000000000000e+00,0.000000000000000000e+00,0.000000000000000000e+00,-4.113275161535554468e-03,6.027995524601521696e-04,-1.362075769222424336e-04,0.000000000000000000e+00,0.000000000000000000e+00,0.000000000000000000e+00,-2.887360491972459572e-03,6.222298832182338686e-04,-9.561246473133206303e-05,0.000000000000000000e+00,0.000000000000000000e+00,0.000000000000000000e+00,-1.833034459270776887e-03,5.884258830144821224e-04,-6.069936299108133503e-05,0.000000000000000000e+00,0.000000000000000000e+00,0.000000000000000000e+00,-1.038122123607288514e-03,5.202481136060066111e-04,-3.437652319693934274e-05,0.000000000000000000e+00,0.000000000000000000e+00,0.000000000000000000e+00,-5.163789147136376876e-04,4.315709954583125583e-04,-1.709944459942810467e-05,0.000000000000000000e+00,0.000000000000000000e+00,0.000000000000000000e+00,-2.301697969746238940e-04,3.292924135037707928e-04,-7.621875292897788408e-06,0.000000000000000000e+00,0.000000000000000000e+00,0.000000000000000000e+00,-1.019619775404099419e-04,2.087591881285256275e-04,-3.376383381508253800e-06,0.000000000000000000e+00
0.000000000000000000e+00,0.000000000000000000e+00,0.000000000000000000e+00,0.000000000000000000e+00,0.000000000000000000e+00,0.000000000000000000e+00,0.000000000000000000e+00,0.000000000000000000e+00,0.000000000000000000e+00,0.000000000000000000e+00,0.000000000000000000e+00,0.000000000000000000e+00,0.000000000000000000e+00,0.000000000000000000e+00,0.000000000000000000e+00,0.000000000000000000e+00,0.000000000000000000e+00,0.000000000000000000e+00,0.000000000000000000e+00,0.000000000000000000e+00,0.000000000000000000e+00,0.000000000000000000e+00,0.000000000000000000e+00,0.000000000000000000e+00,0.000000000000000000e+00,0.000000000000000000e+00,0.000000000000000000e+00,0.000000000000000000e+00,0.000000000000000000e+00,0.000000000000000000e+00,0.000000000000000000e+00,0.000000000000000000e+00,0.000000000000000000e+00,0.000000000000000000e+00,0.000000000000000000e+00,0.000000000000000000e+00,0.000000000000000000e+00,0.000000000000000000e+00,0.000000000000000000e+00,0.000000000000000000e+00,0.000000000000000000e+00,0.000000000000000000e+00,0.000000000000000000e+00,0.000000000000000000e+00,0.000000000000000000e+00,0.000000000000000000e+00,0.000000000000000000e+00,0.000000000000000000e+00,0.000000000000000000e+00,0.000000000000000000e+00,0.000000000000000000e+00,0.000000000000000000e+00,0.000000000000000000e+00,0.000000000000000000e+00,0.000000000000000000e+00,0.000000000000000000e+00,0.000000000000000000e+00,0.000000000000000000e+00,0.000000000000000000e+00,0.000000000000000000e+00,0.000000000000000000e+00,0.000000000000000000e+00,0.000000000000000000e+00,0.000000000000000000e+00,0.000000000000000000e+00,0.000000000000000000e+00,0.000000000000000000e+00,0.000000000000000000e+00,0.000000000000000000e+00,0.000000000000000000e+00,0.000000000000000000e+00,0.000000000000000000e+00,0.000000000000000000e+00,0.000000000000000000e+00,0.000000000000000000e+00,0.000000000000000000e+00,0.000000000000000000e+00,0.000000000000000000e+00,0.000000000000000000e+00,0.000000000000000000e+00,0.000000000000000000e+00,0.000000000000000000e+00,0.000000000000000000e+00,0.000000000000000000e+00,0.000000000000000000e+00,0.000000000000000000e+00,0.000000000000000000e+00,0.000000000000000000e+00,0.000000000000000000e+00,0.000000000000000000e+00,0.000000000000000000e+00,0.000000000000000000e+00,0.000000000000000000e+00,0.000000000000000000e+00,0.000000000000000000e+00,0.000000000000000000e+00,0.000000000000000000e+00,0.000000000000000000e+00,0.000000000000000000e+00,0.000000000000000000e+00,0.000000000000000000e+00,0.000000000000000000e+00,0.000000000000000000e+00,0.000000000000000000e+00,0.000000000000000000e+00,0.000000000000000000e+00,0.000000000000000000e+00,0.000000000000000000e+00,0.000000000000000000e+00,0.000000000000000000e+00,0.000000000000000000e+00,0.000000000000000000e+00,0.000000000000000000e+00,0.000000000000000000e+00,0.000000000000000000e+00,0.000000000000000000e+00,0.000000000000000000e+00,0.000000000000000000e+00,0.000000000000000000e+00,0.000000000000000000e+00,0.000000000000000000e+00,0.000000000000000000e+00,0.000000000000000000e+00,0.000000000000000000e+00,0.000000000000000000e+00,0.000000000000000000e+00
0.000000000000000000e+00,0.000000000000000000e+00,0.000000000000000000e+00,0.000000000000000000e+00,0.000000000000000000e+00,0.000000000000000000e+00,0.000000000000000000e+00,0.000000000000000000e+00,0.000000000000000000e+00,0.000000000000000000e+00,0.000000000000000000e+00,0.000000000000000000e+00,0.000000000000000000e+00,0.000000000000000000e+00,0.000000000000000000e+00,0.000000000000000000e+00,0.000000000000000000e+00,0.000000000000000000e+00,0.000000000000000000e+00,0.000000000000000000e+00,0.000000000000000000e+00,0.000000000000000000e+00,0.000000000000000000e+00,0.000000000000000000e+00,0.000000000000000000e+00,0.000000000000000000e+00,0.000000000000000000e+00,0.000000000000000000e+00,0.000000000000000000e+00,0.000000000000000000e+00,0.000000000000000000e+00,0.000000000000000000e+00,0.000000000000000000e+00,0.000000000000000000e+00,0.000000000000000000e+00,0.000000000000000000e+00,0.000000000000000000e+00,0.000000000000000000e+00,0.000000000000000000e+00,0.000000000000000000e+00,0.000000000000000000e+00,0.000000000000000000e+00,0.000000000000000000e+00,0.000000000000000000e+00,0.000000000000000000e+00,0.000000000000000000e+00,0.000000000000000000e+00,0.000000000000000000e+00,0.000000000000000000e+00,0.000000000000000000e+00,0.000000000000000000e+00,0.000000000000000000e+00,0.000000000000000000e+00,0.000000000000000000e+00,0.000000000000000000e+00,0.000000000000000000e+00,0.000000000000000000e+00,0.000000000000000000e+00,0.000000000000000000e+00,0.000000000000000000e+00,0.000000000000000000e+00,0.000000000000000000e+00,0.000000000000000000e+00,0.000000000000000000e+00,0.000000000000000000e+00,0.000000000000000000e+00,0.000000000000000000e+00,0.000000000000000000e+00,0.000000000000000000e+00,0.000000000000000000e+00,0.000000000000000000e+00,0.000000000000000000e+00,0.000000000000000000e+00,0.000000000000000000e+00,0.000000000000000000e+00,0.000000000000000000e+00,0.000000000000000000e+00,0.000000000000000000e+00,0.000000000000000000e+00,0.000000000000000000e+00,0.000000000000000000e+00,0.000000000000000000e+00,0.000000000000000000e+00,0.000000000000000000e+00,0.000000000000000000e+00,0.000000000000000000e+00,0.000000000000000000e+00,0.000000000000000000e+00,0.000000000000000000e+00,0.000000000000000000e+00,0.000000000000000000e+00,0.000000000000000000e+00,0.000000000000000000e+00,0.000000000000000000e+00,0.000000000000000000e+00,0.000000000000000000e+00,0.000000000000000000e+00,0.000000000000000000e+00,0.000000000000000000e+00,0.000000000000000000e+00,0.000000000000000000e+00,0.000000000000000000e+00,0.000000000000000000e+00,0.000000000000000000e+00,0.000000000000000000e+00,0.000000000000000000e+00,0.000000000000000000e+00,0.000000000000000000e+00,0.000000000000000000e+00,0.000000000000000000e+00,0.000000000000000000e+00,0.000000000000000000e+00,0.000000000000000000e+00,0.000000000000000000e+00,0.000000000000000000e+00,0.000000000000000000e+00,0.000000000000000000e+00,0.000000000000000000e+00,0.000000000000000000e+00,0.000000000000000000e+00,0.000000000000000000e+00,0.000000000000000000e+00,0.000000000000000000e+00,0.000000000000000000e+00,0.000000000000000000e+00,0.000000000000000000e+00
0.000000000000000000e+00,0.000000000000000000e+00,0.000000000000000000e+00,0.000000000000000000e+00,0.000000000000000000e+00,0.000000000000000000e+00,0.000000000000000000e+00,0.000000000000000000e+00,0.000000000000000000e+00,0.000000000000000000e+00,0.000000000000000000e+00,0.000000000000000000e+00,0.000000000000000000e+00,0.000000000000000000e+00,0.000000000000000000e+00,0.000000000000000000e+00,0.000000000000000000e+00,0.000000000000000000e+00,0.000000000000000000e+00,0.000000000000000000e+00,0.000000000000000000e+00,0.000000000000000000e+00,0.000000000000000000e+00,0.000000000000000000e+00,0.000000000000000000e+00,0.000000000000000000e+00,0.000000000000000000e+00,0.000000000000000000e+00,0.000000000000000000e+00,0.000000000000000000e+00,0.000000000000000000e+00,0.000000000000000000e+00,0.000000000000000000e+00,0.000000000000000000e+00,0.000000000000000000e+00,0.000000000000000000e+00,0.000000000000000000e+00,0.000000000000000000e+00,0.000000000000000000e+00,0.000000000000000000e+00,0.000000000000000000e+00,0.000000000000000000e+00,0.000000000000000000e+00,0.000000000000000000e+00,0.000000000000000000e+00,0.000000000000000000e+00,0.000000000000000000e+00,0.000000000000000000e+00,0.000000000000000000e+00,0.000000000000000000e+00,0.000000000000000000e+00,0.000000000000000000e+00,0.000000000000000000e+00,0.000000000000000000e+00,0.000000000000000000e+00,0.000000000000000000e+00,0.000000000000000000e+00,0.000000000000000000e+00,0.000000000000000000e+00,0.000000000000000000e+00,0.000000000000000000e+00,0.000000000000000000e+00,0.000000000000000000e+00,0.000000000000000000e+00,0.000000000000000000e+00,0.000000000000000000e+00,0.000000000000000000e+00,0.000000000000000000e+00,0.000000000000000000e+00,0.000000000000000000e+00,0.000000000000000000e+00,0.000000000000000000e+00,0.000000000000000000e+00,0.000000000000000000e+00,0.000000000000000000e+00,0.000000000000000000e+00,0.000000000000000000e+00,0.000000000000000000e+00,0.000000000000000000e+00,0.000000000000000000e+00,0.000000000000000000e+00,0.000000000000000000e+00,0.000000000000000000e+00,0.000000000000000000e+00,0.000000000000000000e+00,0.000000000000000000e+00,0.000000000000000000e+00,0.000000000000000000e+00,0.000000000000000000e+00,0.000000000000000000e+00,0.000000000000000000e+00,0.000000000000000000e+00,0.000000000000000000e+00,0.000000000000000000e+00,0.000000000000000000e+00,0.000000000000000000e+00,0.000000000000000000e+00,0.000000000000000000e+00,0.000000000000000000e+00,0.000000000000000000e+00,0.000000000000000000e+00,0.000000000000000000e+00,0.000000000000000000e+00,0.000000000000000000e+00,0.000000000000000000e+00,0.000000000000000000e+00,0.000000000000000000e+00,0.000000000000000000e+00,0.000000000000000000e+00,0.000000000000000000e+00,0.000000000000000000e+00,0.000000000000000000e+00,0.000000000000000000e+00,0.000000000000000000e+00,0.000000000000000000e+00,0.000000000000000000e+00,0.000000000000000000e+00,0.000000000000000000e+00,0.000000000000000000e+00,0.000000000000000000e+00,0.000000000000000000e+00,0.000000000000000000e+00,0.000000000000000000e+00,0.000000000000000000e+00,0.000000000000000000e+00,0.000000000000000000e+00
0.000000000000000000e+00,0.000000000000000000e+00,0.000000000000000000e+00,0.000000000000000000e+00,0.000000000000000000e+00,0.000000000000000000e+00,0.000000000000000000e+00,0.000000000000000000e+00,-7.596796686849718871e-02,1.013431274312752428e-02,-2.515614026415949507e-03,0.000000000000000000e+00,0.000000000000000000e+00,0.000000000000000000e+00,-1.200837167726043070e-01,1.508111018035886673e-02,-3.976469223932780142e-03,0.000000000000000000e+00,0.000000000000000000e+00,0.000000000000000000e+00,-1.577059136699461295e-01,1.697813524963833268e-02,-5.222295986459749885e-03,0.000000000000000000e+00,0.000000000000000000e+00,0.000000000000000000e+00,-1.897265144544454940e-01,1.555730512027456679e-02,-6.282630701053155617e-03,0.000000000000000000e+00,0.000000000000000000e+00,0.000000000000000000e+00,-2.092692200603275821e-01,1.050666866091703490e-02,-6.929770625455460020e-03,0.000000000000000000e+00,0.000000000000000000e+00,0.000000000000000000e+00,-2.018874074877489710e-01,1.931152856539123698e-03,-6.685328237256553743e-03,0.000000000000000000e+00,0.000000000000000000e+00,0.000000000000000000e+00,-1.397697983091016061e-01,-8.618836285900093042e-03,-4.628356919230796652e-03,0.000000000000000000e+00,0.000000000000000000e+00,0.000000000000000000e+00,4.058255917379662014e-02,-1.532788441723251238e-02,1.343856618700595791e-03,0.000000000000000000e+00,0.000000000000000000e+00,0.000000000000000000e+00,6.052851308761908466e-01,3.922210297659784600e-03,2.004349764748776519e-02,0.000000000000000000e+00,0.000000000000000000e+00,0.000000000000000000e+00,4.587394329615636368e-02,-1.589559776198734564e-02,1.519076262796185701e-03,0.000000000000000000e+00,0.000000000000000000e+00,0.000000000000000000e+00,-1.289709363926981878e-01,-9.628970162835374241e-03,-4.270761874555476303e-03,0.000000000000000000e+00,0.000000000000000000e+00,0.000000000000000000e+00,-1.853024068642103173e-01,7.370701804927564174e-04,-6.136130175013921814e-03,0.000000000000000000e+00,0.000000000000000000e+00,0.000000000000000000e+00,-1.868682968352227969e-01,9.534960476188444889e-03,-6.187983277542195154e-03,0.000000000000000000e+00,0.000000000000000000e+00,0.000000000000000000e+00,-1.622171899288309960e-01,1.538177986451173818e-02,-5.371683028152373154e-03,0.000000000000000000e+00,0.000000000000000000e+00,0.000000000000000000e+00,-1.272919803146087825e-01,1.836112982023133458e-02,-4.215164684925680819e-03,0.000000000000000000e+00,0.000000000000000000e+00,0.000000000000000000e+00,-9.187601120505016483e-02,1.899363843921361705e-02,-3.042395262185405153e-03,0.000000000000000000e+00,0.000000000000000000e+00,0.000000000000000000e+00,-6.159904636034308628e-02,1.786700394969140820e-02,-2.039799555333171935e-03,0.000000000000000000e+00,0.000000000000000000e+00,0.000000000000000000e+00,-3.884656365244312098e-02,1.548172082220707936e-02,-1.286370616858894264e-03,0.000000000000000000e+00,0.000000000000000000e+00,0.000000000000000000e+00,-2.343045316351247825e-02,1.214961322637852885e-02,-7.758793482711520868e-04,0.000000000000000000e+00,0.000000000000000000e+00,0.000000000000000000e+00,-1.284957628130091976e-02,7.804118284640032543e-03,-4.255026909262577960e-04,0.000000000000000000e+00
0.000000000000000000e+00,0.000000000000000000e+00,0.000000000000000000e+00,0.000000000000000000e+00,0.000000000000000000e+00,0.000000000000000000e+00,0.000000000000000000e+00,0.000000000000000000e+00,4.464412336671766401e-02,-8.180416381642217211e-03,1.478351831276022337e-03,0.000000000000000000e+00,0.000000000000000000e+00,0.000000000000000000e+00,7.434408853969594333e-02,-1.206559505356982927e-02,2.461840689185585199e-03,0.000000000000000000e+00,0.000000000000000000e+00,0.000000000000000000e+00,1.031261868092496897e-01,-1.376812066611513355e-02,3.414935172310378658e-03,0.000000000000000000e+00,0.000000000000000000e+00,0.000000000000000000e+00,1.310325250265197694e-01,-1.312734908994703763e-02,4.339029612889404482e-03,0.000000000000000000e+00,0.000000000000000000e+00,0.000000000000000000e+00,1.526159980944700179e-01,-9.844283658439230769e-03,5.053747800391973112e-03,0.000000000000000000e+00,0.000000000000000000e+00,0.000000000000000000e+00,1.562419146827060124e-01,-3.921099936508958862e-03,5.173816916415198419e-03,0.000000000000000000e+00,0.000000000000000000e+00,0.000000000000000000e+00,1.183634617302677938e-01,3.346485212629915582e-03,3.919504454545103683e-03,0.000000000000000000e+00,0.000000000000000000e+00,0.000000000000000000e+00,-1.697926619971388412e-02,6.454722830683686310e-03,-5.622538284351907530e-04,0.000000000000000000e+00,0.000000000000000000e+00,0.000000000000000000e+00,-4.820974636898502363e-01,-1.918435583014476559e-02,-1.596424376944401841e-02,0.000000000000000000e+00,0.000000000000000000e+00,0.000000000000000000e+00,-2.023855547051177373e-02,6.947761229032574370e-03,-6.701823954845025294e-04,0.000000000000000000e+00,0.000000000000000000e+00,0.000000000000000000e+00,1.116171572418075408e-01,4.256230665330674838e-03,3.696106371152654401e-03,0.000000000000000000e+00,0.000000000000000000e+00,0.000000000000000000e+00,1.456518312422200867e-01,-2.754656773388554011e-03,4.823135391794205681e-03,0.000000000000000000e+00,0.000000000000000000e+00,0.000000000000000000e+00,1.378958585752642907e-01,-8.679311048702564868e-03,4.566303013177681891e-03,0.000000000000000000e+00,0.000000000000000000e+00,0.000000000000000000e+00,1.122789134517084148e-01,-1.234164827763942381e-02,3.718019860118025339e-03,0.000000000000000000e+00,0.000000000000000000e+00,0.000000000000000000e+00,8.130514803508899491e-02,-1.388737546463374162e-02,2.692350200327817741e-03,0.000000000000000000e+00,0.000000000000000000e+00,0.000000000000000000e+00,5.218646464946141705e-02,-1.380450642931959834e-02,1.728109989944799337e-03,0.000000000000000000e+00,0.000000000000000000e+00,0.000000000000000000e+00,2.881195912121161870e-02,-1.260143925535640343e-02,9.540832996005762200e-04,0.000000000000000000e+00,0.000000000000000000e+00,0.000000000000000000e+00,1.264490268727623545e-02,-1.068927990945060975e-02,4.187251005129570612e-04,0.000000000000000000e+00,0.000000000000000000e+00,0.000000000000000000e+00,3.414828516843125116e-03,-8.308243811240305712e-03,1.130791156968302962e-04,0.000000000000000000e+00,0.000000000000000000e+00,0.000000000000000000e+00,-3.060688239375746866e-04,-5.379028723708676428e-03,-1.013520643350647732e-05,0.000000000000000000e+00
0.000000000000000000e+00,0.000000000000000000e+00,0.000000000000000000e+00,0.000000000000000000e+00,0.000000000000000000e+00,0.000000000000000000e+00,0.000000000000000000e+00,0.000000000000000000e+00,-2.515614026415937798e-03,3.355890691247307486e-04,-8.330239956079299034e-05,0.000000000000000000e+00,0.000000000000000000e+00,0.000000000000000000e+00,-3.976469223932754121e-03,4.993980208698648284e-04,-1.316773657066872027e-04,0.000000000000000000e+00,0.000000000000000000e+00,0.000000000000000000e+00,-5.222295986459712588e-03,5.622163779940307551e-04,-1.729318497673476356e-04,0.000000000000000000e+00,0.000000000000000000e+00,0.000000000000000000e+00,-6.282630701053153882e-03,5.151668076301292847e-04,-2.080439238517343850e-04,0.000000000000000000e+00,0.000000000000000000e+00,0.000000000000000000e+00,-6.929770625455433999e-03,3.479193157829272329e-04,-2.294734070666561024e-04,0.000000000000000000e+00,0.000000000000000000e+00,0.000000000000000000e+00,-6.685328237256505171e-03,6.394846951047591303e-05,-2.213789071642402321e-04,0.000000000000000000e+00,0.000000000000000000e+00,0.000000000000000000e+00,-4.628356919230764560e-03,-2.854053668400071244e-04,-1.532640672802380096e-04,0.000000000000000000e+00,0.000000000000000000e+00,0.000000000000000000e+00,1.343856618700598827e-03,-5.075697379399309820e-04,4.450065861769187596e-05,0.000000000000000000e+00,0.000000000000000000e+00,0.000000000000000000e+00,2.004349764748777213e-02,1.298806279286847127e-04,6.637232230755437832e-04,0.000000000000000000e+00,0.000000000000000000e+00,0.000000000000000000e+00,1.519076262796177027e-03,-5.263690781344750741e-04,5.030290675674612539e-05,0.000000000000000000e+00,0.000000000000000000e+00,0.000000000000000000e+00,-4.270761874555450283e-03,-3.188550832681833055e-04,-1.414226142672958173e-04,0.000000000000000000e+00,0.000000000000000000e+00,0.000000000000000000e+00,-6.136130175013881048e-03,2.440744646635235817e-05,-2.031926846600951269e-04,0.000000000000000000e+00,0.000000000000000000e+00,0.000000000000000000e+00,-6.187983277542238522e-03,3.157420331748800389e-04,-2.049097556494913839e-04,0.000000000000000000e+00,0.000000000000000000e+00,0.000000000000000000e+00,-5.371683028152336725e-03,5.093544394229937086e-04,-1.778786734476137219e-04,0.000000000000000000e+00,0.000000000000000000e+00,0.000000000000000000e+00,-4.215164684925651328e-03,6.080130563000758423e-04,-1.395815610467438710e-04,0.000000000000000000e+00,0.000000000000000000e+00,0.000000000000000000e+00,-3.042395262185384770e-03,6.289580363927397243e-04,-1.007463080946133802e-04,0.000000000000000000e+00,0.000000000000000000e+00,0.000000000000000000e+00,-2.039799555333160225e-03,5.916505021606856349e-04,-6.754621169940799700e-05,0.000000000000000000e+00,0.000000000000000000e+00,0.000000000000000000e+00,-1.286370616858902721e-03,5.126638984667910995e-04,-4.259705900173936554e-05,0.000000000000000000e+00,0.000000000000000000e+00,0.000000000000000000e+00,-7.758793482711470995e-04,4.023240150774755287e-04,-2.569257875093607863e-05,0.000000000000000000e+00,0.000000000000000000e+00,0.000000000000000000e+00,-4.255026909262550313e-04,2.584266794270455173e-04,-1.409015643955188374e-05,0.000000000000000000e+00
0.000000000000000000e+00,0.000000000000000000e+00,0.000000000000000000e+00,0.000000000000000000e+00,0.000000000000000000e+00,0.000000000000000000e+00,0.000000000000000000e+00,0.000000000000000000e+00,0.000000000000000000e+00,0.000000000000000000e+00,0.000000000000000000e+00,0.000000000000000000e+00,0.000000000000000000e+00,0.000000000000000000e+00,0.000000000000000000e+00,0.000000000000000000e+00,0.000000000000000000e+00,0.000000000000000000e+00,0.000000000000000000e+00,0.000000000000000000e+00,0.000000000000000000e+00,0.000000000000000000e+00,0.000000000000000000e+00,0.000000000000000000e+00,0.000000000000000000e+00,0.000000000000000000e+00,0.000000000000000000e+00,0.000000000000000000e+00,0.000000000000000000e+00,0.000000000000000000e+00,0.000000000000000000e+00,0.000000000000000000e+00,0.000000000000000000e+00,0.000000000000000000e+00,0.000000000000000000e+00,0.000000000000000000e+00,0.000000000000000000e+00,0.000000000000000000e+00,0.000000000000000000e+00,0.000000000000000000e+00,0.000000000000000000e+00,0.000000000000000000e+00,0.000000000000000000e+00,0.000000000000000000e+00,0.000000000000000000e+00,0.000000000000000000e+00,0.000000000000000000e+00,0.000000000000000000e+00,0.000000000000000000e+00,0.000000000000000000e+00,0.000000000000000000e+00,0.000000000000000000e+00,0.000000000000000000e+00,0.000000000000000000e+00,0.000000000000000000e+00,0.000000000000000000e+00,0.000000000000000000e+00,0.000000000000000000e+00,0.000000000000000000e+00,0.000000000000000000e+00,0.000000000000000000e+00,0.000000000000000000e+00,0.000000000000000000e+00,0.000000000000000000e+00,0.000000000000000000e+00,0.000000000000000000e+00,0.000000000000000000e+00,0.000000000000000000e+00,0.000000000000000000e+00,0.000000000000000000e+00,0.000000000000000000e+00,0.000000000000000000e+00,0.000000000000000000e+00,0.000000000000000000e+00,0.000000000000000000e+00,0.000000000000000000e+00,0.000000000000000000e+00,0.000000000000000000e+00,0.000000000000000000e+00,0.000000000000000000e+00,0.000000000000000000e+00,0.000000000000000000e+00,0.000000000000000000e+00,0.000000000000000000e+00,0.000000000000000000e+00,0.000000000000000000e+00,0.000000000000000000e+00,0.000000000000000000e+00,0.000000000000000000e+00,0.000000000000000000e+00,0.000000000000000000e+00,0.000000000000000000e+00,0.000000000000000000e+00,0.000000000000000000e+00,0.000000000000000000e+00,0.000000000000000000e+00,0.000000000000000000e+00,0.000000000000000000e+00,0.000000000000000000e+00,0.000000000000000000e+00,0.000000000000000000e+00,0.000000000000000000e+00,0.000000000000000000e+00,0.000000000000000000e+00,0.000000000000000000e+00,0.000000000000000000e+00,0.000000000000000000e+00,0.000000000000000000e+00,0.000000000000000000e+00,0.000000000000000000e+00,0.000000000000000000e+00,0.000000000000000000e+00,0.000000000000000000e+00,0.000000000000000000e+00,0.000000000000000000e+00,0.000000000000000000e+00,0.000000000000000000e+00,0.000000000000000000e+00,0.000000000000000000e+00,0.000000000000000000e+00,0.000000000000000000e+00,0.000000000000000000e+00,0.000000000000000000e+00,0.000000000000000000e+00,0.000000000000000000e+00,0.000000000000000000e+00
0.000000000000000000e+00,0.000000000000000000e+00,0.000000000000000000e+00,0.000000000000000000e+00,0.000000000000000000e+00,0.000000000000000000e+00,0.000000000000000000e+00,0.000000000000000000e+00,0.000000000000000000e+00,0.000000000000000000e+00,0.000000000000000000e+00,0.000000000000000000e+00,0.000000000000000000e+00,0.000000000000000000e+00,0.000000000000000000e+00,0.000000000000000000e+00,0.000000000000000000e+00,0.000000000000000000e+00,0.000000000000000000e+00,0.000000000000000000e+00,0.000000000000000000e+00,0.000000000000000000e+00,0.000000000000000000e+00,0.000000000000000000e+00,0.000000000000000000e+00,0.000000000000000000e+00,0.000000000000000000e+00,0.000000000000000000e+00,0.000000000000000000e+00,0.000000000000000000e+00,0.000000000000000000e+00,0.000000000000000000e+00,0.000000000000000000e+00,0.000000000000000000e+00,0.000000000000000000e+00,0.000000000000000000e+00,0.000000000000000000e+00,0.000000000000000000e+00,0.000000000000000000e+00,0.000000000000000000e+00,0.000000000000000000e+00,0.000000000000000000e+00,0.000000000000000000e+00,0.000000000000000000e+00,0.000000000000000000e+00,0.000000000000000000e+00,0.000000000000000000e+00,0.000000000000000000e+00,0.000000000000000000e+00,0.000000000000000000e+00,0.000000000000000000e+00,0.000000000000000000e+00,0.000000000000000000e+00,0.000000000000000000e+00,0.000000000000000000e+00,0.000000000000000000e+00,0.000000000000000000e+00,0.000000000000000000e+00,0.000000000000000000e+00,0.000000000000000000e+00,0.000000000000000000e+00,0.000000000000000000e+00,0.000000000000000000e+00,0.000000000000000000e+00,0.000000000000000000e+00,0.000000000000000000e+00,0.000000000000000000e+00,0.000000000000000000e+00,0.000000000000000000e+00,0.000000000000000000e+00,0.000000000000000000e+00,0.000000000000000000e+00,0.000000000000000000e+00,0.000000000000000000e+00,0.000000000000000000e+00,0.000000000000000000e+00,0.000000000000000000e+00,0.000000000000000000e+00,0.000000000000000000e+00,0.000000000000000000e+00,0.000000000000000000e+00,0.000000000000000000e+00,0.000000000000000000e+00,0.000000000000000000e+00,0.000000000000000000e+00,0.000000000000000000e+00,0.000000000000000000e+00,0.000000000000000000e+00,0.000000000000000000e+00,0.000000000000000000e+00,0.000000000000000000e+00,0.000000000000000000e+00,0.000000000000000000e+00,0.000000000000000000e+00,0.000000000000000000e+00,0.000000000000000000e+00,0.000000000000000000e+00,0.000000000000000000e+00,0.000000000000000000e+00,0.000000000000000000e+00,0.000000000000000000e+00,0.000000000000000000e+00,0.000000000000000000e+00,0.000000000000000000e+00,0.000000000000000000e+00,0.000000000000000000e+00,0.000000000000000000e+00,0.000000000000000000e+00,0.000000000000000000e+00,0.000000000000000000e+00,0.000000000000000000e+00,0.000000000000000000e+00,0.000000000000000000e+00,0.000000000000000000e+00,0.000000000000000000e+00,0.000000000000000000e+00,0.000000000000000000e+00,0.000000000000000000e+00,0.000000000000000000e+00,0.000000000000000000e+00,0.000000000000000000e+00,0.000000000000000000e+00,0.000000000000000000e+00,0.000000000000000000e+00,0.000000000000000000e+00,0.000000000000000000e+00
0.000000000000000000e+00,0.000000000000000000e+00,0.000000000000000000e+00,0.000000000000000000e+00,0.000000000000000000e+00,0.000000000000000000e+00,0.000000000000000000e+00,0.000000000000000000e+00,0.000000000000000000e+00,0.000000000000000000e+00,0.000000000000000000e+00,0.000000000000000000e+00,0.000000000000000000e+00,0.000000000000000000e+00,0.000000000000000000e+00,0.000000000000000000e+00,0.000000000000000000e+00,0.000000000000000000e+00,0.000000000000000000e+00,0.000000000000000000e+00,0.000000000000000000e+00,0.000000000000000000e+00,0.000000000000000000e+00,0.000000000000000000e+00,0.000000000000000000e+00,0.000000000000000000e+00,0.000000000000000000e+00,0.000000000000000000e+00,0.000000000000000000e+00,0.000000000000000000e+00,0.000000000000000000e+00,0.000000000000000000e+00,0.000000000000000000e+00,0.000000000000000000e+00,0.000000000000000000e+00,0.000000000000000000e+00,0.000000000000000000e+00,0.000000000000000000e+00,0.000000000000000000e+00,0.000000000000000000e+00,0.000000000000000000e+00,0.000000000000000000e+00,0.000000000000000000e+00,0.000000000000000000e+00,0.000000000000000000e+00,0.000000000000000000e+00,0.000000000000000000e+00,0.000000000000000000e+00,0.000000000000000000e+00,0.000000000000000000e+00,0.000000000000000000e+00,0.000000000000000000e+00,0.000000000000000000e+00,0.000000000000000000e+00,0.000000000000000000e+00,0.000000000000000000e+00,0.000000000000000000e+00,0.000000000000000000e+00,0.000000000000000000e+00,0.000000000000000000e+00,0.000000000000000000e+00,0.000000000000000000e+00,0.000000000000000000e+00,0.000000000000000000e+00,0.000000000000000000e+00,0.000000000000000000e+00,0.000000000000000000e+00,0.000000000000000000e+00,0.000000000000000000e+00,0.000000000000000000e+00,0.000000000000000000e+00,0.000000000000000000e+00,0.000000000000000000e+00,0.000000000000000000e+00,0.000000000000000000e+00,0.000000000000000000e+00,0.000000000000000000e+00,0.000000000000000000e+00,0.000000000000000000e+00,0.000000000000000000e+00,0.000000000000000000e+00,0.000000000000000000e+00,0.000000000000000000e+00,0.000000000000000000e+00,0.000000000000000000e+00,0.000000000000000000e+00,0.000000000000000000e+00,0.000000000000000000e+00,0.000000000000000000e+00,0.000000000000000000e+00,0.000000000000000000e+00,0.000000000000000000e+00,0.000000000000000000e+00,0.000000000000000000e+00,0.000000000000000000e+00,0.000000000000000000e+00,0.000000000000000000e+00,0.000000000000000000e+00,0.000000000000000000e+00,0.000000000000000000e+00,0.000000000000000000e+00,0.000000000000000000e+00,0.000000000000000000e+00,0.000000000000000000e+00,0.000000000000000000e+00,0.000000000000000000e+00,0.000000000000000000e+00,0.000000000000000000e+00,0.000000000000000000e+00,0.000000000000000000e+00,0.000000000000000000e+00,0.000000000000000000e+00,0.000000000000000000e+00,0.000000000000000000e+00,0.000000000000000000e+00,0.000000000000000000e+00,0.000000000000000000e+00,0.000000000000000000e+00,0.000000000000000000e+00,0.000000000000000000e+00,0.000000000000000000e+00,0.000000000000000000e+00,0.000000000000000000e+00,0.000000000000000000e+00,0.000000000000000000e+00,0.000000000000000000e+00
0.000000000000000000e+00,0.000000000000000000e+00,0.000000000000000000e+00,0.000000000000000000e+00,0.000000000000000000e+00,0.000000000000000000e+00,0.000000000000000000e+00,0.000000000000000000e+00,-4.891667924420566027e-02,1.008089504803980074e-02,-1.619833852410799491e-03,0.000000000000000000e+00,0.000000000000000000e+00,0.000000000000000000e+00,-8.017946132790029767e-02,1.526155955740371266e-02,-2.655074051094342188e-03,0.000000000000000000e+00,0.000000000000000000e+00,0.000000000000000000e+00,-1.115446484341173772e-01,1.812368518979086407e-02,-3.693705304213744291e-03,0.000000000000000000e+00,0.000000000000000000e+00,0.000000000000000000e+00,-1.448686343660332554e-01,1.852180228775798104e-02,-4.797200499386280320e-03,0.000000000000000000e+00,0.000000000000000000e+00,0.000000000000000000e+00,-1.763968103284130895e-01,1.604746156376262584e-02,-5.841228988598934878e-03,0.000000000000000000e+00,0.000000000000000000e+00,0.000000000000000000e+00,-1.972875707242927878e-01,1.032013543008159298e-02,-6.533008590458522225e-03,0.000000000000000000e+00,0.000000000000000000e+00,0.000000000000000000e+00,-1.920485155882141470e-01,1.371312225922911854e-03,-6.359521775834404457e-03,0.000000000000000000e+00,0.000000000000000000e+00,0.000000000000000000e+00,-1.322673817386522122e-01,-9.319786052926052472e-03,-4.379920833145853343e-03,0.000000000000000000e+00,0.000000000000000000e+00,0.000000000000000000e+00,4.587394329616162336e-02,-1.600185973344651902e-02,1.519076262796349198e-03,0.000000000000000000e+00,0.000000000000000000e+00,0.000000000000000000e+00,6.086111065643382556e-01,3.387654877504177320e-03,2.015363447801682070e-02,0.000000000000000000e+00,0.000000000000000000e+00,0.000000000000000000e+00,4.746629618021522279e-02,-1.622564751192773561e-02,1.571805661979348845e-03,0.000000000000000000e+00,0.000000000000000000e+00,0.000000000000000000e+00,-1.289709363927097896e-01,-9.730117491588389719e-03,-4.270761874555862279e-03,0.000000000000000000e+00,0.000000000000000000e+00,0.000000000000000000e+00,-1.868704460873500950e-01,8.523623199702696357e-04,-6.188054448181883223e-03,0.000000000000000000e+00,0.000000000000000000e+00,0.000000000000000000e+00,-1.900786552280556985e-01,9.817628043689647505e-03,-6.294291540560721654e-03,0.000000000000000000e+00,0.000000000000000000e+00,0.000000000000000000e+00,-1.671823587819056822e-01,1.574258977226872941e-02,-5.536100333566635646e-03,0.000000000000000000e+00,0.000000000000000000e+00,0.000000000000000000e+00,-1.340602737209141693e-01,1.866311367188868905e-02,-4.439290912461472949e-03,0.000000000000000000e+00,0.000000000000000000e+00,0.000000000000000000e+00,-1.002785584950748321e-01,1.904007297129597237e-02,-3.320638404548279313e-03,0.000000000000000000e+00,0.000000000000000000e+00,0.000000000000000000e+00,-7.100247034672144131e-02,1.738371810957203140e-02,-2.351185870533833381e-03,0.000000000000000000e+00,0.000000000000000000e+00,0.000000000000000000e+00,-4.766298549879963847e-02,1.408253154253835335e-02,-1.578318859963620709e-03,0.000000000000000000e+00,0.000000000000000000e+00,0.000000000000000000e+00,-2.788210809137557644e-02,9.167467780636137653e-03,-9.232920807545855636e-04,0.000000000000000000e+00
0.000000000000000000e+00,0.000000000000000000e+00,0.000000000000000000e+00,0.000000000000000000e+00,0.000000000000000000e+00,0.000000000000000000e+00,0.000000000000000000e+00,0.000000000000000000e+00,2.436936792999127091e-02,-7.686839322155785553e-03,8.069707049774806421e-04,0.000000000000000000e+00,0.000000000000000000e+00,0.000000000000000000e+00,4.358869793995177877e-02,-1.153702954810394837e-02,1.443402324044849210e-03,0.000000000000000000e+00,0.000000000000000000e+00,0.000000000000000000e+00,6.619229616451240139e-02,-1.382305324074484081e-02,2.191901080627411871e-03,0.000000000000000000e+00,0.000000000000000000e+00,0.000000000000000000e+00,9.304268293603179529e-02,-1.447592691564755264e-02,3.081028595308023341e-03,0.000000000000000000e+00,0.000000000000000000e+00,0.000000000000000000e+00,1.213053537891779776e-01,-1.314416430066546286e-02,4.016922685316055668e-03,0.000000000000000000e+00,0.000000000000000000e+00,0.000000000000000000e+00,1.442689377981818122e-01,-9.448687890199739328e-03,4.777342062207229345e-03,0.000000000000000000e+00,0.000000000000000000e+00,0.000000000000000000e+00,1.496313740446988116e-01,-3.325305407216258731e-03,4.954914536416668396e-03,0.000000000000000000e+00,0.000000000000000000e+00,0.000000000000000000e+00,1.134747101680426418e-01,3.987064968579649010e-03,3.757617642135251644e-03,0.000000000000000000e+00,0.000000000000000000e+00,0.000000000000000000e+00,-2.034481744197614433e-02,7.031708186484873779e-03,-6.737011694745023227e-04,0.000000000000000000e+00,0.000000000000000000e+00,0.000000000000000000e+00,-4.841904290633242680e-01,-1.874128602259087645e-02,-1.603355052158385308e-02,0.000000000000000000e+00,0.000000000000000000e+00,0.000000000000000000e+00,-2.127272647046821175e-02,7.216957809932629184e-03,-7.044280806126360312e-04,0.000000000000000000e+00,0.000000000000000000e+00,0.000000000000000000e+00,1.115160099130582949e-01,4.336137055046204898e-03,3.692756964166725355e-03,0.000000000000000000e+00,0.000000000000000000e+00,0.000000000000000000e+00,1.464647384758477611e-01,-2.858204771440458862e-03,4.850054117190972548e-03,0.000000000000000000e+00,0.000000000000000000e+00,0.000000000000000000e+00,1.397014473380866761e-01,-8.939487013945361660e-03,4.626093535485093292e-03,0.000000000000000000e+00,0.000000000000000000e+00,0.000000000000000000e+00,1.152190203965013787e-01,-1.270754749295858327e-02,3.815378978366999307e-03,0.000000000000000000e+00,0.000000000000000000e+00,0.000000000000000000e+00,8.552611958166694839e-02,-1.427716556753067315e-02,2.832124050614674444e-03,0.000000000000000000e+00,0.000000000000000000e+00,0.000000000000000000e+00,5.775130514414248545e-02,-1.409402959924552397e-02,1.912384907126930041e-03,0.000000000000000000e+00,0.000000000000000000e+00,0.000000000000000000e+00,3.555858000004127883e-02,-1.260632558943988041e-02,1.177491859988565514e-03,0.000000000000000000e+00,0.000000000000000000e+00,0.000000000000000000e+00,1.992041145018956169e-02,-1.012858514993253585e-02,6.596473292857676744e-04,0.000000000000000000e+00,0.000000000000000000e+00,0.000000000000000000e+00,9.527029872449068945e-03,-6.648173836360949523e-03,3.154794180381727286e-04,0.000000000000000000e+00
0.000000000000000000e+00,0.000000000000000000e+00,0.000000000000000000e+00,0.000000000000000000e+00,0.000000000000000000e+00,0.000000000000000000e+00,0.000000000000000000e+00,0.000000000000000000e+00,-1.619833852410801659e-03,3.338201879954789649e-04,-5.363940786570908786e-05,0.000000000000000000e+00,0.000000000000000000e+00,0.000000000000000000e+00,-2.655074051094340887e-03,5.053734471273302114e-04,-8.792049859209405578e-05,0.000000000000000000e+00,0.000000000000000000e+00,0.000000000000000000e+00,-3.693705304213744725e-03,6.001502811402926107e-04,-1.223138811758873090e-04,0.000000000000000000e+00,0.000000000000000000e+00,0.000000000000000000e+00,-4.797200499386311545e-03,6.133335871715796727e-04,-1.588551775339156651e-04,0.000000000000000000e+00,0.000000000000000000e+00,0.000000000000000000e+00,-5.841228988598956562e-03,5.313979175993023898e-04,-1.934272849589773976e-04,0.000000000000000000e+00,0.000000000000000000e+00,0.000000000000000000e+00,-6.533008590458522225e-03,3.417424279284133216e-04,-2.163349727826998443e-04,0.000000000000000000e+00,0.000000000000000000e+00,0.000000000000000000e+00,-6.359521775834405324e-03,4.540982748819509703e-05,-2.105901058044625234e-04,0.000000000000000000e+00,0.000000000000000000e+00,0.000000000000000000e+00,-4.379920833145882833e-03,-3.086167168132915046e-04,-1.450373194997567978e-04,0.000000000000000000e+00,0.000000000000000000e+00,0.000000000000000000e+00,1.519076262796359607e-03,-5.298878521243105023e-04,5.030290675675180389e-05,0.000000000000000000e+00,0.000000000000000000e+00,0.000000000000000000e+00,2.015363447801682070e-02,1.121792839507969146e-04,6.673703096980381855e-04,0.000000000000000000e+00,0.000000000000000000e+00,0.000000000000000000e+00,1.571805661979348411e-03,-5.372983923519071125e-04,5.204899555782313808e-05,0.000000000000000000e+00,0.000000000000000000e+00,0.000000000000000000e+00,-4.270761874555860545e-03,-3.222044902542373058e-04,-1.414226142673093698e-04,0.000000000000000000e+00,0.000000000000000000e+00,0.000000000000000000e+00,-6.188054448181964755e-03,2.822524672033640300e-05,-2.049121124041466382e-04,0.000000000000000000e+00,0.000000000000000000e+00,0.000000000000000000e+00,-6.294291540560720787e-03,3.251023270846798352e-04,-2.084300625445850794e-04,0.000000000000000000e+00,0.000000000000000000e+00,0.000000000000000000e+00,-5.536100333566632177e-03,5.213023498678624008e-04,-1.833232114119071521e-04,0.000000000000000000e+00,0.000000000000000000e+00,0.000000000000000000e+00,-4.439290912461472081e-03,6.180129923822888982e-04,-1.470033087243247116e-04,0.000000000000000000e+00,0.000000000000000000e+00,0.000000000000000000e+00,-3.320638404548277578e-03,6.304956760720922034e-04,-1.099600909630398188e-04,0.000000000000000000e+00,0.000000000000000000e+00,0.000000000000000000e+00,-2.351185870533865040e-03,5.756469063256573976e-04,-7.785750229257021814e-05,0.000000000000000000e+00,0.000000000000000000e+00,0.000000000000000000e+00,-1.578318859963620492e-03,4.663309462681606600e-04,-5.226467451938360509e-05,0.000000000000000000e+00,0.000000000000000000e+00,0.000000000000000000e+00,-9.232920807545857804e-04,3.035728279474069228e-04,-3.057402487611098659e-05,0.000000000000000000e+00
0.000000000000000000e+00,0.000000000000000000e+00,0.000000000000000000e+00,0.000000000000000000e+00,0.000000000000000000e+00,0.000000000000000000e+00,0.000000000000000000e+00,0.000000000000000000e+00,0.000000000000000000e+00,0.000000000000000000e+00,0.000000000000000000e+00,0.000000000000000000e+00,0.000000000000000000e+00,0.000000000000000000e+00,0.000000000000000000e+00,0.000000000000000000e+00,0.000000000000000000e+00,0.000000000000000000e+00,0.000000000000000000e+00,0.000000000000000000e+00,0.000000000000000000e+00,0.000000000000000000e+00,0.000000000000000000e+00,0.000000000000000000e+00,0.000000000000000000e+00,0.000000000000000000e+00,0.000000000000000000e+00,0.000000000000000000e+00,0.000000000000000000e+00,0.000000000000000000e+00,0.000000000000000000e+00,0.000000000000000000e+00,0.000000000000000000e+00,0.000000000000000000e+00,0.000000000000000000e+00,0.000000000000000000e+00,0.000000000000000000e+00,0.000000000000000000e+00,0.000000000000000000e+00,0.000000000000000000e+00,0.000000000000000000e+00,0.000000000000000000e+00,0.000000000000000000e+00,0.000000000000000000e+00,0.000000000000000000e+00,0.000000000000000000e+00,0.000000000000000000e+00,0.000000000000000000e+00,0.000000000000000000e+00,0.000000000000000000e+00,0.000000000000000000e+00,0.000000000000000000e+00,0.000000000000000000e+00,0.000000000000000000e+00,0.000000000000000000e+00,0.000000000000000000e+00,0.000000000000000000e+00,0.000000000000000000e+00,0.000000000000000000e+00,0.000000000000000000e+00,0.000000000000000000e+00,0.000000000000000000e+00,0.000000000000000000e+00,0.000000000000000000e+00,0.000000000000000000e+00,0.000000000000000000e+00,0.000000000000000000e+00,0.000000000000000000e+00,0.000000000000000000e+00,0.000000000000000000e+00,0.000000000000000000e+00,0.000000000000000000e+00,0.000000000000000000e+00,0.000000000000000000e+00,0.000000000000000000e+00,0.000000000000000000e+00,0.000000000000000000e+00,0.000000000000000000e+00,0.000000000000000000e+00,0.000000000000000000e+00,0.000000000000000000e+00,0.000000000000000000e+00,0.000000000000000000e+00,0.000000000000000000e+00,0.000000000000000000e+00,0.000000000000000000e+00,0.000000000000000000e+00,0.000000000000000000e+00,0.000000000000000000e+00,0.000000000000000000e+00,0.000000000000000000e+00,0.000000000000000000e+00,0.000000000000000000e+00,0.000000000000000000e+00,0.000000000000000000e+00,0.000000000000000000e+00,0.000000000000000000e+00,0.000000000000000000e+00,0.000000000000000000e+00,0.000000000000000000e+00,0.000000000000000000e+00,0.000000000000000000e+00,0.000000000000000000e+00,0.000000000000000000e+00,0.000000000000000000e+00,0.000000000000000000e+00,0.000000000000000000e+00,0.000000000000000000e+00,0.000000000000000000e+00,0.000000000000000000e+00,0.000000000000000000e+00,0.000000000000000000e+00,0.000000000000000000e+00,0.000000000000000000e+00,0.000000000000000000e+00,0.000000000000000000e+00,0.000000000000000000e+00,0.000000000000000000e+00,0.000000000000000000e+00,0.000000000000000000e+00,0.000000000000000000e+00,0.000000000000000000e+00,0.000000000000000000e+00,0.000000000000000000e+00,0.000000000000000000e+00,0.000000000000000000e+00
0.000000000000000000e+00,0.000000000000000000e+00,0.000000000000000000e+00,0.000000000000000000e+00,0.000000000000000000e+00,0.000000000000000000e+00,0.000000000000000000e+00,0.000000000000000000e+00,0.000000000000000000e+00,0.000000000000000000e+00,0.000000000000000000e+00,0.000000000000000000e+00,0.000000000000000000e+00,0.000000000000000000e+00,0.000000000000000000e+00,0.000000000000000000e+00,0.000000000000000000e+00,0.000000000000000000e+00,0.000000000000000000e+00,0.000000000000000000e+00,0.000000000000000000e+00,0.000000000000000000e+00,0.000000000000000000e+00,0.000000000000000000e+00,0.000000000000000000e+00,0.000000000000000000e+00,0.000000000000000000e+00,0.000000000000000000e+00,0.000000000000000000e+00,0.000000000000000000e+00,0.000000000000000000e+00,0.000000000000000000e+00,0.000000000000000000e+00,0.000000000000000000e+00,0.000000000000000000e+00,0.000000000000000000e+00,0.000000000000000000e+00,0.000000000000000000e+00,0.000000000000000000e+00,0.000000000000000000e+00,0.000000000000000000e+00,0.000000000000000000e+00,0.000000000000000000e+00,0.000000000000000000e+00,0.000000000000000000e+00,0.000000000000000000e+00,0.000000000000000000e+00,0.000000000000000000e+00,0.000000000000000000e+00,0.000000000000000000e+00,0.000000000000000000e+00,0.000000000000000000e+00,0.000000000000000000e+00,0.000000000000000000e+00,0.000000000000000000e+00,0.000000000000000000e+00,0.000000000000000000e+00,0.000000000000000000e+00,0.000000000000000000e+00,0.000000000000000000e+00,0.000000000000000000e+00,0.000000000000000000e+00,0.000000000000000000e+00,0.000000000000000000e+00,0.000000000000000000e+00,0.000000000000000000e+00,0.000000000000000000e+00,0.000000000000000000e+00,0.000000000000000000e+00,0.000000000000000000e+00,0.000000000000000000e+00,0.000000000000000000e+00,0.000000000000000000e+00,0.000000000000000000e+00,0.000000000000000000e+00,0.000000000000000000e+00,0.000000000000000000e+00,0.000000000000000000e+00,0.000000000000000000e+00,0.000000000000000000e+00,0.000000000000000000e+00,0.000000000000000000e+00,0.000000000000000000e+00,0.000000000000000000e+00,0.000000000000000000e+00,0.000000000000000000e+00,0.000000000000000000e+00,0.000000000000000000e+00,0.000000000000000000e+00,0.000000000000000000e+00,0.000000000000000000e+00,0.000000000000000000e+00,0.000000000000000000e+00,0.000000000000000000e+00,0.000000000000000000e+00,0.000000000000000000e+00,0.000000000000000000e+00,0.000000000000000000e+00,0.000000000000000000e+00,0.000000000000000000e+00,0.000000000000000000e+00,0.000000000000000000e+00,0.000000000000000000e+00,0.000000000000000000e+00,0.000000000000000000e+00,0.000000000000000000e+00,0.000000000000000000e+00,0.000000000000000000e+00,0.000000000000000000e+00,0.000000000000000000e+00,0.000000000000000000e+00,0.000000000000000000e+00,0.000000000000000000e+00,0.000000000000000000e+00,0.000000000000000000e+00,0.000000000000000000e+00,0.000000000000000000e+00,0.000000000000000000e+00,0.000000000000000000e+00,0.000000000000000000e+00,0.000000000000000000e+00,0.000000000000000000e+00,0.000000000000000000e+00,0.000000000000000000e+00,0.000000000000000000e+00,0.000000000000000000e+00
0.000000000000000000e+00,0.000000000000000000e+00,0.000000000000000000e+00,0.000000000000000000e+00,0.000000000000000000e+00,0.000000000000000000e+00,0.000000000000000000e+00,0.000000000000000000e+00,0.000000000000000000e+00,0.000000000000000000e+00,0.000000000000000000e+00,0.000000000000000000e+00,0.000000000000000000e+00,0.000000000000000000e+00,0.000000000000000000e+00,0.000000000000000000e+00,0.000000000000000000e+00,0.000000000000000000e+00,0.000000000000000000e+00,0.000000000000000000e+00,0.000000000000000000e+00,0.000000000000000000e+00,0.000000000000000000e+00,0.000000000000000000e+00,0.000000000000000000e+00,0.000000000000000000e+00,0.000000000000000000e+00,0.000000000000000000e+00,0.000000000000000000e+00,0.000000000000000000e+00,0.000000000000000000e+00,0.000000000000000000e+00,0.000000000000000000e+00,0.000000000000000000e+00,0.000000000000000000e+00,0.000000000000000000e+00,0.000000000000000000e+00,0.000000000000000000e+00,0.000000000000000000e+00,0.000000000000000000e+00,0.000000000000000000e+00,0.000000000000000000e+00,0.000000000000000000e+00,0.000000000000000000e+00,0.000000000000000000e+00,0.000000000000000000e+00,0.000000000000000000e+00,0.000000000000000000e+00,0.000000000000000000e+00,0.000000000000000000e+00,0.000000000000000000e+00,0.000000000000000000e+00,0.000000000000000000e+00,0.000000000000000000e+00,0.000000000000000000e+00,0.000000000000000000e+00,0.000000000000000000e+00,0.000000000000000000e+00,0.000000000000000000e+00,0.000000000000000000e+00,0.000000000000000000e+00,0.000000000000000000e+00,0.000000000000000000e+00,0.000000000000000000e+00,0.000000000000000000e+00,0.000000000000000000e+00,0.000000000000000000e+00,0.000000000000000000e+00,0.000000000000000000e+00,0.000000000000000000e+00,0.000000000000000000e+00,0.000000000000000000e+00,0.000000000000000000e+00,0.000000000000000000e+00,0.000000000000000000e+00,0.000000000000000000e+00,0.000000000000000000e+00,0.000000000000000000e+00,0.000000000000000000e+00,0.000000000000000000e+00,0.000000000000000000e+00,0.000000000000000000e+00,0.000000000000000000e+00,0.000000000000000000e+00,0.000000000000000000e+00,0.000000000000000000e+00,0.000000000000000000e+00,0.000000000000000000e+00,0.000000000000000000e+00,0.000000000000000000e+00,0.000000000000000000e+00,0.000000000000000000e+00,0.000000000000000000e+00,0.000000000000000000e+00,0.000000000000000000e+00,0.000000000000000000e+00,0.000000000000000000e+00,0.000000000000000000e+00,0.000000000000000000e+00,0.000000000000000000e+00,0.000000000000000000e+00,0.000000000000000000e+00,0.000000000000000000e+00,0.000000000000000000e+00,0.000000000000000000e+00,0.000000000000000000e+00,0.000000000000000000e+00,0.000000000000000000e+00,0.000000000000000000e+00,0.000000000000000000e+00,0.000000000000000000e+00,0.000000000000000000e+00,0.000000000000000000e+00,0.000000000000000000e+00,0.000000000000000000e+00,0.000000000000000000e+00,0.000000000000000000e+00,0.000000000000000000e+00,0.000000000000000000e+00,0.000000000000000000e+00,0.000000000000000000e+00,0.000000000000000000e+00,0.000000000000000000e+00,0.000000000000000000e+00,0.000000000000000000e+00,0.000000000000000000e+00
0.000000000000000000e+00,0.000000000000000000e+00,0.000000000000000000e+00,0.000000000000000000e+00,0.000000000000000000e+00,0.000000000000000000e+00,0.000000000000000000e+00,0.000000000000000000e+00,-2.788210809139651455e-02,9.167467780633037702e-03,-9.232920807552770677e-04,0.000000000000000000e+00,0.000000000000000000e+00,0.000000000000000000e+00,-4.766298549882432012e-02,1.408253154253299999e-02,-1.578318859964438414e-03,0.000000000000000000e+00,0.000000000000000000e+00,0.000000000000000000e+00,-7.100247034667987733e-02,1.738371810957068178e-02,-2.351185870532488537e-03,0.000000000000000000e+00,0.000000000000000000e+00,0.000000000000000000e+00,-1.002785584949809627e-01,1.904007297129717280e-02,-3.320638404545148571e-03,0.000000000000000000e+00,0.000000000000000000e+00,0.000000000000000000e+00,-1.340602737209082573e-01,1.866311367188166689e-02,-4.439290912461263047e-03,0.000000000000000000e+00,0.000000000000000000e+00,0.000000000000000000e+00,-1.671823587818075385e-01,1.574258977227224743e-02,-5.536100333563386509e-03,0.000000000000000000e+00,0.000000000000000000e+00,0.000000000000000000e+00,-1.900786552280543662e-01,9.817628043685727030e-03,-6.294291540560680021e-03,0.000000000000000000e+00,0.000000000000000000e+00,0.000000000000000000e+00,-1.868704460872860074e-01,8.523623199805374639e-04,-6.188054448179804157e-03,0.000000000000000000e+00,0.000000000000000000e+00,0.000000000000000000e+00,-1.289709363926764552e-01,-9.730117491580087333e-03,-4.270761874554730372e-03,0.000000000000000000e+00,0.000000000000000000e+00,0.000000000000000000e+00,4.746629618031569797e-02,-1.622564751189714549e-02,1.571805661982675611e-03,0.000000000000000000e+00,0.000000000000000000e+00,0.000000000000000000e+00,6.086111065638519779e-01,3.387654877487489280e-03,2.015363447800071900e-02,0.000000000000000000e+00,0.000000000000000000e+00,0.000000000000000000e+00,4.587394329609255361e-02,-1.600185973342708318e-02,1.519076262794071507e-03,0.000000000000000000e+00,0.000000000000000000e+00,0.000000000000000000e+00,-1.322673817386718353e-01,-9.319786052906117030e-03,-4.379920833146472639e-03,0.000000000000000000e+00,0.000000000000000000e+00,0.000000000000000000e+00,-1.920485155882039607e-01,1.371312225940789914e-03,-6.359521775834068788e-03,0.000000000000000000e+00,0.000000000000000000e+00,0.000000000000000000e+00,-1.972875707243551269e-01,1.032013543008639470e-02,-6.533008590460586545e-03,0.000000000000000000e+00,0.000000000000000000e+00,0.000000000000000000e+00,-1.763968103283840017e-01,1.604746156377248947e-02,-5.841228988597990321e-03,0.000000000000000000e+00,0.000000000000000000e+00,0.000000000000000000e+00,-1.448686343659968956e-01,1.852180228776160315e-02,-4.797200499385109382e-03,0.000000000000000000e+00,0.000000000000000000e+00,0.000000000000000000e+00,-1.115446484341271194e-01,1.812368518978722115e-02,-3.693705304214017944e-03,0.000000000000000000e+00,0.000000000000000000e+00,0.000000000000000000e+00,-8.017946132781469948e-02,1.526155955740899489e-02,-2.655074051091508083e-03,0.000000000000000000e+00,0.000000000000000000e+00,0.000000000000000000e+00,-4.891667924415835089e-02,1.008089504804067504e-02,-1.619833852409235421e-03,0.000000000000000000e+00
0.000000000000000000e+00,0.000000000000000000e+00,0.000000000000000000e+00,0.000000000000000000e+00,0.000000000000000000e+00,0.000000000000000000e+00,0.000000000000000000e+00,0.000000000000000000e+00,9.527029872466388424e-03,-6.648173836357650947e-03,3.154794180387457295e-04,0.000000000000000000e+00,0.000000000000000000e+00,0.000000000000000000e+00,1.992041145019565057e-02,-1.012858514992836731e-02,6.596473292859693360e-04,0.000000000000000000e+00,0.000000000000000000e+00,0.000000000000000000e+00,3.555858000000104713e-02,-1.260632558943805201e-02,1.177491859987248859e-03,0.000000000000000000e+00,0.000000000000000000e+00,0.000000000000000000e+00,5.775130514405991261e-02,-1.409402959924605306e-02,1.912384907124183540e-03,0.000000000000000000e+00,0.000000000000000000e+00,0.000000000000000000e+00,8.552611958165380612e-02,-1.427716556752529897e-02,2.832124050614229487e-03,0.000000000000000000e+00,0.000000000000000000e+00,0.000000000000000000e+00,1.152190203964249121e-01,-1.270754749296156179e-02,3.815378978364467478e-03,0.000000000000000000e+00,0.000000000000000000e+00,0.000000000000000000e+00,1.397014473380972233e-01,-8.939487013942220076e-03,4.626093535485441104e-03,0.000000000000000000e+00,0.000000000000000000e+00,0.000000000000000000e+00,1.464647384757958304e-01,-2.858204771450450002e-03,4.850054117189283795e-03,0.000000000000000000e+00,0.000000000000000000e+00,0.000000000000000000e+00,1.115160099130517030e-01,4.336137055039514070e-03,3.692756964166485096e-03,0.000000000000000000e+00,0.000000000000000000e+00,0.000000000000000000e+00,-2.127272647052794174e-02,7.216957809908358668e-03,-7.044280806146137244e-04,0.000000000000000000e+00,0.000000000000000000e+00,0.000000000000000000e+00,-4.841904290629307495e-01,-1.874128602257813664e-02,-1.603355052157081490e-02,0.000000000000000000e+00,0.000000000000000000e+00,0.000000000000000000e+00,-2.034481744194821529e-02,7.031708186467449349e-03,-6.737011694735823772e-04,0.000000000000000000e+00,0.000000000000000000e+00,0.000000000000000000e+00,1.134747101680564085e-01,3.987064968564043438e-03,3.757617642135682723e-03,0.000000000000000000e+00,0.000000000000000000e+00,0.000000000000000000e+00,1.496313740446764129e-01,-3.325305407231513456e-03,4.954914536415925934e-03,0.000000000000000000e+00,0.000000000000000000e+00,0.000000000000000000e+00,1.442689377982334653e-01,-9.448687890203460310e-03,4.777342062208942385e-03,0.000000000000000000e+00,0.000000000000000000e+00,0.000000000000000000e+00,1.213053537891602834e-01,-1.314416430067354667e-02,4.016922685315483209e-03,0.000000000000000000e+00,0.000000000000000000e+00,0.000000000000000000e+00,9.304268293600265194e-02,-1.447592691565133087e-02,3.081028595307080085e-03,0.000000000000000000e+00,0.000000000000000000e+00,0.000000000000000000e+00,6.619229616452756981e-02,-1.382305324074251454e-02,2.191901080627884583e-03,0.000000000000000000e+00,0.000000000000000000e+00,0.000000000000000000e+00,4.358869793989750274e-02,-1.153702954810803191e-02,1.443402324043050952e-03,0.000000000000000000e+00,0.000000000000000000e+00,0.000000000000000000e+00,2.436936792995214249e-02,-7.686839322157324253e-03,8.069707049761862131e-04,0.000000000000000000e+00
0.000000000000000000e+00,0.000000000000000000e+00,0.000000000000000000e+00,0.000000000000000000e+00,0.000000000000000000e+00,0.000000000000000000e+00,0.000000000000000000e+00,0.000000000000000000e+00,-9.232920807552788024e-04,3.035728279473043031e-04,-3.057402487613388359e-05,0.000000000000000000e+00,0.000000000000000000e+00,0.000000000000000000e+00,-1.578318859964438414e-03,4.663309462679837724e-04,-5.226467451941069659e-05,0.000000000000000000e+00,0.000000000000000000e+00,0.000000000000000000e+00,-2.351185870532488537e-03,5.756469063256125116e-04,-7.785750229252567098e-05,0.000000000000000000e+00,0.000000000000000000e+00,0.000000000000000000e+00,-3.320638404545171556e-03,6.304956760721325357e-04,-1.099600909629361826e-04,0.000000000000000000e+00,0.000000000000000000e+00,0.000000000000000000e+00,-4.439290912461277792e-03,6.180129923820569873e-04,-1.470033087243177727e-04,0.000000000000000000e+00,0.000000000000000000e+00,0.000000000000000000e+00,-5.536100333563384775e-03,5.213023498679792778e-04,-1.833232114117995721e-04,0.000000000000000000e+00,0.000000000000000000e+00,0.000000000000000000e+00,-6.294291540560680888e-03,3.251023270845500562e-04,-2.084300625445837242e-04,0.000000000000000000e+00,0.000000000000000000e+00,0.000000000000000000e+00,-6.188054448179844923e-03,2.822524672067708643e-05,-2.049121124040777372e-04,0.000000000000000000e+00,0.000000000000000000e+00,0.000000000000000000e+00,-4.270761874554758128e-03,-3.222044902539631652e-04,-1.414226142672719649e-04,0.000000000000000000e+00,0.000000000000000000e+00,0.000000000000000000e+00,1.571805661982675611e-03,-5.372983923508946845e-04,5.204899555793329302e-05,0.000000000000000000e+00,0.000000000000000000e+00,0.000000000000000000e+00,2.015363447800071900e-02,1.121792839502465736e-04,6.673703096975054086e-04,0.000000000000000000e+00,0.000000000000000000e+00,0.000000000000000000e+00,1.519076262794073024e-03,-5.298878521236671368e-04,5.030290675667645184e-05,0.000000000000000000e+00,0.000000000000000000e+00,0.000000000000000000e+00,-4.379920833146531620e-03,-3.086167168126325265e-04,-1.450373194997772893e-04,0.000000000000000000e+00,0.000000000000000000e+00,0.000000000000000000e+00,-6.359521775834069655e-03,4.540982748878620405e-05,-2.105901058044514916e-04,0.000000000000000000e+00,0.000000000000000000e+00,0.000000000000000000e+00,-6.533008590460587413e-03,3.417424279285723740e-04,-2.163349727827682846e-04,0.000000000000000000e+00,0.000000000000000000e+00,0.000000000000000000e+00,-5.841228988597990321e-03,5.313979175996285179e-04,-1.934272849589461726e-04,0.000000000000000000e+00,0.000000000000000000e+00,0.000000000000000000e+00,-4.797200499385110249e-03,6.133335871716996939e-04,-1.588551775338770133e-04,0.000000000000000000e+00,0.000000000000000000e+00,0.000000000000000000e+00,-3.693705304214067817e-03,6.001502811401719390e-04,-1.223138811758963350e-04,0.000000000000000000e+00,0.000000000000000000e+00,0.000000000000000000e+00,-2.655074051091507650e-03,5.053734471275053101e-04,-8.792049859200024519e-05,0.000000000000000000e+00,0.000000000000000000e+00,0.000000000000000000e+00,-1.619833852409235421e-03,3.338201879955081299e-04,-5.363940786565734431e-05,0.000000000000000000e+00
0.000000000000000000e+00,0.000000000000000000e+00,0.000000000000000000e+00,0.000000000000000000e+00,0.000000000000000000e+00,0.000000000000000000e+00,0.000000000000000000e+00,0.000000000000000000e+00,0.000000000000000000e+00,0.000000000000000000e+00,0.000000000000000000e+00,0.000000000000000000e+00,0.000000000000000000e+00,0.000000000000000000e+00,0.000000000000000000e+00,0.000000000000000000e+00,0.000000000000000000e+00,0.000000000000000000e+00,0.000000000000000000e+00,0.000000000000000000e+00,0.000000000000000000e+00,0.000000000000000000e+00,0.000000000000000000e+00,0.000000000000000000e+00,0.000000000000000000e+00,0.000000000000000000e+00,0.000000000000000000e+00,0.000000000000000000e+00,0.000000000000000000e+00,0.000000000000000000e+00,0.000000000000000000e+00,0.000000000000000000e+00,0.000000000000000000e+00,0.000000000000000000e+00,0.000000000000000000e+00,0.000000000000000000e+00,0.000000000000000000e+00,0.000000000000000000e+00,0.000000000000000000e+00,0.000000000000000000e+00,0.000000000000000000e+00,0.000000000000000000e+00,0.000000000000000000e+00,0.000000000000000000e+00,0.000000000000000000e+00,0.000000000000000000e+00,0.000000000000000000e+00,0.000000000000000000e+00,0.000000000000000000e+00,0.000000000000000000e+00,0.000000000000000000e+00,0.000000000000000000e+00,0.000000000000000000e+00,0.000000000000000000e+00,0.000000000000000000e+00,0.000000000000000000e+00,0.000000000000000000e+00,0.000000000000000000e+00,0.000000000000000000e+00,0.000000000000000000e+00,0.000000000000000000e+00,0.000000000000000000e+00,0.000000000000000000e+00,0.000000000000000000e+00,0.000000000000000000e+00,0.000000000000000000e+00,0.000000000000000000e+00,0.000000000000000000e+00,0.000000000000000000e+00,0.000000000000000000e+00,0.000000000000000000e+00,0.000000000000000000e+00,0.000000000000000000e+00,0.000000000000000000e+00,0.000000000000000000e+00,0.000000000000000000e+00,0.000000000000000000e+00,0.000000000000000000e+00,0.000000000000000000e+00,0.000000000000000000e+00,0.000000000000000000e+00,0.000000000000000000e+00,0.000000000000000000e+00,0.000000000000000000e+00,0.000000000000000000e+00,0.000000000000000000e+00,0.000000000000000000e+00,0.000000000000000000e+00,0.000000000000000000e+00,0.000000000000000000e+00,0.000000000000000000e+00,0.000000000000000000e+00,0.000000000000000000e+00,0.000000000000000000e+00,0.000000000000000000e+00,0.000000000000000000e+00,0.000000000000000000e+00,0.000000000000000000e+00,0.000000000000000000e+00,0.000000000000000000e+00,0.000000000000000000e+00,0.000000000000000000e+00,0.000000000000000000e+00,0.000000000000000000e+00,0.000000000000000000e+00,0.000000000000000000e+00,0.000000000000000000e+00,0.000000000000000000e+00,0.000000000000000000e+00,0.000000000000000000e+00,0.000000000000000000e+00,0.000000000000000000e+00,0.000000000000000000e+00,0.000000000000000000e+00,0.000000000000000000e+00,0.000000000000000000e+00,0.000000000000000000e+00,0.000000000000000000e+00,0.000000000000000000e+00,0.000000000000000000e+00,0.000000000000000000e+00,0.000000000000000000e+00,0.000000000000000000e+00,0.000000000000000000e+00,0.000000000000000000e+00,0.000000000000000000e+00
0.000000000000000000e+00,0.000000000000000000e+00,0.000000000000000000e+00,0.000000000000000000e+00,0.000000000000000000e+00,0.000000000000000000e+00,0.000000000000000000e+00,0.000000000000000000e+00,0.000000000000000000e+00,0.000000000000000000e+00,0.000000000000000000e+00,0.000000000000000000e+00,0.000000000000000000e+00,0.000000000000000000e+00,0.000000000000000000e+00,0.000000000000000000e+00,0.000000000000000000e+00,0.000000000000000000e+00,0.000000000000000000e+00,0.000000000000000000e+00,0.000000000000000000e+00,0.000000000000000000e+00,0.000000000000000000e+00,0.000000000000000000e+00,0.000000000000000000e+00,0.000000000000000000e+00,0.000000000000000000e+00,0.000000000000000000e+00,0.000000000000000000e+00,0.000000000000000000e+00,0.000000000000000000e+00,0.000000000000000000e+00,0.000000000000000000e+00,0.000000000000000000e+00,0.000000000000000000e+00,0.000000000000000000e+00,0.000000000000000000e+00,0.000000000000000000e+00,0.000000000000000000e+00,0.000000000000000000e+00,0.000000000000000000e+00,0.000000000000000000e+00,0.000000000000000000e+00,0.000000000000000000e+00,0.000000000000000000e+00,0.000000000000000000e+00,0.000000000000000000e+00,0.000000000000000000e+00,0.000000000000000000e+00,0.000000000000000000e+00,0.000000000000000000e+00,0.000000000000000000e+00,0.000000000000000000e+00,0.000000000000000000e+00,0.000000000000000000e+00,0.000000000000000000e+00,0.000000000000000000e+00,0.000000000000000000e+00,0.000000000000000000e+00,0.000000000000000000e+00,0.000000000000000000e+00,0.000000000000000000e+00,0.000000000000000000e+00,0.000000000000000000e+00,0.000000000000000000e+00,0.000000000000000000e+00,0.000000000000000000e+00,0.000000000000000000e+00,0.000000000000000000e+00,0.000000000000000000e+00,0.000000000000000000e+00,0.000000000000000000e+00,0.000000000000000000e+00,0.000000000000000000e+00,0.000000000000000000e+00,0.000000000000000000e+00,0.000000000000000000e+00,0.000000000000000000e+00,0.000000000000000000e+00,0.000000000000000000e+00,0.000000000000000000e+00,0.000000000000000000e+00,0.000000000000000000e+00,0.000000000000000000e+00,0.000000000000000000e+00,0.000000000000000000e+00,0.000000000000000000e+00,0.000000000000000000e+00,0.000000000000000000e+00,0.000000000000000000e+00,0.000000000000000000e+00,0.000000000000000000e+00,0.000000000000000000e+00,0.000000000000000000e+00,0.000000000000000000e+00,0.000000000000000000e+00,0.000000000000000000e+00,0.000000000000000000e+00,0.000000000000000000e+00,0.000000000000000000e+00,0.000000000000000000e+00,0.000000000000000000e+00,0.000000000000000000e+00,0.000000000000000000e+00,0.000000000000000000e+00,0.000000000000000000e+00,0.000000000000000000e+00,0.000000000000000000e+00,0.000000000000000000e+00,0.000000000000000000e+00,0.000000000000000000e+00,0.000000000000000000e+00,0.000000000000000000e+00,0.000000000000000000e+00,0.000000000000000000e+00,0.000000000000000000e+00,0.000000000000000000e+00,0.000000000000000000e+00,0.000000000000000000e+00,0.000000000000000000e+00,0.000000000000000000e+00,0.000000000000000000e+00,0.000000000000000000e+00,0.000000000000000000e+00,0.000000000000000000e+00,0.000000000000000000e+00
0.000000000000000000e+00,0.000000000000000000e+00,0.000000000000000000e+00,0.000000000000000000e+00,0.000000000000000000e+00,0.000000000000000000e+00,0.000000000000000000e+00,0.000000000000000000e+00,0.000000000000000000e+00,0.000000000000000000e+00,0.000000000000000000e+00,0.000000000000000000e+00,0.000000000000000000e+00,0.000000000000000000e+00,0.000000000000000000e+00,0.000000000000000000e+00,0.000000000000000000e+00,0.000000000000000000e+00,0.000000000000000000e+00,0.000000000000000000e+00,0.000000000000000000e+00,0.000000000000000000e+00,0.000000000000000000e+00,0.000000000000000000e+00,0.000000000000000000e+00,0.000000000000000000e+00,0.000000000000000000e+00,0.000000000000000000e+00,0.000000000000000000e+00,0.000000000000000000e+00,0.000000000000000000e+00,0.000000000000000000e+00,0.000000000000000000e+00,0.000000000000000000e+00,0.000000000000000000e+00,0.000000000000000000e+00,0.000000000000000000e+00,0.000000000000000000e+00,0.000000000000000000e+00,0.000000000000000000e+00,0.000000000000000000e+00,0.000000000000000000e+00,0.000000000000000000e+00,0.000000000000000000e+00,0.000000000000000000e+00,0.000000000000000000e+00,0.000000000000000000e+00,0.000000000000000000e+00,0.000000000000000000e+00,0.000000000000000000e+00,0.000000000000000000e+00,0.000000000000000000e+00,0.000000000000000000e+00,0.000000000000000000e+00,0.000000000000000000e+00,0.000000000000000000e+00,0.000000000000000000e+00,0.000000000000000000e+00,0.000000000000000000e+00,0.000000000000000000e+00,0.000000000000000000e+00,0.000000000000000000e+00,0.000000000000000000e+00,0.000000000000000000e+00,0.000000000000000000e+00,0.000000000000000000e+00,0.000000000000000000e+00,0.000000000000000000e+00,0.000000000000000000e+00,0.000000000000000000e+00,0.000000000000000000e+00,0.000000000000000000e+00,0.000000000000000000e+00,0.000000000000000000e+00,0.000000000000000000e+00,0.000000000000000000e+00,0.000000000000000000e+00,0.000000000000000000e+00,0.000000000000000000e+00,0.000000000000000000e+00,0.000000000000000000e+00,0.000000000000000000e+00,0.000000000000000000e+00,0.000000000000000000e+00,0.000000000000000000e+00,0.000000000000000000e+00,0.000000000000000000e+00,0.000000000000000000e+00,0.000000000000000000e+00,0.000000000000000000e+00,0.000000000000000000e+00,0.000000000000000000e+00,0.000000000000000000e+00,0.000000000000000000e+00,0.000000000000000000e+00,0.000000000000000000e+00,0.000000000000000000e+00,0.000000000000000000e+00,0.000000000000000000e+00,0.000000000000000000e+00,0.000000000000000000e+00,0.000000000000000000e+00,0.000000000000000000e+00,0.000000000000000000e+00,0.000000000000000000e+00,0.000000000000000000e+00,0.000000000000000000e+00,0.000000000000000000e+00,0.000000000000000000e+00,0.000000000000000000e+00,0.000000000000000000e+00,0.000000000000000000e+00,0.000000000000000000e+00,0.000000000000000000e+00,0.000000000000000000e+00,0.000000000000000000e+00,0.000000000000000000e+00,0.000000000000000000e+00,0.000000000000000000e+00,0.000000000000000000e+00,0.000000000000000000e+00,0.000000000000000000e+00,0.000000000000000000e+00,0.000000000000000000e+00,0.000000000000000000e+00,0.000000000000000000e+00
0.000000000000000000e+00,0.000000000000000000e+00,0.000000000000000000e+00,0.000000000000000000e+00,0.000000000000000000e+00,0.000000000000000000e+00,0.000000000000000000e+00,0.000000000000000000e+00,-1.284957628128693269e-02,7.804118284640264129e-03,-4.255026909257938659e-04,0.000000000000000000e+00,0.000000000000000000e+00,0.000000000000000000e+00,-2.343045316349368773e-02,1.214961322637780547e-02,-7.758793482705297548e-04,0.000000000000000000e+00,0.000000000000000000e+00,0.000000000000000000e+00,-3.884656365239421566e-02,1.548172082221030074e-02,-1.286370616857292464e-03,0.000000000000000000e+00,0.000000000000000000e+00,0.000000000000000000e+00,-6.159904636033259467e-02,1.786700394969381947e-02,-2.039799555332811112e-03,0.000000000000000000e+00,0.000000000000000000e+00,0.000000000000000000e+00,-9.187601120513046171e-02,1.899363843920849615e-02,-3.042395262188052774e-03,0.000000000000000000e+00,0.000000000000000000e+00,0.000000000000000000e+00,-1.272919803145041440e-01,1.836112982024077148e-02,-4.215164684922214841e-03,0.000000000000000000e+00,0.000000000000000000e+00,0.000000000000000000e+00,-1.622171899287978281e-01,1.538177986451764317e-02,-5.371683028151275942e-03,0.000000000000000000e+00,0.000000000000000000e+00,0.000000000000000000e+00,-1.868682968351403351e-01,9.534960476201219393e-03,-6.187983277539510669e-03,0.000000000000000000e+00,0.000000000000000000e+00,0.000000000000000000e+00,-1.853024068642016853e-01,7.370701805044961585e-04,-6.136130175013596554e-03,0.000000000000000000e+00,0.000000000000000000e+00,0.000000000000000000e+00,-1.289709363927079855e-01,-9.628970162817397302e-03,-4.270761874555801564e-03,0.000000000000000000e+00,0.000000000000000000e+00,0.000000000000000000e+00,4.587394329612064225e-02,-1.589559776196246971e-02,1.519076262795001752e-03,0.000000000000000000e+00,0.000000000000000000e+00,0.000000000000000000e+00,6.052851308757027926e-01,3.922210297650118721e-03,2.004349764747173634e-02,0.000000000000000000e+00,0.000000000000000000e+00,0.000000000000000000e+00,4.058255917365210380e-02,-1.532788441721746539e-02,1.343856618695800798e-03,0.000000000000000000e+00,0.000000000000000000e+00,0.000000000000000000e+00,-1.397697983090487317e-01,-8.618836285885117174e-03,-4.628356919229045449e-03,0.000000000000000000e+00,0.000000000000000000e+00,0.000000000000000000e+00,-2.018874074877790581e-01,1.931152856540037030e-03,-6.685328237257552077e-03,0.000000000000000000e+00,0.000000000000000000e+00,0.000000000000000000e+00,-2.092692200602073727e-01,1.050666866091906279e-02,-6.929770625451501381e-03,0.000000000000000000e+00,0.000000000000000000e+00,0.000000000000000000e+00,-1.897265144543032467e-01,1.555730512026943374e-02,-6.282630701048484874e-03,0.000000000000000000e+00,0.000000000000000000e+00,0.000000000000000000e+00,-1.577059136698661657e-01,1.697813524962300119e-02,-5.222295986457033308e-03,0.000000000000000000e+00,0.000000000000000000e+00,0.000000000000000000e+00,-1.200837167723975279e-01,1.508111018035879040e-02,-3.976469223925933189e-03,0.000000000000000000e+00,0.000000000000000000e+00,0.000000000000000000e+00,-7.596796686844757562e-02,1.013431274311813422e-02,-2.515614026414311494e-03,0.000000000000000000e+00
0.000000000000000000e+00,0.000000000000000000e+00,0.000000000000000000e+00,0.000000000000000000e+00,0.000000000000000000e+00,0.000000000000000000e+00,0.000000000000000000e+00,0.000000000000000000e+00,-3.060688239487867465e-04,-5.379028723708386729e-03,-1.013520643387773017e-05,0.000000000000000000e+00,0.000000000000000000e+00,0.000000000000000000e+00,3.414828516815569901e-03,-8.308243811240090607e-03,1.130791156959177910e-04,0.000000000000000000e+00,0.000000000000000000e+00,0.000000000000000000e+00,1.264490268723049773e-02,-1.068927990945303837e-02,4.187251005114481228e-04,0.000000000000000000e+00,0.000000000000000000e+00,0.000000000000000000e+00,2.881195912120308039e-02,-1.260143925535807917e-02,9.540832996002871717e-04,0.000000000000000000e+00,0.000000000000000000e+00,0.000000000000000000e+00,5.218646464952453323e-02,-1.380450642931586175e-02,1.728109989946883607e-03,0.000000000000000000e+00,0.000000000000000000e+00,0.000000000000000000e+00,8.130514803501096011e-02,-1.388737546464139869e-02,2.692350200325235171e-03,0.000000000000000000e+00,0.000000000000000000e+00,0.000000000000000000e+00,1.122789134516889165e-01,-1.234164827764453083e-02,3.718019860117379588e-03,0.000000000000000000e+00,0.000000000000000000e+00,0.000000000000000000e+00,1.378958585751949573e-01,-8.679311048714092106e-03,4.566303013175417209e-03,0.000000000000000000e+00,0.000000000000000000e+00,0.000000000000000000e+00,1.456518312422270534e-01,-2.754656773398040347e-03,4.823135391794404307e-03,0.000000000000000000e+00,0.000000000000000000e+00,0.000000000000000000e+00,1.116171572418324237e-01,4.256230665317318335e-03,3.696106371153476660e-03,0.000000000000000000e+00,0.000000000000000000e+00,0.000000000000000000e+00,-2.023855547051058371e-02,6.947761229009962250e-03,-6.701823954844629561e-04,0.000000000000000000e+00,0.000000000000000000e+00,0.000000000000000000e+00,-4.820974636894557186e-01,-1.918435583013675810e-02,-1.596424376943105308e-02,0.000000000000000000e+00,0.000000000000000000e+00,0.000000000000000000e+00,-1.697926619958572622e-02,6.454722830672838217e-03,-5.622538284309431741e-04,0.000000000000000000e+00,0.000000000000000000e+00,0.000000000000000000e+00,1.183634617302035258e-01,3.346485212616789797e-03,3.919504454542977780e-03,0.000000000000000000e+00,0.000000000000000000e+00,0.000000000000000000e+00,1.562419146827383754e-01,-3.921099936508783655e-03,5.173816916416269611e-03,0.000000000000000000e+00,0.000000000000000000e+00,0.000000000000000000e+00,1.526159980943715966e-01,-9.844283658440929063e-03,5.053747800388732649e-03,0.000000000000000000e+00,0.000000000000000000e+00,0.000000000000000000e+00,1.310325250263999763e-01,-1.312734908994325767e-02,4.339029612885466659e-03,0.000000000000000000e+00,0.000000000000000000e+00,0.000000000000000000e+00,1.031261868091885164e-01,-1.376812066610274589e-02,3.414935172308306097e-03,0.000000000000000000e+00,0.000000000000000000e+00,0.000000000000000000e+00,7.434408853953754226e-02,-1.206559505356938344e-02,2.461840689180338528e-03,0.000000000000000000e+00,0.000000000000000000e+00,0.000000000000000000e+00,4.464412336667562820e-02,-8.180416381635031986e-03,1.478351831274633257e-03,0.000000000000000000e+00
0.000000000000000000e+00,0.000000000000000000e+00,0.000000000000000000e+00,0.000000000000000000e+00,0.000000000000000000e+00,0.000000000000000000e+00,0.000000000000000000e+00,0.000000000000000000e+00,-4.255026909257948417e-04,2.584266794270553835e-04,-1.409015643953662360e-05,0.000000000000000000e+00,0.000000000000000000e+00,0.000000000000000000e+00,-7.758793482705300800e-04,4.023240150774544952e-04,-2.569257875091565497e-05,0.000000000000000000e+00,0.000000000000000000e+00,0.000000000000000000e+00,-1.286370616857292898e-03,5.126638984669014713e-04,-4.259705900168663266e-05,0.000000000000000000e+00,0.000000000000000000e+00,0.000000000000000000e+00,-2.039799555332825858e-03,5.916505021607693354e-04,-6.754621169939649091e-05,0.000000000000000000e+00,0.000000000000000000e+00,0.000000000000000000e+00,-3.042395262188061882e-03,6.289580363925743834e-04,-1.007463080947017156e-04,0.000000000000000000e+00,0.000000000000000000e+00,0.000000000000000000e+00,-4.215164684922215708e-03,6.080130563003931883e-04,-1.395815610466301653e-04,0.000000000000000000e+00,0.000000000000000000e+00,0.000000000000000000e+00,-5.371683028151275074e-03,5.093544394231929850e-04,-1.778786734475785124e-04,0.000000000000000000e+00,0.000000000000000000e+00,0.000000000000000000e+00,-6.187983277539552303e-03,3.157420331753051546e-04,-2.049097556494038617e-04,0.000000000000000000e+00,0.000000000000000000e+00,0.000000000000000000e+00,-6.136130175013637320e-03,2.440744646674204753e-05,-2.031926846600856944e-04,0.000000000000000000e+00,0.000000000000000000e+00,0.000000000000000000e+00,-4.270761874555805034e-03,-3.188550832675891627e-04,-1.414226142673075538e-04,0.000000000000000000e+00,0.000000000000000000e+00,0.000000000000000000e+00,1.519076262795002619e-03,-5.263690781336543330e-04,5.030290675670722963e-05,0.000000000000000000e+00,0.000000000000000000e+00,0.000000000000000000e+00,2.004349764747175716e-02,1.298806279283657404e-04,6.637232230750178368e-04,0.000000000000000000e+00,0.000000000000000000e+00,0.000000000000000000e+00,1.343856618695820748e-03,-5.075697379394352848e-04,4.450065861753333850e-05,0.000000000000000000e+00,0.000000000000000000e+00,0.000000000000000000e+00,-4.628356919229047184e-03,-2.854053668395133245e-04,-1.532640672801811432e-04,0.000000000000000000e+00,0.000000000000000000e+00,0.000000000000000000e+00,-6.685328237257554679e-03,6.394846951050746331e-05,-2.213789071642749265e-04,0.000000000000000000e+00,0.000000000000000000e+00,0.000000000000000000e+00,-6.929770625451503116e-03,3.479193157829964050e-04,-2.294734070665265945e-04,0.000000000000000000e+00,0.000000000000000000e+00,0.000000000000000000e+00,-6.282630701048483139e-03,5.151668076299623176e-04,-2.080439238515811330e-04,0.000000000000000000e+00,0.000000000000000000e+00,0.000000000000000000e+00,-5.222295986457102697e-03,5.622163779935271432e-04,-1.729318497672588666e-04,0.000000000000000000e+00,0.000000000000000000e+00,0.000000000000000000e+00,-3.976469223925934056e-03,4.993980208698654789e-04,-1.316773657064613363e-04,0.000000000000000000e+00,0.000000000000000000e+00,0.000000000000000000e+00,-2.515614026414311494e-03,3.355890691244223473e-04,-8.330239956073929523e-05,0.000000000000000000e+00
0.000000000000000000e+00,0.000000000000000000e+00,0.000000000000000000e+00,0.000000000000000000e+00,0.000000000000000000e+00,0.000000000000000000e+00,0.000000000000000000e+00,0.000000000000000000e+00,0.000000000000000000e+00,0.000000000000000000e+00,0.000000000000000000e+00,0.000000000000000000e+00,0.000000000000000000e+00,0.000000000000000000e+00,0.000000000000000000e+00,0.000000000000000000e+00,0.000000000000000000e+00,0.000000000000000000e+00,0.000000000000000000e+00,0.000000000000000000e+00,0.000000000000000000e+00,0.000000000000000000e+00,0.000000000000000000e+00,0.000000000000000000e+00,0.000000000000000000e+00,0.000000000000000000e+00,0.000000000000000000e+00,0.000000000000000000e+00,0.000000000000000000e+00,0.000000000000000000e+00,0.000000000000000000e+00,0.000000000000000000e+00,0.000000000000000000e+00,0.000000000000000000e+00,0.000000000000000000e+00,0.000000000000000000e+00,0.000000000000000000e+00,0.000000000000000000e+00,0.000000000000000000e+00,0.000000000000000000e+00,0.000000000000000000e+00,0.000000000000000000e+00,0.000000000000000000e+00,0.000000000000000000e+00,0.000000000000000000e+00,0.000000000000000000e+00,0.000000000000000000e+00,0.000000000000000000e+00,0.000000000000000000e+00,0.000000000000000000e+00,0.000000000000000000e+00,0.000000000000000000e+00,0.000000000000000000e+00,0.000000000000000000e+00,0.000000000000000000e+00,0.000000000000000000e+00,0.000000000000000000e+00,0.000000000000000000e+00,0.000000000000000000e+00,0.000000000000000000e+00,0.000000000000000000e+00,0.000000000000000000e+00,0.000000000000000000e+00,0.000000000000000000e+00,0.000000000000000000e+00,0.000000000000000000e+00,0.000000000000000000e+00,0.000000000000000000e+00,0.000000000000000000e+00,0.000000000000000000e+00,0.000000000000000000e+00,0.000000000000000000e+00,0.000000000000000000e+00,0.000000000000000000e+00,0.000000000000000000e+00,0.000000000000000000e+00,0.000000000000000000e+00,0.000000000000000000e+00,0.000000000000000000e+00,0.000000000000000000e+00,0.000000000000000000e+00,0.000000000000000000e+00,0.000000000000000000e+00,0.000000000000000000e+00,0.000000000000000000e+00,0.000000000000000000e+00,0.000000000000000000e+00,0.000000000000000000e+00,0.000000000000000000e+00,0.000000000000000000e+00,0.000000000000000000e+00,0.000000000000000000e+00,0.000000000000000000e+00,0.000000000000000000e+00,0.000000000000000000e+00,0.000000000000000000e+00,0.000000000000000000e+00,0.000000000000000000e+00,0.000000000000000000e+00,0.000000000000000000e+00,0.000000000000000000e+00,0.000000000000000000e+00,0.000000000000000000e+00,0.000000000000000000e+00,0.000000000000000000e+00,0.000000000000000000e+00,0.000000000000000000e+00,0.000000000000000000e+00,0.000000000000000000e+00,0.000000000000000000e+00,0.000000000000000000e+00,0.000000000000000000e+00,0.000000000000000000e+00,0.000000000000000000e+00,0.000000000000000000e+00,0.000000000000000000e+00,0.000000000000000000e+00,0.000000000000000000e+00,0.000000000000000000e+00,0.000000000000000000e+00,0.000000000000000000e+00,0.000000000000000000e+00,0.000000000000000000e+00,0.000000000000000000e+00,0.000000000000000000e+00,0.000000000000000000e+00
0.000000000000000000e+00,0.000000000000000000e+00,0.000000000000000000e+00,0.000000000000000000e+00,0.000000000000000000e+00,0.000000000000000000e+00,0.000000000000000000e+00,0.000000000000000000e+00,0.000000000000000000e+00,0.000000000000000000e+00,0.000000000000000000e+00,0.000000000000000000e+00,0.000000000000000000e+00,0.000000000000000000e+00,0.000000000000000000e+00,0.000000000000000000e+00,0.000000000000000000e+00,0.000000000000000000e+00,0.000000000000000000e+00,0.000000000000000000e+00,0.000000000000000000e+00,0.000000000000000000e+00,0.000000000000000000e+00,0.000000000000000000e+00,0.000000000000000000e+00,0.000000000000000000e+00,0.000000000000000000e+00,0.000000000000000000e+00,0.000000000000000000e+00,0.000000000000000000e+00,0.000000000000000000e+00,0.000000000000000000e+00,0.000000000000000000e+00,0.000000000000000000e+00,0.000000000000000000e+00,0.000000000000000000e+00,0.000000000000000000e+00,0.000000000000000000e+00,0.000000000000000000e+00,0.000000000000000000e+00,0.000000000000000000e+00,0.000000000000000000e+00,0.000000000000000000e+00,0.000000000000000000e+00,0.000000000000000000e+00,0.000000000000000000e+00,0.000000000000000000e+00,0.000000000000000000e+00,0.000000000000000000e+00,0.000000000000000000e+00,0.000000000000000000e+00,0.000000000000000000e+00,0.000000000000000000e+00,0.000000000000000000e+00,0.000000000000000000e+00,0.000000000000000000e+00,0.000000000000000000e+00,0.000000000000000000e+00,0.000000000000000000e+00,0.000000000000000000e+00,0.000000000000000000e+00,0.000000000000000000e+00,0.000000000000000000e+00,0.000000000000000000e+00,0.000000000000000000e+00,0.000000000000000000e+00,0.000000000000000000e+00,0.000000000000000000e+00,0.000000000000000000e+00,0.000000000000000000e+00,0.000000000000000000e+00,0.000000000000000000e+00,0.000000000000000000e+00,0.000000000000000000e+00,0.000000000000000000e+00,0.000000000000000000e+00,0.000000000000000000e+00,0.000000000000000000e+00,0.000000000000000000e+00,0.000000000000000000e+00,0.000000000000000000e+00,0.000000000000000000e+00,0.000000000000000000e+00,0.000000000000000000e+00,0.000000000000000000e+00,0.000000000000000000e+00,0.000000000000000000e+00,0.000000000000000000e+00,0.000000000000000000e+00,0.000000000000000000e+00,0.000000000000000000e+00,0.000000000000000000e+00,0.000000000000000000e+00,0.000000000000000000e+00,0.000000000000000000e+00,0.000000000000000000e+00,0.000000000000000000e+00,0.000000000000000000e+00,0.000000000000000000e+00,0.000000000000000000e+00,0.000000000000000000e+00,0.000000000000000000e+00,0.000000000000000000e+00,0.000000000000000000e+00,0.000000000000000000e+00,0.000000000000000000e+00,0.000000000000000000e+00,0.000000000000000000e+00,0.000000000000000000e+00,0.000000000000000000e+00,0.000000000000000000e+00,0.000000000000000000e+00,0.000000000000000000e+00,0.000000000000000000e+00,0.000000000000000000e+00,0.000000000000000000e+00,0.000000000000000000e+00,0.000000000000000000e+00,0.000000000000000000e+00,0.000000000000000000e+00,0.000000000000000000e+00,0.000000000000000000e+00,0.000000000000000000e+00,0.000000000000000000e+00,0.000000000000000000e+00,0.000000000000000000e+00
0.000000000000000000e+00,0.000000000000000000e+00,0.000000000000000000e+00,0.000000000000000000e+00,0.000000000000000000e+00,0.000000000000000000e+00,0.000000000000000000e+00,0.000000000000000000e+00,0.000000000000000000e+00,0.000000000000000000e+00,0.000000000000000000e+00,0.000000000000000000e+00,0.000000000000000000e+00,0.000000000000000000e+00,0.000000000000000000e+00,0.000000000000000000e+00,0.000000000000000000e+00,0.000000000000000000e+00,0.000000000000000000e+00,0.000000000000000000e+00,0.000000000000000000e+00,0.000000000000000000e+00,0.000000000000000000e+00,0.000000000000000000e+00,0.000000000000000000e+00,0.000000000000000000e+00,0.000000000000000000e+00,0.000000000000000000e+00,0.000000000000000000e+00,0.000000000000000000e+00,0.000000000000000000e+00,0.000000000000000000e+00,0.000000000000000000e+00,0.000000000000000000e+00,0.000000000000000000e+00,0.000000000000000000e+00,0.000000000000000000e+00,0.000000000000000000e+00,0.000000000000000000e+00,0.000000000000000000e+00,0.000000000000000000e+00,0.000000000000000000e+00,0.000000000000000000e+00,0.000000000000000000e+00,0.000000000000000000e+00,0.000000000000000000e+00,0.000000000000000000e+00,0.000000000000000000e+00,0.000000000000000000e+00,0.000000000000000000e+00,0.000000000000000000e+00,0.000000000000000000e+00,0.000000000000000000e+00,0.000000000000000000e+00,0.000000000000000000e+00,0.000000000000000000e+00,0.000000000000000000e+00,0.000000000000000000e+00,0.000000000000000000e+00,0.000000000000000000e+00,0.000000000000000000e+00,0.000000000000000000e+00,0.000000000000000000e+00,0.000000000000000000e+00,0.000000000000000000e+00,0.000000000000000000e+00,0.000000000000000000e+00,0.000000000000000000e+00,0.000000000000000000e+00,0.000000000000000000e+00,0.000000000000000000e+00,0.000000000000000000e+00,0.000000000000000000e+00,0.000000000000000000e+00,0.000000000000000000e+00,0.000000000000000000e+00,0.000000000000000000e+00,0.000000000000000000e+00,0.000000000000000000e+00,0.000000000000000000e+00,0.000000000000000000e+00,0.000000000000000000e+00,0.000000000000000000e+00,0.000000000000000000e+00,0.000000000000000000e+00,0.000000000000000000e+00,0.000000000000000000e+00,0.000000000000000000e+00,0.000000000000000000e+00,0.000000000000000000e+00,0.000000000000000000e+00,0.000000000000000000e+00,0.000000000000000000e+00,0.000000000000000000e+00,0.000000000000000000e+00,0.000000000000000000e+00,0.000000000000000000e+00,0.000000000000000000e+00,0.000000000000000000e+00,0.000000000000000000e+00,0.000000000000000000e+00,0.000000000000000000e+00,0.000000000000000000e+00,0.000000000000000000e+00,0.000000000000000000e+00,0.000000000000000000e+00,0.000000000000000000e+00,0.000000000000000000e+00,0.000000000000000000e+00,0.000000000000000000e+00,0.000000000000000000e+00,0.000000000000000000e+00,0.000000000000000000e+00,0.000000000000000000e+00,0.000000000000000000e+00,0.000000000000000000e+00,0.000000000000000000e+00,0.000000000000000000e+00,0.000000000000000000e+00,0.000000000000000000e+00,0.000000000000000000e+00,0.000000000000000000e+00,0.000000000000000000e+00,0.000000000000000000e+00,0.000000000000000000e+00,0.000000000000000000e+00
0.000000000000000000e+00,0.000000000000000000e+00,0.000000000000000000e+00,0.000000000000000000e+00,0.000000000000000000e+00,0.000000000000000000e+00,0.000000000000000000e+00,0.000000000000000000e+00,-3.079106750953402184e-03,6.304230665242140964e-03,-1.019619775390158748e-04,0.000000000000000000e+00,0.000000000000000000e+00,0.000000000000000000e+00,-6.950800610544292241e-03,9.944162696030253712e-03,-2.301697969747404187e-04,0.000000000000000000e+00,0.000000000000000000e+00,0.000000000000000000e+00,-1.559390903080422851e-02,1.303283045018083751e-02,-5.163789147134979340e-04,0.000000000000000000e+00,0.000000000000000000e+00,0.000000000000000000e+00,-3.134981211886393726e-02,1.571075333608019930e-02,-1.038122123608157393e-03,0.000000000000000000e+00,0.000000000000000000e+00,0.000000000000000000e+00,-5.535503444027489034e-02,1.776962503627144488e-02,-1.833034459270740891e-03,0.000000000000000000e+00,0.000000000000000000e+00,0.000000000000000000e+00,-8.719418157472004494e-02,1.879045777951561177e-02,-2.887360491967902454e-03,0.000000000000000000e+00,0.000000000000000000e+00,0.000000000000000000e+00,-1.242150615759160803e-01,1.820368941688240566e-02,-4.113275161534903079e-03,0.000000000000000000e+00,0.000000000000000000e+00,0.000000000000000000e+00,-1.606960632188483840e-01,1.537061502223854847e-02,-5.321312222596727426e-03,0.000000000000000000e+00,0.000000000000000000e+00,0.000000000000000000e+00,-1.868682968352205487e-01,9.730095924561976695e-03,-6.187983277542166531e-03,0.000000000000000000e+00,0.000000000000000000e+00,0.000000000000000000e+00,-1.868704460873493178e-01,1.162913933158267465e-03,-6.188054448181941336e-03,0.000000000000000000e+00,0.000000000000000000e+00,0.000000000000000000e+00,-1.322673817386530171e-01,-8.983478594504207618e-03,-4.379920833145908854e-03,0.000000000000000000e+00,0.000000000000000000e+00,0.000000000000000000e+00,4.058255917367581400e-02,-1.508095554759426686e-02,1.343856618696605276e-03,0.000000000000000000e+00,0.000000000000000000e+00,0.000000000000000000e+00,5.976800441443134160e-01,4.808846973862024310e-03,1.979166172711954719e-02,0.000000000000000000e+00,0.000000000000000000e+00,0.000000000000000000e+00,3.040380393764293213e-02,-1.452202861672327594e-02,1.006795874560282699e-03,0.000000000000000000e+00,0.000000000000000000e+00,0.000000000000000000e+00,-1.525438187513072641e-01,-8.110612108797259079e-03,-5.051357643388158097e-03,0.000000000000000000e+00,0.000000000000000000e+00,0.000000000000000000e+00,-2.167813998489183103e-01,1.855563255801883325e-03,-7.178530012130261012e-03,0.000000000000000000e+00,0.000000000000000000e+00,0.000000000000000000e+00,-2.249524116712294519e-01,9.493219887926439629e-03,-7.449106056185750106e-03,0.000000000000000000e+00,0.000000000000000000e+00,0.000000000000000000e+00,-2.034544765599821114e-01,1.320016180838884043e-02,-6.737220384709829459e-03,0.000000000000000000e+00,0.000000000000000000e+00,0.000000000000000000e+00,-1.641483000715908691e-01,1.286721550685607576e-02,-5.435630083232708375e-03,0.000000000000000000e+00,0.000000000000000000e+00,0.000000000000000000e+00,-1.077166315071605707e-01,8.853799276903547705e-03,-3.566943808918238753e-03,0.000000000000000000e+00
0.000000000000000000e+00,0.000000000000000000e+00,0.000000000000000000e+00,0.000000000000000000e+00,0.000000000000000000e+00,0.000000000000000000e+00,0.000000000000000000e+00,0.000000000000000000e+00,-6.004526127692939169e-03,-4.107095796738157931e-03,-1.988347295769113908e-04,0.000000000000000000e+00,0.000000000000000000e+00,0.000000000000000000e+00,-6.822958677631400272e-03,-6.429707793235189990e-03,-2.259364210814970766e-04,0.000000000000000000e+00,0.000000000000000000e+00,0.000000000000000000e+00,-2.764568989680945069e-03,-8.534900941477246636e-03,-9.154632951378783158e-05,0.000000000000000000e+00,0.000000000000000000e+00,0.000000000000000000e+00,7.488872874610376026e-03,-1.055010368879917733e-02,2.479875982205338963e-04,0.000000000000000000e+00,0.000000000000000000e+00,0.000000000000000000e+00,2.488789647168157190e-02,-1.232419397409156500e-02,8.241413326294092824e-04,0.000000000000000000e+00,0.000000000000000000e+00,0.000000000000000000e+00,4.945848741353348760e-02,-1.353059144666317673e-02,1.637775364953149900e-03,0.000000000000000000e+00,0.000000000000000000e+00,0.000000000000000000e+00,7.965077424140584728e-02,-1.370757200747485700e-02,2.637567031949382759e-03,0.000000000000000000e+00,0.000000000000000000e+00,0.000000000000000000e+00,1.115792749206502565e-01,-1.231275589628473208e-02,3.694851930598474880e-03,0.000000000000000000e+00,0.000000000000000000e+00,0.000000000000000000e+00,1.380909940236361988e-01,-8.833468052917639590e-03,4.572764756083443245e-03,0.000000000000000000e+00,0.000000000000000000e+00,0.000000000000000000e+00,1.467752900890345880e-01,-3.103540545859019562e-03,4.860337767343360024e-03,0.000000000000000000e+00,0.000000000000000000e+00,0.000000000000000000e+00,1.138110176264410939e-01,3.721382076426472865e-03,3.768754174997869522e-03,0.000000000000000000e+00,0.000000000000000000e+00,0.000000000000000000e+00,-1.673233732998923029e-02,6.259649023670081462e-03,-5.540769908309758863e-04,0.000000000000000000e+00,0.000000000000000000e+00,0.000000000000000000e+00,-4.769760818478622211e-01,-1.996278629162596963e-02,-1.579465360496525375e-02,0.000000000000000000e+00,0.000000000000000000e+00,0.000000000000000000e+00,-9.957104400366250177e-03,5.687228222971562989e-03,-3.297209669360853259e-04,0.000000000000000000e+00,0.000000000000000000e+00,0.000000000000000000e+00,1.274289042743468325e-01,2.737921986437513635e-03,4.219698804342957715e-03,0.000000000000000000e+00,0.000000000000000000e+00,0.000000000000000000e+00,1.671685234652406926e-01,-4.168710568435552918e-03,5.535642188928875489e-03,0.000000000000000000e+00,0.000000000000000000e+00,0.000000000000000000e+00,1.646445632583890817e-01,-9.470628908905896759e-03,5.452063412765726161e-03,0.000000000000000000e+00,0.000000000000000000e+00,0.000000000000000000e+00,1.424330770237635380e-01,-1.181680851297720047e-02,4.716549108215549804e-03,0.000000000000000000e+00,0.000000000000000000e+00,0.000000000000000000e+00,1.103886449589364105e-01,-1.116565911022305777e-02,3.655425241226345229e-03,0.000000000000000000e+00,0.000000000000000000e+00,0.000000000000000000e+00,6.982765010892320878e-02,-7.746105434480250046e-03,2.312282706601118901e-03,0.000000000000000000e+00
0.000000000000000000e+00,0.000000000000000000e+00,0.000000000000000000e+00,0.000000000000000000e+00,0.000000000000000000e+00,0.000000000000000000e+00,0.000000000000000000e+00,0.000000000000000000e+00,-1.019619775390146821e-04,2.087591881285558225e-04,-3.376383381462049847e-06,0.000000000000000000e+00,0.000000000000000000e+00,0.000000000000000000e+00,-2.301697969747373829e-04,3.292924135036883393e-04,-7.621875292901545847e-06,0.000000000000000000e+00,0.000000000000000000e+00,0.000000000000000000e+00,-5.163789147134909951e-04,4.315709954582337368e-04,-1.709944459942348664e-05,0.000000000000000000e+00,0.000000000000000000e+00,0.000000000000000000e+00,-1.038122123608150454e-03,5.202481136058064674e-04,-3.437652319696764719e-05,0.000000000000000000e+00,0.000000000000000000e+00,0.000000000000000000e+00,-1.833034459270721809e-03,5.884258830142921701e-04,-6.069936299107930215e-05,0.000000000000000000e+00,0.000000000000000000e+00,0.000000000000000000e+00,-2.887360491967864724e-03,6.222298832184178577e-04,-9.561246473117988171e-05,0.000000000000000000e+00,0.000000000000000000e+00,0.000000000000000000e+00,-4.113275161534848436e-03,6.027995524600291127e-04,-1.362075769222189877e-04,0.000000000000000000e+00,0.000000000000000000e+00,0.000000000000000000e+00,-5.321312222596690997e-03,5.089847252528881044e-04,-1.762106874503434719e-04,0.000000000000000000e+00,0.000000000000000000e+00,0.000000000000000000e+00,-6.187983277542125765e-03,3.222037760806630772e-04,-2.049097556494890258e-04,0.000000000000000000e+00,0.000000000000000000e+00,0.000000000000000000e+00,-6.188054448181858069e-03,3.850889687269666551e-05,-2.049121124041457980e-04,0.000000000000000000e+00,0.000000000000000000e+00,0.000000000000000000e+00,-4.379920833145853343e-03,-2.974801839499192934e-04,-1.450373194997566894e-04,0.000000000000000000e+00,0.000000000000000000e+00,0.000000000000000000e+00,1.343856618696587929e-03,-4.993929003385694102e-04,4.450065861755937290e-05,0.000000000000000000e+00,0.000000000000000000e+00,0.000000000000000000e+00,1.979166172711954719e-02,1.592408405410620457e-04,6.553838927005365897e-04,0.000000000000000000e+00,0.000000000000000000e+00,0.000000000000000000e+00,1.006795874560266002e-03,-4.808845146992025824e-04,3.333918134423316884e-05,0.000000000000000000e+00,0.000000000000000000e+00,0.000000000000000000e+00,-5.051357643388089576e-03,-2.685759593780846343e-04,-1.672713732374485752e-04,0.000000000000000000e+00,0.000000000000000000e+00,0.000000000000000000e+00,-7.178530012130163000e-03,6.144538475377932501e-05,-2.377108606687101825e-04,0.000000000000000000e+00,0.000000000000000000e+00,0.000000000000000000e+00,-7.449106056185651227e-03,3.143598294167539772e-04,-2.466707541566639790e-04,0.000000000000000000e+00,0.000000000000000000e+00,0.000000000000000000e+00,-6.737220384709830326e-03,4.371120297799234531e-04,-2.230972710928177721e-04,0.000000000000000000e+00,0.000000000000000000e+00,0.000000000000000000e+00,-5.435630083232635516e-03,4.260867987423596877e-04,-1.799962252966247562e-04,0.000000000000000000e+00,0.000000000000000000e+00,0.000000000000000000e+00,-3.566943808918191048e-03,2.931859646396026858e-04,-1.181162830471002898e-04,0.000000000000000000e+00
0.000000000000000000e+00,0.000000000000000000e+00,0.000000000000000000e+00,0.000000000000000000e+00,0.000000000000000000e+00,0.000000000000000000e+00,0.000000000000000000e+00,0.000000000000000000e+00,0.000000000000000000e+00,0.000000000000000000e+00,0.000000000000000000e+00,0.000000000000000000e+00,0.000000000000000000e+00,0.000000000000000000e+00,0.000000000000000000e+00,0.000000000000000000e+00,0.000000000000000000e+00,0.000000000000000000e+00,0.000000000000000000e+00,0.000000000000000000e+00,0.000000000000000000e+00,0.000000000000000000e+00,0.000000000000000000e+00,0.000000000000000000e+00,0.000000000000000000e+00,0.000000000000000000e+00,0.000000000000000000e+00,0.000000000000000000e+00,0.000000000000000000e+00,0.000000000000000000e+00,0.000000000000000000e+00,0.000000000000000000e+00,0.000000000000000000e+00,0.000000000000000000e+00,0.000000000000000000e+00,0.000000000000000000e+00,0.000000000000000000e+00,0.000000000000000000e+00,0.000000000000000000e+00,0.000000000000000000e+00,0.000000000000000000e+00,0.000000000000000000e+00,0.000000000000000000e+00,0.000000000000000000e+00,0.000000000000000000e+00,0.000000000000000000e+00,0.000000000000000000e+00,0.000000000000000000e+00,0.000000000000000000e+00,0.000000000000000000e+00,0.000000000000000000e+00,0.000000000000000000e+00,0.000000000000000000e+00,0.000000000000000000e+00,0.000000000000000000e+00,0.000000000000000000e+00,0.000000000000000000e+00,0.000000000000000000e+00,0.000000000000000000e+00,0.000000000000000000e+00,0.000000000000000000e+00,0.000000000000000000e+00,0.000000000000000000e+00,0.000000000000000000e+00,0.000000000000000000e+00,0.000000000000000000e+00,0.000000000000000000e+00,0.000000000000000000e+00,0.000000000000000000e+00,0.000000000000000000e+00,0.000000000000000000e+00,0.000000000000000000e+00,0.000000000000000000e+00,0.000000000000000000e+00,0.000000000000000000e+00,0.000000000000000000e+00,0.000000000000000000e+00,0.000000000000000000e+00,0.000000000000000000e+00,0.000000000000000000e+00,0.000000000000000000e+00,0.000000000000000000e+00,0.000000000000000000e+00,0.000000000000000000e+00,0.000000000000000000e+00,0.000000000000000000e+00,0.000000000000000000e+00,0.000000000000000000e+00,0.000000000000000000e+00,0.000000000000000000e+00,0.000000000000000000e+00,0.000000000000000000e+00,0.000000000000000000e+00,0.000000000000000000e+00,0.000000000000000000e+00,0.000000000000000000e+00,0.000000000000000000e+00,0.000000000000000000e+00,0.000000000000000000e+00,0.000000000000000000e+00,0.000000000000000000e+00,0.000000000000000000e+00,0.000000000000000000e+00,0.000000000000000000e+00,0.000000000000000000e+00,0.000000000000000000e+00,0.000000000000000000e+00,0.000000000000000000e+00,0.000000000000000000e+00,0.000000000000000000e+00,0.000000000000000000e+00,0.000000000000000000e+00,0.000000000000000000e+00,0.000000000000000000e+00,0.000000000000000000e+00,0.000000000000000000e+00,0.000000000000000000e+00,0.000000000000000000e+00,0.000000000000000000e+00,0.000000000000000000e+00,0.000000000000000000e+00,0.000000000000000000e+00,0.000000000000000000e+00,0.000000000000000000e+00,0.000000000000000000e+00,0.000000000000000000e+00
0.000000000000000000e+00,0.000000000000000000e+00,0.000000000000000000e+00,0.000000000000000000e+00,0.000000000000000000e+00,0.000000000000000000e+00,0.000000000000000000e+00,0.000000000000000000e+00,0.000000000000000000e+00,0.000000000000000000e+00,0.000000000000000000e+00,0.000000000000000000e+00,0.000000000000000000e+00,0.000000000000000000e+00,0.000000000000000000e+00,0.000000000000000000e+00,0.000000000000000000e+00,0.000000000000000000e+00,0.000000000000000000e+00,0.000000000000000000e+00,0.000000000000000000e+00,0.000000000000000000e+00,0.000000000000000000e+00,0.000000000000000000e+00,0.000000000000000000e+00,0.000000000000000000e+00,0.000000000000000000e+00,0.000000000000000000e+00,0.000000000000000000e+00,0.000000000000000000e+00,0.000000000000000000e+00,0.000000000000000000e+00,0.000000000000000000e+00,0.000000000000000000e+00,0.000000000000000000e+00,0.000000000000000000e+00,0.000000000000000000e+00,0.000000000000000000e+00,0.000000000000000000e+00,0.000000000000000000e+00,0.000000000000000000e+00,0.000000000000000000e+00,0.000000000000000000e+00,0.000000000000000000e+00,0.000000000000000000e+00,0.000000000000000000e+00,0.000000000000000000e+00,0.000000000000000000e+00,0.000000000000000000e+00,0.000000000000000000e+00,0.000000000000000000e+00,0.000000000000000000e+00,0.000000000000000000e+00,0.000000000000000000e+00,0.000000000000000000e+00,0.000000000000000000e+00,0.000000000000000000e+00,0.000000000000000000e+00,0.000000000000000000e+00,0.000000000000000000e+00,0.000000000000000000e+00,0.000000000000000000e+00,0.000000000000000000e+00,0.000000000000000000e+00,0.000000000000000000e+00,0.000000000000000000e+00,0.000000000000000000e+00,0.000000000000000000e+00,0.000000000000000000e+00,0.000000000000000000e+00,0.000000000000000000e+00,0.000000000000000000e+00,0.000000000000000000e+00,0.000000000000000000e+00,0.000000000000000000e+00,0.000000000000000000e+00,0.000000000000000000e+00,0.000000000000000000e+00,0.000000000000000000e+00,0.000000000000000000e+00,0.000000000000000000e+00,0.000000000000000000e+00,0.000000000000000000e+00,0.000000000000000000e+00,0.000000000000000000e+00,0.000000000000000000e+00,0.000000000000000000e+00,0.000000000000000000e+00,0.000000000000000000e+00,0.000000000000000000e+00,0.000000000000000000e+00,0.000000000000000000e+00,0.000000000000000000e+00,0.000000000000000000e+00,0.000000000000000000e+00,0.000000000000000000e+00,0.000000000000000000e+00,0.000000000000000000e+00,0.000000000000000000e+00,0.000000000000000000e+00,0.000000000000000000e+00,0.000000000000000000e+00,0.000000000000000000e+00,0.000000000000000000e+00,0.000000000000000000e+00,0.000000000000000000e+00,0.000000000000000000e+00,0.000000000000000000e+00,0.000000000000000000e+00,0.000000000000000000e+00,0.000000000000000000e+00,0.000000000000000000e+00,0.000000000000000000e+00,0.000000000000000000e+00,0.000000000000000000e+00,0.000000000000000000e+00,0.000000000000000000e+00,0.000000000000000000e+00,0.000000000000000000e+00,0.000000000000000000e+00,0.000000000000000000e+00,0.000000000000000000e+00,0.000000000000000000e+00,0.000000000000000000e+00,0.000000000000000000e+00,0.000000000000000000e+00
0.000000000000000000e+00,0.000000000000000000e+00,0.000000000000000000e+00,0.000000000000000000e+00,0.000000000000000000e+00,0.000000000000000000e+00,0.000000000000000000e+00,0.000000000000000000e+00,0.000000000000000000e+00,0.000000000000000000e+00,0.000000000000000000e+00,0.000000000000000000e+00,0.000000000000000000e+00,0.000000000000000000e+00,0.000000000000000000e+00,0.000000000000000000e+00,0.000000000000000000e+00,0.000000000000000000e+00,0.000000000000000000e+00,0.000000000000000000e+00,0.000000000000000000e+00,0.000000000000000000e+00,0.000000000000000000e+00,0.000000000000000000e+00,0.000000000000000000e+00,0.000000000000000000e+00,0.000000000000000000e+00,0.000000000000000000e+00,0.000000000000000000e+00,0.000000000000000000e+00,0.000000000000000000e+00,0.000000000000000000e+00,0.000000000000000000e+00,0.000000000000000000e+00,0.000000000000000000e+00,0.000000000000000000e+00,0.000000000000000000e+00,0.000000000000000000e+00,0.000000000000000000e+00,0.000000000000000000e+00,0.000000000000000000e+00,0.000000000000000000e+00,0.000000000000000000e+00,0.000000000000000000e+00,0.000000000000000000e+00,0.000000000000000000e+00,0.000000000000000000e+00,0.000000000000000000e+00,0.000000000000000000e+00,0.000000000000000000e+00,0.000000000000000000e+00,0.000000000000000000e+00,0.000000000000000000e+00,0.000000000000000000e+00,0.000000000000000000e+00,0.000000000000000000e+00,0.000000000000000000e+00,0.000000000000000000e+00,0.000000000000000000e+00,0.000000000000000000e+00,0.000000000000000000e+00,0.000000000000000000e+00,0.000000000000000000e+00,0.000000000000000000e+00,0.000000000000000000e+00,0.000000000000000000e+00,0.000000000000000000e+00,0.000000000000000000e+00,0.000000000000000000e+00,0.000000000000000000e+00,0.000000000000000000e+00,0.000000000000000000e+00,0.000000000000000000e+00,0.000000000000000000e+00,0.000000000000000000e+00,0.000000000000000000e+00,0.000000000000000000e+00,0.000000000000000000e+00,0.000000000000000000e+00,0.000000000000000000e+00,0.000000000000000000e+00,0.000000000000000000e+00,0.000000000000000000e+00,0.000000000000000000e+00,0.000000000000000000e+00,0.000000000000000000e+00,0.000000000000000000e+00,0.000000000000000000e+00,0.000000000000000000e+00,0.000000000000000000e+00,0.000000000000000000e+00,0.000000000000000000e+00,0.000000000000000000e+00,0.000000000000000000e+00,0.000000000000000000e+00,0.000000000000000000e+00,0.000000000000000000e+00,0.000000000000000000e+00,0.000000000000000000e+00,0.000000000000000000e+00,0.000000000000000000e+00,0.000000000000000000e+00,0.000000000000000000e+00,0.000000000000000000e+00,0.000000000000000000e+00,0.000000000000000000e+00,0.000000000000000000e+00,0.000000000000000000e+00,0.000000000000000000e+00,0.000000000000000000e+00,0.000000000000000000e+00,0.000000000000000000e+00,0.000000000000000000e+00,0.000000000000000000e+00,0.000000000000000000e+00,0.000000000000000000e+00,0.000000000000000000e+00,0.000000000000000000e+00,0.000000000000000000e+00,0.000000000000000000e+00,0.000000000000000000e+00,0.000000000000000000e+00,0.000000000000000000e+00,0.000000000000000000e+00,0.000000000000000000e+00,0.000000000000000000e+00
0.000000000000000000e+00,0.000000000000000000e+00,0.000000000000000000e+00,0.000000000000000000e+00,0.000000000000000000e+00,0.000000000000000000e+00,0.000000000000000000e+00,0.000000000000000000e+00,2.460330748661131942e-03,4.879705167587593782e-03,8.147174126257937347e-05,0.000000000000000000e+00,0.000000000000000000e+00,0.000000000000000000e+00,3.013697658059239122e-03,7.805561362526272813e-03,9.979601156253378562e-05,0.000000000000000000e+00,0.000000000000000000e+00,0.000000000000000000e+00,-4.282511890541420684e-04,1.050267701119365557e-02,-1.418117059626971765e-05,0.000000000000000000e+00,0.000000000000000000e+00,0.000000000000000000e+00,-9.910022428760387539e-03,1.315813254232430646e-02,-3.281618878525519403e-04,0.000000000000000000e+00,0.000000000000000000e+00,0.000000000000000000e+00,-2.698583513342583950e-02,1.566939860099144863e-02,-8.936127709420848110e-04,0.000000000000000000e+00,0.000000000000000000e+00,0.000000000000000000e+00,-5.244205955597866509e-02,1.773419570005182327e-02,-1.736573795920129436e-03,0.000000000000000000e+00,0.000000000000000000e+00,0.000000000000000000e+00,-8.573772013936567515e-02,1.887494265620980743e-02,-2.839131021485248423e-03,0.000000000000000000e+00,0.000000000000000000e+00,0.000000000000000000e+00,-1.242150615759429755e-01,1.847912440357527691e-02,-4.113275161535766972e-03,0.000000000000000000e+00,0.000000000000000000e+00,0.000000000000000000e+00,-1.622171899288421260e-01,1.587266659206857528e-02,-5.371683028152706221e-03,0.000000000000000000e+00,0.000000000000000000e+00,0.000000000000000000e+00,-1.900786552281074071e-01,1.046069029207231937e-02,-6.294291540562434693e-03,0.000000000000000000e+00,0.000000000000000000e+00,0.000000000000000000e+00,-1.920485155882206696e-01,2.086953270002500291e-03,-6.359521775834623900e-03,0.000000000000000000e+00,0.000000000000000000e+00,0.000000000000000000e+00,-1.397697983090687157e-01,-7.945321066060204163e-03,-4.628356919229708981e-03,0.000000000000000000e+00,0.000000000000000000e+00,0.000000000000000000e+00,3.040380393776142762e-02,-1.406190071036719953e-02,1.006795874564192766e-03,0.000000000000000000e+00,0.000000000000000000e+00,0.000000000000000000e+00,5.846254581861139998e-01,5.611950497975842084e-03,1.935937031668432187e-02,0.000000000000000000e+00,0.000000000000000000e+00,0.000000000000000000e+00,1.465386352185224506e-02,-1.420170354795668305e-02,4.852501144405816898e-04,0.000000000000000000e+00,0.000000000000000000e+00,0.000000000000000000e+00,-1.701100061399345997e-01,-8.608503184521018245e-03,-5.633046863292856532e-03,0.000000000000000000e+00,0.000000000000000000e+00,0.000000000000000000e+00,-2.341542639962691519e-01,1.505705823971218923e-04,-7.753817498811937589e-03,0.000000000000000000e+00,0.000000000000000000e+00,0.000000000000000000e+00,-2.383312344080280032e-01,6.181636107261375898e-03,-7.892134289281347442e-03,0.000000000000000000e+00,0.000000000000000000e+00,0.000000000000000000e+00,-2.058397338063593651e-01,7.979791974546252692e-03,-6.816206131373164084e-03,0.000000000000000000e+00,0.000000000000000000e+00,0.000000000000000000e+00,-1.407854444367192259e-01,5.769982943238756087e-03,-4.661989169109653428e-03,0.000000000000000000e+00
0.000000000000000000e+00,0.000000000000000000e+00,0.000000000000000000e+00,0.000000000000000000e+00,0.000000000000000000e+00,0.000000000000000000e+00,0.000000000000000000e+00,0.000000000000000000e+00,-8.559085256620456786e-03,-2.975625111494324595e-03,-2.834267627843168095e-04,0.000000000000000000e+00,0.000000000000000000e+00,0.000000000000000000e+00,-1.208519515093653234e-02,-4.727356759330369682e-03,-4.001908657934236373e-04,0.000000000000000000e+00,0.000000000000000000e+00,0.000000000000000000e+00,-1.176829901528703669e-02,-6.476217937760504056e-03,-3.896971222246790466e-04,0.000000000000000000e+00,0.000000000000000000e+00,0.000000000000000000e+00,-6.502784438105543331e-03,-8.377149333909489001e-03,-2.153341259161858120e-04,0.000000000000000000e+00,0.000000000000000000e+00,0.000000000000000000e+00,4.915003883061190397e-03,-1.036496111091765419e-02,1.627561354843212835e-04,0.000000000000000000e+00,0.000000000000000000e+00,0.000000000000000000e+00,2.335768359088072343e-02,-1.221715360654334823e-02,7.734696463249933528e-04,0.000000000000000000e+00,0.000000000000000000e+00,0.000000000000000000e+00,4.885785625389610365e-02,-1.356675397600364159e-02,1.617885979569152685e-03,0.000000000000000000e+00,0.000000000000000000e+00,0.000000000000000000e+00,7.992620922810989015e-02,-1.392516564696304367e-02,2.646687825153134187e-03,0.000000000000000000e+00,0.000000000000000000e+00,0.000000000000000000e+00,1.127698001792739047e-01,-1.272944879240949304e-02,3.734275152817654805e-03,0.000000000000000000e+00,0.000000000000000000e+00,0.000000000000000000e+00,1.403445095865194503e-01,-9.447506190167471660e-03,4.647387989959784506e-03,0.000000000000000000e+00,0.000000000000000000e+00,0.000000000000000000e+00,1.503470150887576684e-01,-3.890661832040054162e-03,4.978612375420703520e-03,0.000000000000000000e+00,0.000000000000000000e+00,0.000000000000000000e+00,1.190369769500467800e-01,2.814408188954971909e-03,3.941807333030895692e-03,0.000000000000000000e+00,0.000000000000000000e+00,0.000000000000000000e+00,-9.496976494109536995e-03,5.323727176950492773e-03,-3.144842262065508523e-04,0.000000000000000000e+00,0.000000000000000000e+00,0.000000000000000000e+00,-4.674660624650112672e-01,-2.078983274417713079e-02,-1.547973747469177062e-02,0.000000000000000000e+00,0.000000000000000000e+00,0.000000000000000000e+00,1.834788336533329806e-03,5.161255149206099742e-03,6.075744113143701712e-05,0.000000000000000000e+00,0.000000000000000000e+00,0.000000000000000000e+00,1.410158091125873758e-01,2.762486062998034068e-03,4.669617497649864064e-03,0.000000000000000000e+00,0.000000000000000000e+00,0.000000000000000000e+00,1.812489462189611766e-01,-3.292379658465903990e-03,6.001903304465114851e-03,0.000000000000000000e+00,0.000000000000000000e+00,0.000000000000000000e+00,1.766116563303172238e-01,-7.412283192955637992e-03,5.848343429569042434e-03,0.000000000000000000e+00,0.000000000000000000e+00,0.000000000000000000e+00,1.473500127640303137e-01,-8.277893695538425176e-03,4.879369215493358121e-03,0.000000000000000000e+00,0.000000000000000000e+00,0.000000000000000000e+00,9.783208915533563033e-02,-5.979330813896039688e-03,3.239625671946156152e-03,0.000000000000000000e+00
0.000000000000000000e+00,0.000000000000000000e+00,0.000000000000000000e+00,0.000000000000000000e+00,0.000000000000000000e+00,0.000000000000000000e+00,0.000000000000000000e+00,0.000000000000000000e+00,8.147174126257946834e-05,1.615872488151083922e-04,2.697866792084266504e-06,0.000000000000000000e+00,0.000000000000000000e+00,0.000000000000000000e+00,9.979601156253413798e-05,2.584744657127867676e-04,3.304659277003575615e-06,0.000000000000000000e+00,0.000000000000000000e+00,0.000000000000000000e+00,-1.418117059627046304e-05,3.477871357280124974e-04,-4.695972938795246516e-07,0.000000000000000000e+00,0.000000000000000000e+00,0.000000000000000000e+00,-3.281618878525544881e-04,4.357202667041189768e-04,-1.086679928457259366e-05,0.000000000000000000e+00,0.000000000000000000e+00,0.000000000000000000e+00,-8.936127709420879552e-04,5.188786870443778390e-04,-2.959122000273700764e-05,0.000000000000000000e+00,0.000000000000000000e+00,0.000000000000000000e+00,-1.736573795920129870e-03,5.872526709511821132e-04,-5.750515090768672298e-05,0.000000000000000000e+00,0.000000000000000000e+00,0.000000000000000000e+00,-2.839131021485248856e-03,6.250275274044266678e-04,-9.401538720714003588e-05,0.000000000000000000e+00,0.000000000000000000e+00,0.000000000000000000e+00,-4.113275161535795595e-03,6.119203456634372817e-04,-1.362075769222494538e-04,0.000000000000000000e+00,0.000000000000000000e+00,0.000000000000000000e+00,-5.371683028152741783e-03,5.256097321223667613e-04,-1.778786734476259462e-04,0.000000000000000000e+00,0.000000000000000000e+00,0.000000000000000000e+00,-6.294291540562436428e-03,3.463967815577118949e-04,-2.084300625446418916e-04,0.000000000000000000e+00,0.000000000000000000e+00,0.000000000000000000e+00,-6.359521775834624767e-03,6.910766649291519357e-05,-2.105901058044697604e-04,0.000000000000000000e+00,0.000000000000000000e+00,0.000000000000000000e+00,-4.628356919229708981e-03,-2.631024883522011556e-04,-1.532640672802030441e-04,0.000000000000000000e+00,0.000000000000000000e+00,0.000000000000000000e+00,1.006795874564206860e-03,-4.656477739663904031e-04,3.333918134436319178e-05,0.000000000000000000e+00,0.000000000000000000e+00,0.000000000000000000e+00,1.935937031668432881e-02,1.858349245109829160e-04,6.410689336405980560e-04,0.000000000000000000e+00,0.000000000000000000e+00,0.000000000000000000e+00,4.852501144405834245e-04,-4.702772249530368944e-04,1.606864109341966975e-05,0.000000000000000000e+00,0.000000000000000000e+00,0.000000000000000000e+00,-5.633046863292854797e-03,-2.850631950558071771e-04,-1.865335125433537718e-04,0.000000000000000000e+00,0.000000000000000000e+00,0.000000000000000000e+00,-7.753817498811939324e-03,4.986015614968827272e-06,-2.567610120729646884e-04,0.000000000000000000e+00,0.000000000000000000e+00,0.000000000000000000e+00,-7.892134289281454995e-03,2.046995745528456482e-04,-2.613412538845692420e-04,0.000000000000000000e+00,0.000000000000000000e+00,0.000000000000000000e+00,-6.816206131373165819e-03,2.642439629034547223e-04,-2.257128163072553626e-04,0.000000000000000000e+00,0.000000000000000000e+00,0.000000000000000000e+00,-4.661989169109652560e-03,1.910680333109114506e-04,-1.543777703714595793e-04,0.000000000000000000e+00
0.000000000000000000e+00,0.000000000000000000e+00,0.000000000000000000e+00,0.000000000000000000e+00,0.000000000000000000e+00,0.000000000000000000e+00,0.000000000000000000e+00,0.000000000000000000e+00,0.000000000000000000e+00,0.000000000000000000e+00,0.000000000000000000e+00,0.000000000000000000e+00,0.000000000000000000e+00,0.000000000000000000e+00,0.000000000000000000e+00,0.000000000000000000e+00,0.000000000000000000e+00,0.000000000000000000e+00,0.000000000000000000e+00,0.000000000000000000e+00,0.000000000000000000e+00,0.000000000000000000e+00,0.000000000000000000e+00,0.000000000000000000e+00,0.000000000000000000e+00,0.000000000000000000e+00,0.000000000000000000e+00,0.000000000000000000e+00,0.000000000000000000e+00,0.000000000000000000e+00,0.000000000000000000e+00,0.000000000000000000e+00,0.000000000000000000e+00,0.000000000000000000e+00,0.000000000000000000e+00,0.000000000000000000e+00,0.000000000000000000e+00,0.000000000000000000e+00,0.000000000000000000e+00,0.000000000000000000e+00,0.000000000000000000e+00,0.000000000000000000e+00,0.000000000000000000e+00,0.000000000000000000e+00,0.000000000000000000e+00,0.000000000000000000e+00,0.000000000000000000e+00,0.000000000000000000e+00,0.000000000000000000e+00,0.000000000000000000e+00,0.000000000000000000e+00,0.000000000000000000e+00,0.000000000000000000e+00,0.000000000000000000e+00,0.000000000000000000e+00,0.000000000000000000e+00,0.000000000000000000e+00,0.000000000000000000e+00,0.000000000000000000e+00,0.000000000000000000e+00,0.000000000000000000e+00,0.000000000000000000e+00,0.000000000000000000e+00,0.000000000000000000e+00,0.000000000000000000e+00,0.000000000000000000e+00,0.000000000000000000e+00,0.000000000000000000e+00,0.000000000000000000e+00,0.000000000000000000e+00,0.000000000000000000e+00,0.000000000000000000e+00,0.000000000000000000e+00,0.000000000000000000e+00,0.000000000000000000e+00,0.000000000000000000e+00,0.000000000000000000e+00,0.000000000000000000e+00,0.000000000000000000e+00,0.000000000000000000e+00,0.000000000000000000e+00,0.000000000000000000e+00,0.000000000000000000e+00,0.000000000000000000e+00,0.000000000000000000e+00,0.000000000000000000e+00,0.000000000000000000e+00,0.000000000000000000e+00,0.000000000000000000e+00,0.000000000000000000e+00,0.000000000000000000e+00,0.000000000000000000e+00,0.000000000000000000e+00,0.000000000000000000e+00,0.000000000000000000e+00,0.000000000000000000e+00,0.000000000000000000e+00,0.000000000000000000e+00,0.000000000000000000e+00,0.000000000000000000e+00,0.000000000000000000e+00,0.000000000000000000e+00,0.000000000000000000e+00,0.000000000000000000e+00,0.000000000000000000e+00,0.000000000000000000e+00,0.000000000000000000e+00,0.000000000000000000e+00,0.000000000000000000e+00,0.000000000000000000e+00,0.000000000000000000e+00,0.000000000000000000e+00,0.000000000000000000e+00,0.000000000000000000e+00,0.000000000000000000e+00,0.000000000000000000e+00,0.000000000000000000e+00,0.000000000000000000e+00,0.000000000000000000e+00,0.000000000000000000e+00,0.000000000000000000e+00,0.000000000000000000e+00,0.000000000000000000e+00,0.000000000000000000e+00,0.000000000000000000e+00,0.000000000000000000e+00
0.000000000000000000e+00,0.000000000000000000e+00,0.000000000000000000e+00,0.000000000000000000e+00,0.000000000000000000e+00,0.000000000000000000e+00,0.000000000000000000e+00,0.000000000000000000e+00,0.000000000000000000e+00,0.000000000000000000e+00,0.000000000000000000e+00,0.000000000000000000e+00,0.000000000000000000e+00,0.000000000000000000e+00,0.000000000000000000e+00,0.000000000000000000e+00,0.000000000000000000e+00,0.000000000000000000e+00,0.000000000000000000e+00,0.000000000000000000e+00,0.000000000000000000e+00,0.000000000000000000e+00,0.000000000000000000e+00,0.000000000000000000e+00,0.000000000000000000e+00,0.000000000000000000e+00,0.000000000000000000e+00,0.000000000000000000e+00,0.000000000000000000e+00,0.000000000000000000e+00,0.000000000000000000e+00,0.000000000000000000e+00,0.000000000000000000e+00,0.000000000000000000e+00,0.000000000000000000e+00,0.000000000000000000e+00,0.000000000000000000e+00,0.000000000000000000e+00,0.000000000000000000e+00,0.000000000000000000e+00,0.000000000000000000e+00,0.000000000000000000e+00,0.000000000000000000e+00,0.000000000000000000e+00,0.000000000000000000e+00,0.000000000000000000e+00,0.000000000000000000e+00,0.000000000000000000e+00,0.000000000000000000e+00,0.000000000000000000e+00,0.000000000000000000e+00,0.000000000000000000e+00,0.000000000000000000e+00,0.000000000000000000e+00,0.000000000000000000e+00,0.000000000000000000e+00,0.000000000000000000e+00,0.000000000000000000e+00,0.000000000000000000e+00,0.000000000000000000e+00,0.000000000000000000e+00,0.000000000000000000e+00,0.000000000000000000e+00,0.000000000000000000e+00,0.000000000000000000e+00,0.000000000000000000e+00,0.000000000000000000e+00,0.000000000000000000e+00,0.000000000000000000e+00,0.000000000000000000e+00,0.000000000000000000e+00,0.000000000000000000e+00,0.000000000000000000e+00,0.000000000000000000e+00,0.000000000000000000e+00,0.000000000000000000e+00,0.000000000000000000e+00,0.000000000000000000e+00,0.000000000000000000e+00,0.000000000000000000e+00,0.000000000000000000e+00,0.000000000000000000e+00,0.000000000000000000e+00,0.000000000000000000e+00,0.000000000000000000e+00,0.000000000000000000e+00,0.000000000000000000e+00,0.000000000000000000e+00,0.000000000000000000e+00,0.000000000000000000e+00,0.000000000000000000e+00,0.000000000000000000e+00,0.000000000000000000e+00,0.000000000000000000e+00,0.000000000000000000e+00,0.000000000000000000e+00,0.000000000000000000e+00,0.000000000000000000e+00,0.000000000000000000e+00,0.000000000000000000e+00,0.000000000000000000e+00,0.000000000000000000e+00,0.000000000000000000e+00,0.000000000000000000e+00,0.000000000000000000e+00,0.000000000000000000e+00,0.000000000000000000e+00,0.000000000000000000e+00,0.000000000000000000e+00,0.000000000000000000e+00,0.000000000000000000e+00,0.000000000000000000e+00,0.000000000000000000e+00,0.000000000000000000e+00,0.000000000000000000e+00,0.000000000000000000e+00,0.000000000000000000e+00,0.000000000000000000e+00,0.000000000000000000e+00,0.000000000000000000e+00,0.000000000000000000e+00,0.000000000000000000e+00,0.000000000000000000e+00,0.000000000000000000e+00,0.000000000000000000e+00,0.000000000000000000e+00
0.000000000000000000e+00,0.000000000000000000e+00,0.000000000000000000e+00,0.000000000000000000e+00,0.000000000000000000e+00,0.000000000000000000e+00,0.000000000000000000e+00,0.000000000000000000e+00,0.000000000000000000e+00,0.000000000000000000e+00,0.000000000000000000e+00,0.000000000000000000e+00,0.000000000000000000e+00,0.000000000000000000e+00,0.000000000000000000e+00,0.000000000000000000e+00,0.000000000000000000e+00,0.000000000000000000e+00,0.000000000000000000e+00,0.000000000000000000e+00,0.000000000000000000e+00,0.000000000000000000e+00,0.000000000000000000e+00,0.000000000000000000e+00,0.000000000000000000e+00,0.000000000000000000e+00,0.000000000000000000e+00,0.000000000000000000e+00,0.000000000000000000e+00,0.000000000000000000e+00,0.000000000000000000e+00,0.000000000000000000e+00,0.000000000000000000e+00,0.000000000000000000e+00,0.000000000000000000e+00,0.000000000000000000e+00,0.000000000000000000e+00,0.000000000000000000e+00,0.000000000000000000e+00,0.000000000000000000e+00,0.000000000000000000e+00,0.000000000000000000e+00,0.000000000000000000e+00,0.000000000000000000e+00,0.000000000000000000e+00,0.000000000000000000e+00,0.000000000000000000e+00,0.000000000000000000e+00,0.000000000000000000e+00,0.000000000000000000e+00,0.000000000000000000e+00,0.000000000000000000e+00,0.000000000000000000e+00,0.000000000000000000e+00,0.000000000000000000e+00,0.000000000000000000e+00,0.000000000000000000e+00,0.000000000000000000e+00,0.000000000000000000e+00,0.000000000000000000e+00,0.000000000000000000e+00,0.000000000000000000e+00,0.000000000000000000e+00,0.000000000000000000e+00,0.000000000000000000e+00,0.000000000000000000e+00,0.000000000000000000e+00,0.000000000000000000e+00,0.000000000000000000e+00,0.000000000000000000e+00,0.000000000000000000e+00,0.000000000000000000e+00,0.000000000000000000e+00,0.000000000000000000e+00,0.000000000000000000e+00,0.000000000000000000e+00,0.000000000000000000e+00,0.000000000000000000e+00,0.000000000000000000e+00,0.000000000000000000e+00,0.000000000000000000e+00,0.000000000000000000e+00,0.000000000000000000e+00,0.000000000000000000e+00,0.000000000000000000e+00,0.000000000000000000e+00,0.000000000000000000e+00,0.000000000000000000e+00,0.000000000000000000e+00,0.000000000000000000e+00,0.000000000000000000e+00,0.000000000000000000e+00,0.000000000000000000e+00,0.000000000000000000e+00,0.000000000000000000e+00,0.000000000000000000e+00,0.000000000000000000e+00,0.000000000000000000e+00,0.000000000000000000e+00,0.000000000000000000e+00,0.000000000000000000e+00,0.000000000000000000e+00,0.000000000000000000e+00,0.000000000000000000e+00,0.000000000000000000e+00,0.000000000000000000e+00,0.000000000000000000e+00,0.000000000000000000e+00,0.000000000000000000e+00,0.000000000000000000e+00,0.000000000000000000e+00,0.000000000000000000e+00,0.000000000000000000e+00,0.000000000000000000e+00,0.000000000000000000e+00,0.000000000000000000e+00,0.000000000000000000e+00,0.000000000000000000e+00,0.000000000000000000e+00,0.000000000000000000e+00,0.000000000000000000e+00,0.000000000000000000e+00,0.000000000000000000e+00,0.000000000000000000e+00,0.000000000000000000e+00,0.000000000000000000e+00
0.000000000000000000e+00,0.000000000000000000e+00,0.000000000000000000e+00,0.000000000000000000e+00,0.000000000000000000e+00,0.000000000000000000e+00,0.000000000000000000e+00,0.000000000000000000e+00,4.825795533018173780e-03,3.653153346283273019e-03,1.598020775321047724e-04,0.000000000000000000e+00,0.000000000000000000e+00,0.000000000000000000e+00,7.918637663282665842e-03,5.940265623315257176e-03,2.622188903691742654e-04,0.000000000000000000e+00,0.000000000000000000e+00,0.000000000000000000e+00,8.085704111211605011e-03,8.199955873690968622e-03,2.677511524143207393e-04,0.000000000000000000e+00,0.000000000000000000e+00,0.000000000000000000e+00,3.596313199791057250e-03,1.063934283452547258e-02,1.190888252207629347e-04,0.000000000000000000e+00,0.000000000000000000e+00,0.000000000000000000e+00,-7.176006819268518876e-03,1.324623704440173154e-02,-2.376273073025241326e-04,0.000000000000000000e+00,0.000000000000000000e+00,0.000000000000000000e+00,-2.560449293223658607e-02,1.584054631687802084e-02,-8.478708094307688559e-04,0.000000000000000000e+00,0.000000000000000000e+00,0.000000000000000000e+00,-5.244205955601837638e-02,1.807154345835212603e-02,-1.736573795921443923e-03,0.000000000000000000e+00,0.000000000000000000e+00,0.000000000000000000e+00,-8.719418157486437393e-02,1.942491603049706014e-02,-2.887360491972662101e-03,0.000000000000000000e+00,0.000000000000000000e+00,0.000000000000000000e+00,-1.272919803145983741e-01,1.925551641345335518e-02,-4.215164684925304384e-03,0.000000000000000000e+00,0.000000000000000000e+00,0.000000000000000000e+00,-1.671823587819168677e-01,1.685504304120328742e-02,-5.536100333567006877e-03,0.000000000000000000e+00,0.000000000000000000e+00,0.000000000000000000e+00,-1.972875707243214316e-01,1.158824307401061862e-02,-6.533008590459471986e-03,0.000000000000000000e+00,0.000000000000000000e+00,0.000000000000000000e+00,-2.018874074877775315e-01,3.249137232609482923e-03,-6.685328237257501770e-03,0.000000000000000000e+00,0.000000000000000000e+00,0.000000000000000000e+00,-1.525438187513024069e-01,-6.919287460810533488e-03,-5.051357643387928247e-03,0.000000000000000000e+00,0.000000000000000000e+00,0.000000000000000000e+00,1.465386352176615420e-02,-1.341134051879651172e-02,4.852501144377308886e-04,0.000000000000000000e+00,0.000000000000000000e+00,0.000000000000000000e+00,5.663933847468010097e-01,5.577846617523252171e-03,1.875563085168093641e-02,0.000000000000000000e+00,0.000000000000000000e+00,0.000000000000000000e+00,-4.664664285628138118e-03,-1.528766777012528257e-02,-1.544663545591577715e-04,0.000000000000000000e+00,0.000000000000000000e+00,0.000000000000000000e+00,-1.877340631643720781e-01,-1.113740521415640221e-02,-6.216652386523130805e-03,0.000000000000000000e+00,0.000000000000000000e+00,0.000000000000000000e+00,-2.451949285345977336e-01,-4.158868083894686797e-03,-8.119419629794885629e-03,0.000000000000000000e+00,0.000000000000000000e+00,0.000000000000000000e+00,-2.342271610513364799e-01,-9.018389084285149959e-06,-7.756231422229542712e-03,0.000000000000000000e+00,0.000000000000000000e+00,0.000000000000000000e+00,-1.690087230321237477e-01,5.246684704705826836e-04,-5.596578818309374745e-03,0.000000000000000000e+00
0.000000000000000000e+00,0.000000000000000000e+00,0.000000000000000000e+00,0.000000000000000000e+00,0.000000000000000000e+00,0.000000000000000000e+00,0.000000000000000000e+00,0.000000000000000000e+00,-8.887302531835301195e-03,-2.057824993541875706e-03,-2.942953961738575819e-04,0.000000000000000000e+00,0.000000000000000000e+00,0.000000000000000000e+00,-1.369416327081459349e-02,-3.330431824732283785e-03,-4.534704642513866083e-04,0.000000000000000000e+00,0.000000000000000000e+00,0.000000000000000000e+00,-1.578568172181682785e-02,-4.719250817952936640e-03,-5.227293027952260559e-04,0.000000000000000000e+00,0.000000000000000000e+00,0.000000000000000000e+00,-1.427160439995661667e-02,-6.387478174815938887e-03,-4.725919316774325387e-04,0.000000000000000000e+00,0.000000000000000000e+00,0.000000000000000000e+00,-7.956608528125208926e-03,-8.340231375716756351e-03,-2.634762629714756596e-04,0.000000000000000000e+00,0.000000000000000000e+00,0.000000000000000000e+00,4.387003099597567603e-03,-1.045688316216201487e-02,1.452718426752368393e-04,0.000000000000000000e+00,0.000000000000000000e+00,0.000000000000000000e+00,2.369503134921084261e-02,-1.248365833560093584e-02,7.846406278270289403e-04,0.000000000000000000e+00,0.000000000000000000e+00,0.000000000000000000e+00,5.009294566463275145e-02,-1.403181346493897509e-02,1.658784905440163987e-03,0.000000000000000000e+00,0.000000000000000000e+00,0.000000000000000000e+00,8.219953462830134616e-02,-1.459394087327922467e-02,2.721967044790914517e-03,0.000000000000000000e+00,0.000000000000000000e+00,0.000000000000000000e+00,1.163314736654442738e-01,-1.358638557541716474e-02,3.852216913650027483e-03,0.000000000000000000e+00,0.000000000000000000e+00,0.000000000000000000e+00,1.455370454421263116e-01,-1.045049292890386054e-02,4.819334358534370366e-03,0.000000000000000000e+00,0.000000000000000000e+00,0.000000000000000000e+00,1.575598990588029102e-01,-4.962307593603986280e-03,5.217460837922875336e-03,0.000000000000000000e+00,0.000000000000000000e+00,0.000000000000000000e+00,1.286202289223332962e-01,1.796775514528109376e-03,4.259148497654786231e-03,0.000000000000000000e+00,0.000000000000000000e+00,0.000000000000000000e+00,2.625151365763029720e-03,4.536868356169151788e-03,8.692963454728195477e-05,0.000000000000000000e+00,0.000000000000000000e+00,0.000000000000000000e+00,-4.530286205674894928e-01,-2.111089058982644484e-02,-1.500165397660579124e-02,0.000000000000000000e+00,0.000000000000000000e+00,0.000000000000000000e+00,1.768495186806432612e-02,5.594530481804271295e-03,5.856220037164422453e-04,0.000000000000000000e+00,0.000000000000000000e+00,0.000000000000000000e+00,1.563189061828851312e-01,4.272171285164959309e-03,5.176366423868788112e-03,0.000000000000000000e+00,0.000000000000000000e+00,0.000000000000000000e+00,1.924229164423614524e-01,-4.004352451302557042e-04,6.371919738805023430e-03,0.000000000000000000e+00,0.000000000000000000e+00,0.000000000000000000e+00,1.772555371821352144e-01,-2.968451417893622473e-03,5.869664991392379780e-03,0.000000000000000000e+00,0.000000000000000000e+00,0.000000000000000000e+00,1.243426921696787479e-01,-2.531140757993508971e-03,4.117501539113560191e-03,0.000000000000000000e+00
0.000000000000000000e+00,0.000000000000000000e+00,0.000000000000000000e+00,0.000000000000000000e+00,0.000000000000000000e+00,0.000000000000000000e+00,0.000000000000000000e+00,0.000000000000000000e+00,1.598020775321051248e-04,1.209710378910969621e-04,5.291708653807295699e-06,0.000000000000000000e+00,0.000000000000000000e+00,0.000000000000000000e+00,2.622188903691741570e-04,1.967067981234232237e-04,8.683153515820432063e-06,0.000000000000000000e+00,0.000000000000000000e+00,0.000000000000000000e+00,2.677511524143203056e-04,2.715345014768718343e-04,8.866349625605350780e-06,0.000000000000000000e+00,0.000000000000000000e+00,0.000000000000000000e+00,1.190888252207636394e-04,3.523127071797307604e-04,3.943524244018977648e-06,0.000000000000000000e+00,0.000000000000000000e+00,0.000000000000000000e+00,-2.376273073025242139e-04,4.386377716782875356e-04,-7.868824347299633101e-06,0.000000000000000000e+00,0.000000000000000000e+00,0.000000000000000000e+00,-8.478708094307685307e-04,5.245460967753585351e-04,-2.807651420347777443e-05,0.000000000000000000e+00,0.000000000000000000e+00,0.000000000000000000e+00,-1.736573795921443923e-03,5.984236524522298841e-04,-5.750515090773024014e-05,0.000000000000000000e+00,0.000000000000000000e+00,0.000000000000000000e+00,-2.887360491972681183e-03,6.432394237015492001e-04,-9.561246473133875798e-05,0.000000000000000000e+00,0.000000000000000000e+00,0.000000000000000000e+00,-4.215164684925333874e-03,6.376299007635152262e-04,-1.395815610467324326e-04,0.000000000000000000e+00,0.000000000000000000e+00,0.000000000000000000e+00,-5.536100333567006877e-03,5.581402851506165989e-04,-1.833232114119194578e-04,0.000000000000000000e+00,0.000000000000000000e+00,0.000000000000000000e+00,-6.533008590459470251e-03,3.837347242550376118e-04,-2.163349727827312591e-04,0.000000000000000000e+00,0.000000000000000000e+00,0.000000000000000000e+00,-6.685328237257500035e-03,1.075923910172742464e-04,-2.213789071642731918e-04,0.000000000000000000e+00,0.000000000000000000e+00,0.000000000000000000e+00,-5.051357643387995901e-03,-2.291262660661933979e-04,-1.672713732374432084e-04,0.000000000000000000e+00,0.000000000000000000e+00,0.000000000000000000e+00,4.852501144377317560e-04,-4.441050315394934876e-04,1.606864109332524929e-05,0.000000000000000000e+00,0.000000000000000000e+00,0.000000000000000000e+00,1.875563085168093294e-02,1.847056037780700358e-04,6.210766193919826103e-04,0.000000000000000000e+00,0.000000000000000000e+00,0.000000000000000000e+00,-1.544663545591572294e-04,-5.062379981852885335e-04,-5.115020766726518256e-06,0.000000000000000000e+00,0.000000000000000000e+00,0.000000000000000000e+00,-6.216652386523129938e-03,-3.688056154393195597e-04,-2.058591085892933685e-04,0.000000000000000000e+00,0.000000000000000000e+00,0.000000000000000000e+00,-8.119419629794991447e-03,-1.377173474178840489e-04,-2.688676128772261821e-04,0.000000000000000000e+00,0.000000000000000000e+00,0.000000000000000000e+00,-7.756231422229547048e-03,-2.986362148580886961e-07,-2.568409470752866172e-04,0.000000000000000000e+00,0.000000000000000000e+00,0.000000000000000000e+00,-5.596578818309372143e-03,1.737394612414358715e-05,-1.853259045309501056e-04,0.000000000000000000e+00
0.000000000000000000e+00,0.000000000000000000e+00,0.000000000000000000e+00,0.000000000000000000e+00,0.000000000000000000e+00,0.000000000000000000e+00,0.000000000000000000e+00,0.000000000000000000e+00,0.000000000000000000e+00,0.000000000000000000e+00,0.000000000000000000e+00,0.000000000000000000e+00,0.000000000000000000e+00,0.000000000000000000e+00,0.000000000000000000e+00,0.000000000000000000e+00,0.000000000000000000e+00,0.000000000000000000e+00,0.000000000000000000e+00,0.000000000000000000e+00,0.000000000000000000e+00,0.000000000000000000e+00,0.000000000000000000e+00,0.000000000000000000e+00,0.000000000000000000e+00,0.000000000000000000e+00,0.000000000000000000e+00,0.000000000000000000e+00,0.000000000000000000e+00,0.000000000000000000e+00,0.000000000000000000e+00,0.000000000000000000e+00,0.000000000000000000e+00,0.000000000000000000e+00,0.000000000000000000e+00,0.000000000000000000e+00,0.000000000000000000e+00,0.000000000000000000e+00,0.000000000000000000e+00,0.000000000000000000e+00,0.000000000000000000e+00,0.000000000000000000e+00,0.000000000000000000e+00,0.000000000000000000e+00,0.000000000000000000e+00,0.000000000000000000e+00,0.000000000000000000e+00,0.000000000000000000e+00,0.000000000000000000e+00,0.000000000000000000e+00,0.000000000000000000e+00,0.000000000000000000e+00,0.000000000000000000e+00,0.000000000000000000e+00,0.000000000000000000e+00,0.000000000000000000e+00,0.000000000000000000e+00,0.000000000000000000e+00,0.000000000000000000e+00,0.000000000000000000e+00,0.000000000000000000e+00,0.000000000000000000e+00,0.000000000000000000e+00,0.000000000000000000e+00,0.000000000000000000e+00,0.000000000000000000e+00,0.000000000000000000e+00,0.000000000000000000e+00,0.000000000000000000e+00,0.000000000000000000e+00,0.000000000000000000e+00,0.000000000000000000e+00,0.000000000000000000e+00,0.000000000000000000e+00,0.000000000000000000e+00,0.000000000000000000e+00,0.000000000000000000e+00,0.000000000000000000e+00,0.000000000000000000e+00,0.000000000000000000e+00,0.000000000000000000e+00,0.000000000000000000e+00,0.000000000000000000e+00,0.000000000000000000e+00,0.000000000000000000e+00,0.000000000000000000e+00,0.000000000000000000e+00,0.000000000000000000e+00,0.000000000000000000e+00,0.000000000000000000e+00,0.000000000000000000e+00,0.000000000000000000e+00,0.000000000000000000e+00,0.000000000000000000e+00,0.000000000000000000e+00,0.000000000000000000e+00,0.000000000000000000e+00,0.000000000000000000e+00,0.000000000000000000e+00,0.000000000000000000e+00,0.000000000000000000e+00,0.000000000000000000e+00,0.000000000000000000e+00,0.000000000000000000e+00,0.000000000000000000e+00,0.000000000000000000e+00,0.000000000000000000e+00,0.000000000000000000e+00,0.000000000000000000e+00,0.000000000000000000e+00,0.000000000000000000e+00,0.000000000000000000e+00,0.000000000000000000e+00,0.000000000000000000e+00,0.000000000000000000e+00,0.000000000000000000e+00,0.000000000000000000e+00,0.000000000000000000e+00,0.000000000000000000e+00,0.000000000000000000e+00,0.000000000000000000e+00,0.000000000000000000e+00,0.000000000000000000e+00,0.000000000000000000e+00,0.000000000000000000e+00,0.000000000000000000e+00
0.000000000000000000e+00,0.000000000000000000e+00,0.000000000000000000e+00,0.000000000000000000e+00,0.000000000000000000e+00,0.000000000000000000e+00,0.000000000000000000e+00,0.000000000000000000e+00,0.000000000000000000e+00,0.000000000000000000e+00,0.000000000000000000e+00,0.000000000000000000e+00,0.000000000000000000e+00,0.000000000000000000e+00,0.000000000000000000e+00,0.000000000000000000e+00,0.000000000000000000e+00,0.000000000000000000e+00,0.000000000000000000e+00,0.000000000000000000e+00,0.000000000000000000e+00,0.000000000000000000e+00,0.000000000000000000e+00,0.000000000000000000e+00,0.000000000000000000e+00,0.000000000000000000e+00,0.000000000000000000e+00,0.000000000000000000e+00,0.000000000000000000e+00,0.000000000000000000e+00,0.000000000000000000e+00,0.000000000000000000e+00,0.000000000000000000e+00,0.000000000000000000e+00,0.000000000000000000e+00,0.000000000000000000e+00,0.000000000000000000e+00,0.000000000000000000e+00,0.000000000000000000e+00,0.000000000000000000e+00,0.000000000000000000e+00,0.000000000000000000e+00,0.000000000000000000e+00,0.000000000000000000e+00,0.000000000000000000e+00,0.000000000000000000e+00,0.000000000000000000e+00,0.000000000000000000e+00,0.000000000000000000e+00,0.000000000000000000e+00,0.000000000000000000e+00,0.000000000000000000e+00,0.000000000000000000e+00,0.000000000000000000e+00,0.000000000000000000e+00,0.000000000000000000e+00,0.000000000000000000e+00,0.000000000000000000e+00,0.000000000000000000e+00,0.000000000000000000e+00,0.000000000000000000e+00,0.000000000000000000e+00,0.000000000000000000e+00,0.000000000000000000e+00,0.000000000000000000e+00,0.000000000000000000e+00,0.000000000000000000e+00,0.000000000000000000e+00,0.000000000000000000e+00,0.000000000000000000e+00,0.000000000000000000e+00,0.000000000000000000e+00,0.000000000000000000e+00,0.000000000000000000e+00,0.000000000000000000e+00,0.000000000000000000e+00,0.000000000000000000e+00,0.000000000000000000e+00,0.000000000000000000e+00,0.000000000000000000e+00,0.000000000000000000e+00,0.000000000000000000e+00,0.000000000000000000e+00,0.000000000000000000e+00,0.000000000000000000e+00,0.000000000000000000e+00,0.000000000000000000e+00,0.000000000000000000e+00,0.000000000000000000e+00,0.000000000000000000e+00,0.000000000000000000e+00,0.000000000000000000e+00,0.000000000000000000e+00,0.000000000000000000e+00,0.000000000000000000e+00,0.000000000000000000e+00,0.000000000000000000e+00,0.000000000000000000e+00,0.000000000000000000e+00,0.000000000000000000e+00,0.000000000000000000e+00,0.000000000000000000e+00,0.000000000000000000e+00,0.000000000000000000e+00,0.000000000000000000e+00,0.000000000000000000e+00,0.000000000000000000e+00,0.000000000000000000e+00,0.000000000000000000e+00,0.000000000000000000e+00,0.000000000000000000e+00,0.000000000000000000e+00,0.000000000000000000e+00,0.000000000000000000e+00,0.000000000000000000e+00,0.000000000000000000e+00,0.000000000000000000e+00,0.000000000000000000e+00,0.000000000000000000e+00,0.000000000000000000e+00,0.000000000000000000e+00,0.000000000000000000e+00,0.000000000000000000e+00,0.000000000000000000e+00,0.000000000000000000e+00,0.000000000000000000e+00
0.000000000000000000e+00,0.000000000000000000e+00,0.000000000000000000e+00,0.000000000000000000e+00,0.000000000000000000e+00,0.000000000000000000e+00,0.000000000000000000e+00,0.000000000000000000e+00,0.000000000000000000e+00,0.000000000000000000e+00,0.000000000000000000e+00,0.000000000000000000e+00,0.000000000000000000e+00,0.000000000000000000e+00,0.000000000000000000e+00,0.000000000000000000e+00,0.000000000000000000e+00,0.000000000000000000e+00,0.000000000000000000e+00,0.000000000000000000e+00,0.000000000000000000e+00,0.000000000000000000e+00,0.000000000000000000e+00,0.000000000000000000e+00,0.000000000000000000e+00,0.000000000000000000e+00,0.000000000000000000e+00,0.000000000000000000e+00,0.000000000000000000e+00,0.000000000000000000e+00,0.000000000000000000e+00,0.000000000000000000e+00,0.000000000000000000e+00,0.000000000000000000e+00,0.000000000000000000e+00,0.000000000000000000e+00,0.000000000000000000e+00,0.000000000000000000e+00,0.000000000000000000e+00,0.000000000000000000e+00,0.000000000000000000e+00,0.000000000000000000e+00,0.000000000000000000e+00,0.000000000000000000e+00,0.000000000000000000e+00,0.000000000000000000e+00,0.000000000000000000e+00,0.000000000000000000e+00,0.000000000000000000e+00,0.000000000000000000e+00,0.000000000000000000e+00,0.000000000000000000e+00,0.000000000000000000e+00,0.000000000000000000e+00,0.000000000000000000e+00,0.000000000000000000e+00,0.000000000000000000e+00,0.000000000000000000e+00,0.000000000000000000e+00,0.000000000000000000e+00,0.000000000000000000e+00,0.000000000000000000e+00,0.000000000000000000e+00,0.000000000000000000e+00,0.000000000000000000e+00,0.000000000000000000e+00,0.000000000000000000e+00,0.000000000000000000e+00,0.000000000000000000e+00,0.000000000000000000e+00,0.000000000000000000e+00,0.000000000000000000e+00,0.000000000000000000e+00,0.000000000000000000e+00,0.000000000000000000e+00,0.000000000000000000e+00,0.000000000000000000e+00,0.000000000000000000e+00,0.000000000000000000e+00,0.000000000000000000e+00,0.000000000000000000e+00,0.000000000000000000e+00,0.000000000000000000e+00,0.000000000000000000e+00,0.000000000000000000e+00,0.000000000000000000e+00,0.000000000000000000e+00,0.000000000000000000e+00,0.000000000000000000e+00,0.000000000000000000e+00,0.000000000000000000e+00,0.000000000000000000e+00,0.000000000000000000e+00,0.000000000000000000e+00,0.000000000000000000e+00,0.000000000000000000e+00,0.000000000000000000e+00,0.000000000000000000e+00,0.000000000000000000e+00,0.000000000000000000e+00,0.000000000000000000e+00,0.000000000000000000e+00,0.000000000000000000e+00,0.000000000000000000e+00,0.000000000000000000e+00,0.000000000000000000e+00,0.000000000000000000e+00,0.000000000000000000e+00,0.000000000000000000e+00,0.000000000000000000e+00,0.000000000000000000e+00,0.000000000000000000e+00,0.000000000000000000e+00,0.000000000000000000e+00,0.000000000000000000e+00,0.000000000000000000e+00,0.000000000000000000e+00,0.000000000000000000e+00,0.000000000000000000e+00,0.000000000000000000e+00,0.000000000000000000e+00,0.000000000000000000e+00,0.000000000000000000e+00,0.000000000000000000e+00,0.000000000000000000e+00,0.000000000000000000e+00
0.000000000000000000e+00,0.000000000000000000e+00,0.000000000000000000e+00,0.000000000000000000e+00,0.000000000000000000e+00,0.000000000000000000e+00,0.000000000000000000e+00,0.000000000000000000e+00,4.968002778226083410e-03,2.676928027274752195e-03,1.645111484135493513e-04,0.000000000000000000e+00,0.000000000000000000e+00,0.000000000000000000e+00,9.158500716834293287e-03,4.444481797072155800e-03,3.032758913252285083e-04,0.000000000000000000e+00,0.000000000000000000e+00,0.000000000000000000e+00,1.153150622324576255e-02,6.291202879726548632e-03,3.818559321340668825e-04,0.000000000000000000e+00,0.000000000000000000e+00,0.000000000000000000e+00,1.061545219695182556e-02,8.422335128887266723e-03,3.515215892196505397e-04,0.000000000000000000e+00,0.000000000000000000e+00,0.000000000000000000e+00,4.894526862443641414e-03,1.089172966071500111e-02,1.620780565201459741e-04,0.000000000000000000e+00,0.000000000000000000e+00,0.000000000000000000e+00,-7.176006819300673710e-03,1.362565391534140483e-02,-2.376273073035900388e-04,0.000000000000000000e+00,0.000000000000000000e+00,0.000000000000000000e+00,-2.698583513345464632e-02,1.640380587233865664e-02,-8.936127709430418363e-04,0.000000000000000000e+00,0.000000000000000000e+00,0.000000000000000000e+00,-5.535503444027643077e-02,1.884258073612946754e-02,-1.833034459270785777e-03,0.000000000000000000e+00,0.000000000000000000e+00,0.000000000000000000e+00,-9.187601120504766683e-02,2.039558420252753079e-02,-3.042395262185301503e-03,0.000000000000000000e+00,0.000000000000000000e+00,0.000000000000000000e+00,-1.340602737209201090e-01,2.038149665785353448e-02,-4.439290912461667238e-03,0.000000000000000000e+00,0.000000000000000000e+00,0.000000000000000000e+00,-1.763968103283707900e-01,1.804812637026212419e-02,-5.841228988597552303e-03,0.000000000000000000e+00,0.000000000000000000e+00,0.000000000000000000e+00,-2.092692200602056518e-01,1.270668575319071174e-02,-6.929770625451445870e-03,0.000000000000000000e+00,0.000000000000000000e+00,0.000000000000000000e+00,-2.167813998489103722e-01,4.088782415403681078e-03,-7.178530012129900190e-03,0.000000000000000000e+00,0.000000000000000000e+00,0.000000000000000000e+00,-1.701100061399113128e-01,-6.628904262039077636e-03,-5.633046863292083713e-03,0.000000000000000000e+00,0.000000000000000000e+00,0.000000000000000000e+00,-4.664664285637824814e-03,-1.399986708242100669e-02,-1.544663545594790206e-04,0.000000000000000000e+00,0.000000000000000000e+00,0.000000000000000000e+00,5.473065787462344511e-01,3.747739771209766119e-03,1.812358765145128184e-02,0.000000000000000000e+00,0.000000000000000000e+00,0.000000000000000000e+00,-1.998648296109637595e-02,-1.869781501347578256e-02,-6.618352306662454851e-04,0.000000000000000000e+00,0.000000000000000000e+00,0.000000000000000000e+00,-1.935076814861284022e-01,-1.632555905926660889e-02,-6.407840802273650875e-03,0.000000000000000000e+00,0.000000000000000000e+00,0.000000000000000000e+00,-2.318345946348508435e-01,-1.091700797453695401e-02,-7.677003638670958086e-03,0.000000000000000000e+00,0.000000000000000000e+00,0.000000000000000000e+00,-1.826322266902028479e-01,-6.960811037685851743e-03,-6.047709450125781337e-03,0.000000000000000000e+00
0.000000000000000000e+00,0.000000000000000000e+00,0.000000000000000000e+00,0.000000000000000000e+00,0.000000000000000000e+00,0.000000000000000000e+00,0.000000000000000000e+00,0.000000000000000000e+00,-7.752827717530386999e-03,-1.375012487301579189e-03,-2.567282363152653831e-04,0.000000000000000000e+00,0.000000000000000000e+00,0.000000000000000000e+00,-1.281158135757888908e-02,-2.285808550017574738e-03,-4.242445216348090771e-04,0.000000000000000000e+00,0.000000000000000000e+00,0.000000000000000000e+00,-1.620807342485001273e-02,-3.361217316755939297e-03,-5.367164415405783129e-04,0.000000000000000000e+00,0.000000000000000000e+00,0.000000000000000000e+00,-1.721184132284796220e-02,-4.757535916000170048e-03,-5.699553540395847859e-04,0.000000000000000000e+00,0.000000000000000000e+00,0.000000000000000000e+00,-1.475840588205001164e-02,-6.529110005338975217e-03,-4.887119449792779510e-04,0.000000000000000000e+00,0.000000000000000000e+00,0.000000000000000000e+00,-7.577191657145342096e-03,-8.639970703758078144e-03,-2.509121989081586064e-04,0.000000000000000000e+00,0.000000000000000000e+00,0.000000000000000000e+00,5.649411154444188357e-03,-1.094514285528103321e-02,1.870754020008391996e-04,0.000000000000000000e+00,0.000000000000000000e+00,0.000000000000000000e+00,2.596085217154082969e-02,-1.317182897697934466e-02,8.596713398094219232e-04,0.000000000000000000e+00,0.000000000000000000e+00,0.000000000000000000e+00,5.358841041277305484e-02,-1.491204358233753045e-02,1.774534220733615551e-03,0.000000000000000000e+00,0.000000000000000000e+00,0.000000000000000000e+00,8.724450256763585654e-02,-1.563468812644303388e-02,2.889026828462352807e-03,0.000000000000000000e+00,0.000000000000000000e+00,0.000000000000000000e+00,1.233060185956425803e-01,-1.472468949780015440e-02,4.083172983392510148e-03,0.000000000000000000e+00,0.000000000000000000e+00,0.000000000000000000e+00,1.548160151866430356e-01,-1.158229716133544855e-02,5.126599478323630617e-03,0.000000000000000000e+00,0.000000000000000000e+00,0.000000000000000000e+00,1.694017426248391467e-01,-5.932953704520843065e-03,5.609593324828903750e-03,0.000000000000000000e+00,0.000000000000000000e+00,0.000000000000000000e+00,1.429954080350450962e-01,1.198602914237028964e-03,4.735170217056358481e-03,0.000000000000000000e+00,0.000000000000000000e+00,0.000000000000000000e+00,1.897275255578313724e-02,4.577167938518234523e-03,6.282664182874081200e-04,0.000000000000000000e+00,0.000000000000000000e+00,0.000000000000000000e+00,-4.361199369807327031e-01,-2.012735209477569190e-02,-1.444173743082399590e-02,0.000000000000000000e+00,0.000000000000000000e+00,0.000000000000000000e+00,3.248985278891272643e-02,7.826148889273153164e-03,1.075873592003044003e-03,0.000000000000000000e+00,0.000000000000000000e+00,0.000000000000000000e+00,1.645201459835418101e-01,7.974642428370107283e-03,5.447943441485181976e-03,0.000000000000000000e+00,0.000000000000000000e+00,0.000000000000000000e+00,1.864326641155824860e-01,4.725380050608826536e-03,6.173557673895548395e-03,0.000000000000000000e+00,0.000000000000000000e+00,0.000000000000000000e+00,1.420239692630838602e-01,2.758574656565217741e-03,4.703001855820889907e-03,0.000000000000000000e+00
0.000000000000000000e+00,0.000000000000000000e+00,0.000000000000000000e+00,0.000000000000000000e+00,0.000000000000000000e+00,0.000000000000000000e+00,0.000000000000000000e+00,0.000000000000000000e+00,1.645111484135495139e-04,8.864417425801738573e-05,5.447645494676751598e-06,0.000000000000000000e+00,0.000000000000000000e+00,0.000000000000000000e+00,3.032758913252285625e-04,1.471752004133408296e-04,1.004272086697004213e-05,0.000000000000000000e+00,0.000000000000000000e+00,0.000000000000000000e+00,3.818559321340674246e-04,2.083277841917794511e-04,1.264483148021362456e-05,0.000000000000000000e+00,0.000000000000000000e+00,0.000000000000000000e+00,3.515215892196523286e-04,2.788983996646977924e-04,1.164033574782535180e-05,0.000000000000000000e+00,0.000000000000000000e+00,0.000000000000000000e+00,1.620780565201463807e-04,3.606702803282138764e-04,5.367075744729393551e-06,0.000000000000000000e+00,0.000000000000000000e+00,0.000000000000000000e+00,-2.376273073035898762e-04,4.512018357402748149e-04,-7.868824347334950987e-06,0.000000000000000000e+00,0.000000000000000000e+00,0.000000000000000000e+00,-8.936127709430419447e-04,5.431979535597098547e-04,-2.959122000276869684e-05,0.000000000000000000e+00,0.000000000000000000e+00,0.000000000000000000e+00,-1.833034459270797487e-03,6.239558901942745617e-04,-6.069936299108160608e-05,0.000000000000000000e+00,0.000000000000000000e+00,0.000000000000000000e+00,-3.042395262185321886e-03,6.753822671816475534e-04,-1.007463080946106426e-04,0.000000000000000000e+00,0.000000000000000000e+00,0.000000000000000000e+00,-4.439290912461668973e-03,6.749157702298333623e-04,-1.470033087243311897e-04,0.000000000000000000e+00,0.000000000000000000e+00,0.000000000000000000e+00,-5.841228988597553171e-03,5.976482156768983187e-04,-1.934272849589316443e-04,0.000000000000000000e+00,0.000000000000000000e+00,0.000000000000000000e+00,-6.929770625451445003e-03,4.207709937179027757e-04,-2.294734070665246971e-04,0.000000000000000000e+00,0.000000000000000000e+00,0.000000000000000000e+00,-7.178530012130000804e-03,1.353965206539940421e-04,-2.377108606687016444e-04,0.000000000000000000e+00,0.000000000000000000e+00,0.000000000000000000e+00,-5.633046863292085447e-03,-2.195104756485083907e-04,-1.865335125433282388e-04,0.000000000000000000e+00,0.000000000000000000e+00,0.000000000000000000e+00,-1.544663545594795627e-04,-4.635935836148036651e-04,-5.115020766737211200e-06,0.000000000000000000e+00,0.000000000000000000e+00,0.000000000000000000e+00,1.812358765145127837e-02,1.241031861775646582e-04,6.001470512418852861e-04,0.000000000000000000e+00,0.000000000000000000e+00,0.000000000000000000e+00,-6.618352306662466777e-04,-6.191620975279224027e-04,-2.191610567020015445e-05,0.000000000000000000e+00,0.000000000000000000e+00,0.000000000000000000e+00,-6.407840802273736744e-03,-5.406068774969904423e-04,-2.121901488971485302e-04,0.000000000000000000e+00,0.000000000000000000e+00,0.000000000000000000e+00,-7.677003638670958086e-03,-3.615073499963373117e-04,-2.542173870167841214e-04,0.000000000000000000e+00,0.000000000000000000e+00,0.000000000000000000e+00,-6.047709450125780470e-03,-2.305012836784888289e-04,-2.002647082389358876e-04,0.000000000000000000e+00
0.000000000000000000e+00,0.000000000000000000e+00,0.000000000000000000e+00,0.000000000000000000e+00,0.000000000000000000e+00,0.000000000000000000e+00,0.000000000000000000e+00,0.000000000000000000e+00,0.000000000000000000e+00,0.000000000000000000e+00,0.000000000000000000e+00,0.000000000000000000e+00,0.000000000000000000e+00,0.000000000000000000e+00,0.000000000000000000e+00,0.000000000000000000e+00,0.000000000000000000e+00,0.000000000000000000e+00,0.000000000000000000e+00,0.000000000000000000e+00,0.000000000000000000e+00,0.000000000000000000e+00,0.000000000000000000e+00,0.000000000000000000e+00,0.000000000000000000e+00,0.000000000000000000e+00,0.000000000000000000e+00,0.000000000000000000e+00,0.000000000000000000e+00,0.000000000000000000e+00,0.000000000000000000e+00,0.000000000000000000e+00,0.000000000000000000e+00,0.000000000000000000e+00,0.000000000000000000e+00,0.000000000000000000e+00,0.000000000000000000e+00,0.000000000000000000e+00,0.000000000000000000e+00,0.000000000000000000e+00,0.000000000000000000e+00,0.000000000000000000e+00,0.000000000000000000e+00,0.000000000000000000e+00,0.000000000000000000e+00,0.000000000000000000e+00,0.000000000000000000e+00,0.000000000000000000e+00,0.000000000000000000e+00,0.000000000000000000e+00,0.000000000000000000e+00,0.000000000000000000e+00,0.000000000000000000e+00,0.000000000000000000e+00,0.000000000000000000e+00,0.000000000000000000e+00,0.000000000000000000e+00,0.000000000000000000e+00,0.000000000000000000e+00,0.000000000000000000e+00,0.000000000000000000e+00,0.000000000000000000e+00,0.000000000000000000e+00,0.000000000000000000e+00,0.000000000000000000e+00,0.000000000000000000e+00,0.000000000000000000e+00,0.000000000000000000e+00,0.000000000000000000e+00,0.000000000000000000e+00,0.000000000000000000e+00,0.000000000000000000e+00,0.000000000000000000e+00,0.000000000000000000e+00,0.000000000000000000e+00,0.000000000000000000e+00,0.000000000000000000e+00,0.000000000000000000e+00,0.000000000000000000e+00,0.000000000000000000e+00,0.000000000000000000e+00,0.000000000000000000e+00,0.000000000000000000e+00,0.000000000000000000e+00,0.000000000000000000e+00,0.000000000000000000e+00,0.000000000000000000e+00,0.000000000000000000e+00,0.000000000000000000e+00,0.000000000000000000e+00,0.000000000000000000e+00,0.000000000000000000e+00,0.000000000000000000e+00,0.000000000000000000e+00,0.000000000000000000e+00,0.000000000000000000e+00,0.000000000000000000e+00,0.000000000000000000e+00,0.000000000000000000e+00,0.000000000000000000e+00,0.000000000000000000e+00,0.000000000000000000e+00,0.000000000000000000e+00,0.000000000000000000e+00,0.000000000000000000e+00,0.000000000000000000e+00,0.000000000000000000e+00,0.000000000000000000e+00,0.000000000000000000e+00,0.000000000000000000e+00,0.000000000000000000e+00,0.000000000000000000e+00,0.000000000000000000e+00,0.000000000000000000e+00,0.000000000000000000e+00,0.000000000000000000e+00,0.000000000000000000e+00,0.000000000000000000e+00,0.000000000000000000e+00,0.000000000000000000e+00,0.000000000000000000e+00,0.000000000000000000e+00,0.000000000000000000e+00,0.000000000000000000e+00,0.000000000000000000e+00,0.000000000000000000e+00
0.000000000000000000e+00,0.000000000000000000e+00,0.000000000000000000e+00,0.000000000000000000e+00,0.000000000000000000e+00,0.000000000000000000e+00,0.000000000000000000e+00,0.000000000000000000e+00,0.000000000000000000e+00,0.000000000000000000e+00,0.000000000000000000e+00,0.000000000000000000e+00,0.000000000000000000e+00,0.000000000000000000e+00,0.000000000000000000e+00,0.000000000000000000e+00,0.000000000000000000e+00,0.000000000000000000e+00,0.000000000000000000e+00,0.000000000000000000e+00,0.000000000000000000e+00,0.000000000000000000e+00,0.000000000000000000e+00,0.000000000000000000e+00,0.000000000000000000e+00,0.000000000000000000e+00,0.000000000000000000e+00,0.000000000000000000e+00,0.000000000000000000e+00,0.000000000000000000e+00,0.000000000000000000e+00,0.000000000000000000e+00,0.000000000000000000e+00,0.000000000000000000e+00,0.000000000000000000e+00,0.000000000000000000e+00,0.000000000000000000e+00,0.000000000000000000e+00,0.000000000000000000e+00,0.000000000000000000e+00,0.000000000000000000e+00,0.000000000000000000e+00,0.000000000000000000e+00,0.000000000000000000e+00,0.000000000000000000e+00,0.000000000000000000e+00,0.000000000000000000e+00,0.000000000000000000e+00,0.000000000000000000e+00,0.000000000000000000e+00,0.000000000000000000e+00,0.000000000000000000e+00,0.000000000000000000e+00,0.000000000000000000e+00,0.000000000000000000e+00,0.000000000000000000e+00,0.000000000000000000e+00,0.000000000000000000e+00,0.000000000000000000e+00,0.000000000000000000e+00,0.000000000000000000e+00,0.000000000000000000e+00,0.000000000000000000e+00,0.000000000000000000e+00,0.000000000000000000e+00,0.000000000000000000e+00,0.000000000000000000e+00,0.000000000000000000e+00,0.000000000000000000e+00,0.000000000000000000e+00,0.000000000000000000e+00,0.000000000000000000e+00,0.000000000000000000e+00,0.000000000000000000e+00,0.000000000000000000e+00,0.000000000000000000e+00,0.000000000000000000e+00,0.000000000000000000e+00,0.000000000000000000e+00,0.000000000000000000e+00,0.000000000000000000e+00,0.000000000000000000e+00,0.000000000000000000e+00,0.000000000000000000e+00,0.000000000000000000e+00,0.000000000000000000e+00,0.000000000000000000e+00,0.000000000000000000e+00,0.000000000000000000e+00,0.000000000000000000e+00,0.000000000000000000e+00,0.000000000000000000e+00,0.000000000000000000e+00,0.000000000000000000e+00,0.000000000000000000e+00,0.000000000000000000e+00,0.000000000000000000e+00,0.000000000000000000e+00,0.000000000000000000e+00,0.000000000000000000e+00,0.000000000000000000e+00,0.000000000000000000e+00,0.000000000000000000e+00,0.000000000000000000e+00,0.000000000000000000e+00,0.000000000000000000e+00,0.000000000000000000e+00,0.000000000000000000e+00,0.000000000000000000e+00,0.000000000000000000e+00,0.000000000000000000e+00,0.000000000000000000e+00,0.000000000000000000e+00,0.000000000000000000e+00,0.000000000000000000e+00,0.000000000000000000e+00,0.000000000000000000e+00,0.000000000000000000e+00,0.000000000000000000e+00,0.000000000000000000e+00,0.000000000000000000e+00,0.000000000000000000e+00,0.000000000000000000e+00,0.000000000000000000e+00,0.000000000000000000e+00,0.000000000000000000e+00
0.000000000000000000e+00,0.000000000000000000e+00,0.000000000000000000e+00,0.000000000000000000e+00,0.000000000000000000e+00,0.000000000000000000e+00,0.000000000000000000e+00,0.000000000000000000e+00,0.000000000000000000e+00,0.000000000000000000e+00,0.000000000000000000e+00,0.000000000000000000e+00,0.000000000000000000e+00,0.000000000000000000e+00,0.000000000000000000e+00,0.000000000000000000e+00,0.000000000000000000e+00,0.000000000000000000e+00,0.000000000000000000e+00,0.000000000000000000e+00,0.000000000000000000e+00,0.000000000000000000e+00,0.000000000000000000e+00,0.000000000000000000e+00,0.000000000000000000e+00,0.000000000000000000e+00,0.000000000000000000e+00,0.000000000000000000e+00,0.000000000000000000e+00,0.000000000000000000e+00,0.000000000000000000e+00,0.000000000000000000e+00,0.000000000000000000e+00,0.000000000000000000e+00,0.000000000000000000e+00,0.000000000000000000e+00,0.000000000000000000e+00,0.000000000000000000e+00,0.000000000000000000e+00,0.000000000000000000e+00,0.000000000000000000e+00,0.000000000000000000e+00,0.000000000000000000e+00,0.000000000000000000e+00,0.000000000000000000e+00,0.000000000000000000e+00,0.000000000000000000e+00,0.000000000000000000e+00,0.000000000000000000e+00,0.000000000000000000e+00,0.000000000000000000e+00,0.000000000000000000e+00,0.000000000000000000e+00,0.000000000000000000e+00,0.000000000000000000e+00,0.000000000000000000e+00,0.000000000000000000e+00,0.000000000000000000e+00,0.000000000000000000e+00,0.000000000000000000e+00,0.000000000000000000e+00,0.000000000000000000e+00,0.000000000000000000e+00,0.000000000000000000e+00,0.000000000000000000e+00,0.000000000000000000e+00,0.000000000000000000e+00,0.000000000000000000e+00,0.000000000000000000e+00,0.000000000000000000e+00,0.000000000000000000e+00,0.000000000000000000e+00,0.000000000000000000e+00,0.000000000000000000e+00,0.000000000000000000e+00,0.000000000000000000e+00,0.000000000000000000e+00,0.000000000000000000e+00,0.000000000000000000e+00,0.000000000000000000e+00,0.000000000000000000e+00,0.000000000000000000e+00,0.000000000000000000e+00,0.000000000000000000e+00,0.000000000000000000e+00,0.000000000000000000e+00,0.000000000000000000e+00,0.000000000000000000e+00,0.000000000000000000e+00,0.000000000000000000e+00,0.000000000000000000e+00,0.000000000000000000e+00,0.000000000000000000e+00,0.000000000000000000e+00,0.000000000000000000e+00,0.000000000000000000e+00,0.000000000000000000e+00,0.000000000000000000e+00,0.000000000000000000e+00,0.000000000000000000e+00,0.000000000000000000e+00,0.000000000000000000e+00,0.000000000000000000e+00,0.000000000000000000e+00,0.000000000000000000e+00,0.000000000000000000e+00,0.000000000000000000e+00,0.000000000000000000e+00,0.000000000000000000e+00,0.000000000000000000e+00,0.000000000000000000e+00,0.000000000000000000e+00,0.000000000000000000e+00,0.000000000000000000e+00,0.000000000000000000e+00,0.000000000000000000e+00,0.000000000000000000e+00,0.000000000000000000e+00,0.000000000000000000e+00,0.000000000000000000e+00,0.000000000000000000e+00,0.000000000000000000e+00,0.000000000000000000e+00,0.000000000000000000e+00,0.000000000000000000e+00,0.000000000000000000e+00
0.000000000000000000e+00,0.000000000000000000e+00,0.000000000000000000e+00,0.000000000000000000e+00,0.000000000000000000e+00,0.000000000000000000e+00,0.000000000000000000e+00,0.000000000000000000e+00,3.691130052833371724e-03,1.951915099446380631e-03,1.222286039365313146e-04,0.000000000000000000e+00,0.000000000000000000e+00,0.000000000000000000e+00,7.946425667047446809e-03,3.329394763889656668e-03,2.631390662659148635e-04,0.000000000000000000e+00,0.000000000000000000e+00,0.000000000000000000e+00,1.138655137017934721e-02,4.824787108026837128e-03,3.770558765764113387e-04,0.000000000000000000e+00,0.000000000000000000e+00,0.000000000000000000e+00,1.272040339979492451e-02,6.625573378588578075e-03,4.212252418125840689e-04,0.000000000000000000e+00,0.000000000000000000e+00,0.000000000000000000e+00,1.061545219694598474e-02,8.825634087256733692e-03,3.515215892194585275e-04,0.000000000000000000e+00,0.000000000000000000e+00,0.000000000000000000e+00,3.596313199795170279e-03,1.143051697212240855e-02,1.190888252208996797e-04,0.000000000000000000e+00,0.000000000000000000e+00,0.000000000000000000e+00,-9.910022428748443968e-03,1.433170215682664020e-02,-3.281618878521589170e-04,0.000000000000000000e+00,0.000000000000000000e+00,0.000000000000000000e+00,-3.134981211883487023e-02,1.727747869929406252e-02,-1.038122123607195272e-03,0.000000000000000000e+00,0.000000000000000000e+00,0.000000000000000000e+00,-6.159904636034054665e-02,1.985128750345884277e-02,-2.039799555333074357e-03,0.000000000000000000e+00,0.000000000000000000e+00,0.000000000000000000e+00,-1.002785584950788428e-01,2.146875606696495992e-02,-3.320638404548411585e-03,0.000000000000000000e+00,0.000000000000000000e+00,0.000000000000000000e+00,-1.448686343659817133e-01,2.140353821313407956e-02,-4.797200499384607179e-03,0.000000000000000000e+00,0.000000000000000000e+00,0.000000000000000000e+00,-1.897265144543044957e-01,1.885142139249777402e-02,-6.282630701048529109e-03,0.000000000000000000e+00,0.000000000000000000e+00,0.000000000000000000e+00,-2.249524116712272037e-01,1.306784196187819186e-02,-7.449106056185579236e-03,0.000000000000000000e+00,0.000000000000000000e+00,0.000000000000000000e+00,-2.341542639962332639e-01,3.732922338092393988e-03,-7.753817498810751906e-03,0.000000000000000000e+00,0.000000000000000000e+00,0.000000000000000000e+00,-1.877340631643555358e-01,-8.008996283032034438e-03,-6.216652386522580030e-03,0.000000000000000000e+00,0.000000000000000000e+00,0.000000000000000000e+00,-1.998648296110540346e-02,-1.670053124964867089e-02,-6.618352306665433154e-04,0.000000000000000000e+00,0.000000000000000000e+00,0.000000000000000000e+00,5.383523385262074523e-01,-4.776214923639457433e-04,1.782707567117952294e-02,0.000000000000000000e+00,0.000000000000000000e+00,0.000000000000000000e+00,-1.645992112095263915e-02,-2.440760960437493576e-02,-5.450561618589140015e-04,0.000000000000000000e+00,0.000000000000000000e+00,0.000000000000000000e+00,-1.680870845573339822e-01,-2.289904407731015862e-02,-5.566059551175648462e-03,0.000000000000000000e+00,0.000000000000000000e+00,0.000000000000000000e+00,-1.665323130077824287e-01,-1.611742405793327448e-02,-5.514574625632035279e-03,0.000000000000000000e+00
0.000000000000000000e+00,0.000000000000000000e+00,0.000000000000000000e+00,0.000000000000000000e+00,0.000000000000000000e+00,0.000000000000000000e+00,0.000000000000000000e+00,0.000000000000000000e+00,-5.755965708295535978e-03,-9.131111829970353644e-04,-1.906038646054911698e-04,0.000000000000000000e+00,0.000000000000000000e+00,0.000000000000000000e+00,-1.037502233310037998e-02,-1.580736150057773619e-03,-3.435599606174162958e-04,0.000000000000000000e+00,0.000000000000000000e+00,0.000000000000000000e+00,-1.422964718323728971e-02,-2.413746108714225590e-03,-4.712025544538591738e-04,0.000000000000000000e+00,0.000000000000000000e+00,0.000000000000000000e+00,-1.667469206442456775e-02,-3.551365764172201983e-03,-5.521681173335155329e-04,0.000000000000000000e+00,0.000000000000000000e+00,0.000000000000000000e+00,-1.680854236447952912e-02,-5.076142093112725497e-03,-5.566004551482322312e-04,0.000000000000000000e+00,0.000000000000000000e+00,0.000000000000000000e+00,-1.348043026235977090e-02,-7.012505743517420849e-03,-4.463928791041133892e-04,0.000000000000000000e+00,0.000000000000000000e+00,0.000000000000000000e+00,-5.329214823609291531e-03,-9.304269329366265592e-03,-1.764723753007891986e-04,0.000000000000000000e+00,0.000000000000000000e+00,0.000000000000000000e+00,9.055598237792722785e-03,-1.178781672573896329e-02,2.998683640436547145e-04,0.000000000000000000e+00,0.000000000000000000e+00,0.000000000000000000e+00,3.079624267497683282e-02,-1.416902326283261092e-02,1.019791146552417264e-03,0.000000000000000000e+00,0.000000000000000000e+00,0.000000000000000000e+00,6.017998823981392242e-02,-1.601268924482413675e-02,1.992808663521074015e-03,0.000000000000000000e+00,0.000000000000000000e+00,0.000000000000000000e+00,9.592441886136431062e-02,-1.675249829669546789e-02,3.176454807342151462e-03,0.000000000000000000e+00,0.000000000000000000e+00,0.000000000000000000e+00,1.343266412986284242e-01,-1.572970094500389729e-02,4.448111446198282568e-03,0.000000000000000000e+00,0.000000000000000000e+00,0.000000000000000000e+00,1.682191853323475872e-01,-1.229458034732735031e-02,5.570433954970002016e-03,0.000000000000000000e+00,0.000000000000000000e+00,0.000000000000000000e+00,1.848312979746236373e-01,-6.122437545465568218e-03,6.120529808445405659e-03,0.000000000000000000e+00,0.000000000000000000e+00,0.000000000000000000e+00,1.594473151139997047e-01,1.800728229576858963e-03,5.279961000792243557e-03,0.000000000000000000e+00,0.000000000000000000e+00,0.000000000000000000e+00,3.448713655275119361e-02,6.248294715849918995e-03,1.142011929754564422e-03,0.000000000000000000e+00,0.000000000000000000e+00,0.000000000000000000e+00,-4.248207259433396943e-01,-1.716102452797846345e-02,-1.406757375441149323e-02,0.000000000000000000e+00,0.000000000000000000e+00,0.000000000000000000e+00,3.448917828228074967e-02,1.214797390915290168e-02,1.142079539875688263e-03,0.000000000000000000e+00,0.000000000000000000e+00,0.000000000000000000e+00,1.492375988660194497e-01,1.329411727265537857e-02,4.941875009316317770e-03,0.000000000000000000e+00,0.000000000000000000e+00,0.000000000000000000e+00,1.387227194060658975e-01,9.533932422545222940e-03,4.593683799969879716e-03,0.000000000000000000e+00
0.000000000000000000e+00,0.000000000000000000e+00,0.000000000000000000e+00,0.000000000000000000e+00,0.000000000000000000e+00,0.000000000000000000e+00,0.000000000000000000e+00,0.000000000000000000e+00,1.222286039365314502e-04,6.463599336599634660e-05,4.047495321603583893e-06,0.000000000000000000e+00,0.000000000000000000e+00,0.000000000000000000e+00,2.631390662659146467e-04,1.102500502878385599e-04,8.713624350937260928e-06,0.000000000000000000e+00,0.000000000000000000e+00,0.000000000000000000e+00,3.770558765764115013e-04,1.597686844039568398e-04,1.248588175987535071e-05,0.000000000000000000e+00,0.000000000000000000e+00,0.000000000000000000e+00,4.212252418125866709e-04,2.194001763016419798e-04,1.394851238310033028e-05,0.000000000000000000e+00,0.000000000000000000e+00,0.000000000000000000e+00,3.515215892194593406e-04,2.922532985560867221e-04,1.164033574781899736e-05,0.000000000000000000e+00,0.000000000000000000e+00,0.000000000000000000e+00,1.190888252208990563e-04,3.785117597530566320e-04,3.943524244023489792e-06,0.000000000000000000e+00,0.000000000000000000e+00,0.000000000000000000e+00,-3.281618878521588628e-04,4.745820173197179566e-04,-1.086679928455957307e-05,0.000000000000000000e+00,0.000000000000000000e+00,0.000000000000000000e+00,-1.038122123607203512e-03,5.721288794299786906e-04,-3.437652319693627987e-05,0.000000000000000000e+00,0.000000000000000000e+00,0.000000000000000000e+00,-2.039799555333089969e-03,6.573583491126112465e-04,-6.754621169940521874e-05,0.000000000000000000e+00,0.000000000000000000e+00,0.000000000000000000e+00,-3.320638404548411585e-03,7.109194324661546448e-04,-1.099600909630442098e-04,0.000000000000000000e+00,0.000000000000000000e+00,0.000000000000000000e+00,-4.797200499384607179e-03,7.087597992071295074e-04,-1.588551775338603166e-04,0.000000000000000000e+00,0.000000000000000000e+00,0.000000000000000000e+00,-6.282630701048527375e-03,6.242486409427761658e-04,-2.080439238515826238e-04,0.000000000000000000e+00,0.000000000000000000e+00,0.000000000000000000e+00,-7.449106056185675513e-03,4.327303716208833568e-04,-2.466707541566614311e-04,0.000000000000000000e+00,0.000000000000000000e+00,0.000000000000000000e+00,-7.753817498810753640e-03,1.236125195963465751e-04,-2.567610120729254945e-04,0.000000000000000000e+00,0.000000000000000000e+00,0.000000000000000000e+00,-6.216652386522585234e-03,-2.652110385155439501e-04,-2.058591085892753979e-04,0.000000000000000000e+00,0.000000000000000000e+00,0.000000000000000000e+00,-6.618352306665435322e-04,-5.530237597767798281e-04,-2.191610567020998003e-05,0.000000000000000000e+00,0.000000000000000000e+00,0.000000000000000000e+00,1.782707567117952988e-02,-1.581602582030844188e-05,5.903283114845983039e-04,0.000000000000000000e+00,0.000000000000000000e+00,0.000000000000000000e+00,-5.450561618589166036e-04,-8.082370452053281489e-04,-1.804906702755679335e-05,0.000000000000000000e+00,0.000000000000000000e+00,0.000000000000000000e+00,-5.566059551175645860e-03,-7.582821924419136297e-04,-1.843152851917430508e-04,0.000000000000000000e+00,0.000000000000000000e+00,0.000000000000000000e+00,-5.514574625632031810e-03,-5.337146655512843519e-04,-1.826104060672207707e-04,0.000000000000000000e+00
0.000000000000000000e+00,0.000000000000000000e+00,0.000000000000000000e+00,0.000000000000000000e+00,0.000000000000000000e+00,0.000000000000000000e+00,0.000000000000000000e+00,0.000000000000000000e+00,0.000000000000000000e+00,0.000000000000000000e+00,0.000000000000000000e+00,0.000000000000000000e+00,0.000000000000000000e+00,0.000000000000000000e+00,0.000000000000000000e+00,0.000000000000000000e+00,0.000000000000000000e+00,0.000000000000000000e+00,0.000000000000000000e+00,0.000000000000000000e+00,0.000000000000000000e+00,0.000000000000000000e+00,0.000000000000000000e+00,0.000000000000000000e+00,0.000000000000000000e+00,0.000000000000000000e+00,0.000000000000000000e+00,0.000000000000000000e+00,0.000000000000000000e+00,0.000000000000000000e+00,0.000000000000000000e+00,0.000000000000000000e+00,0.000000000000000000e+00,0.000000000000000000e+00,0.000000000000000000e+00,0.000000000000000000e+00,0.000000000000000000e+00,0.000000000000000000e+00,0.000000000000000000e+00,0.000000000000000000e+00,0.000000000000000000e+00,0.000000000000000000e+00,0.000000000000000000e+00,0.000000000000000000e+00,0.000000000000000000e+00,0.000000000000000000e+00,0.000000000000000000e+00,0.000000000000000000e+00,0.000000000000000000e+00,0.000000000000000000e+00,0.000000000000000000e+00,0.000000000000000000e+00,0.000000000000000000e+00,0.000000000000000000e+00,0.000000000000000000e+00,0.000000000000000000e+00,0.000000000000000000e+00,0.000000000000000000e+00,0.000000000000000000e+00,0.000000000000000000e+00,0.000000000000000000e+00,0.000000000000000000e+00,0.000000000000000000e+00,0.000000000000000000e+00,0.000000000000000000e+00,0.000000000000000000e+00,0.000000000000000000e+00,0.000000000000000000e+00,0.000000000000000000e+00,0.000000000000000000e+00,0.000000000000000000e+00,0.000000000000000000e+00,0.000000000000000000e+00,0.000000000000000000e+00,0.000000000000000000e+00,0.000000000000000000e+00,0.000000000000000000e+00,0.000000000000000000e+00,0.000000000000000000e+00,0.000000000000000000e+00,0.000000000000000000e+00,0.000000000000000000e+00,0.000000000000000000e+00,0.000000000000000000e+00,0.000000000000000000e+00,0.000000000000000000e+00,0.000000000000000000e+00,0.000000000000000000e+00,0.000000000000000000e+00,0.000000000000000000e+00,0.000000000000000000e+00,0.000000000000000000e+00,0.000000000000000000e+00,0.000000000000000000e+00,0.000000000000000000e+00,0.000000000000000000e+00,0.000000000000000000e+00,0.000000000000000000e+00,0.000000000000000000e+00,0.000000000000000000e+00,0.000000000000000000e+00,0.000000000000000000e+00,0.000000000000000000e+00,0.000000000000000000e+00,0.000000000000000000e+00,0.000000000000000000e+00,0.000000000000000000e+00,0.000000000000000000e+00,0.000000000000000000e+00,0.000000000000000000e+00,0.000000000000000000e+00,0.000000000000000000e+00,0.000000000000000000e+00,0.000000000000000000e+00,0.000000000000000000e+00,0.000000000000000000e+00,0.000000000000000000e+00,0.000000000000000000e+00,0.000000000000000000e+00,0.000000000000000000e+00,0.000000000000000000e+00,0.000000000000000000e+00,0.000000000000000000e+00,0.000000000000000000e+00,0.000000000000000000e+00,0.000000000000000000e+00
0.000000000000000000e+00,0.000000000000000000e+00,0.000000000000000000e+00,0.000000000000000000e+00,0.000000000000000000e+00,0.000000000000000000e+00,0.000000000000000000e+00,0.000000000000000000e+00,0.000000000000000000e+00,0.000000000000000000e+00,0.000000000000000000e+00,0.000000000000000000e+00,0.000000000000000000e+00,0.000000000000000000e+00,0.000000000000000000e+00,0.000000000000000000e+00,0.000000000000000000e+00,0.000000000000000000e+00,0.000000000000000000e+00,0.000000000000000000e+00,0.000000000000000000e+00,0.000000000000000000e+00,0.000000000000000000e+00,0.000000000000000000e+00,0.000000000000000000e+00,0.000000000000000000e+00,0.000000000000000000e+00,0.000000000000000000e+00,0.000000000000000000e+00,0.000000000000000000e+00,0.000000000000000000e+00,0.000000000000000000e+00,0.000000000000000000e+00,0.000000000000000000e+00,0.000000000000000000e+00,0.000000000000000000e+00,0.000000000000000000e+00,0.000000000000000000e+00,0.000000000000000000e+00,0.000000000000000000e+00,0.000000000000000000e+00,0.000000000000000000e+00,0.000000000000000000e+00,0.000000000000000000e+00,0.000000000000000000e+00,0.000000000000000000e+00,0.000000000000000000e+00,0.000000000000000000e+00,0.000000000000000000e+00,0.000000000000000000e+00,0.000000000000000000e+00,0.000000000000000000e+00,0.000000000000000000e+00,0.000000000000000000e+00,0.000000000000000000e+00,0.000000000000000000e+00,0.000000000000000000e+00,0.000000000000000000e+00,0.000000000000000000e+00,0.000000000000000000e+00,0.000000000000000000e+00,0.000000000000000000e+00,0.000000000000000000e+00,0.000000000000000000e+00,0.000000000000000000e+00,0.000000000000000000e+00,0.000000000000000000e+00,0.000000000000000000e+00,0.000000000000000000e+00,0.000000000000000000e+00,0.000000000000000000e+00,0.000000000000000000e+00,0.000000000000000000e+00,0.000000000000000000e+00,0.000000000000000000e+00,0.000000000000000000e+00,0.000000000000000000e+00,0.000000000000000000e+00,0.000000000000000000e+00,0.000000000000000000e+00,0.000000000000000000e+00,0.000000000000000000e+00,0.000000000000000000e+00,0.000000000000000000e+00,0.000000000000000000e+00,0.000000000000000000e+00,0.000000000000000000e+00,0.000000000000000000e+00,0.000000000000000000e+00,0.000000000000000000e+00,0.000000000000000000e+00,0.000000000000000000e+00,0.000000000000000000e+00,0.000000000000000000e+00,0.000000000000000000e+00,0.000000000000000000e+00,0.000000000000000000e+00,0.000000000000000000e+00,0.000000000000000000e+00,0.000000000000000000e+00,0.000000000000000000e+00,0.000000000000000000e+00,0.000000000000000000e+00,0.000000000000000000e+00,0.000000000000000000e+00,0.000000000000000000e+00,0.000000000000000000e+00,0.000000000000000000e+00,0.000000000000000000e+00,0.000000000000000000e+00,0.000000000000000000e+00,0.000000000000000000e+00,0.000000000000000000e+00,0.000000000000000000e+00,0.000000000000000000e+00,0.000000000000000000e+00,0.000000000000000000e+00,0.000000000000000000e+00,0.000000000000000000e+00,0.000000000000000000e+00,0.000000000000000000e+00,0.000000000000000000e+00,0.000000000000000000e+00,0.000000000000000000e+00,0.000000000000000000e+00,0.000000000000000000e+00
0.000000000000000000e+00,0.000000000000000000e+00,0.000000000000000000e+00,0.000000000000000000e+00,0.000000000000000000e+00,0.000000000000000000e+00,0.000000000000000000e+00,0.000000000000000000e+00,0.000000000000000000e+00,0.000000000000000000e+00,0.000000000000000000e+00,0.000000000000000000e+00,0.000000000000000000e+00,0.000000000000000000e+00,0.000000000000000000e+00,0.000000000000000000e+00,0.000000000000000000e+00,0.000000000000000000e+00,0.000000000000000000e+00,0.000000000000000000e+00,0.000000000000000000e+00,0.000000000000000000e+00,0.000000000000000000e+00,0.000000000000000000e+00,0.000000000000000000e+00,0.000000000000000000e+00,0.000000000000000000e+00,0.000000000000000000e+00,0.000000000000000000e+00,0.000000000000000000e+00,0.000000000000000000e+00,0.000000000000000000e+00,0.000000000000000000e+00,0.000000000000000000e+00,0.000000000000000000e+00,0.000000000000000000e+00,0.000000000000000000e+00,0.000000000000000000e+00,0.000000000000000000e+00,0.000000000000000000e+00,0.000000000000000000e+00,0.000000000000000000e+00,0.000000000000000000e+00,0.000000000000000000e+00,0.000000000000000000e+00,0.000000000000000000e+00,0.000000000000000000e+00,0.000000000000000000e+00,0.000000000000000000e+00,0.000000000000000000e+00,0.000000000000000000e+00,0.000000000000000000e+00,0.000000000000000000e+00,0.000000000000000000e+00,0.000000000000000000e+00,0.000000000000000000e+00,0.000000000000000000e+00,0.000000000000000000e+00,0.000000000000000000e+00,0.000000000000000000e+00,0.000000000000000000e+00,0.000000000000000000e+00,0.000000000000000000e+00,0.000000000000000000e+00,0.000000000000000000e+00,0.000000000000000000e+00,0.000000000000000000e+00,0.000000000000000000e+00,0.000000000000000000e+00,0.000000000000000000e+00,0.000000000000000000e+00,0.000000000000000000e+00,0.000000000000000000e+00,0.000000000000000000e+00,0.000000000000000000e+00,0.000000000000000000e+00,0.000000000000000000e+00,0.000000000000000000e+00,0.000000000000000000e+00,0.000000000000000000e+00,0.000000000000000000e+00,0.000000000000000000e+00,0.000000000000000000e+00,0.000000000000000000e+00,0.000000000000000000e+00,0.000000000000000000e+00,0.000000000000000000e+00,0.000000000000000000e+00,0.000000000000000000e+00,0.000000000000000000e+00,0.000000000000000000e+00,0.000000000000000000e+00,0.000000000000000000e+00,0.000000000000000000e+00,0.000000000000000000e+00,0.000000000000000000e+00,0.000000000000000000e+00,0.000000000000000000e+00,0.000000000000000000e+00,0.000000000000000000e+00,0.000000000000000000e+00,0.000000000000000000e+00,0.000000000000000000e+00,0.000000000000000000e+00,0.000000000000000000e+00,0.000000000000000000e+00,0.000000000000000000e+00,0.000000000000000000e+00,0.000000000000000000e+00,0.000000000000000000e+00,0.000000000000000000e+00,0.000000000000000000e+00,0.000000000000000000e+00,0.000000000000000000e+00,0.000000000000000000e+00,0.000000000000000000e+00,0.000000000000000000e+00,0.000000000000000000e+00,0.000000000000000000e+00,0.000000000000000000e+00,0.000000000000000000e+00,0.000000000000000000e+00,0.000000000000000000e+00,0.000000000000000000e+00,0.000000000000000000e+00,0.000000000000000000e+00
0.000000000000000000e+00,0.000000000000000000e+00,0.000000000000000000e+00,0.000000000000000000e+00,0.000000000000000000e+00,0.000000000000000000e+00,0.000000000000000000e+00,0.000000000000000000e+00,1.676303107411686614e-03,1.441536247192516879e-03,5.550933878260975367e-05,0.000000000000000000e+00,0.000000000000000000e+00,0.000000000000000000e+00,5.306121321567691326e-03,2.540548524935258567e-03,1.757076537997455607e-04,0.000000000000000000e+00,0.000000000000000000e+00,0.000000000000000000e+00,8.933995678162800352e-03,3.751741279164448779e-03,2.958415996419894666e-04,0.000000000000000000e+00,0.000000000000000000e+00,0.000000000000000000e+00,1.138655137022832886e-02,5.234271600795621995e-03,3.770558765780308115e-04,0.000000000000000000e+00,0.000000000000000000e+00,0.000000000000000000e+00,1.153150622324225667e-02,7.098183508480758463e-03,3.818559321339495176e-04,0.000000000000000000e+00,0.000000000000000000e+00,0.000000000000000000e+00,8.085704111226981600e-03,9.397975473956564352e-03,2.677511524148300432e-04,0.000000000000000000e+00,0.000000000000000000e+00,0.000000000000000000e+00,-4.282511890304321932e-04,1.210661745463803389e-02,-1.418117059548440291e-05,0.000000000000000000e+00,0.000000000000000000e+00,0.000000000000000000e+00,-1.559390903081634208e-02,1.508375712401266097e-02,-5.163789147138952941e-04,0.000000000000000000e+00,0.000000000000000000e+00,0.000000000000000000e+00,-3.884656365245045540e-02,1.804388259815357595e-02,-1.286370616859146233e-03,0.000000000000000000e+00,0.000000000000000000e+00,0.000000000000000000e+00,-7.100247034672990676e-02,2.053337157386771888e-02,-2.351185870534144764e-03,0.000000000000000000e+00,0.000000000000000000e+00,0.000000000000000000e+00,-1.115446484341056921e-01,2.192797609843391213e-02,-3.693705304213357882e-03,0.000000000000000000e+00,0.000000000000000000e+00,0.000000000000000000e+00,-1.577059136698663322e-01,2.146148499000511550e-02,-5.222295986457107034e-03,0.000000000000000000e+00,0.000000000000000000e+00,0.000000000000000000e+00,-2.034544765599896332e-01,1.829595945862104445e-02,-6.737220384710077524e-03,0.000000000000000000e+00,0.000000000000000000e+00,0.000000000000000000e+00,-2.383312344079988598e-01,1.167001885202730016e-02,-7.892134289280490489e-03,0.000000000000000000e+00,0.000000000000000000e+00,0.000000000000000000e+00,-2.451949285345938478e-01,1.281077099970729001e-03,-8.119419629794864812e-03,0.000000000000000000e+00,0.000000000000000000e+00,0.000000000000000000e+00,-1.935076814861292072e-01,-1.164907760950048901e-02,-6.407840802273761030e-03,0.000000000000000000e+00,0.000000000000000000e+00,0.000000000000000000e+00,-1.645992112093401516e-02,-2.148584059672517185e-02,-5.450561618583024031e-04,0.000000000000000000e+00,0.000000000000000000e+00,0.000000000000000000e+00,5.564683053143569813e-01,-6.017276705582504104e-03,1.842697036407320993e-02,0.000000000000000000e+00,0.000000000000000000e+00,0.000000000000000000e+00,2.329694425874368272e-02,-2.960137580620796766e-02,7.714583154683509175e-04,0.000000000000000000e+00,0.000000000000000000e+00,0.000000000000000000e+00,-9.435254811588733581e-02,-2.473109627803955768e-02,-3.124403656600159649e-03,0.000000000000000000e+00
0.000000000000000000e+00,0.000000000000000000e+00,0.000000000000000000e+00,0.000000000000000000e+00,0.000000000000000000e+00,0.000000000000000000e+00,0.000000000000000000e+00,0.000000000000000000e+00,-3.370761185327156295e-03,-6.343025693388405035e-04,-1.116198638326832847e-04,0.000000000000000000e+00,0.000000000000000000e+00,0.000000000000000000e+00,-7.119187913473868506e-03,-1.159338227498453878e-03,-2.357457979996624843e-04,0.000000000000000000e+00,0.000000000000000000e+00,0.000000000000000000e+00,-1.080959786491597456e-02,-1.821596606256649896e-03,-3.579505563966202918e-04,0.000000000000000000e+00,0.000000000000000000e+00,0.000000000000000000e+00,-1.382016269050964120e-02,-2.737238858001408547e-03,-4.576428269006804902e-04,0.000000000000000000e+00,0.000000000000000000e+00,0.000000000000000000e+00,-1.540109279609439344e-02,-3.998732013472051233e-03,-5.099939705778132500e-04,0.000000000000000000e+00,0.000000000000000000e+00,0.000000000000000000e+00,-1.458766212155827510e-02,-5.665686302162485644e-03,-4.830579118845208081e-04,0.000000000000000000e+00,0.000000000000000000e+00,0.000000000000000000e+00,-1.016435857185643901e-02,-7.743330888081382396e-03,-3.365840109574741467e-04,0.000000000000000000e+00,0.000000000000000000e+00,0.000000000000000000e+00,-7.136423158380379153e-04,-1.015513301380480127e-02,-2.363165283432875217e-05,0.000000000000000000e+00,0.000000000000000000e+00,0.000000000000000000e+00,1.520706446322905511e-02,-1.271338771244826492e-02,5.035688888519430310e-04,0.000000000000000000e+00,0.000000000000000000e+00,0.000000000000000000e+00,3.870823346434323214e-02,-1.509455182623354111e-02,1.281789931396271932e-03,0.000000000000000000e+00,0.000000000000000000e+00,0.000000000000000000e+00,6.999658707315510597e-02,-1.682844305857340503e-02,2.317876909188342632e-03,0.000000000000000000e+00,0.000000000000000000e+00,0.000000000000000000e+00,1.076095365495685352e-01,-1.730996696100479265e-02,3.563397451307493378e-03,0.000000000000000000e+00,0.000000000000000000e+00,0.000000000000000000e+00,1.475288746740044676e-01,-1.584248865666059922e-02,4.885292074141087647e-03,0.000000000000000000e+00,0.000000000000000000e+00,0.000000000000000000e+00,1.821000390750558418e-01,-1.174810556132105215e-02,6.030086513978678668e-03,0.000000000000000000e+00,0.000000000000000000e+00,0.000000000000000000e+00,1.978628616262265716e-01,-4.697991940383975870e-03,6.552058854955918055e-03,0.000000000000000000e+00,0.000000000000000000e+00,0.000000000000000000e+00,1.691966274333080722e-01,4.280222083054624135e-03,5.602801111293242986e-03,0.000000000000000000e+00,0.000000000000000000e+00,0.000000000000000000e+00,3.741094728990979057e-02,9.839776393108921881e-03,1.238831413073287297e-03,0.000000000000000000e+00,0.000000000000000000e+00,0.000000000000000000e+00,-4.335926844927519563e-01,-1.265724400079368782e-02,-1.435804963359653755e-02,0.000000000000000000e+00,0.000000000000000000e+00,0.000000000000000000e+00,7.262823375302120826e-03,1.682269453963784744e-02,2.405021630487807170e-04,0.000000000000000000e+00,0.000000000000000000e+00,0.000000000000000000e+00,9.178900596509892429e-02,1.596456795266905024e-02,3.039514158333145744e-03,0.000000000000000000e+00
0.000000000000000000e+00,0.000000000000000000e+00,0.000000000000000000e+00,0.000000000000000000e+00,0.000000000000000000e+00,0.000000000000000000e+00,0.000000000000000000e+00,0.000000000000000000e+00,5.550933878260912348e-05,4.773523568561181753e-05,1.838144115141682849e-06,0.000000000000000000e+00,0.000000000000000000e+00,0.000000000000000000e+00,1.757076537997432296e-04,8.412808408023469584e-05,5.818408161592762463e-06,0.000000000000000000e+00,0.000000000000000000e+00,0.000000000000000000e+00,2.958415996419853466e-04,1.242356926793504750e-04,9.796540678059531697e-06,0.000000000000000000e+00,0.000000000000000000e+00,0.000000000000000000e+00,3.770558765780286973e-04,1.733284119584922126e-04,1.248588175992881882e-05,0.000000000000000000e+00,0.000000000000000000e+00,0.000000000000000000e+00,3.818559321339455603e-04,2.350502551544934480e-04,1.264483148020954864e-05,0.000000000000000000e+00,0.000000000000000000e+00,0.000000000000000000e+00,2.677511524148263569e-04,3.112058923878061197e-04,8.866349625622110174e-06,0.000000000000000000e+00,0.000000000000000000e+00,0.000000000000000000e+00,-1.418117059548451811e-05,4.009002469956682627e-04,-4.695972938534904587e-07,0.000000000000000000e+00,0.000000000000000000e+00,0.000000000000000000e+00,-5.163789147138919330e-04,4.994856721373245635e-04,-1.709944459943663259e-05,0.000000000000000000e+00,0.000000000000000000e+00,0.000000000000000000e+00,-1.286370616859137993e-03,5.975076868055616925e-04,-4.259705900174743607e-05,0.000000000000000000e+00,0.000000000000000000e+00,0.000000000000000000e+00,-2.351185870534113105e-03,6.799449777331314712e-04,-7.785750229257946096e-05,0.000000000000000000e+00,0.000000000000000000e+00,0.000000000000000000e+00,-3.693705304213309309e-03,7.261261097012253240e-04,-1.223138811758728620e-04,0.000000000000000000e+00,0.000000000000000000e+00,0.000000000000000000e+00,-5.222295986457036777e-03,7.106786569927280852e-04,-1.729318497672590292e-04,0.000000000000000000e+00,0.000000000000000000e+00,0.000000000000000000e+00,-6.737220384710079259e-03,6.058549957051734399e-04,-2.230972710928260392e-04,0.000000000000000000e+00,0.000000000000000000e+00,0.000000000000000000e+00,-7.892134289280386406e-03,3.864426589633027315e-04,-2.613412538845374749e-04,0.000000000000000000e+00,0.000000000000000000e+00,0.000000000000000000e+00,-8.119419629794755525e-03,4.242176873293378755e-05,-2.688676128772218995e-04,0.000000000000000000e+00,0.000000000000000000e+00,0.000000000000000000e+00,-6.407840802273678631e-03,-3.857492076890005556e-04,-2.121901488971493434e-04,0.000000000000000000e+00,0.000000000000000000e+00,0.000000000000000000e+00,-5.450561618582970905e-04,-7.114851720070483436e-04,-1.804906702753647811e-05,0.000000000000000000e+00,0.000000000000000000e+00,0.000000000000000000e+00,1.842697036407321340e-02,-1.992569540210545158e-04,6.101933094044124407e-04,0.000000000000000000e+00,0.000000000000000000e+00,0.000000000000000000e+00,7.714583154683363891e-04,-9.802241556392825208e-04,2.554618004384357199e-05,0.000000000000000000e+00,0.000000000000000000e+00,0.000000000000000000e+00,-3.124403656600117148e-03,-8.189490287843688996e-04,-1.034619456952703888e-04,0.000000000000000000e+00
0.000000000000000000e+00,0.000000000000000000e+00,0.000000000000000000e+00,0.000000000000000000e+00,0.000000000000000000e+00,0.000000000000000000e+00,0.000000000000000000e+00,0.000000000000000000e+00,0.000000000000000000e+00,0.000000000000000000e+00,0.000000000000000000e+00,0.000000000000000000e+00,0.000000000000000000e+00,0.000000000000000000e+00,0.000000000000000000e+00,0.000000000000000000e+00,0.000000000000000000e+00,0.000000000000000000e+00,0.000000000000000000e+00,0.000000000000000000e+00,0.000000000000000000e+00,0.000000000000000000e+00,0.000000000000000000e+00,0.000000000000000000e+00,0.000000000000000000e+00,0.000000000000000000e+00,0.000000000000000000e+00,0.000000000000000000e+00,0.000000000000000000e+00,0.000000000000000000e+00,0.000000000000000000e+00,0.000000000000000000e+00,0.000000000000000000e+00,0.000000000000000000e+00,0.000000000000000000e+00,0.000000000000000000e+00,0.000000000000000000e+00,0.000000000000000000e+00,0.000000000000000000e+00,0.000000000000000000e+00,0.000000000000000000e+00,0.000000000000000000e+00,0.000000000000000000e+00,0.000000000000000000e+00,0.000000000000000000e+00,0.000000000000000000e+00,0.000000000000000000e+00,0.000000000000000000e+00,0.000000000000000000e+00,0.000000000000000000e+00,0.000000000000000000e+00,0.000000000000000000e+00,0.000000000000000000e+00,0.000000000000000000e+00,0.000000000000000000e+00,0.000000000000000000e+00,0.000000000000000000e+00,0.000000000000000000e+00,0.000000000000000000e+00,0.000000000000000000e+00,0.000000000000000000e+00,0.000000000000000000e+00,0.000000000000000000e+00,0.000000000000000000e+00,0.000000000000000000e+00,0.000000000000000000e+00,0.000000000000000000e+00,0.000000000000000000e+00,0.000000000000000000e+00,0.000000000000000000e+00,0.000000000000000000e+00,0.000000000000000000e+00,0.000000000000000000e+00,0.000000000000000000e+00,0.000000000000000000e+00,0.000000000000000000e+00,0.000000000000000000e+00,0.000000000000000000e+00,0.000000000000000000e+00,0.000000000000000000e+00,0.000000000000000000e+00,0.000000000000000000e+00,0.000000000000000000e+00,0.000000000000000000e+00,0.000000000000000000e+00,0.000000000000000000e+00,0.000000000000000000e+00,0.000000000000000000e+00,0.000000000000000000e+00,0.000000000000000000e+00,0.000000000000000000e+00,0.000000000000000000e+00,0.000000000000000000e+00,0.000000000000000000e+00,0.000000000000000000e+00,0.000000000000000000e+00,0.000000000000000000e+00,0.000000000000000000e+00,0.000000000000000000e+00,0.000000000000000000e+00,0.000000000000000000e+00,0.000000000000000000e+00,0.000000000000000000e+00,0.000000000000000000e+00,0.000000000000000000e+00,0.000000000000000000e+00,0.000000000000000000e+00,0.000000000000000000e+00,0.000000000000000000e+00,0.000000000000000000e+00,0.000000000000000000e+00,0.000000000000000000e+00,0.000000000000000000e+00,0.000000000000000000e+00,0.000000000000000000e+00,0.000000000000000000e+00,0.000000000000000000e+00,0.000000000000000000e+00,0.000000000000000000e+00,0.000000000000000000e+00,0.000000000000000000e+00,0.000000000000000000e+00,0.000000000000000000e+00,0.000000000000000000e+00,0.000000000000000000e+00,0.000000000000000000e+00
0.000000000000000000e+00,0.000000000000000000e+00,0.000000000000000000e+00,0.000000000000000000e+00,0.000000000000000000e+00,0.000000000000000000e+00,0.000000000000000000e+00,0.000000000000000000e+00,0.000000000000000000e+00,0.000000000000000000e+00,0.000000000000000000e+00,0.000000000000000000e+00,0.000000000000000000e+00,0.000000000000000000e+00,0.000000000000000000e+00,0.000000000000000000e+00,0.000000000000000000e+00,0.000000000000000000e+00,0.000000000000000000e+00,0.000000000000000000e+00,0.000000000000000000e+00,0.000000000000000000e+00,0.000000000000000000e+00,0.000000000000000000e+00,0.000000000000000000e+00,0.000000000000000000e+00,0.000000000000000000e+00,0.000000000000000000e+00,0.000000000000000000e+00,0.000000000000000000e+00,0.000000000000000000e+00,0.000000000000000000e+00,0.000000000000000000e+00,0.000000000000000000e+00,0.000000000000000000e+00,0.000000000000000000e+00,0.000000000000000000e+00,0.000000000000000000e+00,0.000000000000000000e+00,0.000000000000000000e+00,0.000000000000000000e+00,0.000000000000000000e+00,0.000000000000000000e+00,0.000000000000000000e+00,0.000000000000000000e+00,0.000000000000000000e+00,0.000000000000000000e+00,0.000000000000000000e+00,0.000000000000000000e+00,0.000000000000000000e+00,0.000000000000000000e+00,0.000000000000000000e+00,0.000000000000000000e+00,0.000000000000000000e+00,0.000000000000000000e+00,0.000000000000000000e+00,0.000000000000000000e+00,0.000000000000000000e+00,0.000000000000000000e+00,0.000000000000000000e+00,0.000000000000000000e+00,0.000000000000000000e+00,0.000000000000000000e+00,0.000000000000000000e+00,0.000000000000000000e+00,0.000000000000000000e+00,0.000000000000000000e+00,0.000000000000000000e+00,0.000000000000000000e+00,0.000000000000000000e+00,0.000000000000000000e+00,0.000000000000000000e+00,0.000000000000000000e+00,0.000000000000000000e+00,0.000000000000000000e+00,0.000000000000000000e+00,0.000000000000000000e+00,0.000000000000000000e+00,0.000000000000000000e+00,0.000000000000000000e+00,0.000000000000000000e+00,0.000000000000000000e+00,0.000000000000000000e+00,0.000000000000000000e+00,0.000000000000000000e+00,0.000000000000000000e+00,0.000000000000000000e+00,0.000000000000000000e+00,0.000000000000000000e+00,0.000000000000000000e+00,0.000000000000000000e+00,0.000000000000000000e+00,0.000000000000000000e+00,0.000000000000000000e+00,0.000000000000000000e+00,0.000000000000000000e+00,0.000000000000000000e+00,0.000000000000000000e+00,0.000000000000000000e+00,0.000000000000000000e+00,0.000000000000000000e+00,0.000000000000000000e+00,0.000000000000000000e+00,0.000000000000000000e+00,0.000000000000000000e+00,0.000000000000000000e+00,0.000000000000000000e+00,0.000000000000000000e+00,0.000000000000000000e+00,0.000000000000000000e+00,0.000000000000000000e+00,0.000000000000000000e+00,0.000000000000000000e+00,0.000000000000000000e+00,0.000000000000000000e+00,0.000000000000000000e+00,0.000000000000000000e+00,0.000000000000000000e+00,0.000000000000000000e+00,0.000000000000000000e+00,0.000000000000000000e+00,0.000000000000000000e+00,0.000000000000000000e+00,0.000000000000000000e+00,0.000000000000000000e+00,0.000000000000000000e+00
0.000000000000000000e+00,0.000000000000000000e+00,0.000000000000000000e+00,0.000000000000000000e+00,0.000000000000000000e+00,0.000000000000000000e+00,0.000000000000000000e+00,0.000000000000000000e+00,0.000000000000000000e+00,0.000000000000000000e+00,0.000000000000000000e+00,0.000000000000000000e+00,0.000000000000000000e+00,0.000000000000000000e+00,0.000000000000000000e+00,0.000000000000000000e+00,0.000000000000000000e+00,0.000000000000000000e+00,0.000000000000000000e+00,0.000000000000000000e+00,0.000000000000000000e+00,0.000000000000000000e+00,0.000000000000000000e+00,0.000000000000000000e+00,0.000000000000000000e+00,0.000000000000000000e+00,0.000000000000000000e+00,0.000000000000000000e+00,0.000000000000000000e+00,0.000000000000000000e+00,0.000000000000000000e+00,0.000000000000000000e+00,0.000000000000000000e+00,0.000000000000000000e+00,0.000000000000000000e+00,0.000000000000000000e+00,0.000000000000000000e+00,0.000000000000000000e+00,0.000000000000000000e+00,0.000000000000000000e+00,0.000000000000000000e+00,0.000000000000000000e+00,0.000000000000000000e+00,0.000000000000000000e+00,0.000000000000000000e+00,0.000000000000000000e+00,0.000000000000000000e+00,0.000000000000000000e+00,0.000000000000000000e+00,0.000000000000000000e+00,0.000000000000000000e+00,0.000000000000000000e+00,0.000000000000000000e+00,0.000000000000000000e+00,0.000000000000000000e+00,0.000000000000000000e+00,0.000000000000000000e+00,0.000000000000000000e+00,0.000000000000000000e+00,0.000000000000000000e+00,0.000000000000000000e+00,0.000000000000000000e+00,0.000000000000000000e+00,0.000000000000000000e+00,0.000000000000000000e+00,0.000000000000000000e+00,0.000000000000000000e+00,0.000000000000000000e+00,0.000000000000000000e+00,0.000000000000000000e+00,0.000000000000000000e+00,0.000000000000000000e+00,0.000000000000000000e+00,0.000000000000000000e+00,0.000000000000000000e+00,0.000000000000000000e+00,0.000000000000000000e+00,0.000000000000000000e+00,0.000000000000000000e+00,0.000000000000000000e+00,0.000000000000000000e+00,0.000000000000000000e+00,0.000000000000000000e+00,0.000000000000000000e+00,0.000000000000000000e+00,0.000000000000000000e+00,0.000000000000000000e+00,0.000000000000000000e+00,0.000000000000000000e+00,0.000000000000000000e+00,0.000000000000000000e+00,0.000000000000000000e+00,0.000000000000000000e+00,0.000000000000000000e+00,0.000000000000000000e+00,0.000000000000000000e+00,0.000000000000000000e+00,0.000000000000000000e+00,0.000000000000000000e+00,0.000000000000000000e+00,0.000000000000000000e+00,0.000000000000000000e+00,0.000000000000000000e+00,0.000000000000000000e+00,0.000000000000000000e+00,0.000000000000000000e+00,0.000000000000000000e+00,0.000000000000000000e+00,0.000000000000000000e+00,0.000000000000000000e+00,0.000000000000000000e+00,0.000000000000000000e+00,0.000000000000000000e+00,0.000000000000000000e+00,0.000000000000000000e+00,0.000000000000000000e+00,0.000000000000000000e+00,0.000000000000000000e+00,0.000000000000000000e+00,0.000000000000000000e+00,0.000000000000000000e+00,0.000000000000000000e+00,0.000000000000000000e+00,0.000000000000000000e+00,0.000000000000000000e+00,0.000000000000000000e+00
0.000000000000000000e+00,0.000000000000000000e+00,0.000000000000000000e+00,0.000000000000000000e+00,0.000000000000000000e+00,0.000000000000000000e+00,0.000000000000000000e+00,0.000000000000000000e+00,-4.321658048315453558e-04,1.076047561276954065e-03,-1.431079973817758804e-05,0.000000000000000000e+00,0.000000000000000000e+00,0.000000000000000000e+00,2.158680692869064700e-03,1.961365635267341839e-03,7.148285854398246642e-05,0.000000000000000000e+00,0.000000000000000000e+00,0.000000000000000000e+00,5.306121321580258531e-03,2.927352069437144655e-03,1.757076538001616775e-04,0.000000000000000000e+00,0.000000000000000000e+00,0.000000000000000000e+00,7.946425667033640144e-03,4.097346056133023551e-03,2.631390662654561918e-04,0.000000000000000000e+00,0.000000000000000000e+00,0.000000000000000000e+00,9.158500716758579546e-03,5.576365791274138020e-03,3.032758913227202066e-04,0.000000000000000000e+00,0.000000000000000000e+00,0.000000000000000000e+00,7.918637663265976068e-03,7.438439516818572995e-03,2.622188903686217560e-04,0.000000000000000000e+00,0.000000000000000000e+00,0.000000000000000000e+00,3.013697658087331668e-03,9.704374001068261785e-03,9.979601156346405819e-05,0.000000000000000000e+00,0.000000000000000000e+00,0.000000000000000000e+00,-6.950800610538770616e-03,1.231409115995527048e-02,-2.301697969745559146e-04,0.000000000000000000e+00,0.000000000000000000e+00,0.000000000000000000e+00,-2.343045316351453217e-02,1.509522948233257139e-02,-7.758793482712146453e-04,0.000000000000000000e+00,0.000000000000000000e+00,0.000000000000000000e+00,-4.766298549880485652e-02,1.773334709386246641e-02,-1.578318859963793747e-03,0.000000000000000000e+00,0.000000000000000000e+00,0.000000000000000000e+00,-8.017946132782119428e-02,1.975307650907717413e-02,-2.655074051091722755e-03,0.000000000000000000e+00,0.000000000000000000e+00,0.000000000000000000e+00,-1.200837167724123217e-01,2.052204771065664970e-02,-3.976469223926423248e-03,0.000000000000000000e+00,0.000000000000000000e+00,0.000000000000000000e+00,-1.641483000716089102e-01,1.928851209761978450e-02,-5.435630083233233129e-03,0.000000000000000000e+00,0.000000000000000000e+00,0.000000000000000000e+00,-2.058397338063530091e-01,1.526337694299544079e-02,-6.816206131372954183e-03,0.000000000000000000e+00,0.000000000000000000e+00,0.000000000000000000e+00,-2.342271610513677327e-01,7.783920048418448666e-03,-7.756231422230580944e-03,0.000000000000000000e+00,0.000000000000000000e+00,0.000000000000000000e+00,-2.318345946348827902e-01,-3.283334354052754728e-03,-7.677003638672017134e-03,0.000000000000000000e+00,0.000000000000000000e+00,0.000000000000000000e+00,-1.680870845573585737e-01,-1.644880206573079082e-02,-5.566059551176460313e-03,0.000000000000000000e+00,0.000000000000000000e+00,0.000000000000000000e+00,2.329694425882442022e-02,-2.566740933970654975e-02,7.714583154710127422e-04,0.000000000000000000e+00,0.000000000000000000e+00,0.000000000000000000e+00,6.113829590820781812e-01,-8.044399391279745404e-03,2.024542199531148903e-02,0.000000000000000000e+00,0.000000000000000000e+00,0.000000000000000000e+00,9.235438618708760594e-02,-2.618870272783153236e-02,3.058236239169598390e-03,0.000000000000000000e+00
0.000000000000000000e+00,0.000000000000000000e+00,0.000000000000000000e+00,0.000000000000000000e+00,0.000000000000000000e+00,0.000000000000000000e+00,0.000000000000000000e+00,0.000000000000000000e+00,-1.028388562067474683e-03,-4.805498656991534587e-04,-3.405420465998376699e-05,0.000000000000000000e+00,0.000000000000000000e+00,0.000000000000000000e+00,-3.666723382633666276e-03,-9.257231604038567959e-04,-1.214203979989057097e-04,0.000000000000000000e+00,0.000000000000000000e+00,0.000000000000000000e+00,-6.732384368985837655e-03,-1.464913027655209482e-03,-2.229371305824356627e-04,0.000000000000000000e+00,0.000000000000000000e+00,0.000000000000000000e+00,-9.607071040843490062e-03,-2.187417670929914151e-03,-3.181299126374570918e-04,0.000000000000000000e+00,0.000000000000000000e+00,0.000000000000000000e+00,-1.167969736331191284e-02,-3.179996905437353170e-03,-3.867631545583051565e-04,0.000000000000000000e+00,0.000000000000000000e+00,0.000000000000000000e+00,-1.219598937729167096e-02,-4.513989200599707353e-03,-4.038597215145116131e-04,0.000000000000000000e+00,0.000000000000000000e+00,0.000000000000000000e+00,-1.018638251241320812e-02,-6.227418743778410579e-03,-3.373133148478555244e-04,0.000000000000000000e+00,0.000000000000000000e+00,0.000000000000000000e+00,-4.453030213707518878e-03,-8.301951279736053887e-03,-1.474582738938871678e-04,0.000000000000000000e+00,0.000000000000000000e+00,0.000000000000000000e+00,6.360444772798342500e-03,-1.063528065344407358e-02,2.106206700567969799e-04,0.000000000000000000e+00,0.000000000000000000e+00,0.000000000000000000e+00,2.357122700151666195e-02,-1.301272943547880992e-02,7.805409531032089093e-04,0.000000000000000000e+00,0.000000000000000000e+00,0.000000000000000000e+00,4.808021489157175005e-02,-1.508532793992595038e-02,1.592135053235022024e-03,0.000000000000000000e+00,0.000000000000000000e+00,0.000000000000000000e+00,7.978502606984755330e-02,-1.636393570250484555e-02,2.642012666032028147e-03,0.000000000000000000e+00,0.000000000000000000e+00,0.000000000000000000e+00,1.168099415497171334e-01,-1.623848341692640113e-02,3.868060967011968318e-03,0.000000000000000000e+00,0.000000000000000000e+00,0.000000000000000000e+00,1.546335977324736211e-01,-1.403192582061333488e-02,5.120558880881211604e-03,0.000000000000000000e+00,0.000000000000000000e+00,0.000000000000000000e+00,1.850484756196663638e-01,-9.124872783520721412e-03,6.127721459777068884e-03,0.000000000000000000e+00,0.000000000000000000e+00,0.000000000000000000e+00,1.940663377360961617e-01,-1.305222109573561141e-03,6.426340224547289620e-03,0.000000000000000000e+00,0.000000000000000000e+00,0.000000000000000000e+00,1.556878408776251888e-01,8.198426083507914103e-03,5.155469237871373837e-03,0.000000000000000000e+00,0.000000000000000000e+00,0.000000000000000000e+00,1.119678984173454531e-02,1.371486103110202207e-02,3.707720864171109958e-04,0.000000000000000000e+00,0.000000000000000000e+00,0.000000000000000000e+00,-4.749481382835657461e-01,-9.944589877280269469e-03,-1.572749999423431536e-02,0.000000000000000000e+00,0.000000000000000000e+00,0.000000000000000000e+00,-5.123030389697653258e-02,1.590271825141614456e-02,-1.696447547212547426e-03,0.000000000000000000e+00
0.000000000000000000e+00,0.000000000000000000e+00,0.000000000000000000e+00,0.000000000000000000e+00,0.000000000000000000e+00,0.000000000000000000e+00,0.000000000000000000e+00,0.000000000000000000e+00,-1.431079973817765580e-05,3.563239151739769215e-05,-4.738898516648110727e-07,0.000000000000000000e+00,0.000000000000000000e+00,0.000000000000000000e+00,7.148285854398264260e-05,6.494893974916726622e-05,2.367093513412432452e-06,0.000000000000000000e+00,0.000000000000000000e+00,0.000000000000000000e+00,1.757076538001618401e-04,9.693675149792154442e-05,5.818408161606625005e-06,0.000000000000000000e+00,0.000000000000000000e+00,0.000000000000000000e+00,2.631390662654578181e-04,1.356800982673479555e-04,8.713624350922071933e-06,0.000000000000000000e+00,0.000000000000000000e+00,0.000000000000000000e+00,3.032758913227213992e-04,1.846565674876909826e-04,1.004272086688698716e-05,0.000000000000000000e+00,0.000000000000000000e+00,0.000000000000000000e+00,2.622188903686212681e-04,2.463175408596490800e-04,8.683153515802127681e-06,0.000000000000000000e+00,0.000000000000000000e+00,0.000000000000000000e+00,9.979601156346413950e-05,3.213520166589734720e-04,3.304659277034373733e-06,0.000000000000000000e+00,0.000000000000000000e+00,0.000000000000000000e+00,-2.301697969745570530e-04,4.077705606913391767e-04,-7.621875292895523442e-06,0.000000000000000000e+00,0.000000000000000000e+00,0.000000000000000000e+00,-7.758793482712202831e-04,4.998655694374078704e-04,-2.569257875093832835e-05,0.000000000000000000e+00,0.000000000000000000e+00,0.000000000000000000e+00,-1.578318859963793964e-03,5.872245700855035578e-04,-5.226467451938933103e-05,0.000000000000000000e+00,0.000000000000000000e+00,0.000000000000000000e+00,-2.655074051091723189e-03,6.541061763192748289e-04,-8.792049859200736027e-05,0.000000000000000000e+00,0.000000000000000000e+00,0.000000000000000000e+00,-3.976469223926423248e-03,6.795699977211535096e-04,-1.316773657064775722e-04,0.000000000000000000e+00,0.000000000000000000e+00,0.000000000000000000e+00,-5.435630083233307722e-03,6.387225245274751528e-04,-1.799962252966444886e-04,0.000000000000000000e+00,0.000000000000000000e+00,0.000000000000000000e+00,-6.816206131372955050e-03,5.054336282915030364e-04,-2.257128163072483966e-04,0.000000000000000000e+00,0.000000000000000000e+00,0.000000000000000000e+00,-7.756231422230583546e-03,2.577578321688889793e-04,-2.568409470753209322e-04,0.000000000000000000e+00,0.000000000000000000e+00,0.000000000000000000e+00,-7.677003638672020604e-03,-1.087247993455727900e-04,-2.542173870168193579e-04,0.000000000000000000e+00,0.000000000000000000e+00,0.000000000000000000e+00,-5.566059551176459445e-03,-5.446879638877281764e-04,-1.843152851917700475e-04,0.000000000000000000e+00,0.000000000000000000e+00,0.000000000000000000e+00,7.714583154710235842e-04,-8.499542322686747670e-04,2.554618004393222245e-05,0.000000000000000000e+00,0.000000000000000000e+00,0.000000000000000000e+00,2.024542199531149944e-02,-2.663833820618823761e-04,6.704097745603283766e-04,0.000000000000000000e+00,0.000000000000000000e+00,0.000000000000000000e+00,3.058236239169598823e-03,-8.672164154374721557e-04,1.012708684525679542e-04,0.000000000000000000e+00
0.000000000000000000e+00,0.000000000000000000e+00,0.000000000000000000e+00,0.000000000000000000e+00,0.000000000000000000e+00,0.000000000000000000e+00,0.000000000000000000e+00,0.000000000000000000e+00,0.000000000000000000e+00,0.000000000000000000e+00,0.000000000000000000e+00,0.000000000000000000e+00,0.000000000000000000e+00,0.000000000000000000e+00,0.000000000000000000e+00,0.000000000000000000e+00,0.000000000000000000e+00,0.000000000000000000e+00,0.000000000000000000e+00,0.000000000000000000e+00,0.000000000000000000e+00,0.000000000000000000e+00,0.000000000000000000e+00,0.000000000000000000e+00,0.000000000000000000e+00,0.000000000000000000e+00,0.000000000000000000e+00,0.000000000000000000e+00,0.000000000000000000e+00,0.000000000000000000e+00,0.000000000000000000e+00,0.000000000000000000e+00,0.000000000000000000e+00,0.000000000000000000e+00,0.000000000000000000e+00,0.000000000000000000e+00,0.000000000000000000e+00,0.000000000000000000e+00,0.000000000000000000e+00,0.000000000000000000e+00,0.000000000000000000e+00,0.000000000000000000e+00,0.000000000000000000e+00,0.000000000000000000e+00,0.000000000000000000e+00,0.000000000000000000e+00,0.000000000000000000e+00,0.000000000000000000e+00,0.000000000000000000e+00,0.000000000000000000e+00,0.000000000000000000e+00,0.000000000000000000e+00,0.000000000000000000e+00,0.000000000000000000e+00,0.000000000000000000e+00,0.000000000000000000e+00,0.000000000000000000e+00,0.000000000000000000e+00,0.000000000000000000e+00,0.000000000000000000e+00,0.000000000000000000e+00,0.000000000000000000e+00,0.000000000000000000e+00,0.000000000000000000e+00,0.000000000000000000e+00,0.000000000000000000e+00,0.000000000000000000e+00,0.000000000000000000e+00,0.000000000000000000e+00,0.000000000000000000e+00,0.000000000000000000e+00,0.000000000000000000e+00,0.000000000000000000e+00,0.000000000000000000e+00,0.000000000000000000e+00,0.000000000000000000e+00,0.000000000000000000e+00,0.000000000000000000e+00,0.000000000000000000e+00,0.000000000000000000e+00,0.000000000000000000e+00,0.000000000000000000e+00,0.000000000000000000e+00,0.000000000000000000e+00,0.000000000000000000e+00,0.000000000000000000e+00,0.000000000000000000e+00,0.000000000000000000e+00,0.000000000000000000e+00,0.000000000000000000e+00,0.000000000000000000e+00,0.000000000000000000e+00,0.000000000000000000e+00,0.000000000000000000e+00,0.000000000000000000e+00,0.000000000000000000e+00,0.000000000000000000e+00,0.000000000000000000e+00,0.000000000000000000e+00,0.000000000000000000e+00,0.000000000000000000e+00,0.000000000000000000e+00,0.000000000000000000e+00,0.000000000000000000e+00,0.000000000000000000e+00,0.000000000000000000e+00,0.000000000000000000e+00,0.000000000000000000e+00,0.000000000000000000e+00,0.000000000000000000e+00,0.000000000000000000e+00,0.000000000000000000e+00,0.000000000000000000e+00,0.000000000000000000e+00,0.000000000000000000e+00,0.000000000000000000e+00,0.000000000000000000e+00,0.000000000000000000e+00,0.000000000000000000e+00,0.000000000000000000e+00,0.000000000000000000e+00,0.000000000000000000e+00,0.000000000000000000e+00,0.000000000000000000e+00,0.000000000000000000e+00,0.000000000000000000e+00
0.000000000000000000e+00,0.000000000000000000e+00,0.000000000000000000e+00,0.000000000000000000e+00,0.000000000000000000e+00,0.000000000000000000e+00,0.000000000000000000e+00,0.000000000000000000e+00,0.000000000000000000e+00,0.000000000000000000e+00,0.000000000000000000e+00,0.000000000000000000e+00,0.000000000000000000e+00,0.000000000000000000e+00,0.000000000000000000e+00,0.000000000000000000e+00,0.000000000000000000e+00,0.000000000000000000e+00,0.000000000000000000e+00,0.000000000000000000e+00,0.000000000000000000e+00,0.000000000000000000e+00,0.000000000000000000e+00,0.000000000000000000e+00,0.000000000000000000e+00,0.000000000000000000e+00,0.000000000000000000e+00,0.000000000000000000e+00,0.000000000000000000e+00,0.000000000000000000e+00,0.000000000000000000e+00,0.000000000000000000e+00,0.000000000000000000e+00,0.000000000000000000e+00,0.000000000000000000e+00,0.000000000000000000e+00,0.000000000000000000e+00,0.000000000000000000e+00,0.000000000000000000e+00,0.000000000000000000e+00,0.000000000000000000e+00,0.000000000000000000e+00,0.000000000000000000e+00,0.000000000000000000e+00,0.000000000000000000e+00,0.000000000000000000e+00,0.000000000000000000e+00,0.000000000000000000e+00,0.000000000000000000e+00,0.000000000000000000e+00,0.000000000000000000e+00,0.000000000000000000e+00,0.000000000000000000e+00,0.000000000000000000e+00,0.000000000000000000e+00,0.000000000000000000e+00,0.000000000000000000e+00,0.000000000000000000e+00,0.000000000000000000e+00,0.000000000000000000e+00,0.000000000000000000e+00,0.000000000000000000e+00,0.000000000000000000e+00,0.000000000000000000e+00,0.000000000000000000e+00,0.000000000000000000e+00,0.000000000000000000e+00,0.000000000000000000e+00,0.000000000000000000e+00,0.000000000000000000e+00,0.000000000000000000e+00,0.000000000000000000e+00,0.000000000000000000e+00,0.000000000000000000e+00,0.000000000000000000e+00,0.000000000000000000e+00,0.000000000000000000e+00,0.000000000000000000e+00,0.000000000000000000e+00,0.000000000000000000e+00,0.000000000000000000e+00,0.000000000000000000e+00,0.000000000000000000e+00,0.000000000000000000e+00,0.000000000000000000e+00,0.000000000000000000e+00,0.000000000000000000e+00,0.000000000000000000e+00,0.000000000000000000e+00,0.000000000000000000e+00,0.000000000000000000e+00,0.000000000000000000e+00,0.000000000000000000e+00,0.000000000000000000e+00,0.000000000000000000e+00,0.000000000000000000e+00,0.000000000000000000e+00,0.000000000000000000e+00,0.000000000000000000e+00,0.000000000000000000e+00,0.000000000000000000e+00,0.000000000000000000e+00,0.000000000000000000e+00,0.000000000000000000e+00,0.000000000000000000e+00,0.000000000000000000e+00,0.000000000000000000e+00,0.000000000000000000e+00,0.000000000000000000e+00,0.000000000000000000e+00,0.000000000000000000e+00,0.000000000000000000e+00,0.000000000000000000e+00,0.000000000000000000e+00,0.000000000000000000e+00,0.000000000000000000e+00,0.000000000000000000e+00,0.000000000000000000e+00,0.000000000000000000e+00,0.000000000000000000e+00,0.000000000000000000e+00,0.000000000000000000e+00,0.000000000000000000e+00,0.000000000000000000e+00,0.000000000000000000e+00,0.000000000000000000e+00
0.000000000000000000e+00,0.000000000000000000e+00,0.000000000000000000e+00,0.000000000000000000e+00,0.000000000000000000e+00,0.000000000000000000e+00,0.000000000000000000e+00,0.000000000000000000e+00,0.000000000000000000e+00,0.000000000000000000e+00,0.000000000000000000e+00,0.000000000000000000e+00,0.000000000000000000e+00,0.000000000000000000e+00,0.000000000000000000e+00,0.000000000000000000e+00,0.000000000000000000e+00,0.000000000000000000e+00,0.000000000000000000e+00,0.000000000000000000e+00,0.000000000000000000e+00,0.000000000000000000e+00,0.000000000000000000e+00,0.000000000000000000e+00,0.000000000000000000e+00,0.000000000000000000e+00,0.000000000000000000e+00,0.000000000000000000e+00,0.000000000000000000e+00,0.000000000000000000e+00,0.000000000000000000e+00,0.000000000000000000e+00,0.000000000000000000e+00,0.000000000000000000e+00,0.000000000000000000e+00,0.000000000000000000e+00,0.000000000000000000e+00,0.000000000000000000e+00,0.000000000000000000e+00,0.000000000000000000e+00,0.000000000000000000e+00,0.000000000000000000e+00,0.000000000000000000e+00,0.000000000000000000e+00,0.000000000000000000e+00,0.000000000000000000e+00,0.000000000000000000e+00,0.000000000000000000e+00,0.000000000000000000e+00,0.000000000000000000e+00,0.000000000000000000e+00,0.000000000000000000e+00,0.000000000000000000e+00,0.000000000000000000e+00,0.000000000000000000e+00,0.000000000000000000e+00,0.000000000000000000e+00,0.000000000000000000e+00,0.000000000000000000e+00,0.000000000000000000e+00,0.000000000000000000e+00,0.000000000000000000e+00,0.000000000000000000e+00,0.000000000000000000e+00,0.000000000000000000e+00,0.000000000000000000e+00,0.000000000000000000e+00,0.000000000000000000e+00,0.000000000000000000e+00,0.000000000000000000e+00,0.000000000000000000e+00,0.000000000000000000e+00,0.000000000000000000e+00,0.000000000000000000e+00,0.000000000000000000e+00,0.000000000000000000e+00,0.000000000000000000e+00,0.000000000000000000e+00,0.000000000000000000e+00,0.000000000000000000e+00,0.000000000000000000e+00,0.000000000000000000e+00,0.000000000000000000e+00,0.000000000000000000e+00,0.000000000000000000e+00,0.000000000000000000e+00,0.000000000000000000e+00,0.000000000000000000e+00,0.000000000000000000e+00,0.000000000000000000e+00,0.000000000000000000e+00,0.000000000000000000e+00,0.000000000000000000e+00,0.000000000000000000e+00,0.000000000000000000e+00,0.000000000000000000e+00,0.000000000000000000e+00,0.000000000000000000e+00,0.000000000000000000e+00,0.000000000000000000e+00,0.000000000000000000e+00,0.000000000000000000e+00,0.000000000000000000e+00,0.000000000000000000e+00,0.000000000000000000e+00,0.000000000000000000e+00,0.000000000000000000e+00,0.000000000000000000e+00,0.000000000000000000e+00,0.000000000000000000e+00,0.000000000000000000e+00,0.000000000000000000e+00,0.000000000000000000e+00,0.000000000000000000e+00,0.000000000000000000e+00,0.000000000000000000e+00,0.000000000000000000e+00,0.000000000000000000e+00,0.000000000000000000e+00,0.000000000000000000e+00,0.000000000000000000e+00,0.000000000000000000e+00,0.000000000000000000e+00,0.000000000000000000e+00,0.000000000000000000e+00,0.000000000000000000e+00
0.000000000000000000e+00,0.000000000000000000e+00,0.000000000000000000e+00,0.000000000000000000e+00,0.000000000000000000e+00,0.000000000000000000e+00,0.000000000000000000e+00,0.000000000000000000e+00,-1.795721933252050631e-03,7.313635388158762048e-04,-5.946379071393709909e-05,0.000000000000000000e+00,0.000000000000000000e+00,0.000000000000000000e+00,-4.321658048306245971e-04,1.369799547884461644e-03,-1.431079973814713890e-05,0.000000000000000000e+00,0.000000000000000000e+00,0.000000000000000000e+00,1.676303107444461829e-03,2.046481730475102883e-03,5.550933878369510103e-05,0.000000000000000000e+00,0.000000000000000000e+00,0.000000000000000000e+00,3.691130052822911775e-03,2.839972966557628709e-03,1.222286039361842886e-04,0.000000000000000000e+00,0.000000000000000000e+00,0.000000000000000000e+00,4.968002778188220468e-03,3.828105522730976609e-03,1.645111484122953631e-04,0.000000000000000000e+00,0.000000000000000000e+00,0.000000000000000000e+00,4.825795533006787055e-03,5.074924060752318729e-03,1.598020775317279850e-04,0.000000000000000000e+00,0.000000000000000000e+00,0.000000000000000000e+00,2.460330748657825993e-03,6.615423965180062225e-03,8.147174126246978774e-05,0.000000000000000000e+00,0.000000000000000000e+00,0.000000000000000000e+00,-3.079106750984965044e-03,8.437020460945019937e-03,-1.019619775400606526e-04,0.000000000000000000e+00,0.000000000000000000e+00,0.000000000000000000e+00,-1.284957628130102905e-02,1.045723408616448108e-02,-4.255026909262585549e-04,0.000000000000000000e+00,0.000000000000000000e+00,0.000000000000000000e+00,-2.788210809137482357e-02,1.249983551973691577e-02,-9.232920807545606269e-04,0.000000000000000000e+00,0.000000000000000000e+00,0.000000000000000000e+00,-4.891667924416754493e-02,1.427480867293129743e-02,-1.619833852409539431e-03,0.000000000000000000e+00,0.000000000000000000e+00,0.000000000000000000e+00,-7.596796686845377899e-02,1.537057045939609762e-02,-2.515614026414517927e-03,0.000000000000000000e+00,0.000000000000000000e+00,0.000000000000000000e+00,-1.077166315071550889e-01,1.526848878173215490e-02,-3.566943808918008902e-03,0.000000000000000000e+00,0.000000000000000000e+00,0.000000000000000000e+00,-1.407854444366914426e-01,1.338841194967222044e-02,-4.661989169108733157e-03,0.000000000000000000e+00,0.000000000000000000e+00,0.000000000000000000e+00,-1.690087230321062339e-01,9.174199025697523172e-03,-5.596578818308793613e-03,0.000000000000000000e+00,0.000000000000000000e+00,0.000000000000000000e+00,-1.826322266901777847e-01,2.255489822176583604e-03,-6.047709450124949537e-03,0.000000000000000000e+00,0.000000000000000000e+00,0.000000000000000000e+00,-1.665323130077734359e-01,-7.162192129917959588e-03,-5.514574625631735172e-03,0.000000000000000000e+00,0.000000000000000000e+00,0.000000000000000000e+00,-9.435254811586513135e-02,-1.725049295354409012e-02,-3.124403656599382927e-03,0.000000000000000000e+00,0.000000000000000000e+00,0.000000000000000000e+00,9.235438618700279878e-02,-2.172966119082694186e-02,3.058236239166790306e-03,0.000000000000000000e+00,0.000000000000000000e+00,0.000000000000000000e+00,6.463626497074863586e-01,2.592854118848131328e-03,2.140374443046748343e-02,0.000000000000000000e+00
0.000000000000000000e+00,0.000000000000000000e+00,0.000000000000000000e+00,0.000000000000000000e+00,0.000000000000000000e+00,0.000000000000000000e+00,0.000000000000000000e+00,0.000000000000000000e+00,6.872567884532323037e-04,-3.587884625100475891e-04,2.275791873929258947e-05,0.000000000000000000e+00,0.000000000000000000e+00,0.000000000000000000e+00,-7.346365754607175891e-04,-7.126139351190602725e-04,-2.432685972426001114e-05,0.000000000000000000e+00,0.000000000000000000e+00,0.000000000000000000e+00,-2.765815702076740087e-03,-1.112209501132354651e-03,-9.158761332483426822e-05,0.000000000000000000e+00,0.000000000000000000e+00,0.000000000000000000e+00,-4.867907841175008431e-03,-1.614676898014855404e-03,-1.611965904755326790e-04,0.000000000000000000e+00,0.000000000000000000e+00,0.000000000000000000e+00,-6.601650222045739140e-03,-2.284442708712404110e-03,-2.186079815038063196e-04,0.000000000000000000e+00,0.000000000000000000e+00,0.000000000000000000e+00,-7.465531817356639913e-03,-3.181023857972540073e-03,-2.472146791410962741e-04,0.000000000000000000e+00,0.000000000000000000e+00,0.000000000000000000e+00,-6.823366459024225728e-03,-4.346842961592491464e-03,-2.259499244123587276e-04,0.000000000000000000e+00,0.000000000000000000e+00,0.000000000000000000e+00,-3.871736331963848959e-03,-5.791999735343838704e-03,-1.282092258719035158e-04,0.000000000000000000e+00,0.000000000000000000e+00,0.000000000000000000e+00,2.347046977587877604e-03,-7.474990206912918156e-03,7.772044640470178608e-05,0.000000000000000000e+00,0.000000000000000000e+00,0.000000000000000000e+00,1.285939761154916358e-02,-9.280744350250613728e-03,4.258279158486690799e-04,0.000000000000000000e+00,0.000000000000000000e+00,0.000000000000000000e+00,2.856328155485312464e-02,-1.100003108582074500e-02,9.458485554080759772e-04,0.000000000000000000e+00,0.000000000000000000e+00,0.000000000000000000e+00,4.988038108296046630e-02,-1.231705997749455578e-02,1.651746011743050052e-03,0.000000000000000000e+00,0.000000000000000000e+00,0.000000000000000000e+00,7.624233961374843327e-02,-1.281371014329477261e-02,2.524699644405607041e-03,0.000000000000000000e+00,0.000000000000000000e+00,0.000000000000000000e+00,1.054505181617456100e-01,-1.199788972897845342e-02,3.491903410284926020e-03,0.000000000000000000e+00,0.000000000000000000e+00,0.000000000000000000e+00,1.329922227248913902e-01,-9.364269896622761866e-03,4.403923320339740537e-03,0.000000000000000000e+00,0.000000000000000000e+00,0.000000000000000000e+00,1.512402701229225988e-01,-4.522303022726283615e-03,5.008191749277074792e-03,0.000000000000000000e+00,0.000000000000000000e+00,0.000000000000000000e+00,1.476779513340730765e-01,2.459299199412922667e-03,4.890228619800313439e-03,0.000000000000000000e+00,0.000000000000000000e+00,0.000000000000000000e+00,9.926960928957662134e-02,1.005489132631770879e-02,3.287227917498000956e-03,0.000000000000000000e+00,0.000000000000000000e+00,0.000000000000000000e+00,-4.677126235989684938e-02,1.238007543718244383e-02,-1.548790213504165061e-03,0.000000000000000000e+00,0.000000000000000000e+00,0.000000000000000000e+00,-5.132193473877587619e-01,-1.590067675449475387e-02,-1.699481823900269445e-02,0.000000000000000000e+00
0.000000000000000000e+00,0.000000000000000000e+00,0.000000000000000000e+00,0.000000000000000000e+00,0.000000000000000000e+00,0.000000000000000000e+00,0.000000000000000000e+00,0.000000000000000000e+00,-5.946379071393721429e-05,2.421847592471738841e-05,-1.969092397099216541e-06,0.000000000000000000e+00,0.000000000000000000e+00,0.000000000000000000e+00,-1.431079973814711348e-05,4.535973645314634060e-05,-4.738898516638008271e-07,0.000000000000000000e+00,0.000000000000000000e+00,0.000000000000000000e+00,5.550933878369506037e-05,6.776748619452698419e-05,1.838144115177644057e-06,0.000000000000000000e+00,0.000000000000000000e+00,0.000000000000000000e+00,1.222286039361851831e-04,9.404326749564661224e-05,4.047495321592094738e-06,0.000000000000000000e+00,0.000000000000000000e+00,0.000000000000000000e+00,1.645111484122960678e-04,1.267644290685349280e-04,5.447645494635237666e-06,0.000000000000000000e+00,0.000000000000000000e+00,0.000000000000000000e+00,1.598020775317277140e-04,1.680517549235406799e-04,5.291708653794813822e-06,0.000000000000000000e+00,0.000000000000000000e+00,0.000000000000000000e+00,8.147174126247020787e-05,2.190640871869423329e-04,2.697866792080647556e-06,0.000000000000000000e+00,0.000000000000000000e+00,0.000000000000000000e+00,-1.019619775400610863e-04,2.793846918326978808e-04,-3.376383381496685024e-06,0.000000000000000000e+00,0.000000000000000000e+00,0.000000000000000000e+00,-4.255026909262616449e-04,3.462823322652229877e-04,-1.409015643955200910e-05,0.000000000000000000e+00,0.000000000000000000e+00,0.000000000000000000e+00,-9.232920807545609522e-04,4.139213257579259339e-04,-3.057402487611015989e-05,0.000000000000000000e+00,0.000000000000000000e+00,0.000000000000000000e+00,-1.619833852409539648e-03,4.726980384270545814e-04,-5.363940786566742062e-05,0.000000000000000000e+00,0.000000000000000000e+00,0.000000000000000000e+00,-2.515614026414517927e-03,5.089832495926115141e-04,-8.330239956074612570e-05,0.000000000000000000e+00,0.000000000000000000e+00,0.000000000000000000e+00,-3.566943808918056173e-03,5.056029024442397404e-04,-1.181162830470942318e-04,0.000000000000000000e+00,0.000000000000000000e+00,0.000000000000000000e+00,-4.661989169108732289e-03,4.433457716504590708e-04,-1.543777703714290590e-04,0.000000000000000000e+00,0.000000000000000000e+00,0.000000000000000000e+00,-5.596578818308791878e-03,3.037957273507953032e-04,-1.853259045309308339e-04,0.000000000000000000e+00,0.000000000000000000e+00,0.000000000000000000e+00,-6.047709450124950405e-03,7.468860977848302456e-05,-2.002647082389082947e-04,0.000000000000000000e+00,0.000000000000000000e+00,0.000000000000000000e+00,-5.514574625631737774e-03,-2.371698457205801476e-04,-1.826104060672110671e-04,0.000000000000000000e+00,0.000000000000000000e+00,0.000000000000000000e+00,-3.124403656599424994e-03,-5.712352696188938497e-04,-1.034619456952459943e-04,0.000000000000000000e+00,0.000000000000000000e+00,0.000000000000000000e+00,3.058236239166792041e-03,-7.195590817315774927e-04,1.012708684524750246e-04,0.000000000000000000e+00,0.000000000000000000e+00,0.000000000000000000e+00,2.140374443046748343e-02,8.586013893349935672e-05,7.087666279171481783e-04,0.000000000000000000e+00
0.000000000000000000e+00,0.000000000000000000e+00,0.000000000000000000e+00,0.000000000000000000e+00,0.000000000000000000e+00,0.000000000000000000e+00,0.000000000000000000e+00,0.000000000000000000e+00,0.000000000000000000e+00,0.000000000000000000e+00,0.000000000000000000e+00,0.000000000000000000e+00,0.000000000000000000e+00,0.000000000000000000e+00,0.000000000000000000e+00,0.000000000000000000e+00,0.000000000000000000e+00,0.000000000000000000e+00,0.000000000000000000e+00,0.000000000000000000e+00,0.000000000000000000e+00,0.000000000000000000e+00,0.000000000000000000e+00,0.000000000000000000e+00,0.000000000000000000e+00,0.000000000000000000e+00,0.000000000000000000e+00,0.000000000000000000e+00,0.000000000000000000e+00,0.000000000000000000e+00,0.000000000000000000e+00,0.000000000000000000e+00,0.000000000000000000e+00,0.000000000000000000e+00,0.000000000000000000e+00,0.000000000000000000e+00,0.000000000000000000e+00,0.000000000000000000e+00,0.000000000000000000e+00,0.000000000000000000e+00,0.000000000000000000e+00,0.000000000000000000e+00,0.000000000000000000e+00,0.000000000000000000e+00,0.000000000000000000e+00,0.000000000000000000e+00,0.000000000000000000e+00,0.000000000000000000e+00,0.000000000000000000e+00,0.000000000000000000e+00,0.000000000000000000e+00,0.000000000000000000e+00,0.000000000000000000e+00,0.000000000000000000e+00,0.000000000000000000e+00,0.000000000000000000e+00,0.000000000000000000e+00,0.000000000000000000e+00,0.000000000000000000e+00,0.000000000000000000e+00,0.000000000000000000e+00,0.000000000000000000e+00,0.000000000000000000e+00,0.000000000000000000e+00,0.000000000000000000e+00,0.000000000000000000e+00,0.000000000000000000e+00,0.000000000000000000e+00,0.000000000000000000e+00,0.000000000000000000e+00,0.000000000000000000e+00,0.000000000000000000e+00,0.000000000000000000e+00,0.000000000000000000e+00,0.000000000000000000e+00,0.000000000000000000e+00,0.000000000000000000e+00,0.000000000000000000e+00,0.000000000000000000e+00,0.000000000000000000e+00,0.000000000000000000e+00,0.000000000000000000e+00,0.000000000000000000e+00,0.000000000000000000e+00,0.000000000000000000e+00,0.000000000000000000e+00,0.000000000000000000e+00,0.000000000000000000e+00,0.000000000000000000e+00,0.000000000000000000e+00,0.000000000000000000e+00,0.000000000000000000e+00,0.000000000000000000e+00,0.000000000000000000e+00,0.000000000000000000e+00,0.000000000000000000e+00,0.000000000000000000e+00,0.000000000000000000e+00,0.000000000000000000e+00,0.000000000000000000e+00,0.000000000000000000e+00,0.000000000000000000e+00,0.000000000000000000e+00,0.000000000000000000e+00,0.000000000000000000e+00,0.000000000000000000e+00,0.000000000000000000e+00,0.000000000000000000e+00,0.000000000000000000e+00,0.000000000000000000e+00,0.000000000000000000e+00,0.000000000000000000e+00,0.000000000000000000e+00,0.000000000000000000e+00,0.000000000000000000e+00,0.000000000000000000e+00,0.000000000000000000e+00,0.000000000000000000e+00,0.000000000000000000e+00,0.000000000000000000e+00,0.000000000000000000e+00,0.000000000000000000e+00,0.000000000000000000e+00,0.000000000000000000e+00,0.000000000000000000e+00,0.000000000000000000e+00
