<?xml version="1.0"?>
<VTKFile type="UnstructuredGrid" version="0.1" byte_order="LittleEndian" header_type="UInt32" compressor="vtkZLibDataCompressor">
  <UnstructuredGrid>
    <Piece NumberOfPoints="2000" NumberOfCells="2000">
      <PointData>
      </PointData>
      <CellData>
      </CellData>
      <Points>
        <DataArray type="Float32" Name="Points" NumberOfComponents="3" format="ascii" RangeMin="0.0014977699611335993" RangeMax="0.15734119527801665">
          -0.0475 0 0 -0.0475 0.00625 0
          -0.0475 0.0125 0 -0.0475 0.01875 0
          -0.0475 0.025 0 -0.0475 0.03125 0
          -0.0475 0.0375 0 -0.0475 0.04375 0
          -0.0475 0.05 0 -0.0475 0.05625 0
          -0.0475 0.0625 0 -0.0475 0.06875 0
          -0.0475 0.075 0 -0.0475 0.08125 0
          -0.0475 0.0875 0 -0.0475 0.09375 0
          -0.0475 0.1 0 -0.0475 0.10625 0
          -0.0475 0.1125 0 -0.0475 0.11875 0
          -0.0475 0.125 0 -0.0475 0.13125 0
          -0.0475 0.1375 0 -0.0475 0.14375 0
          -0.0475 0.15 0 -0.045125 0 -0.00074081
          -0.045125 0 0.00074081 -0.045125 0.00625 -0.00074081
          -0.045125 0.00625 0.00074081 -0.045125 0.0125 -0.00074081
          -0.045125 0.0125 0.00074081 -0.045125 0.01875 -0.00074081
          -0.045125 0.01875 0.00074081 -0.045125 0.025 -0.00074081
          -0.045125 0.025 0.00074081 -0.045125 0.03125 -0.00074081
          -0.045125 0.03125 0.00074081 -0.045125 0.0375 -0.00074081
          -0.045125 0.0375 0.00074081 -0.045125 0.04375 -0.00074081
          -0.045125 0.04375 0.00074081 -0.045125 0.05 -0.00074081
          -0.045125 0.05 0.00074081 -0.045125 0.05625 -0.00074081
          -0.045125 0.05625 0.00074081 -0.045125 0.0625 -0.00074081
          -0.045125 0.0625 0.00074081 -0.045125 0.06875 -0.00074081
          -0.045125 0.06875 0.00074081 -0.045125 0.075 -0.00074081
          -0.045125 0.075 0.00074081 -0.045125 0.08125 -0.00074081
          -0.045125 0.08125 0.00074081 -0.045125 0.0875 -0.00074081
          -0.045125 0.0875 0.00074081 -0.045125 0.09375 -0.00074081
          -0.045125 0.09375 0.00074081 -0.045125 0.1 -0.00074081
          -0.045125 0.1 0.00074081 -0.045125 0.10625 -0.00074081
          -0.045125 0.10625 0.00074081 -0.045125 0.1125 -0.00074081
          -0.045125 0.1125 0.00074081 -0.045125 0.11875 -0.00074081
          -0.045125 0.11875 0.00074081 -0.045125 0.125 -0.00074081
          -0.045125 0.125 0.00074081 -0.045125 0.13125 -0.00074081
          -0.045125 0.13125 0.00074081 -0.045125 0.1375 -0.00074081
          -0.045125 0.1375 0.00074081 -0.045125 0.14375 -0.00074081
          -0.045125 0.14375 0.00074081 -0.045125 0.15 -0.00074081
          -0.045125 0.15 0.00074081 -0.04275 0 -0.00100719
          -0.04275 0 0.00100719 -0.04275 0.00625 -0.00100719
          -0.04275 0.00625 0.00100719 -0.04275 0.0125 -0.00100719
          -0.04275 0.0125 0.00100719 -0.04275 0.01875 -0.00100719
          -0.04275 0.01875 0.00100719 -0.04275 0.025 -0.00100719
          -0.04275 0.025 0.00100719 -0.04275 0.03125 -0.00100719
          -0.04275 0.03125 0.00100719 -0.04275 0.0375 -0.00100719
          -0.04275 0.0375 0.00100719 -0.04275 0.04375 -0.00100719
          -0.04275 0.04375 0.00100719 -0.04275 0.05 -0.00100719
          -0.04275 0.05 0.00100719 -0.04275 0.05625 -0.00100719
          -0.04275 0.05625 0.00100719 -0.04275 0.0625 -0.00100719
          -0.04275 0.0625 0.00100719 -0.04275 0.06875 -0.00100719
          -0.04275 0.06875 0.00100719 -0.04275 0.075 -0.00100719
          -0.04275 0.075 0.00100719 -0.04275 0.08125 -0.00100719
          -0.04275 0.08125 0.00100719 -0.04275 0.0875 -0.00100719
          -0.04275 0.0875 0.00100719 -0.04275 0.09375 -0.00100719
          -0.04275 0.09375 0.00100719 -0.04275 0.1 -0.00100719
          -0.04275 0.1 0.00100719 -0.04275 0.10625 -0.00100719
          -0.04275 0.10625 0.00100719 -0.04275 0.1125 -0.00100719
          -0.04275 0.1125 0.00100719 -0.04275 0.11875 -0.00100719
          -0.04275 0.11875 0.00100719 -0.04275 0.125 -0.00100719
          -0.04275 0.125 0.00100719 -0.04275 0.13125 -0.00100719
          -0.04275 0.13125 0.00100719 -0.04275 0.1375 -0.00100719
          -0.04275 0.1375 0.00100719 -0.04275 0.14375 -0.00100719
          -0.04275 0.14375 0.00100719 -0.04275 0.15 -0.00100719
          -0.04275 0.15 0.00100719 -0.040375 0 -0.00118997
          -0.040375 0 0.00118997 -0.040375 0.00625 -0.00118997
          -0.040375 0.00625 0.00118997 -0.040375 0.0125 -0.00118997
          -0.040375 0.0125 0.00118997 -0.040375 0.01875 -0.00118997
          -0.040375 0.01875 0.00118997 -0.040375 0.025 -0.00118997
          -0.040375 0.025 0.00118997 -0.040375 0.03125 -0.00118997
          -0.040375 0.03125 0.00118997 -0.040375 0.0375 -0.00118997
          -0.040375 0.0375 0.00118997 -0.040375 0.04375 -0.00118997
          -0.040375 0.04375 0.00118997 -0.040375 0.05 -0.00118997
          -0.040375 0.05 0.00118997 -0.040375 0.05625 -0.00118997
          -0.040375 0.05625 0.00118997 -0.040375 0.0625 -0.00118997
          -0.040375 0.0625 0.00118997 -0.040375 0.06875 -0.00118997
          -0.040375 0.06875 0.00118997 -0.040375 0.075 -0.00118997
          -0.040375 0.075 0.00118997 -0.040375 0.08125 -0.00118997
          -0.040375 0.08125 0.00118997 -0.040375 0.0875 -0.00118997
          -0.040375 0.0875 0.00118997 -0.040375 0.09375 -0.00118997
          -0.040375 0.09375 0.00118997 -0.040375 0.1 -0.00118997
          -0.040375 0.1 0.00118997 -0.040375 0.10625 -0.00118997
          -0.040375 0.10625 0.00118997 -0.040375 0.1125 -0.00118997
          -0.040375 0.1125 0.00118997 -0.040375 0.11875 -0.00118997
          -0.040375 0.11875 0.00118997 -0.040375 0.125 -0.00118997
          -0.040375 0.125 0.00118997 -0.040375 0.13125 -0.00118997
          -0.040375 0.13125 0.00118997 -0.040375 0.1375 -0.00118997
          -0.040375 0.1375 0.00118997 -0.040375 0.14375 -0.00118997
          -0.040375 0.14375 0.00118997 -0.040375 0.15 -0.00118997
          -0.040375 0.15 0.00118997 -0.038 0 -0.00132677
          -0.038 0 0.00132677 -0.038 0.00625 -0.00132677
          -0.038 0.00625 0.00132677 -0.038 0.0125 -0.00132677
          -0.038 0.0125 0.00132677 -0.038 0.01875 -0.00132677
          -0.038 0.01875 0.00132677 -0.038 0.025 -0.00132677
          -0.038 0.025 0.00132677 -0.038 0.03125 -0.00132677
          -0.038 0.03125 0.00132677 -0.038 0.0375 -0.00132677
          -0.038 0.0375 0.00132677 -0.038 0.04375 -0.00132677
          -0.038 0.04375 0.00132677 -0.038 0.05 -0.00132677
          -0.038 0.05 0.00132677 -0.038 0.05625 -0.00132677
          -0.038 0.05625 0.00132677 -0.038 0.0625 -0.00132677
          -0.038 0.0625 0.00132677 -0.038 0.06875 -0.00132677
          -0.038 0.06875 0.00132677 -0.038 0.075 -0.00132677
          -0.038 0.075 0.00132677 -0.038 0.08125 -0.00132677
          -0.038 0.08125 0.00132677 -0.038 0.0875 -0.00132677
          -0.038 0.0875 0.00132677 -0.038 0.09375 -0.00132677
          -0.038 0.09375 0.00132677 -0.038 0.1 -0.00132677
          -0.038 0.1 0.00132677 -0.038 0.10625 -0.00132677
          -0.038 0.10625 0.00132677 -0.038 0.1125 -0.00132677
          -0.038 0.1125 0.00132677 -0.038 0.11875 -0.00132677
          -0.038 0.11875 0.00132677 -0.038 0.125 -0.00132677
          -0.038 0.125 0.00132677 -0.038 0.13125 -0.00132677
          -0.038 0.13125 0.00132677 -0.038 0.1375 -0.00132677
          -0.038 0.1375 0.00132677 -0.038 0.14375 -0.00132677
          -0.038 0.14375 0.00132677 -0.038 0.15 -0.00132677
          -0.038 0.15 0.00132677 -0.035625 0 -0.001432315
          -0.035625 0 0.001432315 -0.035625 0.00625 -0.001432315
          -0.035625 0.00625 0.001432315 -0.035625 0.0125 -0.001432315
          -0.035625 0.0125 0.001432315 -0.035625 0.01875 -0.001432315
          -0.035625 0.01875 0.001432315 -0.035625 0.025 -0.001432315
          -0.035625 0.025 0.001432315 -0.035625 0.03125 -0.001432315
          -0.035625 0.03125 0.001432315 -0.035625 0.0375 -0.001432315
          -0.035625 0.0375 0.001432315 -0.035625 0.04375 -0.001432315
          -0.035625 0.04375 0.001432315 -0.035625 0.05 -0.001432315
          -0.035625 0.05 0.001432315 -0.035625 0.05625 -0.001432315
          -0.035625 0.05625 0.001432315 -0.035625 0.0625 -0.001432315
          -0.035625 0.0625 0.001432315 -0.035625 0.06875 -0.001432315
          -0.035625 0.06875 0.001432315 -0.035625 0.075 -0.001432315
          -0.035625 0.075 0.001432315 -0.035625 0.08125 -0.001432315
          -0.035625 0.08125 0.001432315 -0.035625 0.0875 -0.001432315
          -0.035625 0.0875 0.001432315 -0.035625 0.09375 -0.001432315
          -0.035625 0.09375 0.001432315 -0.035625 0.1 -0.001432315
          -0.035625 0.1 0.001432315 -0.035625 0.10625 -0.001432315
          -0.035625 0.10625 0.001432315 -0.035625 0.1125 -0.001432315
          -0.035625 0.1125 0.001432315 -0.035625 0.11875 -0.001432315
          -0.035625 0.11875 0.001432315 -0.035625 0.125 -0.001432315
          -0.035625 0.125 0.001432315 -0.035625 0.13125 -0.001432315
          -0.035625 0.13125 0.001432315 -0.035625 0.1375 -0.001432315
          -0.035625 0.1375 0.001432315 -0.035625 0.14375 -0.001432315
          -0.035625 0.14375 0.001432315 -0.035625 0.15 -0.001432315
          -0.035625 0.15 0.001432315 -0.03325 0 -0.001514395
          -0.03325 0 0.001514395 -0.03325 0.00625 -0.001514395
          -0.03325 0.00625 0.001514395 -0.03325 0.0125 -0.001514395
          -0.03325 0.0125 0.001514395 -0.03325 0.01875 -0.001514395
          -0.03325 0.01875 0.001514395 -0.03325 0.025 -0.001514395
          -0.03325 0.025 0.001514395 -0.03325 0.03125 -0.001514395
          -0.03325 0.03125 0.001514395 -0.03325 0.0375 -0.001514395
          -0.03325 0.0375 0.001514395 -0.03325 0.04375 -0.001514395
          -0.03325 0.04375 0.001514395 -0.03325 0.05 -0.001514395
          -0.03325 0.05 0.001514395 -0.03325 0.05625 -0.001514395
          -0.03325 0.05625 0.001514395 -0.03325 0.0625 -0.001514395
          -0.03325 0.0625 0.001514395 -0.03325 0.06875 -0.001514395
          -0.03325 0.06875 0.001514395 -0.03325 0.075 -0.001514395
          -0.03325 0.075 0.001514395 -0.03325 0.08125 -0.001514395
          -0.03325 0.08125 0.001514395 -0.03325 0.0875 -0.001514395
          -0.03325 0.0875 0.001514395 -0.03325 0.09375 -0.001514395
          -0.03325 0.09375 0.001514395 -0.03325 0.1 -0.001514395
          -0.03325 0.1 0.001514395 -0.03325 0.10625 -0.001514395
          -0.03325 0.10625 0.001514395 -0.03325 0.1125 -0.001514395
          -0.03325 0.1125 0.001514395 -0.03325 0.11875 -0.001514395
          -0.03325 0.11875 0.001514395 -0.03325 0.125 -0.001514395
          -0.03325 0.125 0.001514395 -0.03325 0.13125 -0.001514395
          -0.03325 0.13125 0.001514395 -0.03325 0.1375 -0.001514395
          -0.03325 0.1375 0.001514395 -0.03325 0.14375 -0.001514395
          -0.03325 0.14375 0.001514395 -0.03325 0.15 -0.001514395
          -0.03325 0.15 0.001514395 -0.030875 0 -0.00157776
          -0.030875 0 0.00157776 -0.030875 0.00625 -0.00157776
          -0.030875 0.00625 0.00157776 -0.030875 0.0125 -0.00157776
          -0.030875 0.0125 0.00157776 -0.030875 0.01875 -0.00157776
          -0.030875 0.01875 0.00157776 -0.030875 0.025 -0.00157776
          -0.030875 0.025 0.00157776 -0.030875 0.03125 -0.00157776
          -0.030875 0.03125 0.00157776 -0.030875 0.0375 -0.00157776
          -0.030875 0.0375 0.00157776 -0.030875 0.04375 -0.00157776
          -0.030875 0.04375 0.00157776 -0.030875 0.05 -0.00157776
          -0.030875 0.05 0.00157776 -0.030875 0.05625 -0.00157776
          -0.030875 0.05625 0.00157776 -0.030875 0.0625 -0.00157776
          -0.030875 0.0625 0.00157776 -0.030875 0.06875 -0.00157776
          -0.030875 0.06875 0.00157776 -0.030875 0.075 -0.00157776
          -0.030875 0.075 0.00157776 -0.030875 0.08125 -0.00157776
          -0.030875 0.08125 0.00157776 -0.030875 0.0875 -0.00157776
          -0.030875 0.0875 0.00157776 -0.030875 0.09375 -0.00157776
          -0.030875 0.09375 0.00157776 -0.030875 0.1 -0.00157776
          -0.030875 0.1 0.00157776 -0.030875 0.10625 -0.00157776
          -0.030875 0.10625 0.00157776 -0.030875 0.1125 -0.00157776
          -0.030875 0.1125 0.00157776 -0.030875 0.11875 -0.00157776
          -0.030875 0.11875 0.00157776 -0.030875 0.125 -0.00157776
          -0.030875 0.125 0.00157776 -0.030875 0.13125 -0.00157776
          -0.030875 0.13125 0.00157776 -0.030875 0.1375 -0.00157776
          -0.030875 0.1375 0.00157776 -0.030875 0.14375 -0.00157776
          -0.030875 0.14375 0.00157776 -0.030875 0.15 -0.00157776
          -0.030875 0.15 0.00157776 -0.0285 0 -0.001625545
          -0.0285 0 0.001625545 -0.0285 0.00625 -0.001625545
          -0.0285 0.00625 0.001625545 -0.0285 0.0125 -0.001625545
          -0.0285 0.0125 0.001625545 -0.0285 0.01875 -0.001625545
          -0.0285 0.01875 0.001625545 -0.0285 0.025 -0.001625545
          -0.0285 0.025 0.001625545 -0.0285 0.03125 -0.001625545
          -0.0285 0.03125 0.001625545 -0.0285 0.0375 -0.001625545
          -0.0285 0.0375 0.001625545 -0.0285 0.04375 -0.001625545
          -0.0285 0.04375 0.001625545 -0.0285 0.05 -0.001625545
          -0.0285 0.05 0.001625545 -0.0285 0.05625 -0.001625545
          -0.0285 0.05625 0.001625545 -0.0285 0.0625 -0.001625545
          -0.0285 0.0625 0.001625545 -0.0285 0.06875 -0.001625545
          -0.0285 0.06875 0.001625545 -0.0285 0.075 -0.001625545
          -0.0285 0.075 0.001625545 -0.0285 0.08125 -0.001625545
          -0.0285 0.08125 0.001625545 -0.0285 0.0875 -0.001625545
          -0.0285 0.0875 0.001625545 -0.0285 0.09375 -0.001625545
          -0.0285 0.09375 0.001625545 -0.0285 0.1 -0.001625545
          -0.0285 0.1 0.001625545 -0.0285 0.10625 -0.001625545
          -0.0285 0.10625 0.001625545 -0.0285 0.1125 -0.001625545
          -0.0285 0.1125 0.001625545 -0.0285 0.11875 -0.001625545
          -0.0285 0.11875 0.001625545 -0.0285 0.125 -0.001625545
          -0.0285 0.125 0.001625545 -0.0285 0.13125 -0.001625545
          -0.0285 0.13125 0.001625545 -0.0285 0.1375 -0.001625545
          -0.0285 0.1375 0.001625545 -0.0285 0.14375 -0.001625545
          -0.0285 0.14375 0.001625545 -0.0285 0.15 -0.001625545
          -0.0285 0.15 0.001625545 -0.026125 0 -0.001660125
          -0.026125 0 0.001660125 -0.026125 0.00625 -0.001660125
          -0.026125 0.00625 0.001660125 -0.026125 0.0125 -0.001660125
          -0.026125 0.0125 0.001660125 -0.026125 0.01875 -0.001660125
          -0.026125 0.01875 0.001660125 -0.026125 0.025 -0.001660125
          -0.026125 0.025 0.001660125 -0.026125 0.03125 -0.001660125
          -0.026125 0.03125 0.001660125 -0.026125 0.0375 -0.001660125
          -0.026125 0.0375 0.001660125 -0.026125 0.04375 -0.001660125
          -0.026125 0.04375 0.001660125 -0.026125 0.05 -0.001660125
          -0.026125 0.05 0.001660125 -0.026125 0.05625 -0.001660125
          -0.026125 0.05625 0.001660125 -0.026125 0.0625 -0.001660125
          -0.026125 0.0625 0.001660125 -0.026125 0.06875 -0.001660125
          -0.026125 0.06875 0.001660125 -0.026125 0.075 -0.001660125
          -0.026125 0.075 0.001660125 -0.026125 0.08125 -0.001660125
          -0.026125 0.08125 0.001660125 -0.026125 0.0875 -0.001660125
          -0.026125 0.0875 0.001660125 -0.026125 0.09375 -0.001660125
          -0.026125 0.09375 0.001660125 -0.026125 0.1 -0.001660125
          -0.026125 0.1 0.001660125 -0.026125 0.10625 -0.001660125
          -0.026125 0.10625 0.001660125 -0.026125 0.1125 -0.001660125
          -0.026125 0.1125 0.001660125 -0.026125 0.11875 -0.001660125
          -0.026125 0.11875 0.001660125 -0.026125 0.125 -0.001660125
          -0.026125 0.125 0.001660125 -0.026125 0.13125 -0.001660125
          -0.026125 0.13125 0.001660125 -0.026125 0.1375 -0.001660125
          -0.026125 0.1375 0.001660125 -0.026125 0.14375 -0.001660125
          -0.026125 0.14375 0.001660125 -0.026125 0.15 -0.001660125
          -0.026125 0.15 0.001660125 -0.02375 0 -0.00168321
          -0.02375 0 0.00168321 -0.02375 0.00625 -0.00168321
          -0.02375 0.00625 0.00168321 -0.02375 0.0125 -0.00168321
          -0.02375 0.0125 0.00168321 -0.02375 0.01875 -0.00168321
          -0.02375 0.01875 0.00168321 -0.02375 0.025 -0.00168321
          -0.02375 0.025 0.00168321 -0.02375 0.03125 -0.00168321
          -0.02375 0.03125 0.00168321 -0.02375 0.0375 -0.00168321
          -0.02375 0.0375 0.00168321 -0.02375 0.04375 -0.00168321
          -0.02375 0.04375 0.00168321 -0.02375 0.05 -0.00168321
          -0.02375 0.05 0.00168321 -0.02375 0.05625 -0.00168321
          -0.02375 0.05625 0.00168321 -0.02375 0.0625 -0.00168321
          -0.02375 0.0625 0.00168321 -0.02375 0.06875 -0.00168321
          -0.02375 0.06875 0.00168321 -0.02375 0.075 -0.00168321
          -0.02375 0.075 0.00168321 -0.02375 0.08125 -0.00168321
          -0.02375 0.08125 0.00168321 -0.02375 0.0875 -0.00168321
          -0.02375 0.0875 0.00168321 -0.02375 0.09375 -0.00168321
          -0.02375 0.09375 0.00168321 -0.02375 0.1 -0.00168321
          -0.02375 0.1 0.00168321 -0.02375 0.10625 -0.00168321
          -0.02375 0.10625 0.00168321 -0.02375 0.1125 -0.00168321
          -0.02375 0.1125 0.00168321 -0.02375 0.11875 -0.00168321
          -0.02375 0.11875 0.00168321 -0.02375 0.125 -0.00168321
          -0.02375 0.125 0.00168321 -0.02375 0.13125 -0.00168321
          -0.02375 0.13125 0.00168321 -0.02375 0.1375 -0.00168321
          -0.02375 0.1375 0.00168321 -0.02375 0.14375 -0.00168321
          -0.02375 0.14375 0.00168321 -0.02375 0.15 -0.00168321
          -0.02375 0.15 0.00168321 -0.021375 0 -0.001696225
          -0.021375 0 0.001696225 -0.021375 0.00625 -0.001696225
          -0.021375 0.00625 0.001696225 -0.021375 0.0125 -0.001696225
          -0.021375 0.0125 0.001696225 -0.021375 0.01875 -0.001696225
          -0.021375 0.01875 0.001696225 -0.021375 0.025 -0.001696225
          -0.021375 0.025 0.001696225 -0.021375 0.03125 -0.001696225
          -0.021375 0.03125 0.001696225 -0.021375 0.0375 -0.001696225
          -0.021375 0.0375 0.001696225 -0.021375 0.04375 -0.001696225
          -0.021375 0.04375 0.001696225 -0.021375 0.05 -0.001696225
          -0.021375 0.05 0.001696225 -0.021375 0.05625 -0.001696225
          -0.021375 0.05625 0.001696225 -0.021375 0.0625 -0.001696225
          -0.021375 0.0625 0.001696225 -0.021375 0.06875 -0.001696225
          -0.021375 0.06875 0.001696225 -0.021375 0.075 -0.001696225
          -0.021375 0.075 0.001696225 -0.021375 0.08125 -0.001696225
          -0.021375 0.08125 0.001696225 -0.021375 0.0875 -0.001696225
          -0.021375 0.0875 0.001696225 -0.021375 0.09375 -0.001696225
          -0.021375 0.09375 0.001696225 -0.021375 0.1 -0.001696225
          -0.021375 0.1 0.001696225 -0.021375 0.10625 -0.001696225
          -0.021375 0.10625 0.001696225 -0.021375 0.1125 -0.001696225
          -0.021375 0.1125 0.001696225 -0.021375 0.11875 -0.001696225
          -0.021375 0.11875 0.001696225 -0.021375 0.125 -0.001696225
          -0.021375 0.125 0.001696225 -0.021375 0.13125 -0.001696225
          -0.021375 0.13125 0.001696225 -0.021375 0.1375 -0.001696225
          -0.021375 0.1375 0.001696225 -0.021375 0.14375 -0.001696225
          -0.021375 0.14375 0.001696225 -0.021375 0.15 -0.001696225
          -0.021375 0.15 0.001696225 -0.019 0 -0.001700215
          -0.019 0 0.001700215 -0.019 0.00625 -0.001700215
          -0.019 0.00625 0.001700215 -0.019 0.0125 -0.001700215
          -0.019 0.0125 0.001700215 -0.019 0.01875 -0.001700215
          -0.019 0.01875 0.001700215 -0.019 0.025 -0.001700215
          -0.019 0.025 0.001700215 -0.019 0.03125 -0.001700215
          -0.019 0.03125 0.001700215 -0.019 0.0375 -0.001700215
          -0.019 0.0375 0.001700215 -0.019 0.04375 -0.001700215
          -0.019 0.04375 0.001700215 -0.019 0.05 -0.001700215
          -0.019 0.05 0.001700215 -0.019 0.05625 -0.001700215
          -0.019 0.05625 0.001700215 -0.019 0.0625 -0.001700215
          -0.019 0.0625 0.001700215 -0.019 0.06875 -0.001700215
          -0.019 0.06875 0.001700215 -0.019 0.075 -0.001700215
          -0.019 0.075 0.001700215 -0.019 0.08125 -0.001700215
          -0.019 0.08125 0.001700215 -0.019 0.0875 -0.001700215
          -0.019 0.0875 0.001700215 -0.019 0.09375 -0.001700215
          -0.019 0.09375 0.001700215 -0.019 0.1 -0.001700215
          -0.019 0.1 0.001700215 -0.019 0.10625 -0.001700215
          -0.019 0.10625 0.001700215 -0.019 0.1125 -0.001700215
          -0.019 0.1125 0.001700215 -0.019 0.11875 -0.001700215
          -0.019 0.11875 0.001700215 -0.019 0.125 -0.001700215
          -0.019 0.125 0.001700215 -0.019 0.13125 -0.001700215
          -0.019 0.13125 0.001700215 -0.019 0.1375 -0.001700215
          -0.019 0.1375 0.001700215 -0.019 0.14375 -0.001700215
          -0.019 0.14375 0.001700215 -0.019 0.15 -0.001700215
          -0.019 0.15 0.001700215 -0.016625 0 -0.00169613
          -0.016625 0 0.00169613 -0.016625 0.00625 -0.00169613
          -0.016625 0.00625 0.00169613 -0.016625 0.0125 -0.00169613
          -0.016625 0.0125 0.00169613 -0.016625 0.01875 -0.00169613
          -0.016625 0.01875 0.00169613 -0.016625 0.025 -0.00169613
          -0.016625 0.025 0.00169613 -0.016625 0.03125 -0.00169613
          -0.016625 0.03125 0.00169613 -0.016625 0.0375 -0.00169613
          -0.016625 0.0375 0.00169613 -0.016625 0.04375 -0.00169613
          -0.016625 0.04375 0.00169613 -0.016625 0.05 -0.00169613
          -0.016625 0.05 0.00169613 -0.016625 0.05625 -0.00169613
          -0.016625 0.05625 0.00169613 -0.016625 0.0625 -0.00169613
          -0.016625 0.0625 0.00169613 -0.016625 0.06875 -0.00169613
          -0.016625 0.06875 0.00169613 -0.016625 0.075 -0.00169613
          -0.016625 0.075 0.00169613 -0.016625 0.08125 -0.00169613
          -0.016625 0.08125 0.00169613 -0.016625 0.0875 -0.00169613
          -0.016625 0.0875 0.00169613 -0.016625 0.09375 -0.00169613
          -0.016625 0.09375 0.00169613 -0.016625 0.1 -0.00169613
          -0.016625 0.1 0.00169613 -0.016625 0.10625 -0.00169613
          -0.016625 0.10625 0.00169613 -0.016625 0.1125 -0.00169613
          -0.016625 0.1125 0.00169613 -0.016625 0.11875 -0.00169613
          -0.016625 0.11875 0.00169613 -0.016625 0.125 -0.00169613
          -0.016625 0.125 0.00169613 -0.016625 0.13125 -0.00169613
          -0.016625 0.13125 0.00169613 -0.016625 0.1375 -0.00169613
          -0.016625 0.1375 0.00169613 -0.016625 0.14375 -0.00169613
          -0.016625 0.14375 0.00169613 -0.016625 0.15 -0.00169613
          -0.016625 0.15 0.00169613 -0.01425 0 -0.00168492
          -0.01425 0 0.00168492 -0.01425 0.00625 -0.00168492
          -0.01425 0.00625 0.00168492 -0.01425 0.0125 -0.00168492
          -0.01425 0.0125 0.00168492 -0.01425 0.01875 -0.00168492
          -0.01425 0.01875 0.00168492 -0.01425 0.025 -0.00168492
          -0.01425 0.025 0.00168492 -0.01425 0.03125 -0.00168492
          -0.01425 0.03125 0.00168492 -0.01425 0.0375 -0.00168492
          -0.01425 0.0375 0.00168492 -0.01425 0.04375 -0.00168492
          -0.01425 0.04375 0.00168492 -0.01425 0.05 -0.00168492
          -0.01425 0.05 0.00168492 -0.01425 0.05625 -0.00168492
          -0.01425 0.05625 0.00168492 -0.01425 0.0625 -0.00168492
          -0.01425 0.0625 0.00168492 -0.01425 0.06875 -0.00168492
          -0.01425 0.06875 0.00168492 -0.01425 0.075 -0.00168492
          -0.01425 0.075 0.00168492 -0.01425 0.08125 -0.00168492
          -0.01425 0.08125 0.00168492 -0.01425 0.0875 -0.00168492
          -0.01425 0.0875 0.00168492 -0.01425 0.09375 -0.00168492
          -0.01425 0.09375 0.00168492 -0.01425 0.1 -0.00168492
          -0.01425 0.1 0.00168492 -0.01425 0.10625 -0.00168492
          -0.01425 0.10625 0.00168492 -0.01425 0.1125 -0.00168492
          -0.01425 0.1125 0.00168492 -0.01425 0.11875 -0.00168492
          -0.01425 0.11875 0.00168492 -0.01425 0.125 -0.00168492
          -0.01425 0.125 0.00168492 -0.01425 0.13125 -0.00168492
          -0.01425 0.13125 0.00168492 -0.01425 0.1375 -0.00168492
          -0.01425 0.1375 0.00168492 -0.01425 0.14375 -0.00168492
          -0.01425 0.14375 0.00168492 -0.01425 0.15 -0.00168492
          -0.01425 0.15 0.00168492 -0.011875 0 -0.00166706
          -0.011875 0 0.00166706 -0.011875 0.00625 -0.00166706
          -0.011875 0.00625 0.00166706 -0.011875 0.0125 -0.00166706
          -0.011875 0.0125 0.00166706 -0.011875 0.01875 -0.00166706
          -0.011875 0.01875 0.00166706 -0.011875 0.025 -0.00166706
          -0.011875 0.025 0.00166706 -0.011875 0.03125 -0.00166706
          -0.011875 0.03125 0.00166706 -0.011875 0.0375 -0.00166706
          -0.011875 0.0375 0.00166706 -0.011875 0.04375 -0.00166706
          -0.011875 0.04375 0.00166706 -0.011875 0.05 -0.00166706
          -0.011875 0.05 0.00166706 -0.011875 0.05625 -0.00166706
          -0.011875 0.05625 0.00166706 -0.011875 0.0625 -0.00166706
          -0.011875 0.0625 0.00166706 -0.011875 0.06875 -0.00166706
          -0.011875 0.06875 0.00166706 -0.011875 0.075 -0.00166706
          -0.011875 0.075 0.00166706 -0.011875 0.08125 -0.00166706
          -0.011875 0.08125 0.00166706 -0.011875 0.0875 -0.00166706
          -0.011875 0.0875 0.00166706 -0.011875 0.09375 -0.00166706
          -0.011875 0.09375 0.00166706 -0.011875 0.1 -0.00166706
          -0.011875 0.1 0.00166706 -0.011875 0.10625 -0.00166706
          -0.011875 0.10625 0.00166706 -0.011875 0.1125 -0.00166706
          -0.011875 0.1125 0.00166706 -0.011875 0.11875 -0.00166706
          -0.011875 0.11875 0.00166706 -0.011875 0.125 -0.00166706
          -0.011875 0.125 0.00166706 -0.011875 0.13125 -0.00166706
          -0.011875 0.13125 0.00166706 -0.011875 0.1375 -0.00166706
          -0.011875 0.1375 0.00166706 -0.011875 0.14375 -0.00166706
          -0.011875 0.14375 0.00166706 -0.011875 0.15 -0.00166706
          -0.011875 0.15 0.00166706 -0.0095 0 -0.00164331
          -0.0095 0 0.00164331 -0.0095 0.00625 -0.00164331
          -0.0095 0.00625 0.00164331 -0.0095 0.0125 -0.00164331
          -0.0095 0.0125 0.00164331 -0.0095 0.01875 -0.00164331
          -0.0095 0.01875 0.00164331 -0.0095 0.025 -0.00164331
          -0.0095 0.025 0.00164331 -0.0095 0.03125 -0.00164331
          -0.0095 0.03125 0.00164331 -0.0095 0.0375 -0.00164331
          -0.0095 0.0375 0.00164331 -0.0095 0.04375 -0.00164331
          -0.0095 0.04375 0.00164331 -0.0095 0.05 -0.00164331
          -0.0095 0.05 0.00164331 -0.0095 0.05625 -0.00164331
          -0.0095 0.05625 0.00164331 -0.0095 0.0625 -0.00164331
          -0.0095 0.0625 0.00164331 -0.0095 0.06875 -0.00164331
          -0.0095 0.06875 0.00164331 -0.0095 0.075 -0.00164331
          -0.0095 0.075 0.00164331 -0.0095 0.08125 -0.00164331
          -0.0095 0.08125 0.00164331 -0.0095 0.0875 -0.00164331
          -0.0095 0.0875 0.00164331 -0.0095 0.09375 -0.00164331
          -0.0095 0.09375 0.00164331 -0.0095 0.1 -0.00164331
          -0.0095 0.1 0.00164331 -0.0095 0.10625 -0.00164331
          -0.0095 0.10625 0.00164331 -0.0095 0.1125 -0.00164331
          -0.0095 0.1125 0.00164331 -0.0095 0.11875 -0.00164331
          -0.0095 0.11875 0.00164331 -0.0095 0.125 -0.00164331
          -0.0095 0.125 0.00164331 -0.0095 0.13125 -0.00164331
          -0.0095 0.13125 0.00164331 -0.0095 0.1375 -0.00164331
          -0.0095 0.1375 0.00164331 -0.0095 0.14375 -0.00164331
          -0.0095 0.14375 0.00164331 -0.0095 0.15 -0.00164331
          -0.0095 0.15 0.00164331 -0.007125 0 -0.00161405
          -0.007125 0 0.00161405 -0.007125 0.00625 -0.00161405
          -0.007125 0.00625 0.00161405 -0.007125 0.0125 -0.00161405
          -0.007125 0.0125 0.00161405 -0.007125 0.01875 -0.00161405
          -0.007125 0.01875 0.00161405 -0.007125 0.025 -0.00161405
          -0.007125 0.025 0.00161405 -0.007125 0.03125 -0.00161405
          -0.007125 0.03125 0.00161405 -0.007125 0.0375 -0.00161405
          -0.007125 0.0375 0.00161405 -0.007125 0.04375 -0.00161405
          -0.007125 0.04375 0.00161405 -0.007125 0.05 -0.00161405
          -0.007125 0.05 0.00161405 -0.007125 0.05625 -0.00161405
          -0.007125 0.05625 0.00161405 -0.007125 0.0625 -0.00161405
          -0.007125 0.0625 0.00161405 -0.007125 0.06875 -0.00161405
          -0.007125 0.06875 0.00161405 -0.007125 0.075 -0.00161405
          -0.007125 0.075 0.00161405 -0.007125 0.08125 -0.00161405
          -0.007125 0.08125 0.00161405 -0.007125 0.0875 -0.00161405
          -0.007125 0.0875 0.00161405 -0.007125 0.09375 -0.00161405
          -0.007125 0.09375 0.00161405 -0.007125 0.1 -0.00161405
          -0.007125 0.1 0.00161405 -0.007125 0.10625 -0.00161405
          -0.007125 0.10625 0.00161405 -0.007125 0.1125 -0.00161405
          -0.007125 0.1125 0.00161405 -0.007125 0.11875 -0.00161405
          -0.007125 0.11875 0.00161405 -0.007125 0.125 -0.00161405
          -0.007125 0.125 0.00161405 -0.007125 0.13125 -0.00161405
          -0.007125 0.13125 0.00161405 -0.007125 0.1375 -0.00161405
          -0.007125 0.1375 0.00161405 -0.007125 0.14375 -0.00161405
          -0.007125 0.14375 0.00161405 -0.007125 0.15 -0.00161405
          -0.007125 0.15 0.00161405 -0.00475 0 -0.001579755
          -0.00475 0 0.001579755 -0.00475 0.00625 -0.001579755
          -0.00475 0.00625 0.001579755 -0.00475 0.0125 -0.001579755
          -0.00475 0.0125 0.001579755 -0.00475 0.01875 -0.001579755
          -0.00475 0.01875 0.001579755 -0.00475 0.025 -0.001579755
          -0.00475 0.025 0.001579755 -0.00475 0.03125 -0.001579755
          -0.00475 0.03125 0.001579755 -0.00475 0.0375 -0.001579755
          -0.00475 0.0375 0.001579755 -0.00475 0.04375 -0.001579755
          -0.00475 0.04375 0.001579755 -0.00475 0.05 -0.001579755
          -0.00475 0.05 0.001579755 -0.00475 0.05625 -0.001579755
          -0.00475 0.05625 0.001579755 -0.00475 0.0625 -0.001579755
          -0.00475 0.0625 0.001579755 -0.00475 0.06875 -0.001579755
          -0.00475 0.06875 0.001579755 -0.00475 0.075 -0.001579755
          -0.00475 0.075 0.001579755 -0.00475 0.08125 -0.001579755
          -0.00475 0.08125 0.001579755 -0.00475 0.0875 -0.001579755
          -0.00475 0.0875 0.001579755 -0.00475 0.09375 -0.001579755
          -0.00475 0.09375 0.001579755 -0.00475 0.1 -0.001579755
          -0.00475 0.1 0.001579755 -0.00475 0.10625 -0.001579755
          -0.00475 0.10625 0.001579755 -0.00475 0.1125 -0.001579755
          -0.00475 0.1125 0.001579755 -0.00475 0.11875 -0.001579755
          -0.00475 0.11875 0.001579755 -0.00475 0.125 -0.001579755
          -0.00475 0.125 0.001579755 -0.00475 0.13125 -0.001579755
          -0.00475 0.13125 0.001579755 -0.00475 0.1375 -0.001579755
          -0.00475 0.1375 0.001579755 -0.00475 0.14375 -0.001579755
          -0.00475 0.14375 0.001579755 -0.00475 0.15 -0.001579755
          -0.00475 0.15 0.001579755 -0.002375 0 -0.0015409
          -0.002375 0 0.0015409 -0.002375 0.00625 -0.0015409
          -0.002375 0.00625 0.0015409 -0.002375 0.0125 -0.0015409
          -0.002375 0.0125 0.0015409 -0.002375 0.01875 -0.0015409
          -0.002375 0.01875 0.0015409 -0.002375 0.025 -0.0015409
          -0.002375 0.025 0.0015409 -0.002375 0.03125 -0.0015409
          -0.002375 0.03125 0.0015409 -0.002375 0.0375 -0.0015409
          -0.002375 0.0375 0.0015409 -0.002375 0.04375 -0.0015409
          -0.002375 0.04375 0.0015409 -0.002375 0.05 -0.0015409
          -0.002375 0.05 0.0015409 -0.002375 0.05625 -0.0015409
          -0.002375 0.05625 0.0015409 -0.002375 0.0625 -0.0015409
          -0.002375 0.0625 0.0015409 -0.002375 0.06875 -0.0015409
          -0.002375 0.06875 0.0015409 -0.002375 0.075 -0.0015409
          -0.002375 0.075 0.0015409 -0.002375 0.08125 -0.0015409
          -0.002375 0.08125 0.0015409 -0.002375 0.0875 -0.0015409
          -0.002375 0.0875 0.0015409 -0.002375 0.09375 -0.0015409
          -0.002375 0.09375 0.0015409 -0.002375 0.1 -0.0015409
          -0.002375 0.1 0.0015409 -0.002375 0.10625 -0.0015409
          -0.002375 0.10625 0.0015409 -0.002375 0.1125 -0.0015409
          -0.002375 0.1125 0.0015409 -0.002375 0.11875 -0.0015409
          -0.002375 0.11875 0.0015409 -0.002375 0.125 -0.0015409
          -0.002375 0.125 0.0015409 -0.002375 0.13125 -0.0015409
          -0.002375 0.13125 0.0015409 -0.002375 0.1375 -0.0015409
          -0.002375 0.1375 0.0015409 -0.002375 0.14375 -0.0015409
          -0.002375 0.14375 0.0015409 -0.002375 0.15 -0.0015409
          -0.002375 0.15 0.0015409 0 0 -0.00149777
          0 0 0.00149777 0 0.00625 -0.00149777
          0 0.00625 0.00149777 0 0.0125 -0.00149777
          0 0.0125 0.00149777 0 0.01875 -0.00149777
          0 0.01875 0.00149777 0 0.025 -0.00149777
          0 0.025 0.00149777 0 0.03125 -0.00149777
          0 0.03125 0.00149777 0 0.0375 -0.00149777
          0 0.0375 0.00149777 0 0.04375 -0.00149777
          0 0.04375 0.00149777 0 0.05 -0.00149777
          0 0.05 0.00149777 0 0.05625 -0.00149777
          0 0.05625 0.00149777 0 0.0625 -0.00149777
          0 0.0625 0.00149777 0 0.06875 -0.00149777
          0 0.06875 0.00149777 0 0.075 -0.00149777
          0 0.075 0.00149777 0 0.08125 -0.00149777
          0 0.08125 0.00149777 0 0.0875 -0.00149777
          0 0.0875 0.00149777 0 0.09375 -0.00149777
          0 0.09375 0.00149777 0 0.1 -0.00149777
          0 0.1 0.00149777 0 0.10625 -0.00149777
          0 0.10625 0.00149777 0 0.1125 -0.00149777
          0 0.1125 0.00149777 0 0.11875 -0.00149777
          0 0.11875 0.00149777 0 0.125 -0.00149777
          0 0.125 0.00149777 0 0.13125 -0.00149777
          0 0.13125 0.00149777 0 0.1375 -0.00149777
          0 0.1375 0.00149777 0 0.14375 -0.00149777
          0 0.14375 0.00149777 0 0.15 -0.00149777
          0 0.15 0.00149777 0.002375 0 -0.00145065
          0.002375 0 0.00145065 0.002375 0.00625 -0.00145065
          0.002375 0.00625 0.00145065 0.002375 0.0125 -0.00145065
          0.002375 0.0125 0.00145065 0.002375 0.01875 -0.00145065
          0.002375 0.01875 0.00145065 0.002375 0.025 -0.00145065
          0.002375 0.025 0.00145065 0.002375 0.03125 -0.00145065
          0.002375 0.03125 0.00145065 0.002375 0.0375 -0.00145065
          0.002375 0.0375 0.00145065 0.002375 0.04375 -0.00145065
          0.002375 0.04375 0.00145065 0.002375 0.05 -0.00145065
          0.002375 0.05 0.00145065 0.002375 0.05625 -0.00145065
          0.002375 0.05625 0.00145065 0.002375 0.0625 -0.00145065
          0.002375 0.0625 0.00145065 0.002375 0.06875 -0.00145065
          0.002375 0.06875 0.00145065 0.002375 0.075 -0.00145065
          0.002375 0.075 0.00145065 0.002375 0.08125 -0.00145065
          0.002375 0.08125 0.00145065 0.002375 0.0875 -0.00145065
          0.002375 0.0875 0.00145065 0.002375 0.09375 -0.00145065
          0.002375 0.09375 0.00145065 0.002375 0.1 -0.00145065
          0.002375 0.1 0.00145065 0.002375 0.10625 -0.00145065
          0.002375 0.10625 0.00145065 0.002375 0.1125 -0.00145065
          0.002375 0.1125 0.00145065 0.002375 0.11875 -0.00145065
          0.002375 0.11875 0.00145065 0.002375 0.125 -0.00145065
          0.002375 0.125 0.00145065 0.002375 0.13125 -0.00145065
          0.002375 0.13125 0.00145065 0.002375 0.1375 -0.00145065
          0.002375 0.1375 0.00145065 0.002375 0.14375 -0.00145065
          0.002375 0.14375 0.00145065 0.002375 0.15 -0.00145065
          0.002375 0.15 0.00145065 0.00475 0 -0.00139992
          0.00475 0 0.00139992 0.00475 0.00625 -0.00139992
          0.00475 0.00625 0.00139992 0.00475 0.0125 -0.00139992
          0.00475 0.0125 0.00139992 0.00475 0.01875 -0.00139992
          0.00475 0.01875 0.00139992 0.00475 0.025 -0.00139992
          0.00475 0.025 0.00139992 0.00475 0.03125 -0.00139992
          0.00475 0.03125 0.00139992 0.00475 0.0375 -0.00139992
          0.00475 0.0375 0.00139992 0.00475 0.04375 -0.00139992
          0.00475 0.04375 0.00139992 0.00475 0.05 -0.00139992
          0.00475 0.05 0.00139992 0.00475 0.05625 -0.00139992
          0.00475 0.05625 0.00139992 0.00475 0.0625 -0.00139992
          0.00475 0.0625 0.00139992 0.00475 0.06875 -0.00139992
          0.00475 0.06875 0.00139992 0.00475 0.075 -0.00139992
          0.00475 0.075 0.00139992 0.00475 0.08125 -0.00139992
          0.00475 0.08125 0.00139992 0.00475 0.0875 -0.00139992
          0.00475 0.0875 0.00139992 0.00475 0.09375 -0.00139992
          0.00475 0.09375 0.00139992 0.00475 0.1 -0.00139992
          0.00475 0.1 0.00139992 0.00475 0.10625 -0.00139992
          0.00475 0.10625 0.00139992 0.00475 0.1125 -0.00139992
          0.00475 0.1125 0.00139992 0.00475 0.11875 -0.00139992
          0.00475 0.11875 0.00139992 0.00475 0.125 -0.00139992
          0.00475 0.125 0.00139992 0.00475 0.13125 -0.00139992
          0.00475 0.13125 0.00139992 0.00475 0.1375 -0.00139992
          0.00475 0.1375 0.00139992 0.00475 0.14375 -0.00139992
          0.00475 0.14375 0.00139992 0.00475 0.15 -0.00139992
          0.00475 0.15 0.00139992 0.007125 0 -0.00134577
          0.007125 0 0.00134577 0.007125 0.00625 -0.00134577
          0.007125 0.00625 0.00134577 0.007125 0.0125 -0.00134577
          0.007125 0.0125 0.00134577 0.007125 0.01875 -0.00134577
          0.007125 0.01875 0.00134577 0.007125 0.025 -0.00134577
          0.007125 0.025 0.00134577 0.007125 0.03125 -0.00134577
          0.007125 0.03125 0.00134577 0.007125 0.0375 -0.00134577
          0.007125 0.0375 0.00134577 0.007125 0.04375 -0.00134577
          0.007125 0.04375 0.00134577 0.007125 0.05 -0.00134577
          0.007125 0.05 0.00134577 0.007125 0.05625 -0.00134577
          0.007125 0.05625 0.00134577 0.007125 0.0625 -0.00134577
          0.007125 0.0625 0.00134577 0.007125 0.06875 -0.00134577
          0.007125 0.06875 0.00134577 0.007125 0.075 -0.00134577
          0.007125 0.075 0.00134577 0.007125 0.08125 -0.00134577
          0.007125 0.08125 0.00134577 0.007125 0.0875 -0.00134577
          0.007125 0.0875 0.00134577 0.007125 0.09375 -0.00134577
          0.007125 0.09375 0.00134577 0.007125 0.1 -0.00134577
          0.007125 0.1 0.00134577 0.007125 0.10625 -0.00134577
          0.007125 0.10625 0.00134577 0.007125 0.1125 -0.00134577
          0.007125 0.1125 0.00134577 0.007125 0.11875 -0.00134577
          0.007125 0.11875 0.00134577 0.007125 0.125 -0.00134577
          0.007125 0.125 0.00134577 0.007125 0.13125 -0.00134577
          0.007125 0.13125 0.00134577 0.007125 0.1375 -0.00134577
          0.007125 0.1375 0.00134577 0.007125 0.14375 -0.00134577
          0.007125 0.14375 0.00134577 0.007125 0.15 -0.00134577
          0.007125 0.15 0.00134577 0.0095 0 -0.001288295
          0.0095 0 0.001288295 0.0095 0.00625 -0.001288295
          0.0095 0.00625 0.001288295 0.0095 0.0125 -0.001288295
          0.0095 0.0125 0.001288295 0.0095 0.01875 -0.001288295
          0.0095 0.01875 0.001288295 0.0095 0.025 -0.001288295
          0.0095 0.025 0.001288295 0.0095 0.03125 -0.001288295
          0.0095 0.03125 0.001288295 0.0095 0.0375 -0.001288295
          0.0095 0.0375 0.001288295 0.0095 0.04375 -0.001288295
          0.0095 0.04375 0.001288295 0.0095 0.05 -0.001288295
          0.0095 0.05 0.001288295 0.0095 0.05625 -0.001288295
          0.0095 0.05625 0.001288295 0.0095 0.0625 -0.001288295
          0.0095 0.0625 0.001288295 0.0095 0.06875 -0.001288295
          0.0095 0.06875 0.001288295 0.0095 0.075 -0.001288295
          0.0095 0.075 0.001288295 0.0095 0.08125 -0.001288295
          0.0095 0.08125 0.001288295 0.0095 0.0875 -0.001288295
          0.0095 0.0875 0.001288295 0.0095 0.09375 -0.001288295
          0.0095 0.09375 0.001288295 0.0095 0.1 -0.001288295
          0.0095 0.1 0.001288295 0.0095 0.10625 -0.001288295
          0.0095 0.10625 0.001288295 0.0095 0.1125 -0.001288295
          0.0095 0.1125 0.001288295 0.0095 0.11875 -0.001288295
          0.0095 0.11875 0.001288295 0.0095 0.125 -0.001288295
          0.0095 0.125 0.001288295 0.0095 0.13125 -0.001288295
          0.0095 0.13125 0.001288295 0.0095 0.1375 -0.001288295
          0.0095 0.1375 0.001288295 0.0095 0.14375 -0.001288295
          0.0095 0.14375 0.001288295 0.0095 0.15 -0.001288295
          0.0095 0.15 0.001288295 0.011875 0 -0.001227875
          0.011875 0 0.001227875 0.011875 0.00625 -0.001227875
          0.011875 0.00625 0.001227875 0.011875 0.0125 -0.001227875
          0.011875 0.0125 0.001227875 0.011875 0.01875 -0.001227875
          0.011875 0.01875 0.001227875 0.011875 0.025 -0.001227875
          0.011875 0.025 0.001227875 0.011875 0.03125 -0.001227875
          0.011875 0.03125 0.001227875 0.011875 0.0375 -0.001227875
          0.011875 0.0375 0.001227875 0.011875 0.04375 -0.001227875
          0.011875 0.04375 0.001227875 0.011875 0.05 -0.001227875
          0.011875 0.05 0.001227875 0.011875 0.05625 -0.001227875
          0.011875 0.05625 0.001227875 0.011875 0.0625 -0.001227875
          0.011875 0.0625 0.001227875 0.011875 0.06875 -0.001227875
          0.011875 0.06875 0.001227875 0.011875 0.075 -0.001227875
          0.011875 0.075 0.001227875 0.011875 0.08125 -0.001227875
          0.011875 0.08125 0.001227875 0.011875 0.0875 -0.001227875
          0.011875 0.0875 0.001227875 0.011875 0.09375 -0.001227875
          0.011875 0.09375 0.001227875 0.011875 0.1 -0.001227875
          0.011875 0.1 0.001227875 0.011875 0.10625 -0.001227875
          0.011875 0.10625 0.001227875 0.011875 0.1125 -0.001227875
          0.011875 0.1125 0.001227875 0.011875 0.11875 -0.001227875
          0.011875 0.11875 0.001227875 0.011875 0.125 -0.001227875
          0.011875 0.125 0.001227875 0.011875 0.13125 -0.001227875
          0.011875 0.13125 0.001227875 0.011875 0.1375 -0.001227875
          0.011875 0.1375 0.001227875 0.011875 0.14375 -0.001227875
          0.011875 0.14375 0.001227875 0.011875 0.15 -0.001227875
          0.011875 0.15 0.001227875 0.01425 0 -0.00116451
          0.01425 0 0.00116451 0.01425 0.00625 -0.00116451
          0.01425 0.00625 0.00116451 0.01425 0.0125 -0.00116451
          0.01425 0.0125 0.00116451 0.01425 0.01875 -0.00116451
          0.01425 0.01875 0.00116451 0.01425 0.025 -0.00116451
          0.01425 0.025 0.00116451 0.01425 0.03125 -0.00116451
          0.01425 0.03125 0.00116451 0.01425 0.0375 -0.00116451
          0.01425 0.0375 0.00116451 0.01425 0.04375 -0.00116451
          0.01425 0.04375 0.00116451 0.01425 0.05 -0.00116451
          0.01425 0.05 0.00116451 0.01425 0.05625 -0.00116451
          0.01425 0.05625 0.00116451 0.01425 0.0625 -0.00116451
          0.01425 0.0625 0.00116451 0.01425 0.06875 -0.00116451
          0.01425 0.06875 0.00116451 0.01425 0.075 -0.00116451
          0.01425 0.075 0.00116451 0.01425 0.08125 -0.00116451
          0.01425 0.08125 0.00116451 0.01425 0.0875 -0.00116451
          0.01425 0.0875 0.00116451 0.01425 0.09375 -0.00116451
          0.01425 0.09375 0.00116451 0.01425 0.1 -0.00116451
          0.01425 0.1 0.00116451 0.01425 0.10625 -0.00116451
          0.01425 0.10625 0.00116451 0.01425 0.1125 -0.00116451
          0.01425 0.1125 0.00116451 0.01425 0.11875 -0.00116451
          0.01425 0.11875 0.00116451 0.01425 0.125 -0.00116451
          0.01425 0.125 0.00116451 0.01425 0.13125 -0.00116451
          0.01425 0.13125 0.00116451 0.01425 0.1375 -0.00116451
          0.01425 0.1375 0.00116451 0.01425 0.14375 -0.00116451
          0.01425 0.14375 0.00116451 0.01425 0.15 -0.00116451
          0.01425 0.15 0.00116451 0.016625 0 -0.00109839
          0.016625 0 0.00109839 0.016625 0.00625 -0.00109839
          0.016625 0.00625 0.00109839 0.016625 0.0125 -0.00109839
          0.016625 0.0125 0.00109839 0.016625 0.01875 -0.00109839
          0.016625 0.01875 0.00109839 0.016625 0.025 -0.00109839
          0.016625 0.025 0.00109839 0.016625 0.03125 -0.00109839
          0.016625 0.03125 0.00109839 0.016625 0.0375 -0.00109839
          0.016625 0.0375 0.00109839 0.016625 0.04375 -0.00109839
          0.016625 0.04375 0.00109839 0.016625 0.05 -0.00109839
          0.016625 0.05 0.00109839 0.016625 0.05625 -0.00109839
          0.016625 0.05625 0.00109839 0.016625 0.0625 -0.00109839
          0.016625 0.0625 0.00109839 0.016625 0.06875 -0.00109839
          0.016625 0.06875 0.00109839 0.016625 0.075 -0.00109839
          0.016625 0.075 0.00109839 0.016625 0.08125 -0.00109839
          0.016625 0.08125 0.00109839 0.016625 0.0875 -0.00109839
          0.016625 0.0875 0.00109839 0.016625 0.09375 -0.00109839
          0.016625 0.09375 0.00109839 0.016625 0.1 -0.00109839
          0.016625 0.1 0.00109839 0.016625 0.10625 -0.00109839
          0.016625 0.10625 0.00109839 0.016625 0.1125 -0.00109839
          0.016625 0.1125 0.00109839 0.016625 0.11875 -0.00109839
          0.016625 0.11875 0.00109839 0.016625 0.125 -0.00109839
          0.016625 0.125 0.00109839 0.016625 0.13125 -0.00109839
          0.016625 0.13125 0.00109839 0.016625 0.1375 -0.00109839
          0.016625 0.1375 0.00109839 0.016625 0.14375 -0.00109839
          0.016625 0.14375 0.00109839 0.016625 0.15 -0.00109839
          0.016625 0.15 0.00109839 0.019 0 -0.001029515
          0.019 0 0.001029515 0.019 0.00625 -0.001029515
          0.019 0.00625 0.001029515 0.019 0.0125 -0.001029515
          0.019 0.0125 0.001029515 0.019 0.01875 -0.001029515
          0.019 0.01875 0.001029515 0.019 0.025 -0.001029515
          0.019 0.025 0.001029515 0.019 0.03125 -0.001029515
          0.019 0.03125 0.001029515 0.019 0.0375 -0.001029515
          0.019 0.0375 0.001029515 0.019 0.04375 -0.001029515
          0.019 0.04375 0.001029515 0.019 0.05 -0.001029515
          0.019 0.05 0.001029515 0.019 0.05625 -0.001029515
          0.019 0.05625 0.001029515 0.019 0.0625 -0.001029515
          0.019 0.0625 0.001029515 0.019 0.06875 -0.001029515
          0.019 0.06875 0.001029515 0.019 0.075 -0.001029515
          0.019 0.075 0.001029515 0.019 0.08125 -0.001029515
          0.019 0.08125 0.001029515 0.019 0.0875 -0.001029515
          0.019 0.0875 0.001029515 0.019 0.09375 -0.001029515
          0.019 0.09375 0.001029515 0.019 0.1 -0.001029515
          0.019 0.1 0.001029515 0.019 0.10625 -0.001029515
          0.019 0.10625 0.001029515 0.019 0.1125 -0.001029515
          0.019 0.1125 0.001029515 0.019 0.11875 -0.001029515
          0.019 0.11875 0.001029515 0.019 0.125 -0.001029515
          0.019 0.125 0.001029515 0.019 0.13125 -0.001029515
          0.019 0.13125 0.001029515 0.019 0.1375 -0.001029515
          0.019 0.1375 0.001029515 0.019 0.14375 -0.001029515
          0.019 0.14375 0.001029515 0.019 0.15 -0.001029515
          0.019 0.15 0.001029515 0.021375 0 -0.000958075
          0.021375 0 0.000958075 0.021375 0.00625 -0.000958075
          0.021375 0.00625 0.000958075 0.021375 0.0125 -0.000958075
          0.021375 0.0125 0.000958075 0.021375 0.01875 -0.000958075
          0.021375 0.01875 0.000958075 0.021375 0.025 -0.000958075
          0.021375 0.025 0.000958075 0.021375 0.03125 -0.000958075
          0.021375 0.03125 0.000958075 0.021375 0.0375 -0.000958075
          0.021375 0.0375 0.000958075 0.021375 0.04375 -0.000958075
          0.021375 0.04375 0.000958075 0.021375 0.05 -0.000958075
          0.021375 0.05 0.000958075 0.021375 0.05625 -0.000958075
          0.021375 0.05625 0.000958075 0.021375 0.0625 -0.000958075
          0.021375 0.0625 0.000958075 0.021375 0.06875 -0.000958075
          0.021375 0.06875 0.000958075 0.021375 0.075 -0.000958075
          0.021375 0.075 0.000958075 0.021375 0.08125 -0.000958075
          0.021375 0.08125 0.000958075 0.021375 0.0875 -0.000958075
          0.021375 0.0875 0.000958075 0.021375 0.09375 -0.000958075
          0.021375 0.09375 0.000958075 0.021375 0.1 -0.000958075
          0.021375 0.1 0.000958075 0.021375 0.10625 -0.000958075
          0.021375 0.10625 0.000958075 0.021375 0.1125 -0.000958075
          0.021375 0.1125 0.000958075 0.021375 0.11875 -0.000958075
          0.021375 0.11875 0.000958075 0.021375 0.125 -0.000958075
          0.021375 0.125 0.000958075 0.021375 0.13125 -0.000958075
          0.021375 0.13125 0.000958075 0.021375 0.1375 -0.000958075
          0.021375 0.1375 0.000958075 0.021375 0.14375 -0.000958075
          0.021375 0.14375 0.000958075 0.021375 0.15 -0.000958075
          0.021375 0.15 0.000958075 0.02375 0 -0.000884165
          0.02375 0 0.000884165 0.02375 0.00625 -0.000884165
          0.02375 0.00625 0.000884165 0.02375 0.0125 -0.000884165
          0.02375 0.0125 0.000884165 0.02375 0.01875 -0.000884165
          0.02375 0.01875 0.000884165 0.02375 0.025 -0.000884165
          0.02375 0.025 0.000884165 0.02375 0.03125 -0.000884165
          0.02375 0.03125 0.000884165 0.02375 0.0375 -0.000884165
          0.02375 0.0375 0.000884165 0.02375 0.04375 -0.000884165
          0.02375 0.04375 0.000884165 0.02375 0.05 -0.000884165
          0.02375 0.05 0.000884165 0.02375 0.05625 -0.000884165
          0.02375 0.05625 0.000884165 0.02375 0.0625 -0.000884165
          0.02375 0.0625 0.000884165 0.02375 0.06875 -0.000884165
          0.02375 0.06875 0.000884165 0.02375 0.075 -0.000884165
          0.02375 0.075 0.000884165 0.02375 0.08125 -0.000884165
          0.02375 0.08125 0.000884165 0.02375 0.0875 -0.000884165
          0.02375 0.0875 0.000884165 0.02375 0.09375 -0.000884165
          0.02375 0.09375 0.000884165 0.02375 0.1 -0.000884165
          0.02375 0.1 0.000884165 0.02375 0.10625 -0.000884165
          0.02375 0.10625 0.000884165 0.02375 0.1125 -0.000884165
          0.02375 0.1125 0.000884165 0.02375 0.11875 -0.000884165
          0.02375 0.11875 0.000884165 0.02375 0.125 -0.000884165
          0.02375 0.125 0.000884165 0.02375 0.13125 -0.000884165
          0.02375 0.13125 0.000884165 0.02375 0.1375 -0.000884165
          0.02375 0.1375 0.000884165 0.02375 0.14375 -0.000884165
          0.02375 0.14375 0.000884165 0.02375 0.15 -0.000884165
          0.02375 0.15 0.000884165 0.026125 0 -0.000807595
          0.026125 0 0.000807595 0.026125 0.00625 -0.000807595
          0.026125 0.00625 0.000807595 0.026125 0.0125 -0.000807595
          0.026125 0.0125 0.000807595 0.026125 0.01875 -0.000807595
          0.026125 0.01875 0.000807595 0.026125 0.025 -0.000807595
          0.026125 0.025 0.000807595 0.026125 0.03125 -0.000807595
          0.026125 0.03125 0.000807595 0.026125 0.0375 -0.000807595
          0.026125 0.0375 0.000807595 0.026125 0.04375 -0.000807595
          0.026125 0.04375 0.000807595 0.026125 0.05 -0.000807595
          0.026125 0.05 0.000807595 0.026125 0.05625 -0.000807595
          0.026125 0.05625 0.000807595 0.026125 0.0625 -0.000807595
          0.026125 0.0625 0.000807595 0.026125 0.06875 -0.000807595
          0.026125 0.06875 0.000807595 0.026125 0.075 -0.000807595
          0.026125 0.075 0.000807595 0.026125 0.08125 -0.000807595
          0.026125 0.08125 0.000807595 0.026125 0.0875 -0.000807595
          0.026125 0.0875 0.000807595 0.026125 0.09375 -0.000807595
          0.026125 0.09375 0.000807595 0.026125 0.1 -0.000807595
          0.026125 0.1 0.000807595 0.026125 0.10625 -0.000807595
          0.026125 0.10625 0.000807595 0.026125 0.1125 -0.000807595
          0.026125 0.1125 0.000807595 0.026125 0.11875 -0.000807595
          0.026125 0.11875 0.000807595 0.026125 0.125 -0.000807595
          0.026125 0.125 0.000807595 0.026125 0.13125 -0.000807595
          0.026125 0.13125 0.000807595 0.026125 0.1375 -0.000807595
          0.026125 0.1375 0.000807595 0.026125 0.14375 -0.000807595
          0.026125 0.14375 0.000807595 0.026125 0.15 -0.000807595
          0.026125 0.15 0.000807595 0.0285 0 -0.000728555
          0.0285 0 0.000728555 0.0285 0.00625 -0.000728555
          0.0285 0.00625 0.000728555 0.0285 0.0125 -0.000728555
          0.0285 0.0125 0.000728555 0.0285 0.01875 -0.000728555
          0.0285 0.01875 0.000728555 0.0285 0.025 -0.000728555
          0.0285 0.025 0.000728555 0.0285 0.03125 -0.000728555
          0.0285 0.03125 0.000728555 0.0285 0.0375 -0.000728555
          0.0285 0.0375 0.000728555 0.0285 0.04375 -0.000728555
          0.0285 0.04375 0.000728555 0.0285 0.05 -0.000728555
          0.0285 0.05 0.000728555 0.0285 0.05625 -0.000728555
          0.0285 0.05625 0.000728555 0.0285 0.0625 -0.000728555
          0.0285 0.0625 0.000728555 0.0285 0.06875 -0.000728555
          0.0285 0.06875 0.000728555 0.0285 0.075 -0.000728555
          0.0285 0.075 0.000728555 0.0285 0.08125 -0.000728555
          0.0285 0.08125 0.000728555 0.0285 0.0875 -0.000728555
          0.0285 0.0875 0.000728555 0.0285 0.09375 -0.000728555
          0.0285 0.09375 0.000728555 0.0285 0.1 -0.000728555
          0.0285 0.1 0.000728555 0.0285 0.10625 -0.000728555
          0.0285 0.10625 0.000728555 0.0285 0.1125 -0.000728555
          0.0285 0.1125 0.000728555 0.0285 0.11875 -0.000728555
          0.0285 0.11875 0.000728555 0.0285 0.125 -0.000728555
          0.0285 0.125 0.000728555 0.0285 0.13125 -0.000728555
          0.0285 0.13125 0.000728555 0.0285 0.1375 -0.000728555
          0.0285 0.1375 0.000728555 0.0285 0.14375 -0.000728555
          0.0285 0.14375 0.000728555 0.0285 0.15 -0.000728555
          0.0285 0.15 0.000728555 0.030875 0 -0.000647045
          0.030875 0 0.000647045 0.030875 0.00625 -0.000647045
          0.030875 0.00625 0.000647045 0.030875 0.0125 -0.000647045
          0.030875 0.0125 0.000647045 0.030875 0.01875 -0.000647045
          0.030875 0.01875 0.000647045 0.030875 0.025 -0.000647045
          0.030875 0.025 0.000647045 0.030875 0.03125 -0.000647045
          0.030875 0.03125 0.000647045 0.030875 0.0375 -0.000647045
          0.030875 0.0375 0.000647045 0.030875 0.04375 -0.000647045
          0.030875 0.04375 0.000647045 0.030875 0.05 -0.000647045
          0.030875 0.05 0.000647045 0.030875 0.05625 -0.000647045
          0.030875 0.05625 0.000647045 0.030875 0.0625 -0.000647045
          0.030875 0.0625 0.000647045 0.030875 0.06875 -0.000647045
          0.030875 0.06875 0.000647045 0.030875 0.075 -0.000647045
          0.030875 0.075 0.000647045 0.030875 0.08125 -0.000647045
          0.030875 0.08125 0.000647045 0.030875 0.0875 -0.000647045
          0.030875 0.0875 0.000647045 0.030875 0.09375 -0.000647045
          0.030875 0.09375 0.000647045 0.030875 0.1 -0.000647045
          0.030875 0.1 0.000647045 0.030875 0.10625 -0.000647045
          0.030875 0.10625 0.000647045 0.030875 0.1125 -0.000647045
          0.030875 0.1125 0.000647045 0.030875 0.11875 -0.000647045
          0.030875 0.11875 0.000647045 0.030875 0.125 -0.000647045
          0.030875 0.125 0.000647045 0.030875 0.13125 -0.000647045
          0.030875 0.13125 0.000647045 0.030875 0.1375 -0.000647045
          0.030875 0.1375 0.000647045 0.030875 0.14375 -0.000647045
          0.030875 0.14375 0.000647045 0.030875 0.15 -0.000647045
          0.030875 0.15 0.000647045 0.03325 0 -0.00056297
          0.03325 0 0.00056297 0.03325 0.00625 -0.00056297
          0.03325 0.00625 0.00056297 0.03325 0.0125 -0.00056297
          0.03325 0.0125 0.00056297 0.03325 0.01875 -0.00056297
          0.03325 0.01875 0.00056297 0.03325 0.025 -0.00056297
          0.03325 0.025 0.00056297 0.03325 0.03125 -0.00056297
          0.03325 0.03125 0.00056297 0.03325 0.0375 -0.00056297
          0.03325 0.0375 0.00056297 0.03325 0.04375 -0.00056297
          0.03325 0.04375 0.00056297 0.03325 0.05 -0.00056297
          0.03325 0.05 0.00056297 0.03325 0.05625 -0.00056297
          0.03325 0.05625 0.00056297 0.03325 0.0625 -0.00056297
          0.03325 0.0625 0.00056297 0.03325 0.06875 -0.00056297
          0.03325 0.06875 0.00056297 0.03325 0.075 -0.00056297
          0.03325 0.075 0.00056297 0.03325 0.08125 -0.00056297
          0.03325 0.08125 0.00056297 0.03325 0.0875 -0.00056297
          0.03325 0.0875 0.00056297 0.03325 0.09375 -0.00056297
          0.03325 0.09375 0.00056297 0.03325 0.1 -0.00056297
          0.03325 0.1 0.00056297 0.03325 0.10625 -0.00056297
          0.03325 0.10625 0.00056297 0.03325 0.1125 -0.00056297
          0.03325 0.1125 0.00056297 0.03325 0.11875 -0.00056297
          0.03325 0.11875 0.00056297 0.03325 0.125 -0.00056297
          0.03325 0.125 0.00056297 0.03325 0.13125 -0.00056297
          0.03325 0.13125 0.00056297 0.03325 0.1375 -0.00056297
          0.03325 0.1375 0.00056297 0.03325 0.14375 -0.00056297
          0.03325 0.14375 0.00056297 0.03325 0.15 -0.00056297
          0.03325 0.15 0.00056297 0.035625 0 -0.000476235
          0.035625 0 0.000476235 0.035625 0.00625 -0.000476235
          0.035625 0.00625 0.000476235 0.035625 0.0125 -0.000476235
          0.035625 0.0125 0.000476235 0.035625 0.01875 -0.000476235
          0.035625 0.01875 0.000476235 0.035625 0.025 -0.000476235
          0.035625 0.025 0.000476235 0.035625 0.03125 -0.000476235
          0.035625 0.03125 0.000476235 0.035625 0.0375 -0.000476235
          0.035625 0.0375 0.000476235 0.035625 0.04375 -0.000476235
          0.035625 0.04375 0.000476235 0.035625 0.05 -0.000476235
          0.035625 0.05 0.000476235 0.035625 0.05625 -0.000476235
          0.035625 0.05625 0.000476235 0.035625 0.0625 -0.000476235
          0.035625 0.0625 0.000476235 0.035625 0.06875 -0.000476235
          0.035625 0.06875 0.000476235 0.035625 0.075 -0.000476235
          0.035625 0.075 0.000476235 0.035625 0.08125 -0.000476235
          0.035625 0.08125 0.000476235 0.035625 0.0875 -0.000476235
          0.035625 0.0875 0.000476235 0.035625 0.09375 -0.000476235
          0.035625 0.09375 0.000476235 0.035625 0.1 -0.000476235
          0.035625 0.1 0.000476235 0.035625 0.10625 -0.000476235
          0.035625 0.10625 0.000476235 0.035625 0.1125 -0.000476235
          0.035625 0.1125 0.000476235 0.035625 0.11875 -0.000476235
          0.035625 0.11875 0.000476235 0.035625 0.125 -0.000476235
          0.035625 0.125 0.000476235 0.035625 0.13125 -0.000476235
          0.035625 0.13125 0.000476235 0.035625 0.1375 -0.000476235
          0.035625 0.1375 0.000476235 0.035625 0.14375 -0.000476235
          0.035625 0.14375 0.000476235 0.035625 0.15 -0.000476235
          0.035625 0.15 0.000476235 0.038 0 -0.000386745
          0.038 0 0.000386745 0.038 0.00625 -0.000386745
          0.038 0.00625 0.000386745 0.038 0.0125 -0.000386745
          0.038 0.0125 0.000386745 0.038 0.01875 -0.000386745
          0.038 0.01875 0.000386745 0.038 0.025 -0.000386745
          0.038 0.025 0.000386745 0.038 0.03125 -0.000386745
          0.038 0.03125 0.000386745 0.038 0.0375 -0.000386745
          0.038 0.0375 0.000386745 0.038 0.04375 -0.000386745
          0.038 0.04375 0.000386745 0.038 0.05 -0.000386745
          0.038 0.05 0.000386745 0.038 0.05625 -0.000386745
          0.038 0.05625 0.000386745 0.038 0.0625 -0.000386745
          0.038 0.0625 0.000386745 0.038 0.06875 -0.000386745
          0.038 0.06875 0.000386745 0.038 0.075 -0.000386745
          0.038 0.075 0.000386745 0.038 0.08125 -0.000386745
          0.038 0.08125 0.000386745 0.038 0.0875 -0.000386745
          0.038 0.0875 0.000386745 0.038 0.09375 -0.000386745
          0.038 0.09375 0.000386745 0.038 0.1 -0.000386745
          0.038 0.1 0.000386745 0.038 0.10625 -0.000386745
          0.038 0.10625 0.000386745 0.038 0.1125 -0.000386745
          0.038 0.1125 0.000386745 0.038 0.11875 -0.000386745
          0.038 0.11875 0.000386745 0.038 0.125 -0.000386745
          0.038 0.125 0.000386745 0.038 0.13125 -0.000386745
          0.038 0.13125 0.000386745 0.038 0.1375 -0.000386745
          0.038 0.1375 0.000386745 0.038 0.14375 -0.000386745
          0.038 0.14375 0.000386745 0.038 0.15 -0.000386745
          0.038 0.15 0.000386745 0.040375 0 -0.000294595
          0.040375 0 0.000294595 0.040375 0.00625 -0.000294595
          0.040375 0.00625 0.000294595 0.040375 0.0125 -0.000294595
          0.040375 0.0125 0.000294595 0.040375 0.01875 -0.000294595
          0.040375 0.01875 0.000294595 0.040375 0.025 -0.000294595
          0.040375 0.025 0.000294595 0.040375 0.03125 -0.000294595
          0.040375 0.03125 0.000294595 0.040375 0.0375 -0.000294595
          0.040375 0.0375 0.000294595 0.040375 0.04375 -0.000294595
          0.040375 0.04375 0.000294595 0.040375 0.05 -0.000294595
          0.040375 0.05 0.000294595 0.040375 0.05625 -0.000294595
          0.040375 0.05625 0.000294595 0.040375 0.0625 -0.000294595
          0.040375 0.0625 0.000294595 0.040375 0.06875 -0.000294595
          0.040375 0.06875 0.000294595 0.040375 0.075 -0.000294595
          0.040375 0.075 0.000294595 0.040375 0.08125 -0.000294595
          0.040375 0.08125 0.000294595 0.040375 0.0875 -0.000294595
          0.040375 0.0875 0.000294595 0.040375 0.09375 -0.000294595
          0.040375 0.09375 0.000294595 0.040375 0.1 -0.000294595
          0.040375 0.1 0.000294595 0.040375 0.10625 -0.000294595
          0.040375 0.10625 0.000294595 0.040375 0.1125 -0.000294595
          0.040375 0.1125 0.000294595 0.040375 0.11875 -0.000294595
          0.040375 0.11875 0.000294595 0.040375 0.125 -0.000294595
          0.040375 0.125 0.000294595 0.040375 0.13125 -0.000294595
          0.040375 0.13125 0.000294595 0.040375 0.1375 -0.000294595
          0.040375 0.1375 0.000294595 0.040375 0.14375 -0.000294595
          0.040375 0.14375 0.000294595 0.040375 0.15 -0.000294595
          0.040375 0.15 0.000294595 0.04275 0 -0.000199405
          0.04275 0 0.000199405 0.04275 0.00625 -0.000199405
          0.04275 0.00625 0.000199405 0.04275 0.0125 -0.000199405
          0.04275 0.0125 0.000199405 0.04275 0.01875 -0.000199405
          0.04275 0.01875 0.000199405 0.04275 0.025 -0.000199405
          0.04275 0.025 0.000199405 0.04275 0.03125 -0.000199405
          0.04275 0.03125 0.000199405 0.04275 0.0375 -0.000199405
          0.04275 0.0375 0.000199405 0.04275 0.04375 -0.000199405
          0.04275 0.04375 0.000199405 0.04275 0.05 -0.000199405
          0.04275 0.05 0.000199405 0.04275 0.05625 -0.000199405
          0.04275 0.05625 0.000199405 0.04275 0.0625 -0.000199405
          0.04275 0.0625 0.000199405 0.04275 0.06875 -0.000199405
          0.04275 0.06875 0.000199405 0.04275 0.075 -0.000199405
          0.04275 0.075 0.000199405 0.04275 0.08125 -0.000199405
          0.04275 0.08125 0.000199405 0.04275 0.0875 -0.000199405
          0.04275 0.0875 0.000199405 0.04275 0.09375 -0.000199405
          0.04275 0.09375 0.000199405 0.04275 0.1 -0.000199405
          0.04275 0.1 0.000199405 0.04275 0.10625 -0.000199405
          0.04275 0.10625 0.000199405 0.04275 0.1125 -0.000199405
          0.04275 0.1125 0.000199405 0.04275 0.11875 -0.000199405
          0.04275 0.11875 0.000199405 0.04275 0.125 -0.000199405
          0.04275 0.125 0.000199405 0.04275 0.13125 -0.000199405
          0.04275 0.13125 0.000199405 0.04275 0.1375 -0.000199405
          0.04275 0.1375 0.000199405 0.04275 0.14375 -0.000199405
          0.04275 0.14375 0.000199405 0.04275 0.15 -0.000199405
          0.04275 0.15 0.000199405 0.045125 0 -0.00010127
          0.045125 0 0.00010127 0.045125 0.00625 -0.00010127
          0.045125 0.00625 0.00010127 0.045125 0.0125 -0.00010127
          0.045125 0.0125 0.00010127 0.045125 0.01875 -0.00010127
          0.045125 0.01875 0.00010127 0.045125 0.025 -0.00010127
          0.045125 0.025 0.00010127 0.045125 0.03125 -0.00010127
          0.045125 0.03125 0.00010127 0.045125 0.0375 -0.00010127
          0.045125 0.0375 0.00010127 0.045125 0.04375 -0.00010127
          0.045125 0.04375 0.00010127 0.045125 0.05 -0.00010127
          0.045125 0.05 0.00010127 0.045125 0.05625 -0.00010127
          0.045125 0.05625 0.00010127 0.045125 0.0625 -0.00010127
          0.045125 0.0625 0.00010127 0.045125 0.06875 -0.00010127
          0.045125 0.06875 0.00010127 0.045125 0.075 -0.00010127
          0.045125 0.075 0.00010127 0.045125 0.08125 -0.00010127
          0.045125 0.08125 0.00010127 0.045125 0.0875 -0.00010127
          0.045125 0.0875 0.00010127 0.045125 0.09375 -0.00010127
          0.045125 0.09375 0.00010127 0.045125 0.1 -0.00010127
          0.045125 0.1 0.00010127 0.045125 0.10625 -0.00010127
          0.045125 0.10625 0.00010127 0.045125 0.1125 -0.00010127
          0.045125 0.1125 0.00010127 0.045125 0.11875 -0.00010127
          0.045125 0.11875 0.00010127 0.045125 0.125 -0.00010127
          0.045125 0.125 0.00010127 0.045125 0.13125 -0.00010127
          0.045125 0.13125 0.00010127 0.045125 0.1375 -0.00010127
          0.045125 0.1375 0.00010127 0.045125 0.14375 -0.00010127
          0.045125 0.14375 0.00010127 0.045125 0.15 -0.00010127
          0.045125 0.15 0.00010127 0.0475 0 0
          0.0475 0.00625 0 0.0475 0.0125 0
          0.0475 0.01875 0 0.0475 0.025 0
          0.0475 0.03125 0 0.0475 0.0375 0
          0.0475 0.04375 0 0.0475 0.05 0
          0.0475 0.05625 0 0.0475 0.0625 0
          0.0475 0.06875 0 0.0475 0.075 0
          0.0475 0.08125 0 0.0475 0.0875 0
          0.0475 0.09375 0 0.0475 0.1 0
          0.0475 0.10625 0 0.0475 0.1125 0
          0.0475 0.11875 0 0.0475 0.125 0
          0.0475 0.13125 0 0.0475 0.1375 0
          0.0475 0.14375 0 0.0475 0.15 0
          <InformationKey name="L2_NORM_RANGE" location="vtkDataArray" length="2">
            <Value index="0">
              0.0014977699611
            </Value>
            <Value index="1">
              0.15734119528
            </Value>
          </InformationKey>
        </DataArray>
      </Points>
      <Cells>
        <DataArray type="Int64" Name="connectivity" format="ascii" RangeMin="0" RangeMax="1999">
          1928 1976 1975 1926 1878 1928
          1926 1876 1828 1878 1876 1826
          1778 1828 1826 1776 1728 1778
          1776 1726 1678 1728 1726 1676
          1628 1678 1676 1626 1578 1628
          1626 1576 1528 1578 1576 1526
          1478 1528 1526 1476 1428 1478
          1476 1426 1378 1428 1426 1376
          1328 1378 1376 1326 1278 1328
          1326 1276 1228 1278 1276 1226
          1178 1228 1226 1176 1128 1178
          1176 1126 1078 1128 1126 1076
          1028 1078 1076 1026 978 1028
          1026 976 928 978 976 926
          878 928 926 876 828 878
          876 826 778 828 826 776
          728 778 776 726 678 728
          726 676 628 678 676 626
          578 628 626 576 528 578
          576 526 478 528 526 476
          428 478 476 426 378 428
          426 376 328 378 376 326
          278 328 326 276 228 278
          276 226 178 228 226 176
          128 178 176 126 78 128
          126 76 28 78 76 26
          1 28 26 0 27 1
          0 25 77 27 25 75
          127 77 75 125 177 127
          125 175 227 177 175 225
          277 227 225 275 327 277
          275 325 377 327 325 375
          427 377 375 425 477 427
          425 475 527 477 475 525
          577 527 525 575 627 577
          575 625 677 627 625 675
          727 677 675 725 777 727
          725 775 827 777 775 825
          877 827 825 875 927 877
          875 925 977 927 925 975
          1027 977 975 1025 1077 1027
          1025 1075 1127 1077 1075 1125
          1177 1127 1125 1175 1227 1177
          1175 1225 1277 1227 1225 1275
          1327 1277 1275 1325 1377 1327
          1325 1375 1427 1377 1375 1425
          1477 1427 1425 1475 1527 1477
          1475 1525 1577 1527 1525 1575
          1627 1577 1575 1625 1677 1627
          1625 1675 1727 1677 1675 1725
          1777 1727 1725 1775 1827 1777
          1775 1825 1877 1827 1825 1875
          1927 1877 1875 1925 1976 1927
          1925 1975 1930 1977 1976 1928
          1880 1930 1928 1878 1830 1880
          1878 1828 1780 1830 1828 1778
          1730 1780 1778 1728 1680 1730
          1728 1678 1630 1680 1678 1628
          1580 1630 1628 1578 1530 1580
          1578 1528 1480 1530 1528 1478
          1430 1480 1478 1428 1380 1430
          1428 1378 1330 1380 1378 1328
          1280 1330 1328 1278 1230 1280
          1278 1228 1180 1230 1228 1178
          1130 1180 1178 1128 1080 1130
          1128 1078 1030 1080 1078 1028
          980 1030 1028 978 930 980
          978 928 880 930 928 878
          830 880 878 828 780 830
          828 778 730 780 778 728
          680 730 728 678 630 680
          678 628 580 630 628 578
          530 580 578 528 480 530
          528 478 430 480 478 428
          380 430 428 378 330 380
          378 328 280 330 328 278
          230 280 278 228 180 230
          228 178 130 180 178 128
          80 130 128 78 30 80
          78 28 2 30 28 1
          29 2 1 27 79 29
          27 77 129 79 77 127
          179 129 127 177 229 179
          177 227 279 229 227 277
          329 279 277 327 379 329
          327 377 429 379 377 427
          479 429 427 477 529 479
          477 527 579 529 527 577
          629 579 577 627 679 629
          627 677 729 679 677 727
          779 729 727 777 829 779
          777 827 879 829 827 877
          929 879 877 927 979 929
          927 977 1029 979 977 1027
          1079 1029 1027 1077 1129 1079
          1077 1127 1179 1129 1127 1177
          1229 1179 1177 1227 1279 1229
          1227 1277 1329 1279 1277 1327
          1379 1329 1327 1377 1429 1379
          1377 1427 1479 1429 1427 1477
          1529 1479 1477 1527 1579 1529
          1527 1577 1629 1579 1577 1627
          1679 1629 1627 1677 1729 1679
          1677 1727 1779 1729 1727 1777
          1829 1779 1777 1827 1879 1829
          1827 1877 1929 1879 1877 1927
          1977 1929 1927 1976 1932 1978
          1977 1930 1882 1932 1930 1880
          1832 1882 1880 1830 1782 1832
          1830 1780 1732 1782 1780 1730
          1682 1732 1730 1680 1632 1682
          1680 1630 1582 1632 1630 1580
          1532 1582 1580 1530 1482 1532
          1530 1480 1432 1482 1480 1430
          1382 1432 1430 1380 1332 1382
          1380 1330 1282 1332 1330 1280
          1232 1282 1280 1230 1182 1232
          1230 1180 1132 1182 1180 1130
          1082 1132 1130 1080 1032 1082
          1080 1030 982 1032 1030 980
          932 982 980 930 882 932
          930 880 832 882 880 830
          782 832 830 780 732 782
          780 730 682 732 730 680
          632 682 680 630 582 632
          630 580 532 582 580 530
          482 532 530 480 432 482
          480 430 382 432 430 380
          332 382 380 330 282 332
          330 280 232 282 280 230
          182 232 230 180 132 182
          180 130 82 132 130 80
          32 82 80 30 3 32
          30 2 31 3 2 29
          81 31 29 79 131 81
          79 129 181 131 129 179
          231 181 179 229 281 231
          229 279 331 281 279 329
          381 331 329 379 431 381
          379 429 481 431 429 479
          531 481 479 529 581 531
          529 579 631 581 579 629
          681 631 629 679 731 681
          679 729 781 731 729 779
          831 781 779 829 881 831
          829 879 931 881 879 929
          981 931 929 979 1031 981
          979 1029 1081 1031 1029 1079
          1131 1081 1079 1129 1181 1131
          1129 1179 1231 1181 1179 1229
          1281 1231 1229 1279 1331 1281
          1279 1329 1381 1331 1329 1379
          1431 1381 1379 1429 1481 1431
          1429 1479 1531 1481 1479 1529
          1581 1531 1529 1579 1631 1581
          1579 1629 1681 1631 1629 1679
          1731 1681 1679 1729 1781 1731
          1729 1779 1831 1781 1779 1829
          1881 1831 1829 1879 1931 1881
          1879 1929 1978 1931 1929 1977
          1934 1979 1978 1932 1884 1934
          1932 1882 1834 1884 1882 1832
          1784 1834 1832 1782 1734 1784
          1782 1732 1684 1734 1732 1682
          1634 1684 1682 1632 1584 1634
          1632 1582 1534 1584 1582 1532
          1484 1534 1532 1482 1434 1484
          1482 1432 1384 1434 1432 1382
          1334 1384 1382 1332 1284 1334
          1332 1282 1234 1284 1282 1232
          1184 1234 1232 1182 1134 1184
          1182 1132 1084 1134 1132 1082
          1034 1084 1082 1032 984 1034
          1032 982 934 984 982 932
          884 934 932 882 834 884
          882 832 784 834 832 782
          734 784 782 732 684 734
          732 682 634 684 682 632
          584 634 632 582 534 584
          582 532 484 534 532 482
          434 484 482 432 384 434
          432 382 334 384 382 332
          284 334 332 282 234 284
          282 232 184 234 232 182
          134 184 182 132 84 134
          132 82 34 84 82 32
          4 34 32 3 33 4
          3 31 83 33 31 81
          133 83 81 131 183 133
          131 181 233 183 181 231
          283 233 231 281 333 283
          281 331 383 333 331 381
          433 383 381 431 483 433
          431 481 533 483 481 531
          583 533 531 581 633 583
          581 631 683 633 631 681
          733 683 681 731 783 733
          731 781 833 783 781 831
          883 833 831 881 933 883
          881 931 983 933 931 981
          1033 983 981 1031 1083 1033
          1031 1081 1133 1083 1081 1131
          1183 1133 1131 1181 1233 1183
          1181 1231 1283 1233 1231 1281
          1333 1283 1281 1331 1383 1333
          1331 1381 1433 1383 1381 1431
          1483 1433 1431 1481 1533 1483
          1481 1531 1583 1533 1531 1581
          1633 1583 1581 1631 1683 1633
          1631 1681 1733 1683 1681 1731
          1783 1733 1731 1781 1833 1783
          1781 1831 1883 1833 1831 1881
          1933 1883 1881 1931 1979 1933
          1931 1978 1936 1980 1979 1934
          1886 1936 1934 1884 1836 1886
          1884 1834 1786 1836 1834 1784
          1736 1786 1784 1734 1686 1736
          1734 1684 1636 1686 1684 1634
          1586 1636 1634 1584 1536 1586
          1584 1534 1486 1536 1534 1484
          1436 1486 1484 1434 1386 1436
          1434 1384 1336 1386 1384 1334
          1286 1336 1334 1284 1236 1286
          1284 1234 1186 1236 1234 1184
          1136 1186 1184 1134 1086 1136
          1134 1084 1036 1086 1084 1034
          986 1036 1034 984 936 986
          984 934 886 936 934 884
          836 886 884 834 786 836
          834 784 736 786 784 734
          686 736 734 684 636 686
          684 634 586 636 634 584
          536 586 584 534 486 536
          534 484 436 486 484 434
          386 436 434 384 336 386
          384 334 286 336 334 284
          236 286 284 234 186 236
          234 184 136 186 184 134
          86 136 134 84 36 86
          84 34 5 36 34 4
          35 5 4 33 85 35
          33 83 135 85 83 133
          185 135 133 183 235 185
          183 233 285 235 233 283
          335 285 283 333 385 335
          333 383 435 385 383 433
          485 435 433 483 535 485
          483 533 585 535 533 583
          635 585 583 633 685 635
          633 683 735 685 683 733
          785 735 733 783 835 785
          783 833 885 835 833 883
          935 885 883 933 985 935
          933 983 1035 985 983 1033
          1085 1035 1033 1083 1135 1085
          1083 1133 1185 1135 1133 1183
          1235 1185 1183 1233 1285 1235
          1233 1283 1335 1285 1283 1333
          1385 1335 1333 1383 1435 1385
          1383 1433 1485 1435 1433 1483
          1535 1485 1483 1533 1585 1535
          1533 1583 1635 1585 1583 1633
          1685 1635 1633 1683 1735 1685
          1683 1733 1785 1735 1733 1783
          1835 1785 1783 1833 1885 1835
          1833 1883 1935 1885 1883 1933
          1980 1935 1933 1979 1938 1981
          1980 1936 1888 1938 1936 1886
          1838 1888 1886 1836 1788 1838
          1836 1786 1738 1788 1786 1736
          1688 1738 1736 1686 1638 1688
          1686 1636 1588 1638 1636 1586
          1538 1588 1586 1536 1488 1538
          1536 1486 1438 1488 1486 1436
          1388 1438 1436 1386 1338 1388
          1386 1336 1288 1338 1336 1286
          1238 1288 1286 1236 1188 1238
          1236 1186 1138 1188 1186 1136
          1088 1138 1136 1086 1038 1088
          1086 1036 988 1038 1036 986
          938 988 986 936 888 938
          936 886 838 888 886 836
          788 838 836 786 738 788
          786 736 688 738 736 686
          638 688 686 636 588 638
          636 586 538 588 586 536
          488 538 536 486 438 488
          486 436 388 438 436 386
          338 388 386 336 288 338
          336 286 238 288 286 236
          188 238 236 186 138 188
          186 136 88 138 136 86
          38 88 86 36 6 38
          36 5 37 6 5 35
          87 37 35 85 137 87
          85 135 187 137 135 185
          237 187 185 235 287 237
          235 285 337 287 285 335
          387 337 335 385 437 387
          385 435 487 437 435 485
          537 487 485 535 587 537
          535 585 637 587 585 635
          687 637 635 685 737 687
          685 735 787 737 735 785
          837 787 785 835 887 837
          835 885 937 887 885 935
          987 937 935 985 1037 987
          985 1035 1087 1037 1035 1085
          1137 1087 1085 1135 1187 1137
          1135 1185 1237 1187 1185 1235
          1287 1237 1235 1285 1337 1287
          1285 1335 1387 1337 1335 1385
          1437 1387 1385 1435 1487 1437
          1435 1485 1537 1487 1485 1535
          1587 1537 1535 1585 1637 1587
          1585 1635 1687 1637 1635 1685
          1737 1687 1685 1735 1787 1737
          1735 1785 1837 1787 1785 1835
          1887 1837 1835 1885 1937 1887
          1885 1935 1981 1937 1935 1980
          1940 1982 1981 1938 1890 1940
          1938 1888 1840 1890 1888 1838
          1790 1840 1838 1788 1740 1790
          1788 1738 1690 1740 1738 1688
          1640 1690 1688 1638 1590 1640
          1638 1588 1540 1590 1588 1538
          1490 1540 1538 1488 1440 1490
          1488 1438 1390 1440 1438 1388
          1340 1390 1388 1338 1290 1340
          1338 1288 1240 1290 1288 1238
          1190 1240 1238 1188 1140 1190
          1188 1138 1090 1140 1138 1088
          1040 1090 1088 1038 990 1040
          1038 988 940 990 988 938
          890 940 938 888 840 890
          888 838 790 840 838 788
          740 790 788 738 690 740
          738 688 640 690 688 638
          590 640 638 588 540 590
          588 538 490 540 538 488
          440 490 488 438 390 440
          438 388 340 390 388 338
          290 340 338 288 240 290
          288 238 190 240 238 188
          140 190 188 138 90 140
          138 88 40 90 88 38
          7 40 38 6 39 7
          6 37 89 39 37 87
          139 89 87 137 189 139
          137 187 239 189 187 237
          289 239 237 287 339 289
          287 337 389 339 337 387
          439 389 387 437 489 439
          437 487 539 489 487 537
          589 539 537 587 639 589
          587 637 689 639 637 687
          739 689 687 737 789 739
          737 787 839 789 787 837
          889 839 837 887 939 889
          887 937 989 939 937 987
          1039 989 987 1037 1089 1039
          1037 1087 1139 1089 1087 1137
          1189 1139 1137 1187 1239 1189
          1187 1237 1289 1239 1237 1287
          1339 1289 1287 1337 1389 1339
          1337 1387 1439 1389 1387 1437
          1489 1439 1437 1487 1539 1489
          1487 1537 1589 1539 1537 1587
          1639 1589 1587 1637 1689 1639
          1637 1687 1739 1689 1687 1737
          1789 1739 1737 1787 1839 1789
          1787 1837 1889 1839 1837 1887
          1939 1889 1887 1937 1982 1939
          1937 1981 1942 1983 1982 1940
          1892 1942 1940 1890 1842 1892
          1890 1840 1792 1842 1840 1790
          1742 1792 1790 1740 1692 1742
          1740 1690 1642 1692 1690 1640
          1592 1642 1640 1590 1542 1592
          1590 1540 1492 1542 1540 1490
          1442 1492 1490 1440 1392 1442
          1440 1390 1342 1392 1390 1340
          1292 1342 1340 1290 1242 1292
          1290 1240 1192 1242 1240 1190
          1142 1192 1190 1140 1092 1142
          1140 1090 1042 1092 1090 1040
          992 1042 1040 990 942 992
          990 940 892 942 940 890
          842 892 890 840 792 842
          840 790 742 792 790 740
          692 742 740 690 642 692
          690 640 592 642 640 590
          542 592 590 540 492 542
          540 490 442 492 490 440
          392 442 440 390 342 392
          390 340 292 342 340 290
          242 292 290 240 192 242
          240 190 142 192 190 140
          92 142 140 90 42 92
          90 40 8 42 40 7
          41 8 7 39 91 41
          39 89 141 91 89 139
          191 141 139 189 241 191
          189 239 291 241 239 289
          341 291 289 339 391 341
          339 389 441 391 389 439
          491 441 439 489 541 491
          489 539 591 541 539 589
          641 591 589 639 691 641
          639 689 741 691 689 739
          791 741 739 789 841 791
          789 839 891 841 839 889
          941 891 889 939 991 941
          939 989 1041 991 989 1039
          1091 1041 1039 1089 1141 1091
          1089 1139 1191 1141 1139 1189
          1241 1191 1189 1239 1291 1241
          1239 1289 1341 1291 1289 1339
          1391 1341 1339 1389 1441 1391
          1389 1439 1491 1441 1439 1489
          1541 1491 1489 1539 1591 1541
          1539 1589 1641 1591 1589 1639
          1691 1641 1639 1689 1741 1691
          1689 1739 1791 1741 1739 1789
          1841 1791 1789 1839 1891 1841
          1839 1889 1941 1891 1889 1939
          1983 1941 1939 1982 1944 1984
          1983 1942 1894 1944 1942 1892
          1844 1894 1892 1842 1794 1844
          1842 1792 1744 1794 1792 1742
          1694 1744 1742 1692 1644 1694
          1692 1642 1594 1644 1642 1592
          1544 1594 1592 1542 1494 1544
          1542 1492 1444 1494 1492 1442
          1394 1444 1442 1392 1344 1394
          1392 1342 1294 1344 1342 1292
          1244 1294 1292 1242 1194 1244
          1242 1192 1144 1194 1192 1142
          1094 1144 1142 1092 1044 1094
          1092 1042 994 1044 1042 992
          944 994 992 942 894 944
          942 892 844 894 892 842
          794 844 842 792 744 794
          792 742 694 744 742 692
          644 694 692 642 594 644
          642 592 544 594 592 542
          494 544 542 492 444 494
          492 442 394 444 442 392
          344 394 392 342 294 344
          342 292 244 294 292 242
          194 244 242 192 144 194
          192 142 94 144 142 92
          44 94 92 42 9 44
          42 8 43 9 8 41
          93 43 41 91 143 93
          91 141 193 143 141 191
          243 193 191 241 293 243
          241 291 343 293 291 341
          393 343 341 391 443 393
          391 441 493 443 441 491
          543 493 491 541 593 543
          541 591 643 593 591 641
          693 643 641 691 743 693
          691 741 793 743 741 791
          843 793 791 841 893 843
          841 891 943 893 891 941
          993 943 941 991 1043 993
          991 1041 1093 1043 1041 1091
          1143 1093 1091 1141 1193 1143
          1141 1191 1243 1193 1191 1241
          1293 1243 1241 1291 1343 1293
          1291 1341 1393 1343 1341 1391
          1443 1393 1391 1441 1493 1443
          1441 1491 1543 1493 1491 1541
          1593 1543 1541 1591 1643 1593
          1591 1641 1693 1643 1641 1691
          1743 1693 1691 1741 1793 1743
          1741 1791 1843 1793 1791 1841
          1893 1843 1841 1891 1943 1893
          1891 1941 1984 1943 1941 1983
          1946 1985 1984 1944 1896 1946
          1944 1894 1846 1896 1894 1844
          1796 1846 1844 1794 1746 1796
          1794 1744 1696 1746 1744 1694
          1646 1696 1694 1644 1596 1646
          1644 1594 1546 1596 1594 1544
          1496 1546 1544 1494 1446 1496
          1494 1444 1396 1446 1444 1394
          1346 1396 1394 1344 1296 1346
          1344 1294 1246 1296 1294 1244
          1196 1246 1244 1194 1146 1196
          1194 1144 1096 1146 1144 1094
          1046 1096 1094 1044 996 1046
          1044 994 946 996 994 944
          896 946 944 894 846 896
          894 844 796 846 844 794
          746 796 794 744 696 746
          744 694 646 696 694 644
          596 646 644 594 546 596
          594 544 496 546 544 494
          446 496 494 444 396 446
          444 394 346 396 394 344
          296 346 344 294 246 296
          294 244 196 246 244 194
          146 196 194 144 96 146
          144 94 46 96 94 44
          10 46 44 9 45 10
          9 43 95 45 43 93
          145 95 93 143 195 145
          143 193 245 195 193 243
          295 245 243 293 345 295
          293 343 395 345 343 393
          445 395 393 443 495 445
          443 493 545 495 493 543
          595 545 543 593 645 595
          593 643 695 645 643 693
          745 695 693 743 795 745
          743 793 845 795 793 843
          895 845 843 893 945 895
          893 943 995 945 943 993
          1045 995 993 1043 1095 1045
          1043 1093 1145 1095 1093 1143
          1195 1145 1143 1193 1245 1195
          1193 1243 1295 1245 1243 1293
          1345 1295 1293 1343 1395 1345
          1343 1393 1445 1395 1393 1443
          1495 1445 1443 1493 1545 1495
          1493 1543 1595 1545 1543 1593
          1645 1595 1593 1643 1695 1645
          1643 1693 1745 1695 1693 1743
          1795 1745 1743 1793 1845 1795
          1793 1843 1895 1845 1843 1893
          1945 1895 1893 1943 1985 1945
          1943 1984 1948 1986 1985 1946
          1898 1948 1946 1896 1848 1898
          1896 1846 1798 1848 1846 1796
          1748 1798 1796 1746 1698 1748
          1746 1696 1648 1698 1696 1646
          1598 1648 1646 1596 1548 1598
          1596 1546 1498 1548 1546 1496
          1448 1498 1496 1446 1398 1448
          1446 1396 1348 1398 1396 1346
          1298 1348 1346 1296 1248 1298
          1296 1246 1198 1248 1246 1196
          1148 1198 1196 1146 1098 1148
          1146 1096 1048 1098 1096 1046
          998 1048 1046 996 948 998
          996 946 898 948 946 896
          848 898 896 846 798 848
          846 796 748 798 796 746
          698 748 746 696 648 698
          696 646 598 648 646 596
          548 598 596 546 498 548
          546 496 448 498 496 446
          398 448 446 396 348 398
          396 346 298 348 346 296
          248 298 296 246 198 248
          246 196 148 198 196 146
          98 148 146 96 48 98
          96 46 11 48 46 10
          47 11 10 45 97 47
          45 95 147 97 95 145
          197 147 145 195 247 197
          195 245 297 247 245 295
          347 297 295 345 397 347
          345 395 447 397 395 445
          497 447 445 495 547 497
          495 545 597 547 545 595
          647 597 595 645 697 647
          645 695 747 697 695 745
          797 747 745 795 847 797
          795 845 897 847 845 895
          947 897 895 945 997 947
          945 995 1047 997 995 1045
          1097 1047 1045 1095 1147 1097
          1095 1145 1197 1147 1145 1195
          1247 1197 1195 1245 1297 1247
          1245 1295 1347 1297 1295 1345
          1397 1347 1345 1395 1447 1397
          1395 1445 1497 1447 1445 1495
          1547 1497 1495 1545 1597 1547
          1545 1595 1647 1597 1595 1645
          1697 1647 1645 1695 1747 1697
          1695 1745 1797 1747 1745 1795
          1847 1797 1795 1845 1897 1847
          1845 1895 1947 1897 1895 1945
          1986 1947 1945 1985 1950 1987
          1986 1948 1900 1950 1948 1898
          1850 1900 1898 1848 1800 1850
          1848 1798 1750 1800 1798 1748
          1700 1750 1748 1698 1650 1700
          1698 1648 1600 1650 1648 1598
          1550 1600 1598 1548 1500 1550
          1548 1498 1450 1500 1498 1448
          1400 1450 1448 1398 1350 1400
          1398 1348 1300 1350 1348 1298
          1250 1300 1298 1248 1200 1250
          1248 1198 1150 1200 1198 1148
          1100 1150 1148 1098 1050 1100
          1098 1048 1000 1050 1048 998
          950 1000 998 948 900 950
          948 898 850 900 898 848
          800 850 848 798 750 800
          798 748 700 750 748 698
          650 700 698 648 600 650
          648 598 550 600 598 548
          500 550 548 498 450 500
          498 448 400 450 448 398
          350 400 398 348 300 350
          348 298 250 300 298 248
          200 250 248 198 150 200
          198 148 100 150 148 98
          50 100 98 48 12 50
          48 11 49 12 11 47
          99 49 47 97 149 99
          97 147 199 149 147 197
          249 199 197 247 299 249
          247 297 349 299 297 347
          399 349 347 397 449 399
          397 447 499 449 447 497
          549 499 497 547 599 549
          547 597 649 599 597 647
          699 649 647 697 749 699
          697 747 799 749 747 797
          849 799 797 847 899 849
          847 897 949 899 897 947
          999 949 947 997 1049 999
          997 1047 1099 1049 1047 1097
          1149 1099 1097 1147 1199 1149
          1147 1197 1249 1199 1197 1247
          1299 1249 1247 1297 1349 1299
          1297 1347 1399 1349 1347 1397
          1449 1399 1397 1447 1499 1449
          1447 1497 1549 1499 1497 1547
          1599 1549 1547 1597 1649 1599
          1597 1647 1699 1649 1647 1697
          1749 1699 1697 1747 1799 1749
          1747 1797 1849 1799 1797 1847
          1899 1849 1847 1897 1949 1899
          1897 1947 1987 1949 1947 1986
          1952 1988 1987 1950 1902 1952
          1950 1900 1852 1902 1900 1850
          1802 1852 1850 1800 1752 1802
          1800 1750 1702 1752 1750 1700
          1652 1702 1700 1650 1602 1652
          1650 1600 1552 1602 1600 1550
          1502 1552 1550 1500 1452 1502
          1500 1450 1402 1452 1450 1400
          1352 1402 1400 1350 1302 1352
          1350 1300 1252 1302 1300 1250
          1202 1252 1250 1200 1152 1202
          1200 1150 1102 1152 1150 1100
          1052 1102 1100 1050 1002 1052
          1050 1000 952 1002 1000 950
          902 952 950 900 852 902
          900 850 802 852 850 800
          752 802 800 750 702 752
          750 700 652 702 700 650
          602 652 650 600 552 602
          600 550 502 552 550 500
          452 502 500 450 402 452
          450 400 352 402 400 350
          302 352 350 300 252 302
          300 250 202 252 250 200
          152 202 200 150 102 152
          150 100 52 102 100 50
          13 52 50 12 51 13
          12 49 101 51 49 99
          151 101 99 149 201 151
          149 199 251 201 199 249
          301 251 249 299 351 301
          299 349 401 351 349 399
          451 401 399 449 501 451
          449 499 551 501 499 549
          601 551 549 599 651 601
          599 649 701 651 649 699
          751 701 699 749 801 751
          749 799 851 801 799 849
          901 851 849 899 951 901
          899 949 1001 951 949 999
          1051 1001 999 1049 1101 1051
          1049 1099 1151 1101 1099 1149
          1201 1151 1149 1199 1251 1201
          1199 1249 1301 1251 1249 1299
          1351 1301 1299 1349 1401 1351
          1349 1399 1451 1401 1399 1449
          1501 1451 1449 1499 1551 1501
          1499 1549 1601 1551 1549 1599
          1651 1601 1599 1649 1701 1651
          1649 1699 1751 1701 1699 1749
          1801 1751 1749 1799 1851 1801
          1799 1849 1901 1851 1849 1899
          1951 1901 1899 1949 1988 1951
          1949 1987 1954 1989 1988 1952
          1904 1954 1952 1902 1854 1904
          1902 1852 1804 1854 1852 1802
          1754 1804 1802 1752 1704 1754
          1752 1702 1654 1704 1702 1652
          1604 1654 1652 1602 1554 1604
          1602 1552 1504 1554 1552 1502
          1454 1504 1502 1452 1404 1454
          1452 1402 1354 1404 1402 1352
          1304 1354 1352 1302 1254 1304
          1302 1252 1204 1254 1252 1202
          1154 1204 1202 1152 1104 1154
          1152 1102 1054 1104 1102 1052
          1004 1054 1052 1002 954 1004
          1002 952 904 954 952 902
          854 904 902 852 804 854
          852 802 754 804 802 752
          704 754 752 702 654 704
          702 652 604 654 652 602
          554 604 602 552 504 554
          552 502 454 504 502 452
          404 454 452 402 354 404
          402 352 304 354 352 302
          254 304 302 252 204 254
          252 202 154 204 202 152
          104 154 152 102 54 104
          102 52 14 54 52 13
          53 14 13 51 103 53
          51 101 153 103 101 151
          203 153 151 201 253 203
          201 251 303 253 251 301
          353 303 301 351 403 353
          351 401 453 403 401 451
          503 453 451 501 553 503
          501 551 603 553 551 601
          653 603 601 651 703 653
          651 701 753 703 701 751
          803 753 751 801 853 803
          801 851 903 853 851 901
          953 903 901 951 1003 953
          951 1001 1053 1003 1001 1051
          1103 1053 1051 1101 1153 1103
          1101 1151 1203 1153 1151 1201
          1253 1203 1201 1251 1303 1253
          1251 1301 1353 1303 1301 1351
          1403 1353 1351 1401 1453 1403
          1401 1451 1503 1453 1451 1501
          1553 1503 1501 1551 1603 1553
          1551 1601 1653 1603 1601 1651
          1703 1653 1651 1701 1753 1703
          1701 1751 1803 1753 1751 1801
          1853 1803 1801 1851 1903 1853
          1851 1901 1953 1903 1901 1951
          1989 1953 1951 1988 1956 1990
          1989 1954 1906 1956 1954 1904
          1856 1906 1904 1854 1806 1856
          1854 1804 1756 1806 1804 1754
          1706 1756 1754 1704 1656 1706
          1704 1654 1606 1656 1654 1604
          1556 1606 1604 1554 1506 1556
          1554 1504 1456 1506 1504 1454
          1406 1456 1454 1404 1356 1406
          1404 1354 1306 1356 1354 1304
          1256 1306 1304 1254 1206 1256
          1254 1204 1156 1206 1204 1154
          1106 1156 1154 1104 1056 1106
          1104 1054 1006 1056 1054 1004
          956 1006 1004 954 906 956
          954 904 856 906 904 854
          806 856 854 804 756 806
          804 754 706 756 754 704
          656 706 704 654 606 656
          654 604 556 606 604 554
          506 556 554 504 456 506
          504 454 406 456 454 404
          356 406 404 354 306 356
          354 304 256 306 304 254
          206 256 254 204 156 206
          204 154 106 156 154 104
          56 106 104 54 15 56
          54 14 55 15 14 53
          105 55 53 103 155 105
          103 153 205 155 153 203
          255 205 203 253 305 255
          253 303 355 305 303 353
          405 355 353 403 455 405
          403 453 505 455 453 503
          555 505 503 553 605 555
          553 603 655 605 603 653
          705 655 653 703 755 705
          703 753 805 755 753 803
          855 805 803 853 905 855
          853 903 955 905 903 953
          1005 955 953 1003 1055 1005
          1003 1053 1105 1055 1053 1103
          1155 1105 1103 1153 1205 1155
          1153 1203 1255 1205 1203 1253
          1305 1255 1253 1303 1355 1305
          1303 1353 1405 1355 1353 1403
          1455 1405 1403 1453 1505 1455
          1453 1503 1555 1505 1503 1553
          1605 1555 1553 1603 1655 1605
          1603 1653 1705 1655 1653 1703
          1755 1705 1703 1753 1805 1755
          1753 1803 1855 1805 1803 1853
          1905 1855 1853 1903 1955 1905
          1903 1953 1990 1955 1953 1989
          1958 1991 1990 1956 1908 1958
          1956 1906 1858 1908 1906 1856
          1808 1858 1856 1806 1758 1808
          1806 1756 1708 1758 1756 1706
          1658 1708 1706 1656 1608 1658
          1656 1606 1558 1608 1606 1556
          1508 1558 1556 1506 1458 1508
          1506 1456 1408 1458 1456 1406
          1358 1408 1406 1356 1308 1358
          1356 1306 1258 1308 1306 1256
          1208 1258 1256 1206 1158 1208
          1206 1156 1108 1158 1156 1106
          1058 1108 1106 1056 1008 1058
          1056 1006 958 1008 1006 956
          908 958 956 906 858 908
          906 856 808 858 856 806
          758 808 806 756 708 758
          756 706 658 708 706 656
          608 658 656 606 558 608
          606 556 508 558 556 506
          458 508 506 456 408 458
          456 406 358 408 406 356
          308 358 356 306 258 308
          306 256 208 258 256 206
          158 208 206 156 108 158
          156 106 58 108 106 56
          16 58 56 15 57 16
          15 55 107 57 55 105
          157 107 105 155 207 157
          155 205 257 207 205 255
          307 257 255 305 357 307
          305 355 407 357 355 405
          457 407 405 455 507 457
          455 505 557 507 505 555
          607 557 555 605 657 607
          605 655 707 657 655 705
          757 707 705 755 807 757
          755 805 857 807 805 855
          907 857 855 905 957 907
          905 955 1007 957 955 1005
          1057 1007 1005 1055 1107 1057
          1055 1105 1157 1107 1105 1155
          1207 1157 1155 1205 1257 1207
          1205 1255 1307 1257 1255 1305
          1357 1307 1305 1355 1407 1357
          1355 1405 1457 1407 1405 1455
          1507 1457 1455 1505 1557 1507
          1505 1555 1607 1557 1555 1605
          1657 1607 1605 1655 1707 1657
          1655 1705 1757 1707 1705 1755
          1807 1757 1755 1805 1857 1807
          1805 1855 1907 1857 1855 1905
          1957 1907 1905 1955 1991 1957
          1955 1990 1960 1992 1991 1958
          1910 1960 1958 1908 1860 1910
          1908 1858 1810 1860 1858 1808
          1760 1810 1808 1758 1710 1760
          1758 1708 1660 1710 1708 1658
          1610 1660 1658 1608 1560 1610
          1608 1558 1510 1560 1558 1508
          1460 1510 1508 1458 1410 1460
          1458 1408 1360 1410 1408 1358
          1310 1360 1358 1308 1260 1310
          1308 1258 1210 1260 1258 1208
          1160 1210 1208 1158 1110 1160
          1158 1108 1060 1110 1108 1058
          1010 1060 1058 1008 960 1010
          1008 958 910 960 958 908
          860 910 908 858 810 860
          858 808 760 810 808 758
          710 760 758 708 660 710
          708 658 610 660 658 608
          560 610 608 558 510 560
          558 508 460 510 508 458
          410 460 458 408 360 410
          408 358 310 360 358 308
          260 310 308 258 210 260
          258 208 160 210 208 158
          110 160 158 108 60 110
          108 58 17 60 58 16
          59 17 16 57 109 59
          57 107 159 109 107 157
          209 159 157 207 259 209
          207 257 309 259 257 307
          359 309 307 357 409 359
          357 407 459 409 407 457
          509 459 457 507 559 509
          507 557 609 559 557 607
          659 609 607 657 709 659
          657 707 759 709 707 757
          809 759 757 807 859 809
          807 857 909 859 857 907
          959 909 907 957 1009 959
          957 1007 1059 1009 1007 1057
          1109 1059 1057 1107 1159 1109
          1107 1157 1209 1159 1157 1207
          1259 1209 1207 1257 1309 1259
          1257 1307 1359 1309 1307 1357
          1409 1359 1357 1407 1459 1409
          1407 1457 1509 1459 1457 1507
          1559 1509 1507 1557 1609 1559
          1557 1607 1659 1609 1607 1657
          1709 1659 1657 1707 1759 1709
          1707 1757 1809 1759 1757 1807
          1859 1809 1807 1857 1909 1859
          1857 1907 1959 1909 1907 1957
          1992 1959 1957 1991 1962 1993
          1992 1960 1912 1962 1960 1910
          1862 1912 1910 1860 1812 1862
          1860 1810 1762 1812 1810 1760
          1712 1762 1760 1710 1662 1712
          1710 1660 1612 1662 1660 1610
          1562 1612 1610 1560 1512 1562
          1560 1510 1462 1512 1510 1460
          1412 1462 1460 1410 1362 1412
          1410 1360 1312 1362 1360 1310
          1262 1312 1310 1260 1212 1262
          1260 1210 1162 1212 1210 1160
          1112 1162 1160 1110 1062 1112
          1110 1060 1012 1062 1060 1010
          962 1012 1010 960 912 962
          960 910 862 912 910 860
          812 862 860 810 762 812
          810 760 712 762 760 710
          662 712 710 660 612 662
          660 610 562 612 610 560
          512 562 560 510 462 512
          510 460 412 462 460 410
          362 412 410 360 312 362
          360 310 262 312 310 260
          212 262 260 210 162 212
          210 160 112 162 160 110
          62 112 110 60 18 62
          60 17 61 18 17 59
          111 61 59 109 161 111
          109 159 211 161 159 209
          261 211 209 259 311 261
          259 309 361 311 309 359
          411 361 359 409 461 411
          409 459 511 461 459 509
          561 511 509 559 611 561
          559 609 661 611 609 659
          711 661 659 709 761 711
          709 759 811 761 759 809
          861 811 809 859 911 861
          859 909 961 911 909 959
          1011 961 959 1009 1061 1011
          1009 1059 1111 1061 1059 1109
          1161 1111 1109 1159 1211 1161
          1159 1209 1261 1211 1209 1259
          1311 1261 1259 1309 1361 1311
          1309 1359 1411 1361 1359 1409
          1461 1411 1409 1459 1511 1461
          1459 1509 1561 1511 1509 1559
          1611 1561 1559 1609 1661 1611
          1609 1659 1711 1661 1659 1709
          1761 1711 1709 1759 1811 1761
          1759 1809 1861 1811 1809 1859
          1911 1861 1859 1909 1961 1911
          1909 1959 1993 1961 1959 1992
          1964 1994 1993 1962 1914 1964
          1962 1912 1864 1914 1912 1862
          1814 1864 1862 1812 1764 1814
          1812 1762 1714 1764 1762 1712
          1664 1714 1712 1662 1614 1664
          1662 1612 1564 1614 1612 1562
          1514 1564 1562 1512 1464 1514
          1512 1462 1414 1464 1462 1412
          1364 1414 1412 1362 1314 1364
          1362 1312 1264 1314 1312 1262
          1214 1264 1262 1212 1164 1214
          1212 1162 1114 1164 1162 1112
          1064 1114 1112 1062 1014 1064
          1062 1012 964 1014 1012 962
          914 964 962 912 864 914
          912 862 814 864 862 812
          764 814 812 762 714 764
          762 712 664 714 712 662
          614 664 662 612 564 614
          612 562 514 564 562 512
          464 514 512 462 414 464
          462 412 364 414 412 362
          314 364 362 312 264 314
          312 262 214 264 262 212
          164 214 212 162 114 164
          162 112 64 114 112 62
          19 64 62 18 63 19
          18 61 113 63 61 111
          163 113 111 161 213 163
          161 211 263 213 211 261
          313 263 261 311 363 313
          311 361 413 363 361 411
          463 413 411 461 513 463
          461 511 563 513 511 561
          613 563 561 611 663 613
          611 661 713 663 661 711
          763 713 711 761 813 763
          761 811 863 813 811 861
          913 863 861 911 963 913
          911 961 1013 963 961 1011
          1063 1013 1011 1061 1113 1063
          1061 1111 1163 1113 1111 1161
          1213 1163 1161 1211 1263 1213
          1211 1261 1313 1263 1261 1311
          1363 1313 1311 1361 1413 1363
          1361 1411 1463 1413 1411 1461
          1513 1463 1461 1511 1563 1513
          1511 1561 1613 1563 1561 1611
          1663 1613 1611 1661 1713 1663
          1661 1711 1763 1713 1711 1761
          1813 1763 1761 1811 1863 1813
          1811 1861 1913 1863 1861 1911
          1963 1913 1911 1961 1994 1963
          1961 1993 1966 1995 1994 1964
          1916 1966 1964 1914 1866 1916
          1914 1864 1816 1866 1864 1814
          1766 1816 1814 1764 1716 1766
          1764 1714 1666 1716 1714 1664
          1616 1666 1664 1614 1566 1616
          1614 1564 1516 1566 1564 1514
          1466 1516 1514 1464 1416 1466
          1464 1414 1366 1416 1414 1364
          1316 1366 1364 1314 1266 1316
          1314 1264 1216 1266 1264 1214
          1166 1216 1214 1164 1116 1166
          1164 1114 1066 1116 1114 1064
          1016 1066 1064 1014 966 1016
          1014 964 916 966 964 914
          866 916 914 864 816 866
          864 814 766 816 814 764
          716 766 764 714 666 716
          714 664 616 666 664 614
          566 616 614 564 516 566
          564 514 466 516 514 464
          416 466 464 414 366 416
          414 364 316 366 364 314
          266 316 314 264 216 266
          264 214 166 216 214 164
          116 166 164 114 66 116
          114 64 20 66 64 19
          65 20 19 63 115 65
          63 113 165 115 113 163
          215 165 163 213 265 215
          213 263 315 265 263 313
          365 315 313 363 415 365
          363 413 465 415 413 463
          515 465 463 513 565 515
          513 563 615 565 563 613
          665 615 613 663 715 665
          663 713 765 715 713 763
          815 765 763 813 865 815
          813 863 915 865 863 913
          965 915 913 963 1015 965
          963 1013 1065 1015 1013 1063
          1115 1065 1063 1113 1165 1115
          1113 1163 1215 1165 1163 1213
          1265 1215 1213 1263 1315 1265
          1263 1313 1365 1315 1313 1363
          1415 1365 1363 1413 1465 1415
          1413 1463 1515 1465 1463 1513
          1565 1515 1513 1563 1615 1565
          1563 1613 1665 1615 1613 1663
          1715 1665 1663 1713 1765 1715
          1713 1763 1815 1765 1763 1813
          1865 1815 1813 1863 1915 1865
          1863 1913 1965 1915 1913 1963
          1995 1965 1963 1994 1968 1996
          1995 1966 1918 1968 1966 1916
          1868 1918 1916 1866 1818 1868
          1866 1816 1768 1818 1816 1766
          1718 1768 1766 1716 1668 1718
          1716 1666 1618 1668 1666 1616
          1568 1618 1616 1566 1518 1568
          1566 1516 1468 1518 1516 1466
          1418 1468 1466 1416 1368 1418
          1416 1366 1318 1368 1366 1316
          1268 1318 1316 1266 1218 1268
          1266 1216 1168 1218 1216 1166
          1118 1168 1166 1116 1068 1118
          1116 1066 1018 1068 1066 1016
          968 1018 1016 966 918 968
          966 916 868 918 916 866
          818 868 866 816 768 818
          816 766 718 768 766 716
          668 718 716 666 618 668
          666 616 568 618 616 566
          518 568 566 516 468 518
          516 466 418 468 466 416
          368 418 416 366 318 368
          366 316 268 318 316 266
          218 268 266 216 168 218
          216 166 118 168 166 116
          68 118 116 66 21 68
          66 20 67 21 20 65
          117 67 65 115 167 117
          115 165 217 167 165 215
          267 217 215 265 317 267
          265 315 367 317 315 365
          417 367 365 415 467 417
          415 465 517 467 465 515
          567 517 515 565 617 567
          565 615 667 617 615 665
          717 667 665 715 767 717
          715 765 817 767 765 815
          867 817 815 865 917 867
          865 915 967 917 915 965
          1017 967 965 1015 1067 1017
          1015 1065 1117 1067 1065 1115
          1167 1117 1115 1165 1217 1167
          1165 1215 1267 1217 1215 1265
          1317 1267 1265 1315 1367 1317
          1315 1365 1417 1367 1365 1415
          1467 1417 1415 1465 1517 1467
          1465 1515 1567 1517 1515 1565
          1617 1567 1565 1615 1667 1617
          1615 1665 1717 1667 1665 1715
          1767 1717 1715 1765 1817 1767
          1765 1815 1867 1817 1815 1865
          1917 1867 1865 1915 1967 1917
          1915 1965 1996 1967 1965 1995
          1970 1997 1996 1968 1920 1970
          1968 1918 1870 1920 1918 1868
          1820 1870 1868 1818 1770 1820
          1818 1768 1720 1770 1768 1718
          1670 1720 1718 1668 1620 1670
          1668 1618 1570 1620 1618 1568
          1520 1570 1568 1518 1470 1520
          1518 1468 1420 1470 1468 1418
          1370 1420 1418 1368 1320 1370
          1368 1318 1270 1320 1318 1268
          1220 1270 1268 1218 1170 1220
          1218 1168 1120 1170 1168 1118
          1070 1120 1118 1068 1020 1070
          1068 1018 970 1020 1018 968
          920 970 968 918 870 920
          918 868 820 870 868 818
          770 820 818 768 720 770
          768 718 670 720 718 668
          620 670 668 618 570 620
          618 568 520 570 568 518
          470 520 518 468 420 470
          468 418 370 420 418 368
          320 370 368 318 270 320
          318 268 220 270 268 218
          170 220 218 168 120 170
          168 118 70 120 118 68
          22 70 68 21 69 22
          21 67 119 69 67 117
          169 119 117 167 219 169
          167 217 269 219 217 267
          319 269 267 317 369 319
          317 367 419 369 367 417
          469 419 417 467 519 469
          467 517 569 519 517 567
          619 569 567 617 669 619
          617 667 719 669 667 717
          769 719 717 767 819 769
          767 817 869 819 817 867
          919 869 867 917 969 919
          917 967 1019 969 967 1017
          1069 1019 1017 1067 1119 1069
          1067 1117 1169 1119 1117 1167
          1219 1169 1167 1217 1269 1219
          1217 1267 1319 1269 1267 1317
          1369 1319 1317 1367 1419 1369
          1367 1417 1469 1419 1417 1467
          1519 1469 1467 1517 1569 1519
          1517 1567 1619 1569 1567 1617
          1669 1619 1617 1667 1719 1669
          1667 1717 1769 1719 1717 1767
          1819 1769 1767 1817 1869 1819
          1817 1867 1919 1869 1867 1917
          1969 1919 1917 1967 1997 1969
          1967 1996 1972 1998 1997 1970
          1922 1972 1970 1920 1872 1922
          1920 1870 1822 1872 1870 1820
          1772 1822 1820 1770 1722 1772
          1770 1720 1672 1722 1720 1670
          1622 1672 1670 1620 1572 1622
          1620 1570 1522 1572 1570 1520
          1472 1522 1520 1470 1422 1472
          1470 1420 1372 1422 1420 1370
          1322 1372 1370 1320 1272 1322
          1320 1270 1222 1272 1270 1220
          1172 1222 1220 1170 1122 1172
          1170 1120 1072 1122 1120 1070
          1022 1072 1070 1020 972 1022
          1020 970 922 972 970 920
          872 922 920 870 822 872
          870 820 772 822 820 770
          722 772 770 720 672 722
          720 670 622 672 670 620
          572 622 620 570 522 572
          570 520 472 522 520 470
          422 472 470 420 372 422
          420 370 322 372 370 320
          272 322 320 270 222 272
          270 220 172 222 220 170
          122 172 170 120 72 122
          120 70 23 72 70 22
          71 23 22 69 121 71
          69 119 171 121 119 169
          221 171 169 219 271 221
          219 269 321 271 269 319
          371 321 319 369 421 371
          369 419 471 421 419 469
          521 471 469 519 571 521
          519 569 621 571 569 619
          671 621 619 669 721 671
          669 719 771 721 719 769
          821 771 769 819 871 821
          819 869 921 871 869 919
          971 921 919 969 1021 971
          969 1019 1071 1021 1019 1069
          1121 1071 1069 1119 1171 1121
          1119 1169 1221 1171 1169 1219
          1271 1221 1219 1269 1321 1271
          1269 1319 1371 1321 1319 1369
          1421 1371 1369 1419 1471 1421
          1419 1469 1521 1471 1469 1519
          1571 1521 1519 1569 1621 1571
          1569 1619 1671 1621 1619 1669
          1721 1671 1669 1719 1771 1721
          1719 1769 1821 1771 1769 1819
          1871 1821 1819 1869 1921 1871
          1869 1919 1971 1921 1919 1969
          1998 1971 1969 1997 1974 1999
          1998 1972 1924 1974 1972 1922
          1874 1924 1922 1872 1824 1874
          1872 1822 1774 1824 1822 1772
          1724 1774 1772 1722 1674 1724
          1722 1672 1624 1674 1672 1622
          1574 1624 1622 1572 1524 1574
          1572 1522 1474 1524 1522 1472
          1424 1474 1472 1422 1374 1424
          1422 1372 1324 1374 1372 1322
          1274 1324 1322 1272 1224 1274
          1272 1222 1174 1224 1222 1172
          1124 1174 1172 1122 1074 1124
          1122 1072 1024 1074 1072 1022
          974 1024 1022 972 924 974
          972 922 874 924 922 872
          824 874 872 822 774 824
          822 772 724 774 772 722
          674 724 722 672 624 674
          672 622 574 624 622 572
          524 574 572 522 474 524
          522 472 424 474 472 422
          374 424 422 372 324 374
          372 322 274 324 322 272
          224 274 272 222 174 224
          222 172 124 174 172 122
          74 124 122 72 24 74
          72 23 73 24 23 71
          123 73 71 121 173 123
          121 171 223 173 171 221
          273 223 221 271 323 273
          271 321 373 323 321 371
          423 373 371 421 473 423
          421 471 523 473 471 521
          573 523 521 571 623 573
          571 621 673 623 621 671
          723 673 671 721 773 723
          721 771 823 773 771 821
          873 823 821 871 923 873
          871 921 973 923 921 971
          1023 973 971 1021 1073 1023
          1021 1071 1123 1073 1071 1121
          1173 1123 1121 1171 1223 1173
          1171 1221 1273 1223 1221 1271
          1323 1273 1271 1321 1373 1323
          1321 1371 1423 1373 1371 1421
          1473 1423 1421 1471 1523 1473
          1471 1521 1573 1523 1521 1571
          1623 1573 1571 1621 1673 1623
          1621 1671 1723 1673 1671 1721
          1773 1723 1721 1771 1823 1773
          1771 1821 1873 1823 1821 1871
          1923 1873 1871 1921 1973 1923
          1921 1971 1999 1973 1971 1998
          0 25 26 75 76 26
          25 125 126 76 75 175
          176 126 125 225 226 176
          175 275 276 226 225 325
          326 276 275 375 376 326
          325 425 426 376 375 475
          476 426 425 525 526 476
          475 575 576 526 525 625
          626 576 575 675 676 626
          625 725 726 676 675 775
          776 726 725 825 826 776
          775 875 876 826 825 925
          926 876 875 975 976 926
          925 1025 1026 976 975 1075
          1076 1026 1025 1125 1126 1076
          1075 1175 1176 1126 1125 1225
          1226 1176 1175 1275 1276 1226
          1225 1325 1326 1276 1275 1375
          1376 1326 1325 1425 1426 1376
          1375 1475 1476 1426 1425 1525
          1526 1476 1475 1575 1576 1526
          1525 1625 1626 1576 1575 1675
          1676 1626 1625 1725 1726 1676
          1675 1775 1776 1726 1725 1825
          1826 1776 1775 1875 1876 1826
          1825 1925 1926 1876 1875 1925
          1975 1926 1875 24 74 73
          123 73 74 124 173 123
          124 174 223 173 174 224
          273 223 224 274 323 273
          274 324 373 323 324 374
          423 373 374 424 473 423
          424 474 523 473 474 524
          573 523 524 574 623 573
          574 624 673 623 624 674
          723 673 674 724 773 723
          724 774 823 773 774 824
          873 823 824 874 923 873
          874 924 973 923 924 974
          1023 973 974 1024 1073 1023
          1024 1074 1123 1073 1074 1124
          1173 1123 1124 1174 1223 1173
          1174 1224 1273 1223 1224 1274
          1323 1273 1274 1324 1373 1323
          1324 1374 1423 1373 1374 1424
          1473 1423 1424 1474 1523 1473
          1474 1524 1573 1523 1524 1574
          1623 1573 1574 1624 1673 1623
          1624 1674 1723 1673 1674 1724
          1773 1723 1724 1774 1823 1773
          1774 1824 1873 1823 1824 1874
          1923 1873 1874 1924 1973 1923
          1924 1974 1973 1923 1974 1999
        </DataArray>
        <DataArray type="Int64" Name="offsets" format="ascii" RangeMin="4" RangeMax="7998">
          4 8 12 16 20 24
          28 32 36 40 44 48
          52 56 60 64 68 72
          76 80 84 88 92 96
          100 104 108 112 116 120
          124 128 132 136 140 144
          148 152 156 160 164 168
          172 176 180 184 188 192
          196 200 204 208 212 216
          220 224 228 232 236 240
          244 248 252 256 260 264
          268 272 276 280 284 288
          292 296 300 304 308 312
          316 320 324 328 332 336
          340 344 348 352 356 360
          364 368 372 376 380 384
          388 392 396 400 404 408
          412 416 420 424 428 432
          436 440 444 448 452 456
          460 464 468 472 476 480
          484 488 492 496 500 504
          508 512 516 520 524 528
          532 536 540 544 548 552
          556 560 564 568 572 576
          580 584 588 592 596 600
          604 608 612 616 620 624
          628 632 636 640 644 648
          652 656 660 664 668 672
          676 680 684 688 692 696
          700 704 708 712 716 720
          724 728 732 736 740 744
          748 752 756 760 764 768
          772 776 780 784 788 792
          796 800 804 808 812 816
          820 824 828 832 836 840
          844 848 852 856 860 864
          868 872 876 880 884 888
          892 896 900 904 908 912
          916 920 924 928 932 936
          940 944 948 952 956 960
          964 968 972 976 980 984
          988 992 996 1000 1004 1008
          1012 1016 1020 1024 1028 1032
          1036 1040 1044 1048 1052 1056
          1060 1064 1068 1072 1076 1080
          1084 1088 1092 1096 1100 1104
          1108 1112 1116 1120 1124 1128
          1132 1136 1140 1144 1148 1152
          1156 1160 1164 1168 1172 1176
          1180 1184 1188 1192 1196 1200
          1204 1208 1212 1216 1220 1224
          1228 1232 1236 1240 1244 1248
          1252 1256 1260 1264 1268 1272
          1276 1280 1284 1288 1292 1296
          1300 1304 1308 1312 1316 1320
          1324 1328 1332 1336 1340 1344
          1348 1352 1356 1360 1364 1368
          1372 1376 1380 1384 1388 1392
          1396 1400 1404 1408 1412 1416
          1420 1424 1428 1432 1436 1440
          1444 1448 1452 1456 1460 1464
          1468 1472 1476 1480 1484 1488
          1492 1496 1500 1504 1508 1512
          1516 1520 1524 1528 1532 1536
          1540 1544 1548 1552 1556 1560
          1564 1568 1572 1576 1580 1584
          1588 1592 1596 1600 1604 1608
          1612 1616 1620 1624 1628 1632
          1636 1640 1644 1648 1652 1656
          1660 1664 1668 1672 1676 1680
          1684 1688 1692 1696 1700 1704
          1708 1712 1716 1720 1724 1728
          1732 1736 1740 1744 1748 1752
          1756 1760 1764 1768 1772 1776
          1780 1784 1788 1792 1796 1800
          1804 1808 1812 1816 1820 1824
          1828 1832 1836 1840 1844 1848
          1852 1856 1860 1864 1868 1872
          1876 1880 1884 1888 1892 1896
          1900 1904 1908 1912 1916 1920
          1924 1928 1932 1936 1940 1944
          1948 1952 1956 1960 1964 1968
          1972 1976 1980 1984 1988 1992
          1996 2000 2004 2008 2012 2016
          2020 2024 2028 2032 2036 2040
          2044 2048 2052 2056 2060 2064
          2068 2072 2076 2080 2084 2088
          2092 2096 2100 2104 2108 2112
          2116 2120 2124 2128 2132 2136
          2140 2144 2148 2152 2156 2160
          2164 2168 2172 2176 2180 2184
          2188 2192 2196 2200 2204 2208
          2212 2216 2220 2224 2228 2232
          2236 2240 2244 2248 2252 2256
          2260 2264 2268 2272 2276 2280
          2284 2288 2292 2296 2300 2304
          2308 2312 2316 2320 2324 2328
          2332 2336 2340 2344 2348 2352
          2356 2360 2364 2368 2372 2376
          2380 2384 2388 2392 2396 2400
          2404 2408 2412 2416 2420 2424
          2428 2432 2436 2440 2444 2448
          2452 2456 2460 2464 2468 2472
          2476 2480 2484 2488 2492 2496
          2500 2504 2508 2512 2516 2520
          2524 2528 2532 2536 2540 2544
          2548 2552 2556 2560 2564 2568
          2572 2576 2580 2584 2588 2592
          2596 2600 2604 2608 2612 2616
          2620 2624 2628 2632 2636 2640
          2644 2648 2652 2656 2660 2664
          2668 2672 2676 2680 2684 2688
          2692 2696 2700 2704 2708 2712
          2716 2720 2724 2728 2732 2736
          2740 2744 2748 2752 2756 2760
          2764 2768 2772 2776 2780 2784
          2788 2792 2796 2800 2804 2808
          2812 2816 2820 2824 2828 2832
          2836 2840 2844 2848 2852 2856
          2860 2864 2868 2872 2876 2880
          2884 2888 2892 2896 2900 2904
          2908 2912 2916 2920 2924 2928
          2932 2936 2940 2944 2948 2952
          2956 2960 2964 2968 2972 2976
          2980 2984 2988 2992 2996 3000
          3004 3008 3012 3016 3020 3024
          3028 3032 3036 3040 3044 3048
          3052 3056 3060 3064 3068 3072
          3076 3080 3084 3088 3092 3096
          3100 3104 3108 3112 3116 3120
          3124 3128 3132 3136 3140 3144
          3148 3152 3156 3160 3164 3168
          3172 3176 3180 3184 3188 3192
          3196 3200 3204 3208 3212 3216
          3220 3224 3228 3232 3236 3240
          3244 3248 3252 3256 3260 3264
          3268 3272 3276 3280 3284 3288
          3292 3296 3300 3304 3308 3312
          3316 3320 3324 3328 3332 3336
          3340 3344 3348 3352 3356 3360
          3364 3368 3372 3376 3380 3384
          3388 3392 3396 3400 3404 3408
          3412 3416 3420 3424 3428 3432
          3436 3440 3444 3448 3452 3456
          3460 3464 3468 3472 3476 3480
          3484 3488 3492 3496 3500 3504
          3508 3512 3516 3520 3524 3528
          3532 3536 3540 3544 3548 3552
          3556 3560 3564 3568 3572 3576
          3580 3584 3588 3592 3596 3600
          3604 3608 3612 3616 3620 3624
          3628 3632 3636 3640 3644 3648
          3652 3656 3660 3664 3668 3672
          3676 3680 3684 3688 3692 3696
          3700 3704 3708 3712 3716 3720
          3724 3728 3732 3736 3740 3744
          3748 3752 3756 3760 3764 3768
          3772 3776 3780 3784 3788 3792
          3796 3800 3804 3808 3812 3816
          3820 3824 3828 3832 3836 3840
          3844 3848 3852 3856 3860 3864
          3868 3872 3876 3880 3884 3888
          3892 3896 3900 3904 3908 3912
          3916 3920 3924 3928 3932 3936
          3940 3944 3948 3952 3956 3960
          3964 3968 3972 3976 3980 3984
          3988 3992 3996 4000 4004 4008
          4012 4016 4020 4024 4028 4032
          4036 4040 4044 4048 4052 4056
          4060 4064 4068 4072 4076 4080
          4084 4088 4092 4096 4100 4104
          4108 4112 4116 4120 4124 4128
          4132 4136 4140 4144 4148 4152
          4156 4160 4164 4168 4172 4176
          4180 4184 4188 4192 4196 4200
          4204 4208 4212 4216 4220 4224
          4228 4232 4236 4240 4244 4248
          4252 4256 4260 4264 4268 4272
          4276 4280 4284 4288 4292 4296
          4300 4304 4308 4312 4316 4320
          4324 4328 4332 4336 4340 4344
          4348 4352 4356 4360 4364 4368
          4372 4376 4380 4384 4388 4392
          4396 4400 4404 4408 4412 4416
          4420 4424 4428 4432 4436 4440
          4444 4448 4452 4456 4460 4464
          4468 4472 4476 4480 4484 4488
          4492 4496 4500 4504 4508 4512
          4516 4520 4524 4528 4532 4536
          4540 4544 4548 4552 4556 4560
          4564 4568 4572 4576 4580 4584
          4588 4592 4596 4600 4604 4608
          4612 4616 4620 4624 4628 4632
          4636 4640 4644 4648 4652 4656
          4660 4664 4668 4672 4676 4680
          4684 4688 4692 4696 4700 4704
          4708 4712 4716 4720 4724 4728
          4732 4736 4740 4744 4748 4752
          4756 4760 4764 4768 4772 4776
          4780 4784 4788 4792 4796 4800
          4804 4808 4812 4816 4820 4824
          4828 4832 4836 4840 4844 4848
          4852 4856 4860 4864 4868 4872
          4876 4880 4884 4888 4892 4896
          4900 4904 4908 4912 4916 4920
          4924 4928 4932 4936 4940 4944
          4948 4952 4956 4960 4964 4968
          4972 4976 4980 4984 4988 4992
          4996 5000 5004 5008 5012 5016
          5020 5024 5028 5032 5036 5040
          5044 5048 5052 5056 5060 5064
          5068 5072 5076 5080 5084 5088
          5092 5096 5100 5104 5108 5112
          5116 5120 5124 5128 5132 5136
          5140 5144 5148 5152 5156 5160
          5164 5168 5172 5176 5180 5184
          5188 5192 5196 5200 5204 5208
          5212 5216 5220 5224 5228 5232
          5236 5240 5244 5248 5252 5256
          5260 5264 5268 5272 5276 5280
          5284 5288 5292 5296 5300 5304
          5308 5312 5316 5320 5324 5328
          5332 5336 5340 5344 5348 5352
          5356 5360 5364 5368 5372 5376
          5380 5384 5388 5392 5396 5400
          5404 5408 5412 5416 5420 5424
          5428 5432 5436 5440 5444 5448
          5452 5456 5460 5464 5468 5472
          5476 5480 5484 5488 5492 5496
          5500 5504 5508 5512 5516 5520
          5524 5528 5532 5536 5540 5544
          5548 5552 5556 5560 5564 5568
          5572 5576 5580 5584 5588 5592
          5596 5600 5604 5608 5612 5616
          5620 5624 5628 5632 5636 5640
          5644 5648 5652 5656 5660 5664
          5668 5672 5676 5680 5684 5688
          5692 5696 5700 5704 5708 5712
          5716 5720 5724 5728 5732 5736
          5740 5744 5748 5752 5756 5760
          5764 5768 5772 5776 5780 5784
          5788 5792 5796 5800 5804 5808
          5812 5816 5820 5824 5828 5832
          5836 5840 5844 5848 5852 5856
          5860 5864 5868 5872 5876 5880
          5884 5888 5892 5896 5900 5904
          5908 5912 5916 5920 5924 5928
          5932 5936 5940 5944 5948 5952
          5956 5960 5964 5968 5972 5976
          5980 5984 5988 5992 5996 6000
          6004 6008 6012 6016 6020 6024
          6028 6032 6036 6040 6044 6048
          6052 6056 6060 6064 6068 6072
          6076 6080 6084 6088 6092 6096
          6100 6104 6108 6112 6116 6120
          6124 6128 6132 6136 6140 6144
          6148 6152 6156 6160 6164 6168
          6172 6176 6180 6184 6188 6192
          6196 6200 6204 6208 6212 6216
          6220 6224 6228 6232 6236 6240
          6244 6248 6252 6256 6260 6264
          6268 6272 6276 6280 6284 6288
          6292 6296 6300 6304 6308 6312
          6316 6320 6324 6328 6332 6336
          6340 6344 6348 6352 6356 6360
          6364 6368 6372 6376 6380 6384
          6388 6392 6396 6400 6404 6408
          6412 6416 6420 6424 6428 6432
          6436 6440 6444 6448 6452 6456
          6460 6464 6468 6472 6476 6480
          6484 6488 6492 6496 6500 6504
          6508 6512 6516 6520 6524 6528
          6532 6536 6540 6544 6548 6552
          6556 6560 6564 6568 6572 6576
          6580 6584 6588 6592 6596 6600
          6604 6608 6612 6616 6620 6624
          6628 6632 6636 6640 6644 6648
          6652 6656 6660 6664 6668 6672
          6676 6680 6684 6688 6692 6696
          6700 6704 6708 6712 6716 6720
          6724 6728 6732 6736 6740 6744
          6748 6752 6756 6760 6764 6768
          6772 6776 6780 6784 6788 6792
          6796 6800 6804 6808 6812 6816
          6820 6824 6828 6832 6836 6840
          6844 6848 6852 6856 6860 6864
          6868 6872 6876 6880 6884 6888
          6892 6896 6900 6904 6908 6912
          6916 6920 6924 6928 6932 6936
          6940 6944 6948 6952 6956 6960
          6964 6968 6972 6976 6980 6984
          6988 6992 6996 7000 7004 7008
          7012 7016 7020 7024 7028 7032
          7036 7040 7044 7048 7052 7056
          7060 7064 7068 7072 7076 7080
          7084 7088 7092 7096 7100 7104
          7108 7112 7116 7120 7124 7128
          7132 7136 7140 7144 7148 7152
          7156 7160 7164 7168 7172 7176
          7180 7184 7188 7192 7196 7200
          7204 7208 7212 7216 7220 7224
          7228 7232 7236 7240 7244 7248
          7252 7256 7260 7264 7268 7272
          7276 7280 7284 7288 7292 7296
          7300 7304 7308 7312 7316 7320
          7324 7328 7332 7336 7340 7344
          7348 7352 7356 7360 7364 7368
          7372 7376 7380 7384 7388 7392
          7396 7400 7404 7408 7412 7416
          7420 7424 7428 7432 7436 7440
          7444 7448 7452 7456 7460 7464
          7468 7472 7476 7480 7484 7488
          7492 7496 7500 7504 7508 7512
          7516 7520 7524 7528 7532 7536
          7540 7544 7548 7552 7556 7560
          7564 7568 7572 7576 7580 7584
          7588 7592 7596 7600 7604 7608
          7612 7616 7620 7624 7628 7632
          7636 7640 7644 7648 7652 7656
          7660 7664 7668 7672 7676 7680
          7683 7687 7691 7695 7699 7703
          7707 7711 7715 7719 7723 7727
          7731 7735 7739 7743 7747 7751
          7755 7759 7763 7767 7771 7775
          7779 7783 7787 7791 7795 7799
          7803 7807 7811 7815 7819 7823
          7827 7831 7835 7839 7842 7846
          7850 7854 7858 7862 7866 7870
          7874 7878 7882 7886 7890 7894
          7898 7902 7906 7910 7914 7918
          7922 7926 7930 7934 7938 7942
          7946 7950 7954 7958 7962 7966
          7970 7974 7978 7982 7986 7990
          7994 7998
        </DataArray>
        <DataArray type="UInt8" Name="types" format="ascii" RangeMin="5" RangeMax="9">
          9 9 9 9 9 9
          9 9 9 9 9 9
          9 9 9 9 9 9
          9 9 9 9 9 9
          9 9 9 9 9 9
          9 9 9 9 9 9
          9 9 9 9 9 9
          9 9 9 9 9 9
          9 9 9 9 9 9
          9 9 9 9 9 9
          9 9 9 9 9 9
          9 9 9 9 9 9
          9 9 9 9 9 9
          9 9 9 9 9 9
          9 9 9 9 9 9
          9 9 9 9 9 9
          9 9 9 9 9 9
          9 9 9 9 9 9
          9 9 9 9 9 9
          9 9 9 9 9 9
          9 9 9 9 9 9
          9 9 9 9 9 9
          9 9 9 9 9 9
          9 9 9 9 9 9
          9 9 9 9 9 9
          9 9 9 9 9 9
          9 9 9 9 9 9
          9 9 9 9 9 9
          9 9 9 9 9 9
          9 9 9 9 9 9
          9 9 9 9 9 9
          9 9 9 9 9 9
          9 9 9 9 9 9
          9 9 9 9 9 9
          9 9 9 9 9 9
          9 9 9 9 9 9
          9 9 9 9 9 9
          9 9 9 9 9 9
          9 9 9 9 9 9
          9 9 9 9 9 9
          9 9 9 9 9 9
          9 9 9 9 9 9
          9 9 9 9 9 9
          9 9 9 9 9 9
          9 9 9 9 9 9
          9 9 9 9 9 9
          9 9 9 9 9 9
          9 9 9 9 9 9
          9 9 9 9 9 9
          9 9 9 9 9 9
          9 9 9 9 9 9
          9 9 9 9 9 9
          9 9 9 9 9 9
          9 9 9 9 9 9
          9 9 9 9 9 9
          9 9 9 9 9 9
          9 9 9 9 9 9
          9 9 9 9 9 9
          9 9 9 9 9 9
          9 9 9 9 9 9
          9 9 9 9 9 9
          9 9 9 9 9 9
          9 9 9 9 9 9
          9 9 9 9 9 9
          9 9 9 9 9 9
          9 9 9 9 9 9
          9 9 9 9 9 9
          9 9 9 9 9 9
          9 9 9 9 9 9
          9 9 9 9 9 9
          9 9 9 9 9 9
          9 9 9 9 9 9
          9 9 9 9 9 9
          9 9 9 9 9 9
          9 9 9 9 9 9
          9 9 9 9 9 9
          9 9 9 9 9 9
          9 9 9 9 9 9
          9 9 9 9 9 9
          9 9 9 9 9 9
          9 9 9 9 9 9
          9 9 9 9 9 9
          9 9 9 9 9 9
          9 9 9 9 9 9
          9 9 9 9 9 9
          9 9 9 9 9 9
          9 9 9 9 9 9
          9 9 9 9 9 9
          9 9 9 9 9 9
          9 9 9 9 9 9
          9 9 9 9 9 9
          9 9 9 9 9 9
          9 9 9 9 9 9
          9 9 9 9 9 9
          9 9 9 9 9 9
          9 9 9 9 9 9
          9 9 9 9 9 9
          9 9 9 9 9 9
          9 9 9 9 9 9
          9 9 9 9 9 9
          9 9 9 9 9 9
          9 9 9 9 9 9
          9 9 9 9 9 9
          9 9 9 9 9 9
          9 9 9 9 9 9
          9 9 9 9 9 9
          9 9 9 9 9 9
          9 9 9 9 9 9
          9 9 9 9 9 9
          9 9 9 9 9 9
          9 9 9 9 9 9
          9 9 9 9 9 9
          9 9 9 9 9 9
          9 9 9 9 9 9
          9 9 9 9 9 9
          9 9 9 9 9 9
          9 9 9 9 9 9
          9 9 9 9 9 9
          9 9 9 9 9 9
          9 9 9 9 9 9
          9 9 9 9 9 9
          9 9 9 9 9 9
          9 9 9 9 9 9
          9 9 9 9 9 9
          9 9 9 9 9 9
          9 9 9 9 9 9
          9 9 9 9 9 9
          9 9 9 9 9 9
          9 9 9 9 9 9
          9 9 9 9 9 9
          9 9 9 9 9 9
          9 9 9 9 9 9
          9 9 9 9 9 9
          9 9 9 9 9 9
          9 9 9 9 9 9
          9 9 9 9 9 9
          9 9 9 9 9 9
          9 9 9 9 9 9
          9 9 9 9 9 9
          9 9 9 9 9 9
          9 9 9 9 9 9
          9 9 9 9 9 9
          9 9 9 9 9 9
          9 9 9 9 9 9
          9 9 9 9 9 9
          9 9 9 9 9 9
          9 9 9 9 9 9
          9 9 9 9 9 9
          9 9 9 9 9 9
          9 9 9 9 9 9
          9 9 9 9 9 9
          9 9 9 9 9 9
          9 9 9 9 9 9
          9 9 9 9 9 9
          9 9 9 9 9 9
          9 9 9 9 9 9
          9 9 9 9 9 9
          9 9 9 9 9 9
          9 9 9 9 9 9
          9 9 9 9 9 9
          9 9 9 9 9 9
          9 9 9 9 9 9
          9 9 9 9 9 9
          9 9 9 9 9 9
          9 9 9 9 9 9
          9 9 9 9 9 9
          9 9 9 9 9 9
          9 9 9 9 9 9
          9 9 9 9 9 9
          9 9 9 9 9 9
          9 9 9 9 9 9
          9 9 9 9 9 9
          9 9 9 9 9 9
          9 9 9 9 9 9
          9 9 9 9 9 9
          9 9 9 9 9 9
          9 9 9 9 9 9
          9 9 9 9 9 9
          9 9 9 9 9 9
          9 9 9 9 9 9
          9 9 9 9 9 9
          9 9 9 9 9 9
          9 9 9 9 9 9
          9 9 9 9 9 9
          9 9 9 9 9 9
          9 9 9 9 9 9
          9 9 9 9 9 9
          9 9 9 9 9 9
          9 9 9 9 9 9
          9 9 9 9 9 9
          9 9 9 9 9 9
          9 9 9 9 9 9
          9 9 9 9 9 9
          9 9 9 9 9 9
          9 9 9 9 9 9
          9 9 9 9 9 9
          9 9 9 9 9 9
          9 9 9 9 9 9
          9 9 9 9 9 9
          9 9 9 9 9 9
          9 9 9 9 9 9
          9 9 9 9 9 9
          9 9 9 9 9 9
          9 9 9 9 9 9
          9 9 9 9 9 9
          9 9 9 9 9 9
          9 9 9 9 9 9
          9 9 9 9 9 9
          9 9 9 9 9 9
          9 9 9 9 9 9
          9 9 9 9 9 9
          9 9 9 9 9 9
          9 9 9 9 9 9
          9 9 9 9 9 9
          9 9 9 9 9 9
          9 9 9 9 9 9
          9 9 9 9 9 9
          9 9 9 9 9 9
          9 9 9 9 9 9
          9 9 9 9 9 9
          9 9 9 9 9 9
          9 9 9 9 9 9
          9 9 9 9 9 9
          9 9 9 9 9 9
          9 9 9 9 9 9
          9 9 9 9 9 9
          9 9 9 9 9 9
          9 9 9 9 9 9
          9 9 9 9 9 9
          9 9 9 9 9 9
          9 9 9 9 9 9
          9 9 9 9 9 9
          9 9 9 9 9 9
          9 9 9 9 9 9
          9 9 9 9 9 9
          9 9 9 9 9 9
          9 9 9 9 9 9
          9 9 9 9 9 9
          9 9 9 9 9 9
          9 9 9 9 9 9
          9 9 9 9 9 9
          9 9 9 9 9 9
          9 9 9 9 9 9
          9 9 9 9 9 9
          9 9 9 9 9 9
          9 9 9 9 9 9
          9 9 9 9 9 9
          9 9 9 9 9 9
          9 9 9 9 9 9
          9 9 9 9 9 9
          9 9 9 9 9 9
          9 9 9 9 9 9
          9 9 9 9 9 9
          9 9 9 9 9 9
          9 9 9 9 9 9
          9 9 9 9 9 9
          9 9 9 9 9 9
          9 9 9 9 9 9
          9 9 9 9 9 9
          9 9 9 9 9 9
          9 9 9 9 9 9
          9 9 9 9 9 9
          9 9 9 9 9 9
          9 9 9 9 9 9
          9 9 9 9 9 9
          9 9 9 9 9 9
          9 9 9 9 9 9
          9 9 9 9 9 9
          9 9 9 9 9 9
          9 9 9 9 9 9
          9 9 9 9 9 9
          9 9 9 9 9 9
          9 9 9 9 9 9
          9 9 9 9 9 9
          9 9 9 9 9 9
          9 9 9 9 9 9
          9 9 9 9 9 9
          9 9 9 9 9 9
          9 9 9 9 9 9
          9 9 9 9 9 9
          9 9 9 9 9 9
          9 9 9 9 9 9
          9 9 9 9 9 9
          9 9 9 9 9 9
          9 9 9 9 9 9
          9 9 9 9 9 9
          9 9 9 9 9 9
          9 9 9 9 9 9
          9 9 9 9 9 9
          9 9 9 9 9 9
          9 9 9 9 9 9
          9 9 9 9 9 9
          9 9 9 9 9 9
          9 9 9 9 9 9
          9 9 9 9 9 9
          9 9 9 9 9 9
          9 9 9 9 9 9
          9 9 9 9 9 9
          9 9 9 9 9 9
          9 9 9 9 9 9
          9 9 9 9 9 9
          9 9 9 9 9 9
          9 9 9 9 9 9
          9 9 9 9 9 9
          9 9 9 9 9 9
          9 9 9 9 9 9
          9 9 9 9 9 9
          9 9 9 9 9 9
          9 9 9 9 9 9
          9 9 9 9 9 9
          9 9 9 9 9 9
          9 9 9 9 9 9
          9 9 9 9 9 9
          9 9 9 9 9 9
          9 9 9 9 9 9
          9 9 9 9 9 9
          9 9 9 9 9 9
          9 9 9 9 9 9
          9 9 9 9 9 9
          9 9 9 9 9 9
          5 9 9 9 9 9
          9 9 9 9 9 9
          9 9 9 9 9 9
          9 9 9 9 9 9
          9 9 9 9 9 9
          9 9 9 9 9 9
          9 9 9 9 5 9
          9 9 9 9 9 9
          9 9 9 9 9 9
          9 9 9 9 9 9
          9 9 9 9 9 9
          9 9 9 9 9 9
          9 9 9 9 9 9
          9 9
        </DataArray>
      </Cells>
    </Piece>
  </UnstructuredGrid>
</VTKFile>
