<?xml version="1.0"?>
<VTKFile type="UnstructuredGrid" version="0.1" byte_order="LittleEndian" header_type="UInt32" compressor="vtkZLibDataCompressor">
  <UnstructuredGrid>
    <Piece NumberOfPoints="1306" NumberOfCells="2608">
      <PointData>
      </PointData>
      <CellData>
      </CellData>
      <Points>
        <DataArray type="Float32" Name="Points" NumberOfComponents="3" format="ascii" RangeMin="0.0014931195182725787" RangeMax="0.15734119527801665">
          -0.0475 0 0 -0.0475 0.0075 0
          -0.0475 0.015 0 -0.0475 0.0225 0
          -0.0475 0.03 0 -0.0475 0.0375 0
          -0.0475 0.045 0 -0.0475 0.0525 0
          -0.0475 0.06 0 -0.0475 0.0675 0
          -0.0475 0.075 0 -0.0475 0.0825 0
          -0.0475 0.09 0 -0.0475 0.0975 0
          -0.0475 0.105 0 -0.0475 0.1125 0
          -0.0475 0.12 0 -0.0475 0.1275 0
          -0.0475 0.135 0 -0.0475 0.1425 0
          -0.0475 0.15 0 -0.04437383 0 -0.00043992416
          -0.04437383 0 0.00043992416 -0.04437383 0.0075 -0.00043992416
          -0.04437383 0.0075 0.00043992416 -0.04437383 0.015 -0.00043992416
          -0.04437383 0.015 0.00043992416 -0.04437383 0.0225 -0.00043992416
          -0.04437383 0.0225 0.00043992416 -0.04437383 0.03 -0.00043992416
          -0.04437383 0.03 0.00043992416 -0.04437383 0.0375 -0.00043992416
          -0.04437383 0.0375 0.00043992416 -0.04437383 0.045 -0.00043992416
          -0.04437383 0.045 0.00043992416 -0.04437383 0.0525 -0.00043992416
          -0.04437383 0.0525 0.00043992416 -0.04437383 0.06 -0.00043992416
          -0.04437383 0.06 0.00043992416 -0.04437383 0.0675 -0.00043992416
          -0.04437383 0.0675 0.00043992416 -0.04437383 0.075 -0.00043992416
          -0.04437383 0.075 0.00043992416 -0.04437383 0.0825 -0.00043992416
          -0.04437383 0.0825 0.00043992416 -0.04437383 0.09 -0.00043992416
          -0.04437383 0.09 0.00043992416 -0.04437383 0.0975 -0.00043992416
          -0.04437383 0.0975 0.00043992416 -0.04437383 0.105 -0.00043992416
          -0.04437383 0.105 0.00043992416 -0.04437383 0.1125 -0.00043992416
          -0.04437383 0.1125 0.00043992416 -0.04437383 0.12 -0.00043992416
          -0.04437383 0.12 0.00043992416 -0.04437383 0.1275 -0.00043992416
          -0.04437383 0.1275 0.00043992416 -0.04437383 0.135 -0.00043992416
          -0.04437383 0.135 0.00043992416 -0.04437383 0.1425 -0.00043992416
          -0.04437383 0.1425 0.00043992416 -0.04437383 0.15 -0.00043992416
          -0.04437383 0.15 0.00043992416 -0.041247655 0 -0.0008798483
          -0.041247655 0 0.0008798483 -0.041247655 0.0075 -0.0008798483
          -0.041247655 0.0075 0.0008798483 -0.041247655 0.015 -0.0008798483
          -0.041247655 0.015 0.0008798483 -0.041247655 0.0225 -0.0008798483
          -0.041247655 0.0225 0.0008798483 -0.041247655 0.03 -0.0008798483
          -0.041247655 0.03 0.0008798483 -0.041247655 0.0375 -0.0008798483
          -0.041247655 0.0375 0.0008798483 -0.041247655 0.045 -0.0008798483
          -0.041247655 0.045 0.0008798483 -0.041247655 0.0525 -0.0008798483
          -0.041247655 0.0525 0.0008798483 -0.041247655 0.06 -0.0008798483
          -0.041247655 0.06 0.0008798483 -0.041247655 0.0675 -0.0008798483
          -0.041247655 0.0675 0.0008798483 -0.041247655 0.075 -0.0008798483
          -0.041247655 0.075 0.0008798483 -0.041247655 0.0825 -0.0008798483
          -0.041247655 0.0825 0.0008798483 -0.041247655 0.09 -0.0008798483
          -0.041247655 0.09 0.0008798483 -0.041247655 0.0975 -0.0008798483
          -0.041247655 0.0975 0.0008798483 -0.041247655 0.105 -0.0008798483
          -0.041247655 0.105 0.0008798483 -0.041247655 0.1125 -0.0008798483
          -0.041247655 0.1125 0.0008798483 -0.041247655 0.12 -0.0008798483
          -0.041247655 0.12 0.0008798483 -0.041247655 0.1275 -0.0008798483
          -0.041247655 0.1275 0.0008798483 -0.041247655 0.135 -0.0008798483
          -0.041247655 0.135 0.0008798483 -0.041247655 0.1425 -0.0008798483
          -0.041247655 0.1425 0.0008798483 -0.041247655 0.15 -0.0008798483
          -0.041247655 0.15 0.0008798483 -0.0395298 0 -1.995821e-14
          -0.0395298 0.15 -1.995821e-14 -0.038121484 0 -0.0013197724
          -0.038121484 0 0.0013197724 -0.038121484 0.0075 -0.0013197724
          -0.038121484 0.0075 0.0013197724 -0.038121484 0.015 -0.0013197724
          -0.038121484 0.015 0.0013197724 -0.038121484 0.0225 -0.0013197724
          -0.038121484 0.0225 0.0013197724 -0.038121484 0.03 -0.0013197724
          -0.038121484 0.03 0.0013197724 -0.038121484 0.0375 -0.0013197724
          -0.038121484 0.0375 0.0013197724 -0.038121484 0.045 -0.0013197724
          -0.038121484 0.045 0.0013197724 -0.038121484 0.0525 -0.0013197724
          -0.038121484 0.0525 0.0013197724 -0.038121484 0.06 -0.0013197724
          -0.038121484 0.06 0.0013197724 -0.038121484 0.0675 -0.0013197724
          -0.038121484 0.0675 0.0013197724 -0.038121484 0.075 -0.0013197724
          -0.038121484 0.075 0.0013197724 -0.038121484 0.0825 -0.0013197724
          -0.038121484 0.0825 0.0013197724 -0.038121484 0.09 -0.0013197724
          -0.038121484 0.09 0.0013197724 -0.038121484 0.0975 -0.0013197724
          -0.038121484 0.0975 0.0013197724 -0.038121484 0.105 -0.0013197724
          -0.038121484 0.105 0.0013197724 -0.038121484 0.1125 -0.0013197724
          -0.038121484 0.1125 0.0013197724 -0.038121484 0.12 -0.0013197724
          -0.038121484 0.12 0.0013197724 -0.038121484 0.1275 -0.0013197724
          -0.038121484 0.1275 0.0013197724 -0.038121484 0.135 -0.0013197724
          -0.038121484 0.135 0.0013197724 -0.038121484 0.1425 -0.0013197724
          -0.038121484 0.1425 0.0013197724 -0.038121484 0.15 -0.0013197724
          -0.038121484 0.15 0.0013197724 -0.036492456 0 -1.2870567e-17
          -0.036492456 0.15 -1.2870567e-17 -0.0349509 0 -0.0014209608
          -0.0349509 0 0.0014209608 -0.0349509 0.0075 -0.0014209608
          -0.0349509 0.0075 0.0014209608 -0.0349509 0.015 -0.0014209608
          -0.0349509 0.015 0.0014209608 -0.0349509 0.0225 -0.0014209608
          -0.0349509 0.0225 0.0014209608 -0.0349509 0.03 -0.0014209608
          -0.0349509 0.03 0.0014209608 -0.0349509 0.0375 -0.0014209608
          -0.0349509 0.0375 0.0014209608 -0.0349509 0.045 -0.0014209608
          -0.0349509 0.045 0.0014209608 -0.0349509 0.0525 -0.0014209608
          -0.0349509 0.0525 0.0014209608 -0.0349509 0.06 -0.0014209608
          -0.0349509 0.06 0.0014209608 -0.0349509 0.0675 -0.0014209608
          -0.0349509 0.0675 0.0014209608 -0.0349509 0.075 -0.0014209608
          -0.0349509 0.075 0.0014209608 -0.0349509 0.0825 -0.0014209608
          -0.0349509 0.0825 0.0014209608 -0.0349509 0.09 -0.0014209608
          -0.0349509 0.09 0.0014209608 -0.0349509 0.0975 -0.0014209608
          -0.0349509 0.0975 0.0014209608 -0.0349509 0.105 -0.0014209608
          -0.0349509 0.105 0.0014209608 -0.0349509 0.1125 -0.0014209608
          -0.0349509 0.1125 0.0014209608 -0.0349509 0.12 -0.0014209608
          -0.0349509 0.12 0.0014209608 -0.0349509 0.1275 -0.0014209608
          -0.0349509 0.1275 0.0014209608 -0.0349509 0.135 -0.0014209608
          -0.0349509 0.135 0.0014209608 -0.0349509 0.1425 -0.0014209608
          -0.0349509 0.1425 0.0014209608 -0.0349509 0.15 -0.0014209608
          -0.0349509 0.15 0.0014209608 -0.033318643 0 -5.029614e-15
          -0.033318643 0.15 -5.029614e-15 -0.031780314 0 -0.001522149
          -0.031780314 0 0.001522149 -0.031780314 0.0075 -0.001522149
          -0.031780314 0.0075 0.001522149 -0.031780314 0.015 -0.001522149
          -0.031780314 0.015 0.001522149 -0.031780314 0.0225 -0.001522149
          -0.031780314 0.0225 0.001522149 -0.031780314 0.03 -0.001522149
          -0.031780314 0.03 0.001522149 -0.031780314 0.0375 -0.001522149
          -0.031780314 0.0375 0.001522149 -0.031780314 0.045 -0.001522149
          -0.031780314 0.045 0.001522149 -0.031780314 0.0525 -0.001522149
          -0.031780314 0.0525 0.001522149 -0.031780314 0.06 -0.001522149
          -0.031780314 0.06 0.001522149 -0.031780314 0.0675 -0.001522149
          -0.031780314 0.0675 0.001522149 -0.031780314 0.075 -0.001522149
          -0.031780314 0.075 0.001522149 -0.031780314 0.0825 -0.001522149
          -0.031780314 0.0825 0.001522149 -0.031780314 0.09 -0.001522149
          -0.031780314 0.09 0.001522149 -0.031780314 0.0975 -0.001522149
          -0.031780314 0.0975 0.001522149 -0.031780314 0.105 -0.001522149
          -0.031780314 0.105 0.001522149 -0.031780314 0.1125 -0.001522149
          -0.031780314 0.1125 0.001522149 -0.031780314 0.12 -0.001522149
          -0.031780314 0.12 0.001522149 -0.031780314 0.1275 -0.001522149
          -0.031780314 0.1275 0.001522149 -0.031780314 0.135 -0.001522149
          -0.031780314 0.135 0.001522149 -0.031780314 0.1425 -0.001522149
          -0.031780314 0.1425 0.001522149 -0.031780314 0.15 -0.001522149
          -0.031780314 0.15 0.001522149 -0.03014483 0 -1.0135989e-14
          -0.03014483 0.15 -1.0135989e-14 -0.02860973 0 -0.0016233373
          -0.02860973 0 0.0016233373 -0.02860973 0.0075 -0.0016233373
          -0.02860973 0.0075 0.0016233373 -0.02860973 0.015 -0.0016233373
          -0.02860973 0.015 0.0016233373 -0.02860973 0.0225 -0.0016233373
          -0.02860973 0.0225 0.0016233373 -0.02860973 0.03 -0.0016233373
          -0.02860973 0.03 0.0016233373 -0.02860973 0.0375 -0.0016233373
          -0.02860973 0.0375 0.0016233373 -0.02860973 0.045 -0.0016233373
          -0.02860973 0.045 0.0016233373 -0.02860973 0.0525 -0.0016233373
          -0.02860973 0.0525 0.0016233373 -0.02860973 0.06 -0.0016233373
          -0.02860973 0.06 0.0016233373 -0.02860973 0.0675 -0.0016233373
          -0.02860973 0.0675 0.0016233373 -0.02860973 0.075 -0.0016233373
          -0.02860973 0.075 0.0016233373 -0.02860973 0.0825 -0.0016233373
          -0.02860973 0.0825 0.0016233373 -0.02860973 0.09 -0.0016233373
          -0.02860973 0.09 0.0016233373 -0.02860973 0.0975 -0.0016233373
          -0.02860973 0.0975 0.0016233373 -0.02860973 0.105 -0.0016233373
          -0.02860973 0.105 0.0016233373 -0.02860973 0.1125 -0.0016233373
          -0.02860973 0.1125 0.0016233373 -0.02860973 0.12 -0.0016233373
          -0.02860973 0.12 0.0016233373 -0.02860973 0.1275 -0.0016233373
          -0.02860973 0.1275 0.0016233373 -0.02860973 0.135 -0.0016233373
          -0.02860973 0.135 0.0016233373 -0.02860973 0.1425 -0.0016233373
          -0.02860973 0.1425 0.0016233373 -0.02860973 0.15 -0.0016233373
          -0.02860973 0.15 0.0016233373 -0.027014699 0 -1.6301177e-15
          -0.027014699 0.15 -1.6301177e-15 -0.025437532 0 -0.001648911
          -0.025437532 0 0.001648911 -0.025437532 0.0075 -0.001648911
          -0.025437532 0.0075 0.001648911 -0.025437532 0.015 -0.001648911
          -0.025437532 0.015 0.001648911 -0.025437532 0.0225 -0.001648911
          -0.025437532 0.0225 0.001648911 -0.025437532 0.03 -0.001648911
          -0.025437532 0.03 0.001648911 -0.025437532 0.0375 -0.001648911
          -0.025437532 0.0375 0.001648911 -0.025437532 0.045 -0.001648911
          -0.025437532 0.045 0.001648911 -0.025437532 0.0525 -0.001648911
          -0.025437532 0.0525 0.001648911 -0.025437532 0.06 -0.001648911
          -0.025437532 0.06 0.001648911 -0.025437532 0.0675 -0.001648911
          -0.025437532 0.0675 0.001648911 -0.025437532 0.075 -0.001648911
          -0.025437532 0.075 0.001648911 -0.025437532 0.0825 -0.001648911
          -0.025437532 0.0825 0.001648911 -0.025437532 0.09 -0.001648911
          -0.025437532 0.09 0.001648911 -0.025437532 0.0975 -0.001648911
          -0.025437532 0.0975 0.001648911 -0.025437532 0.105 -0.001648911
          -0.025437532 0.105 0.001648911 -0.025437532 0.1125 -0.001648911
          -0.025437532 0.1125 0.001648911 -0.025437532 0.12 -0.001648911
          -0.025437532 0.12 0.001648911 -0.025437532 0.1275 -0.001648911
          -0.025437532 0.1275 0.001648911 -0.025437532 0.135 -0.001648911
          -0.025437532 0.135 0.001648911 -0.025437532 0.1425 -0.001648911
          -0.025437532 0.1425 0.001648911 -0.025437532 0.15 -0.001648911
          -0.025437532 0.15 0.001648911 -0.023848843 0 2.33202e-16
          -0.023848843 0.15 2.33202e-16 -0.022265334 0 -0.0016744848
          -0.022265334 0 0.0016744848 -0.022265334 0.0075 -0.0016744848
          -0.022265334 0.0075 0.0016744848 -0.022265334 0.015 -0.0016744848
          -0.022265334 0.015 0.0016744848 -0.022265334 0.0225 -0.0016744848
          -0.022265334 0.0225 0.0016744848 -0.022265334 0.03 -0.0016744848
          -0.022265334 0.03 0.0016744848 -0.022265334 0.0375 -0.0016744848
          -0.022265334 0.0375 0.0016744848 -0.022265334 0.045 -0.0016744848
          -0.022265334 0.045 0.0016744848 -0.022265334 0.0525 -0.0016744848
          -0.022265334 0.0525 0.0016744848 -0.022265334 0.06 -0.0016744848
          -0.022265334 0.06 0.0016744848 -0.022265334 0.0675 -0.0016744848
          -0.022265334 0.0675 0.0016744848 -0.022265334 0.075 -0.0016744848
          -0.022265334 0.075 0.0016744848 -0.022265334 0.0825 -0.0016744848
          -0.022265334 0.0825 0.0016744848 -0.022265334 0.09 -0.0016744848
          -0.022265334 0.09 0.0016744848 -0.022265334 0.0975 -0.0016744848
          -0.022265334 0.0975 0.0016744848 -0.022265334 0.105 -0.0016744848
          -0.022265334 0.105 0.0016744848 -0.022265334 0.1125 -0.0016744848
          -0.022265334 0.1125 0.0016744848 -0.022265334 0.12 -0.0016744848
          -0.022265334 0.12 0.0016744848 -0.022265334 0.1275 -0.0016744848
          -0.022265334 0.1275 0.0016744848 -0.022265334 0.135 -0.0016744848
          -0.022265334 0.135 0.0016744848 -0.022265334 0.1425 -0.0016744848
          -0.022265334 0.1425 0.0016744848 -0.022265334 0.15 -0.0016744848
          -0.022265334 0.15 0.0016744848 -0.020676889 0 1.1400876e-15
          -0.020676889 0.15 1.1400876e-15 -0.019093134 0 -0.0017000586
          -0.019093134 0 0.0017000586 -0.019093134 0.0075 -0.0017000586
          -0.019093134 0.0075 0.0017000586 -0.019093134 0.015 -0.0017000586
          -0.019093134 0.015 0.0017000586 -0.019093134 0.0225 -0.0017000586
          -0.019093134 0.0225 0.0017000586 -0.019093134 0.03 -0.0017000586
          -0.019093134 0.03 0.0017000586 -0.019093134 0.0375 -0.0017000586
          -0.019093134 0.0375 0.0017000586 -0.019093134 0.045 -0.0017000586
          -0.019093134 0.045 0.0017000586 -0.019093134 0.0525 -0.0017000586
          -0.019093134 0.0525 0.0017000586 -0.019093134 0.06 -0.0017000586
          -0.019093134 0.06 0.0017000586 -0.019093134 0.0675 -0.0017000586
          -0.019093134 0.0675 0.0017000586 -0.019093134 0.075 -0.0017000586
          -0.019093134 0.075 0.0017000586 -0.019093134 0.0825 -0.0017000586
          -0.019093134 0.0825 0.0017000586 -0.019093134 0.09 -0.0017000586
          -0.019093134 0.09 0.0017000586 -0.019093134 0.0975 -0.0017000586
          -0.019093134 0.0975 0.0017000586 -0.019093134 0.105 -0.0017000586
          -0.019093134 0.105 0.0017000586 -0.019093134 0.1125 -0.0017000586
          -0.019093134 0.1125 0.0017000586 -0.019093134 0.12 -0.0017000586
          -0.019093134 0.12 0.0017000586 -0.019093134 0.1275 -0.0017000586
          -0.019093134 0.1275 0.0017000586 -0.019093134 0.135 -0.0017000586
          -0.019093134 0.135 0.0017000586 -0.019093134 0.1425 -0.0017000586
          -0.019093134 0.1425 0.0017000586 -0.019093134 0.15 -0.0017000586
          -0.019093134 0.15 0.0017000586 -0.017506367 0 -1.3291548e-15
          -0.017506367 0.15 -1.3291548e-15 -0.015920864 0 -0.0016813967
          -0.015920864 0 0.0016813967 -0.015920864 0.0075 -0.0016813967
          -0.015920864 0.0075 0.0016813967 -0.015920864 0.015 -0.0016813967
          -0.015920864 0.015 0.0016813967 -0.015920864 0.0225 -0.0016813967
          -0.015920864 0.0225 0.0016813967 -0.015920864 0.03 -0.0016813967
          -0.015920864 0.03 0.0016813967 -0.015920864 0.0375 -0.0016813967
          -0.015920864 0.0375 0.0016813967 -0.015920864 0.045 -0.0016813967
          -0.015920864 0.045 0.0016813967 -0.015920864 0.0525 -0.0016813967
          -0.015920864 0.0525 0.0016813967 -0.015920864 0.06 -0.0016813967
          -0.015920864 0.06 0.0016813967 -0.015920864 0.0675 -0.0016813967
          -0.015920864 0.0675 0.0016813967 -0.015920864 0.075 -0.0016813967
          -0.015920864 0.075 0.0016813967 -0.015920864 0.0825 -0.0016813967
          -0.015920864 0.0825 0.0016813967 -0.015920864 0.09 -0.0016813967
          -0.015920864 0.09 0.0016813967 -0.015920864 0.0975 -0.0016813967
          -0.015920864 0.0975 0.0016813967 -0.015920864 0.105 -0.0016813967
          -0.015920864 0.105 0.0016813967 -0.015920864 0.1125 -0.0016813967
          -0.015920864 0.1125 0.0016813967 -0.015920864 0.12 -0.0016813967
          -0.015920864 0.12 0.0016813967 -0.015920864 0.1275 -0.0016813967
          -0.015920864 0.1275 0.0016813967 -0.015920864 0.135 -0.0016813967
          -0.015920864 0.135 0.0016813967 -0.015920864 0.1425 -0.0016813967
          -0.015920864 0.1425 0.0016813967 -0.015920864 0.15 -0.0016813967
          -0.015920864 0.15 0.0016813967 -0.014336245 0 -2.5090768e-16
          -0.014336245 0.15 -2.5090768e-16 -0.012748595 0 -0.001662735
          -0.012748595 0 0.001662735 -0.012748595 0.0075 -0.001662735
          -0.012748595 0.0075 0.001662735 -0.012748595 0.015 -0.001662735
          -0.012748595 0.015 0.001662735 -0.012748595 0.0225 -0.001662735
          -0.012748595 0.0225 0.001662735 -0.012748595 0.03 -0.001662735
          -0.012748595 0.03 0.001662735 -0.012748595 0.0375 -0.001662735
          -0.012748595 0.0375 0.001662735 -0.012748595 0.045 -0.001662735
          -0.012748595 0.045 0.001662735 -0.012748595 0.0525 -0.001662735
          -0.012748595 0.0525 0.001662735 -0.012748595 0.06 -0.001662735
          -0.012748595 0.06 0.001662735 -0.012748595 0.0675 -0.001662735
          -0.012748595 0.0675 0.001662735 -0.012748595 0.075 -0.001662735
          -0.012748595 0.075 0.001662735 -0.012748595 0.0825 -0.001662735
          -0.012748595 0.0825 0.001662735 -0.012748595 0.09 -0.001662735
          -0.012748595 0.09 0.001662735 -0.012748595 0.0975 -0.001662735
          -0.012748595 0.0975 0.001662735 -0.012748595 0.105 -0.001662735
          -0.012748595 0.105 0.001662735 -0.012748595 0.1125 -0.001662735
          -0.012748595 0.1125 0.001662735 -0.012748595 0.12 -0.001662735
          -0.012748595 0.12 0.001662735 -0.012748595 0.1275 -0.001662735
          -0.012748595 0.1275 0.001662735 -0.012748595 0.135 -0.001662735
          -0.012748595 0.135 0.001662735 -0.012748595 0.1425 -0.001662735
          -0.012748595 0.1425 0.001662735 -0.012748595 0.15 -0.001662735
          -0.012748595 0.15 0.001662735 -0.011166858 0 -5.824741e-17
          -0.011166858 0.15 -5.824741e-17 -0.009576325 0 -0.0016440733
          -0.009576325 0 0.0016440733 -0.009576325 0.0075 -0.0016440733
          -0.009576325 0.0075 0.0016440733 -0.009576325 0.015 -0.0016440733
          -0.009576325 0.015 0.0016440733 -0.009576325 0.0225 -0.0016440733
          -0.009576325 0.0225 0.0016440733 -0.009576325 0.03 -0.0016440733
          -0.009576325 0.03 0.0016440733 -0.009576325 0.0375 -0.0016440733
          -0.009576325 0.0375 0.0016440733 -0.009576325 0.045 -0.0016440733
          -0.009576325 0.045 0.0016440733 -0.009576325 0.0525 -0.0016440733
          -0.009576325 0.0525 0.0016440733 -0.009576325 0.06 -0.0016440733
          -0.009576325 0.06 0.0016440733 -0.009576325 0.0675 -0.0016440733
          -0.009576325 0.0675 0.0016440733 -0.009576325 0.075 -0.0016440733
          -0.009576325 0.075 0.0016440733 -0.009576325 0.0825 -0.0016440733
          -0.009576325 0.0825 0.0016440733 -0.009576325 0.09 -0.0016440733
          -0.009576325 0.09 0.0016440733 -0.009576325 0.0975 -0.0016440733
          -0.009576325 0.0975 0.0016440733 -0.009576325 0.105 -0.0016440733
          -0.009576325 0.105 0.0016440733 -0.009576325 0.1125 -0.0016440733
          -0.009576325 0.1125 0.0016440733 -0.009576325 0.12 -0.0016440733
          -0.009576325 0.12 0.0016440733 -0.009576325 0.1275 -0.0016440733
          -0.009576325 0.1275 0.0016440733 -0.009576325 0.135 -0.0016440733
          -0.009576325 0.135 0.0016440733 -0.009576325 0.1425 -0.0016440733
          -0.009576325 0.1425 0.0016440733 -0.009576325 0.15 -0.0016440733
          -0.009576325 0.15 0.0016440733 -0.007995099 0 1.4285465e-15
          -0.007995099 0.15 1.4285465e-15 -0.006404362 0 -0.0015956713
          -0.006404362 0 0.0015956713 -0.006404362 0.0075 -0.0015956713
          -0.006404362 0.0075 0.0015956713 -0.006404362 0.015 -0.0015956713
          -0.006404362 0.015 0.0015956713 -0.006404362 0.0225 -0.0015956713
          -0.006404362 0.0225 0.0015956713 -0.006404362 0.03 -0.0015956713
          -0.006404362 0.03 0.0015956713 -0.006404362 0.0375 -0.0015956713
          -0.006404362 0.0375 0.0015956713 -0.006404362 0.045 -0.0015956713
          -0.006404362 0.045 0.0015956713 -0.006404362 0.0525 -0.0015956713
          -0.006404362 0.0525 0.0015956713 -0.006404362 0.06 -0.0015956713
          -0.006404362 0.06 0.0015956713 -0.006404362 0.0675 -0.0015956713
          -0.006404362 0.0675 0.0015956713 -0.006404362 0.075 -0.0015956713
          -0.006404362 0.075 0.0015956713 -0.006404362 0.0825 -0.0015956713
          -0.006404362 0.0825 0.0015956713 -0.006404362 0.09 -0.0015956713
          -0.006404362 0.09 0.0015956713 -0.006404362 0.0975 -0.0015956713
          -0.006404362 0.0975 0.0015956713 -0.006404362 0.105 -0.0015956713
          -0.006404362 0.105 0.0015956713 -0.006404362 0.1125 -0.0015956713
          -0.006404362 0.1125 0.0015956713 -0.006404362 0.12 -0.0015956713
          -0.006404362 0.12 0.0015956713 -0.006404362 0.1275 -0.0015956713
          -0.006404362 0.1275 0.0015956713 -0.006404362 0.135 -0.0015956713
          -0.006404362 0.135 0.0015956713 -0.006404362 0.1425 -0.0015956713
          -0.006404362 0.1425 0.0015956713 -0.006404362 0.15 -0.0015956713
          -0.006404362 0.15 0.0015956713 -0.00484236 0 8.898191e-15
          -0.00484236 0.15 8.898191e-15 -0.0032323988 0 -0.0015472694
          -0.0032323988 0 0.0015472694 -0.0032323988 0.0075 -0.0015472694
          -0.0032323988 0.0075 0.0015472694 -0.0032323988 0.015 -0.0015472694
          -0.0032323988 0.015 0.0015472694 -0.0032323988 0.0225 -0.0015472694
          -0.0032323988 0.0225 0.0015472694 -0.0032323988 0.03 -0.0015472694
          -0.0032323988 0.03 0.0015472694 -0.0032323988 0.0375 -0.0015472694
          -0.0032323988 0.0375 0.0015472694 -0.0032323988 0.045 -0.0015472694
          -0.0032323988 0.045 0.0015472694 -0.0032323988 0.0525 -0.0015472694
          -0.0032323988 0.0525 0.0015472694 -0.0032323988 0.06 -0.0015472694
          -0.0032323988 0.06 0.0015472694 -0.0032323988 0.0675 -0.0015472694
          -0.0032323988 0.0675 0.0015472694 -0.0032323988 0.075 -0.0015472694
          -0.0032323988 0.075 0.0015472694 -0.0032323988 0.0825 -0.0015472694
          -0.0032323988 0.0825 0.0015472694 -0.0032323988 0.09 -0.0015472694
          -0.0032323988 0.09 0.0015472694 -0.0032323988 0.0975 -0.0015472694
          -0.0032323988 0.0975 0.0015472694 -0.0032323988 0.105 -0.0015472694
          -0.0032323988 0.105 0.0015472694 -0.0032323988 0.1125 -0.0015472694
          -0.0032323988 0.1125 0.0015472694 -0.0032323988 0.12 -0.0015472694
          -0.0032323988 0.12 0.0015472694 -0.0032323988 0.1275 -0.0015472694
          -0.0032323988 0.1275 0.0015472694 -0.0032323988 0.135 -0.0015472694
          -0.0032323988 0.135 0.0015472694 -0.0032323988 0.1425 -0.0015472694
          -0.0032323988 0.1425 0.0015472694 -0.0032323988 0.15 -0.0015472694
          -0.0032323988 0.15 0.0015472694 -0.001669658 0 1.4311469e-17
          -0.001669658 0.15 1.4311469e-17 -0.000060435395 0 -0.0014988675
          -0.000060435395 0 0.0014988675 -0.000060435395 0.0075 -0.0014988675
          -0.000060435395 0.0075 0.0014988675 -0.000060435395 0.015 -0.0014988675
          -0.000060435395 0.015 0.0014988675 -0.000060435395 0.0225 -0.0014988675
          -0.000060435395 0.0225 0.0014988675 -0.000060435395 0.03 -0.0014988675
          -0.000060435395 0.03 0.0014988675 -0.000060435395 0.0375 -0.0014988675
          -0.000060435395 0.0375 0.0014988675 -0.000060435395 0.045 -0.0014988675
          -0.000060435395 0.045 0.0014988675 -0.000060435395 0.0525 -0.0014988675
          -0.000060435395 0.0525 0.0014988675 -0.000060435395 0.06 -0.0014988675
          -0.000060435395 0.06 0.0014988675 -0.000060435395 0.0675 -0.0014988675
          -0.000060435395 0.0675 0.0014988675 -0.000060435395 0.075 -0.0014988675
          -0.000060435395 0.075 0.0014988675 -0.000060435395 0.0825 -0.0014988675
          -0.000060435395 0.0825 0.0014988675 -0.000060435395 0.09 -0.0014988675
          -0.000060435395 0.09 0.0014988675 -0.000060435395 0.0975 -0.0014988675
          -0.000060435395 0.0975 0.0014988675 -0.000060435395 0.105 -0.0014988675
          -0.000060435395 0.105 0.0014988675 -0.000060435395 0.1125 -0.0014988675
          -0.000060435395 0.1125 0.0014988675 -0.000060435395 0.12 -0.0014988675
          -0.000060435395 0.12 0.0014988675 -0.000060435395 0.1275 -0.0014988675
          -0.000060435395 0.1275 0.0014988675 -0.000060435395 0.135 -0.0014988675
          -0.000060435395 0.135 0.0014988675 -0.000060435395 0.1425 -0.0014988675
          -0.000060435395 0.1425 0.0014988675 -0.000060435395 0.15 -0.0014988675
          -0.000060435395 0.15 0.0014988675 0.0014931195 0 1.0049036e-14
          0.0014931195 0.15 1.0049036e-14 0.0031111322 0 -0.0014290456
          0.0031111322 0 0.0014290456 0.0031111322 0.0075 -0.0014290456
          0.0031111322 0.0075 0.0014290456 0.0031111322 0.015 -0.0014290456
          0.0031111322 0.015 0.0014290456 0.0031111322 0.0225 -0.0014290456
          0.0031111322 0.0225 0.0014290456 0.0031111322 0.03 -0.0014290456
          0.0031111322 0.03 0.0014290456 0.0031111322 0.0375 -0.0014290456
          0.0031111322 0.0375 0.0014290456 0.0031111322 0.045 -0.0014290456
          0.0031111322 0.045 0.0014290456 0.0031111322 0.0525 -0.0014290456
          0.0031111322 0.0525 0.0014290456 0.0031111322 0.06 -0.0014290456
          0.0031111322 0.06 0.0014290456 0.0031111322 0.0675 -0.0014290456
          0.0031111322 0.0675 0.0014290456 0.0031111322 0.075 -0.0014290456
          0.0031111322 0.075 0.0014290456 0.0031111322 0.0825 -0.0014290456
          0.0031111322 0.0825 0.0014290456 0.0031111322 0.09 -0.0014290456
          0.0031111322 0.09 0.0014290456 0.0031111322 0.0975 -0.0014290456
          0.0031111322 0.0975 0.0014290456 0.0031111322 0.105 -0.0014290456
          0.0031111322 0.105 0.0014290456 0.0031111322 0.1125 -0.0014290456
          0.0031111322 0.1125 0.0014290456 0.0031111322 0.12 -0.0014290456
          0.0031111322 0.12 0.0014290456 0.0031111322 0.1275 -0.0014290456
          0.0031111322 0.1275 0.0014290456 0.0031111322 0.135 -0.0014290456
          0.0031111322 0.135 0.0014290456 0.0031111322 0.1425 -0.0014290456
          0.0031111322 0.1425 0.0014290456 0.0031111322 0.15 -0.0014290456
          0.0031111322 0.15 0.0014290456 0.004666224 0 1.0728397e-14
          0.004666224 0.15 1.0728397e-14 0.0062826998 0 -0.0013592236
          0.0062826998 0 0.0013592236 0.0062826998 0.0075 -0.0013592236
          0.0062826998 0.0075 0.0013592236 0.0062826998 0.015 -0.0013592236
          0.0062826998 0.015 0.0013592236 0.0062826998 0.0225 -0.0013592236
          0.0062826998 0.0225 0.0013592236 0.0062826998 0.03 -0.0013592236
          0.0062826998 0.03 0.0013592236 0.0062826998 0.0375 -0.0013592236
          0.0062826998 0.0375 0.0013592236 0.0062826998 0.045 -0.0013592236
          0.0062826998 0.045 0.0013592236 0.0062826998 0.0525 -0.0013592236
          0.0062826998 0.0525 0.0013592236 0.0062826998 0.06 -0.0013592236
          0.0062826998 0.06 0.0013592236 0.0062826998 0.0675 -0.0013592236
          0.0062826998 0.0675 0.0013592236 0.0062826998 0.075 -0.0013592236
          0.0062826998 0.075 0.0013592236 0.0062826998 0.0825 -0.0013592236
          0.0062826998 0.0825 0.0013592236 0.0062826998 0.09 -0.0013592236
          0.0062826998 0.09 0.0013592236 0.0062826998 0.0975 -0.0013592236
          0.0062826998 0.0975 0.0013592236 0.0062826998 0.105 -0.0013592236
          0.0062826998 0.105 0.0013592236 0.0062826998 0.1125 -0.0013592236
          0.0062826998 0.1125 0.0013592236 0.0062826998 0.12 -0.0013592236
          0.0062826998 0.12 0.0013592236 0.0062826998 0.1275 -0.0013592236
          0.0062826998 0.1275 0.0013592236 0.0062826998 0.135 -0.0013592236
          0.0062826998 0.135 0.0013592236 0.0062826998 0.1425 -0.0013592236
          0.0062826998 0.1425 0.0013592236 0.0062826998 0.15 -0.0013592236
          0.0062826998 0.15 0.0013592236 0.007839329 0 1.3010426e-17
          0.007839329 0.15 1.3010426e-17 0.009454267 0 -0.0012894018
          0.009454267 0 0.0012894018 0.009454267 0.0075 -0.0012894018
          0.009454267 0.0075 0.0012894018 0.009454267 0.015 -0.0012894018
          0.009454267 0.015 0.0012894018 0.009454267 0.0225 -0.0012894018
          0.009454267 0.0225 0.0012894018 0.009454267 0.03 -0.0012894018
          0.009454267 0.03 0.0012894018 0.009454267 0.0375 -0.0012894018
          0.009454267 0.0375 0.0012894018 0.009454267 0.045 -0.0012894018
          0.009454267 0.045 0.0012894018 0.009454267 0.0525 -0.0012894018
          0.009454267 0.0525 0.0012894018 0.009454267 0.06 -0.0012894018
          0.009454267 0.06 0.0012894018 0.009454267 0.0675 -0.0012894018
          0.009454267 0.0675 0.0012894018 0.009454267 0.075 -0.0012894018
          0.009454267 0.075 0.0012894018 0.009454267 0.0825 -0.0012894018
          0.009454267 0.0825 0.0012894018 0.009454267 0.09 -0.0012894018
          0.009454267 0.09 0.0012894018 0.009454267 0.0975 -0.0012894018
          0.009454267 0.0975 0.0012894018 0.009454267 0.105 -0.0012894018
          0.009454267 0.105 0.0012894018 0.009454267 0.1125 -0.0012894018
          0.009454267 0.1125 0.0012894018 0.009454267 0.12 -0.0012894018
          0.009454267 0.12 0.0012894018 0.009454267 0.1275 -0.0012894018
          0.009454267 0.1275 0.0012894018 0.009454267 0.135 -0.0012894018
          0.009454267 0.135 0.0012894018 0.009454267 0.1425 -0.0012894018
          0.009454267 0.1425 0.0012894018 0.009454267 0.15 -0.0012894018
          0.009454267 0.15 0.0012894018 0.011005927 0 1.1711335e-14
          0.011005927 0.15 1.1711335e-14 0.012625431 0 -0.0012030845
          0.012625431 0 0.0012030845 0.012625431 0.0075 -0.0012030845
          0.012625431 0.0075 0.0012030845 0.012625431 0.015 -0.0012030845
          0.012625431 0.015 0.0012030845 0.012625431 0.0225 -0.0012030845
          0.012625431 0.0225 0.0012030845 0.012625431 0.03 -0.0012030845
          0.012625431 0.03 0.0012030845 0.012625431 0.0375 -0.0012030845
          0.012625431 0.0375 0.0012030845 0.012625431 0.045 -0.0012030845
          0.012625431 0.045 0.0012030845 0.012625431 0.0525 -0.0012030845
          0.012625431 0.0525 0.0012030845 0.012625431 0.06 -0.0012030845
          0.012625431 0.06 0.0012030845 0.012625431 0.0675 -0.0012030845
          0.012625431 0.0675 0.0012030845 0.012625431 0.075 -0.0012030845
          0.012625431 0.075 0.0012030845 0.012625431 0.0825 -0.0012030845
          0.012625431 0.0825 0.0012030845 0.012625431 0.09 -0.0012030845
          0.012625431 0.09 0.0012030845 0.012625431 0.0975 -0.0012030845
          0.012625431 0.0975 0.0012030845 0.012625431 0.105 -0.0012030845
          0.012625431 0.105 0.0012030845 0.012625431 0.1125 -0.0012030845
          0.012625431 0.1125 0.0012030845 0.012625431 0.12 -0.0012030845
          0.012625431 0.12 0.0012030845 0.012625431 0.1275 -0.0012030845
          0.012625431 0.1275 0.0012030845 0.012625431 0.135 -0.0012030845
          0.012625431 0.135 0.0012030845 0.012625431 0.1425 -0.0012030845
          0.012625431 0.1425 0.0012030845 0.012625431 0.15 -0.0012030845
          0.012625431 0.15 0.0012030845 0.014179439 0 1.22202595e-14
          0.014179439 0.15 1.22202595e-14 0.015796592 0 -0.0011167673
          0.015796592 0 0.0011167673 0.015796592 0.0075 -0.0011167673
          0.015796592 0.0075 0.0011167673 0.015796592 0.015 -0.0011167673
          0.015796592 0.015 0.0011167673 0.015796592 0.0225 -0.0011167673
          0.015796592 0.0225 0.0011167673 0.015796592 0.03 -0.0011167673
          0.015796592 0.03 0.0011167673 0.015796592 0.0375 -0.0011167673
          0.015796592 0.0375 0.0011167673 0.015796592 0.045 -0.0011167673
          0.015796592 0.045 0.0011167673 0.015796592 0.0525 -0.0011167673
          0.015796592 0.0525 0.0011167673 0.015796592 0.06 -0.0011167673
          0.015796592 0.06 0.0011167673 0.015796592 0.0675 -0.0011167673
          0.015796592 0.0675 0.0011167673 0.015796592 0.075 -0.0011167673
          0.015796592 0.075 0.0011167673 0.015796592 0.0825 -0.0011167673
          0.015796592 0.0825 0.0011167673 0.015796592 0.09 -0.0011167673
          0.015796592 0.09 0.0011167673 0.015796592 0.0975 -0.0011167673
          0.015796592 0.0975 0.0011167673 0.015796592 0.105 -0.0011167673
          0.015796592 0.105 0.0011167673 0.015796592 0.1125 -0.0011167673
          0.015796592 0.1125 0.0011167673 0.015796592 0.12 -0.0011167673
          0.015796592 0.12 0.0011167673 0.015796592 0.1275 -0.0011167673
          0.015796592 0.1275 0.0011167673 0.015796592 0.135 -0.0011167673
          0.015796592 0.135 0.0011167673 0.015796592 0.1425 -0.0011167673
          0.015796592 0.1425 0.0011167673 0.015796592 0.15 -0.0011167673
          0.015796592 0.15 0.0011167673 0.017352952 0 2.8406097e-17
          0.017352952 0.15 2.8406097e-17 0.018967757 0 -0.0010304501
          0.018967757 0 0.0010304501 0.018967757 0.0075 -0.0010304501
          0.018967757 0.0075 0.0010304501 0.018967757 0.015 -0.0010304501
          0.018967757 0.015 0.0010304501 0.018967757 0.0225 -0.0010304501
          0.018967757 0.0225 0.0010304501 0.018967757 0.03 -0.0010304501
          0.018967757 0.03 0.0010304501 0.018967757 0.0375 -0.0010304501
          0.018967757 0.0375 0.0010304501 0.018967757 0.045 -0.0010304501
          0.018967757 0.045 0.0010304501 0.018967757 0.0525 -0.0010304501
          0.018967757 0.0525 0.0010304501 0.018967757 0.06 -0.0010304501
          0.018967757 0.06 0.0010304501 0.018967757 0.0675 -0.0010304501
          0.018967757 0.0675 0.0010304501 0.018967757 0.075 -0.0010304501
          0.018967757 0.075 0.0010304501 0.018967757 0.0825 -0.0010304501
          0.018967757 0.0825 0.0010304501 0.018967757 0.09 -0.0010304501
          0.018967757 0.09 0.0010304501 0.018967757 0.0975 -0.0010304501
          0.018967757 0.0975 0.0010304501 0.018967757 0.105 -0.0010304501
          0.018967757 0.105 0.0010304501 0.018967757 0.1125 -0.0010304501
          0.018967757 0.1125 0.0010304501 0.018967757 0.12 -0.0010304501
          0.018967757 0.12 0.0010304501 0.018967757 0.1275 -0.0010304501
          0.018967757 0.1275 0.0010304501 0.018967757 0.135 -0.0010304501
          0.018967757 0.135 0.0010304501 0.018967757 0.1425 -0.0010304501
          0.018967757 0.1425 0.0010304501 0.018967757 0.15 -0.0010304501
          0.018967757 0.15 0.0010304501 0.020522088 0 9.685178e-15
          0.020522088 0.15 9.685178e-15 0.022138504 0 -0.0009300402
          0.022138504 0 0.0009300402 0.022138504 0.0075 -0.0009300402
          0.022138504 0.0075 0.0009300402 0.022138504 0.015 -0.0009300402
          0.022138504 0.015 0.0009300402 0.022138504 0.0225 -0.0009300402
          0.022138504 0.0225 0.0009300402 0.022138504 0.03 -0.0009300402
          0.022138504 0.03 0.0009300402 0.022138504 0.0375 -0.0009300402
          0.022138504 0.0375 0.0009300402 0.022138504 0.045 -0.0009300402
          0.022138504 0.045 0.0009300402 0.022138504 0.0525 -0.0009300402
          0.022138504 0.0525 0.0009300402 0.022138504 0.06 -0.0009300402
          0.022138504 0.06 0.0009300402 0.022138504 0.0675 -0.0009300402
          0.022138504 0.0675 0.0009300402 0.022138504 0.075 -0.0009300402
          0.022138504 0.075 0.0009300402 0.022138504 0.0825 -0.0009300402
          0.022138504 0.0825 0.0009300402 0.022138504 0.09 -0.0009300402
          0.022138504 0.09 0.0009300402 0.022138504 0.0975 -0.0009300402
          0.022138504 0.0975 0.0009300402 0.022138504 0.105 -0.0009300402
          0.022138504 0.105 0.0009300402 0.022138504 0.1125 -0.0009300402
          0.022138504 0.1125 0.0009300402 0.022138504 0.12 -0.0009300402
          0.022138504 0.12 0.0009300402 0.022138504 0.1275 -0.0009300402
          0.022138504 0.1275 0.0009300402 0.022138504 0.135 -0.0009300402
          0.022138504 0.135 0.0009300402 0.022138504 0.1425 -0.0009300402
          0.022138504 0.1425 0.0009300402 0.022138504 0.15 -0.0009300402
          0.022138504 0.15 0.0009300402 0.023696017 0 1.0842347e-14
          0.023696017 0.15 1.0842347e-14 0.025309253 0 -0.00082963036
          0.025309253 0 0.00082963036 0.025309253 0.0075 -0.00082963036
          0.025309253 0.0075 0.00082963036 0.025309253 0.015 -0.00082963036
          0.025309253 0.015 0.00082963036 0.025309253 0.0225 -0.00082963036
          0.025309253 0.0225 0.00082963036 0.025309253 0.03 -0.00082963036
          0.025309253 0.03 0.00082963036 0.025309253 0.0375 -0.00082963036
          0.025309253 0.0375 0.00082963036 0.025309253 0.045 -0.00082963036
          0.025309253 0.045 0.00082963036 0.025309253 0.0525 -0.00082963036
          0.025309253 0.0525 0.00082963036 0.025309253 0.06 -0.00082963036
          0.025309253 0.06 0.00082963036 0.025309253 0.0675 -0.00082963036
          0.025309253 0.0675 0.00082963036 0.025309253 0.075 -0.00082963036
          0.025309253 0.075 0.00082963036 0.025309253 0.0825 -0.00082963036
          0.025309253 0.0825 0.00082963036 0.025309253 0.09 -0.00082963036
          0.025309253 0.09 0.00082963036 0.025309253 0.0975 -0.00082963036
          0.025309253 0.0975 0.00082963036 0.025309253 0.105 -0.00082963036
          0.025309253 0.105 0.00082963036 0.025309253 0.1125 -0.00082963036
          0.025309253 0.1125 0.00082963036 0.025309253 0.12 -0.00082963036
          0.025309253 0.12 0.00082963036 0.025309253 0.1275 -0.00082963036
          0.025309253 0.1275 0.00082963036 0.025309253 0.135 -0.00082963036
          0.025309253 0.135 0.00082963036 0.025309253 0.1425 -0.00082963036
          0.025309253 0.1425 0.00082963036 0.025309253 0.15 -0.00082963036
          0.025309253 0.15 0.00082963036 0.026869945 0 5.7137454e-17
          0.026869945 0.15 5.7137454e-17 0.028480003 0 -0.0007292205
          0.028480003 0 0.0007292205 0.028480003 0.0075 -0.0007292205
          0.028480003 0.0075 0.0007292205 0.028480003 0.015 -0.0007292205
          0.028480003 0.015 0.0007292205 0.028480003 0.0225 -0.0007292205
          0.028480003 0.0225 0.0007292205 0.028480003 0.03 -0.0007292205
          0.028480003 0.03 0.0007292205 0.028480003 0.0375 -0.0007292205
          0.028480003 0.0375 0.0007292205 0.028480003 0.045 -0.0007292205
          0.028480003 0.045 0.0007292205 0.028480003 0.0525 -0.0007292205
          0.028480003 0.0525 0.0007292205 0.028480003 0.06 -0.0007292205
          0.028480003 0.06 0.0007292205 0.028480003 0.0675 -0.0007292205
          0.028480003 0.0675 0.0007292205 0.028480003 0.075 -0.0007292205
          0.028480003 0.075 0.0007292205 0.028480003 0.0825 -0.0007292205
          0.028480003 0.0825 0.0007292205 0.028480003 0.09 -0.0007292205
          0.028480003 0.09 0.0007292205 0.028480003 0.0975 -0.0007292205
          0.028480003 0.0975 0.0007292205 0.028480003 0.105 -0.0007292205
          0.028480003 0.105 0.0007292205 0.028480003 0.1125 -0.0007292205
          0.028480003 0.1125 0.0007292205 0.028480003 0.12 -0.0007292205
          0.028480003 0.12 0.0007292205 0.028480003 0.1275 -0.0007292205
          0.028480003 0.1275 0.0007292205 0.028480003 0.135 -0.0007292205
          0.028480003 0.135 0.0007292205 0.028480003 0.1425 -0.0007292205
          0.028480003 0.1425 0.0007292205 0.028480003 0.15 -0.0007292205
          0.028480003 0.15 0.0007292205 0.030040964 0 1.9272561e-14
          0.030040964 0.15 1.9272561e-14 0.03165029 0 -0.00061517674
          0.03165029 0 0.00061517674 0.03165029 0.0075 -0.00061517674
          0.03165029 0.0075 0.00061517674 0.03165029 0.015 -0.00061517674
          0.03165029 0.015 0.00061517674 0.03165029 0.0225 -0.00061517674
          0.03165029 0.0225 0.00061517674 0.03165029 0.03 -0.00061517674
          0.03165029 0.03 0.00061517674 0.03165029 0.0375 -0.00061517674
          0.03165029 0.0375 0.00061517674 0.03165029 0.045 -0.00061517674
          0.03165029 0.045 0.00061517674 0.03165029 0.0525 -0.00061517674
          0.03165029 0.0525 0.00061517674 0.03165029 0.06 -0.00061517674
          0.03165029 0.06 0.00061517674 0.03165029 0.0675 -0.00061517674
          0.03165029 0.0675 0.00061517674 0.03165029 0.075 -0.00061517674
          0.03165029 0.075 0.00061517674 0.03165029 0.0825 -0.00061517674
          0.03165029 0.0825 0.00061517674 0.03165029 0.09 -0.00061517674
          0.03165029 0.09 0.00061517674 0.03165029 0.0975 -0.00061517674
          0.03165029 0.0975 0.00061517674 0.03165029 0.105 -0.00061517674
          0.03165029 0.105 0.00061517674 0.03165029 0.1125 -0.00061517674
          0.03165029 0.1125 0.00061517674 0.03165029 0.12 -0.00061517674
          0.03165029 0.12 0.00061517674 0.03165029 0.1275 -0.00061517674
          0.03165029 0.1275 0.00061517674 0.03165029 0.135 -0.00061517674
          0.03165029 0.135 0.00061517674 0.03165029 0.1425 -0.00061517674
          0.03165029 0.1425 0.00061517674 0.03165029 0.15 -0.00061517674
          0.03165029 0.15 0.00061517674 0.034820575 0 -0.000501133
          0.034820575 0 0.000501133 0.034820575 0.0075 -0.000501133
          0.034820575 0.0075 0.000501133 0.034820575 0.015 -0.000501133
          0.034820575 0.015 0.000501133 0.034820575 0.0225 -0.000501133
          0.034820575 0.0225 0.000501133 0.034820575 0.03 -0.000501133
          0.034820575 0.03 0.000501133 0.034820575 0.0375 -0.000501133
          0.034820575 0.0375 0.000501133 0.034820575 0.045 -0.000501133
          0.034820575 0.045 0.000501133 0.034820575 0.0525 -0.000501133
          0.034820575 0.0525 0.000501133 0.034820575 0.06 -0.000501133
          0.034820575 0.06 0.000501133 0.034820575 0.0675 -0.000501133
          0.034820575 0.0675 0.000501133 0.034820575 0.075 -0.000501133
          0.034820575 0.075 0.000501133 0.034820575 0.0825 -0.000501133
          0.034820575 0.0825 0.000501133 0.034820575 0.09 -0.000501133
          0.034820575 0.09 0.000501133 0.034820575 0.0975 -0.000501133
          0.034820575 0.0975 0.000501133 0.034820575 0.105 -0.000501133
          0.034820575 0.105 0.000501133 0.034820575 0.1125 -0.000501133
          0.034820575 0.1125 0.000501133 0.034820575 0.12 -0.000501133
          0.034820575 0.12 0.000501133 0.034820575 0.1275 -0.000501133
          0.034820575 0.1275 0.000501133 0.034820575 0.135 -0.000501133
          0.034820575 0.135 0.000501133 0.034820575 0.1425 -0.000501133
          0.034820575 0.1425 0.000501133 0.034820575 0.15 -0.000501133
          0.034820575 0.15 0.000501133 0.037990864 0 -0.00038708924
          0.037990864 0 0.00038708924 0.037990864 0.0075 -0.00038708924
          0.037990864 0.0075 0.00038708924 0.037990864 0.015 -0.00038708924
          0.037990864 0.015 0.00038708924 0.037990864 0.0225 -0.00038708924
          0.037990864 0.0225 0.00038708924 0.037990864 0.03 -0.00038708924
          0.037990864 0.03 0.00038708924 0.037990864 0.0375 -0.00038708924
          0.037990864 0.0375 0.00038708924 0.037990864 0.045 -0.00038708924
          0.037990864 0.045 0.00038708924 0.037990864 0.0525 -0.00038708924
          0.037990864 0.0525 0.00038708924 0.037990864 0.06 -0.00038708924
          0.037990864 0.06 0.00038708924 0.037990864 0.0675 -0.00038708924
          0.037990864 0.0675 0.00038708924 0.037990864 0.075 -0.00038708924
          0.037990864 0.075 0.00038708924 0.037990864 0.0825 -0.00038708924
          0.037990864 0.0825 0.00038708924 0.037990864 0.09 -0.00038708924
          0.037990864 0.09 0.00038708924 0.037990864 0.0975 -0.00038708924
          0.037990864 0.0975 0.00038708924 0.037990864 0.105 -0.00038708924
          0.037990864 0.105 0.00038708924 0.037990864 0.1125 -0.00038708924
          0.037990864 0.1125 0.00038708924 0.037990864 0.12 -0.00038708924
          0.037990864 0.12 0.00038708924 0.037990864 0.1275 -0.00038708924
          0.037990864 0.1275 0.00038708924 0.037990864 0.135 -0.00038708924
          0.037990864 0.135 0.00038708924 0.037990864 0.1425 -0.00038708924
          0.037990864 0.1425 0.00038708924 0.037990864 0.15 -0.00038708924
          0.037990864 0.15 0.00038708924 0.041160576 0 -0.0002580595
          0.041160576 0 0.0002580595 0.041160576 0.0075 -0.0002580595
          0.041160576 0.0075 0.0002580595 0.041160576 0.015 -0.0002580595
          0.041160576 0.015 0.0002580595 0.041160576 0.0225 -0.0002580595
          0.041160576 0.0225 0.0002580595 0.041160576 0.03 -0.0002580595
          0.041160576 0.03 0.0002580595 0.041160576 0.0375 -0.0002580595
          0.041160576 0.0375 0.0002580595 0.041160576 0.045 -0.0002580595
          0.041160576 0.045 0.0002580595 0.041160576 0.0525 -0.0002580595
          0.041160576 0.0525 0.0002580595 0.041160576 0.06 -0.0002580595
          0.041160576 0.06 0.0002580595 0.041160576 0.0675 -0.0002580595
          0.041160576 0.0675 0.0002580595 0.041160576 0.075 -0.0002580595
          0.041160576 0.075 0.0002580595 0.041160576 0.0825 -0.0002580595
          0.041160576 0.0825 0.0002580595 0.041160576 0.09 -0.0002580595
          0.041160576 0.09 0.0002580595 0.041160576 0.0975 -0.0002580595
          0.041160576 0.0975 0.0002580595 0.041160576 0.105 -0.0002580595
          0.041160576 0.105 0.0002580595 0.041160576 0.1125 -0.0002580595
          0.041160576 0.1125 0.0002580595 0.041160576 0.12 -0.0002580595
          0.041160576 0.12 0.0002580595 0.041160576 0.1275 -0.0002580595
          0.041160576 0.1275 0.0002580595 0.041160576 0.135 -0.0002580595
          0.041160576 0.135 0.0002580595 0.041160576 0.1425 -0.0002580595
          0.041160576 0.1425 0.0002580595 0.041160576 0.15 -0.0002580595
          0.041160576 0.15 0.0002580595 0.044330288 0 -0.00012902975
          0.044330288 0 0.00012902975 0.044330288 0.0075 -0.00012902975
          0.044330288 0.0075 0.00012902975 0.044330288 0.015 -0.00012902975
          0.044330288 0.015 0.00012902975 0.044330288 0.0225 -0.00012902975
          0.044330288 0.0225 0.00012902975 0.044330288 0.03 -0.00012902975
          0.044330288 0.03 0.00012902975 0.044330288 0.0375 -0.00012902975
          0.044330288 0.0375 0.00012902975 0.044330288 0.045 -0.00012902975
          0.044330288 0.045 0.00012902975 0.044330288 0.0525 -0.00012902975
          0.044330288 0.0525 0.00012902975 0.044330288 0.06 -0.00012902975
          0.044330288 0.06 0.00012902975 0.044330288 0.0675 -0.00012902975
          0.044330288 0.0675 0.00012902975 0.044330288 0.075 -0.00012902975
          0.044330288 0.075 0.00012902975 0.044330288 0.0825 -0.00012902975
          0.044330288 0.0825 0.00012902975 0.044330288 0.09 -0.00012902975
          0.044330288 0.09 0.00012902975 0.044330288 0.0975 -0.00012902975
          0.044330288 0.0975 0.00012902975 0.044330288 0.105 -0.00012902975
          0.044330288 0.105 0.00012902975 0.044330288 0.1125 -0.00012902975
          0.044330288 0.1125 0.00012902975 0.044330288 0.12 -0.00012902975
          0.044330288 0.12 0.00012902975 0.044330288 0.1275 -0.00012902975
          0.044330288 0.1275 0.00012902975 0.044330288 0.135 -0.00012902975
          0.044330288 0.135 0.00012902975 0.044330288 0.1425 -0.00012902975
          0.044330288 0.1425 0.00012902975 0.044330288 0.15 -0.00012902975
          0.044330288 0.15 0.00012902975 0.0475 0 0
          0.0475 0.0075 0 0.0475 0.015 0
          0.0475 0.0225 0 0.0475 0.03 0
          0.0475 0.0375 0 0.0475 0.045 0
          0.0475 0.0525 0 0.0475 0.06 0
          0.0475 0.0675 0 0.0475 0.075 0
          0.0475 0.0825 0 0.0475 0.09 0
          0.0475 0.0975 0 0.0475 0.105 0
          0.0475 0.1125 0 0.0475 0.12 0
          0.0475 0.1275 0 0.0475 0.135 0
          0.0475 0.1425 0 0.0475 0.15 0
          <InformationKey name="L2_NORM_RANGE" location="vtkDataArray" length="2">
            <Value index="0">
              0.0014931195183
            </Value>
            <Value index="1">
              0.15734119528
            </Value>
          </InformationKey>
        </DataArray>
      </Points>
      <Cells>
        <DataArray type="Int64" Name="connectivity" format="ascii" RangeMin="0" RangeMax="1305">
          812 768 809 767 811 809
          723 767 765 768 724 765
          988 987 1029 1031 1032 1029
          987 988 985 1032 1031 1073
          152 108 149 107 151 149
          1075 1076 1073 944 943 985
          724 680 721 679 723 721
          943 944 941 64 63 105
          900 899 941 899 900 897
          680 636 677 635 679 677
          196 152 193 151 195 193
          856 855 897 855 856 853
          107 108 105 812 811 853
          591 635 633 636 592 633
          811 812 809 768 767 809
          195 239 237 240 196 237
          724 723 765 767 768 765
          151 152 149 547 591 589
          592 548 589 680 679 721
          195 196 193 108 107 149
          636 635 677 723 724 721
          592 591 633 547 589 545
          589 548 545 416 372 413
          371 415 413 327 371 369
          372 328 369 413 415 457
          416 413 457 369 328 325
          327 369 325 415 459 457
          460 416 457 460 457 501
          457 459 501 328 284 325
          283 327 325 459 503 501
          504 460 501 283 325 281
          325 284 281 284 240 281
          239 283 281 548 504 545
          503 547 545 679 680 677
          152 151 193 635 636 633
          591 592 589 504 501 545
          501 503 545 413 372 369
          371 413 369 196 195 237
          240 237 281 237 239 281
          1076 1032 1073 1032 988 1029
          944 900 941 900 856 897
          108 64 105 63 107 105
          855 899 897 899 943 941
          987 1031 1029 1031 1075 1073
          988 944 985 856 812 853
          811 855 853 943 987 985
          1243 1285 1244 1160 1118 1159
          1160 1159 1201 1202 1160 1201
          22 0 21 1118 1117 1159
          1243 1244 1202 1243 1202 1201
          1118 1076 1117 1076 1075 1117
          22 63 64 22 21 63
          1246 1244 1285 1286 1246 1285
          1248 1246 1286 1287 1248 1286
          1250 1248 1287 1288 1250 1287
          1252 1250 1288 1289 1252 1288
          1254 1252 1289 1290 1254 1289
          1256 1254 1290 1291 1256 1290
          1258 1256 1291 1292 1258 1291
          1260 1258 1292 1293 1260 1292
          1262 1260 1293 1294 1262 1293
          1264 1262 1294 1295 1264 1294
          1266 1264 1295 1296 1266 1295
          1268 1266 1296 1297 1268 1296
          1270 1268 1297 1298 1270 1297
          1272 1270 1298 1299 1272 1298
          1274 1272 1299 1300 1274 1299
          1276 1274 1300 1301 1276 1300
          1278 1276 1301 1302 1278 1301
          1280 1278 1302 1303 1280 1302
          1282 1280 1303 1304 1282 1303
          1284 1282 1304 1305 1284 1304
          1204 1202 1244 1246 1204 1244
          1206 1204 1246 1248 1206 1246
          1208 1206 1248 1250 1208 1248
          1210 1208 1250 1252 1210 1250
          1212 1210 1252 1254 1212 1252
          1214 1212 1254 1256 1214 1254
          1216 1214 1256 1258 1216 1256
          1218 1216 1258 1260 1218 1258
          1220 1218 1260 1262 1220 1260
          1222 1220 1262 1264 1222 1262
          1224 1222 1264 1266 1224 1264
          1226 1224 1266 1268 1226 1266
          1228 1226 1268 1270 1228 1268
          1230 1228 1270 1272 1230 1270
          1232 1230 1272 1274 1232 1272
          1234 1232 1274 1276 1234 1274
          1236 1234 1276 1278 1236 1276
          1238 1236 1278 1280 1238 1278
          1240 1238 1280 1282 1240 1280
          1242 1240 1282 1284 1242 1282
          1162 1160 1202 1204 1162 1202
          1164 1162 1204 1206 1164 1204
          1166 1164 1206 1208 1166 1206
          1168 1166 1208 1210 1168 1208
          1170 1168 1210 1212 1170 1210
          1172 1170 1212 1214 1172 1212
          1174 1172 1214 1216 1174 1214
          1176 1174 1216 1218 1176 1216
          1178 1176 1218 1220 1178 1218
          1180 1178 1220 1222 1180 1220
          1182 1180 1222 1224 1182 1222
          1184 1182 1224 1226 1184 1224
          1186 1184 1226 1228 1186 1226
          1188 1186 1228 1230 1188 1228
          1190 1188 1230 1232 1190 1230
          1192 1190 1232 1234 1192 1232
          1194 1192 1234 1236 1194 1234
          1196 1194 1236 1238 1196 1236
          1198 1196 1238 1240 1198 1238
          1200 1198 1240 1242 1200 1240
          1120 1118 1160 1162 1120 1160
          1122 1120 1162 1164 1122 1162
          1124 1122 1164 1166 1124 1164
          1126 1124 1166 1168 1126 1166
          1128 1126 1168 1170 1128 1168
          1130 1128 1170 1172 1130 1170
          1132 1130 1172 1174 1132 1172
          1134 1132 1174 1176 1134 1174
          1136 1134 1176 1178 1136 1176
          1138 1136 1178 1180 1138 1178
          1140 1138 1180 1182 1140 1180
          1142 1140 1182 1184 1142 1182
          1144 1142 1184 1186 1144 1184
          1146 1144 1186 1188 1146 1186
          1148 1146 1188 1190 1148 1188
          1150 1148 1190 1192 1150 1190
          1152 1150 1192 1194 1152 1192
          1154 1152 1194 1196 1154 1194
          1156 1154 1196 1198 1156 1196
          1158 1156 1198 1200 1158 1198
          1078 1076 1118 1120 1078 1118
          1080 1078 1120 1122 1080 1120
          1082 1080 1122 1124 1082 1122
          1084 1082 1124 1126 1084 1124
          1086 1084 1126 1128 1086 1126
          1088 1086 1128 1130 1088 1128
          1090 1088 1130 1132 1090 1130
          1092 1090 1132 1134 1092 1132
          1094 1092 1134 1136 1094 1134
          1096 1094 1136 1138 1096 1136
          1098 1096 1138 1140 1098 1138
          1100 1098 1140 1142 1100 1140
          1102 1100 1142 1144 1102 1142
          1104 1102 1144 1146 1104 1144
          1106 1104 1146 1148 1106 1146
          1108 1106 1148 1150 1108 1148
          1110 1108 1150 1152 1110 1150
          1112 1110 1152 1154 1112 1152
          1114 1112 1154 1156 1114 1154
          1116 1114 1156 1158 1116 1156
          1034 1032 1076 1078 1034 1076
          1036 1034 1078 1080 1036 1078
          1038 1036 1080 1082 1038 1080
          1040 1038 1082 1084 1040 1082
          1042 1040 1084 1086 1042 1084
          1044 1042 1086 1088 1044 1086
          1046 1044 1088 1090 1046 1088
          1048 1046 1090 1092 1048 1090
          1050 1048 1092 1094 1050 1092
          1052 1050 1094 1096 1052 1094
          1054 1052 1096 1098 1054 1096
          1056 1054 1098 1100 1056 1098
          1058 1056 1100 1102 1058 1100
          1060 1058 1102 1104 1060 1102
          1062 1060 1104 1106 1062 1104
          1064 1062 1106 1108 1064 1106
          1066 1064 1108 1110 1066 1108
          1068 1066 1110 1112 1068 1110
          1070 1068 1112 1114 1070 1112
          1072 1070 1114 1116 1072 1114
          990 988 1032 1034 990 1032
          992 990 1034 1036 992 1034
          994 992 1036 1038 994 1036
          996 994 1038 1040 996 1038
          998 996 1040 1042 998 1040
          1000 998 1042 1044 1000 1042
          1002 1000 1044 1046 1002 1044
          1004 1002 1046 1048 1004 1046
          1006 1004 1048 1050 1006 1048
          1008 1006 1050 1052 1008 1050
          1010 1008 1052 1054 1010 1052
          1012 1010 1054 1056 1012 1054
          1014 1012 1056 1058 1014 1056
          1016 1014 1058 1060 1016 1058
          1018 1016 1060 1062 1018 1060
          1020 1018 1062 1064 1020 1062
          1022 1020 1064 1066 1022 1064
          1024 1022 1066 1068 1024 1066
          1026 1024 1068 1070 1026 1068
          1028 1026 1070 1072 1028 1070
          946 944 988 990 946 988
          948 946 990 992 948 990
          950 948 992 994 950 992
          952 950 994 996 952 994
          954 952 996 998 954 996
          956 954 998 1000 956 998
          958 956 1000 1002 958 1000
          960 958 1002 1004 960 1002
          962 960 1004 1006 962 1004
          964 962 1006 1008 964 1006
          966 964 1008 1010 966 1008
          968 966 1010 1012 968 1010
          970 968 1012 1014 970 1012
          972 970 1014 1016 972 1014
          974 972 1016 1018 974 1016
          976 974 1018 1020 976 1018
          978 976 1020 1022 978 1020
          980 978 1022 1024 980 1022
          982 980 1024 1026 982 1024
          984 982 1026 1028 984 1026
          902 900 944 946 902 944
          904 902 946 948 904 946
          906 904 948 950 906 948
          908 906 950 952 908 950
          910 908 952 954 910 952
          912 910 954 956 912 954
          914 912 956 958 914 956
          916 914 958 960 916 958
          918 916 960 962 918 960
          920 918 962 964 920 962
          922 920 964 966 922 964
          924 922 966 968 924 966
          926 924 968 970 926 968
          928 926 970 972 928 970
          930 928 972 974 930 972
          932 930 974 976 932 974
          934 932 976 978 934 976
          936 934 978 980 936 978
          938 936 980 982 938 980
          940 938 982 984 940 982
          858 856 900 902 858 900
          860 858 902 904 860 902
          862 860 904 906 862 904
          864 862 906 908 864 906
          866 864 908 910 866 908
          868 866 910 912 868 910
          870 868 912 914 870 912
          872 870 914 916 872 914
          874 872 916 918 874 916
          876 874 918 920 876 918
          878 876 920 922 878 920
          880 878 922 924 880 922
          882 880 924 926 882 924
          884 882 926 928 884 926
          886 884 928 930 886 928
          888 886 930 932 888 930
          890 888 932 934 890 932
          892 890 934 936 892 934
          894 892 936 938 894 936
          896 894 938 940 896 938
          814 812 856 858 814 856
          816 814 858 860 816 858
          818 816 860 862 818 860
          820 818 862 864 820 862
          822 820 864 866 822 864
          824 822 866 868 824 866
          826 824 868 870 826 868
          828 826 870 872 828 870
          830 828 872 874 830 872
          832 830 874 876 832 874
          834 832 876 878 834 876
          836 834 878 880 836 878
          838 836 880 882 838 880
          840 838 882 884 840 882
          842 840 884 886 842 884
          844 842 886 888 844 886
          846 844 888 890 846 888
          848 846 890 892 848 890
          850 848 892 894 850 892
          852 850 894 896 852 894
          770 768 812 814 770 812
          772 770 814 816 772 814
          774 772 816 818 774 816
          776 774 818 820 776 818
          778 776 820 822 778 820
          780 778 822 824 780 822
          782 780 824 826 782 824
          784 782 826 828 784 826
          786 784 828 830 786 828
          788 786 830 832 788 830
          790 788 832 834 790 832
          792 790 834 836 792 834
          794 792 836 838 794 836
          796 794 838 840 796 838
          798 796 840 842 798 840
          800 798 842 844 800 842
          802 800 844 846 802 844
          804 802 846 848 804 846
          806 804 848 850 806 848
          808 806 850 852 808 850
          726 724 768 770 726 768
          728 726 770 772 728 770
          730 728 772 774 730 772
          732 730 774 776 732 774
          734 732 776 778 734 776
          736 734 778 780 736 778
          738 736 780 782 738 780
          740 738 782 784 740 782
          742 740 784 786 742 784
          744 742 786 788 744 786
          746 744 788 790 746 788
          748 746 790 792 748 790
          750 748 792 794 750 792
          752 750 794 796 752 794
          754 752 796 798 754 796
          756 754 798 800 756 798
          758 756 800 802 758 800
          760 758 802 804 760 802
          762 760 804 806 762 804
          764 762 806 808 764 806
          682 680 724 726 682 724
          684 682 726 728 684 726
          686 684 728 730 686 728
          688 686 730 732 688 730
          690 688 732 734 690 732
          692 690 734 736 692 734
          694 692 736 738 694 736
          696 694 738 740 696 738
          698 696 740 742 698 740
          700 698 742 744 700 742
          702 700 744 746 702 744
          704 702 746 748 704 746
          706 704 748 750 706 748
          708 706 750 752 708 750
          710 708 752 754 710 752
          712 710 754 756 712 754
          714 712 756 758 714 756
          716 714 758 760 716 758
          718 716 760 762 718 760
          720 718 762 764 720 762
          638 636 680 682 638 680
          640 638 682 684 640 682
          642 640 684 686 642 684
          644 642 686 688 644 686
          646 644 688 690 646 688
          648 646 690 692 648 690
          650 648 692 694 650 692
          652 650 694 696 652 694
          654 652 696 698 654 696
          656 654 698 700 656 698
          658 656 700 702 658 700
          660 658 702 704 660 702
          662 660 704 706 662 704
          664 662 706 708 664 706
          666 664 708 710 666 708
          668 666 710 712 668 710
          670 668 712 714 670 712
          672 670 714 716 672 714
          674 672 716 718 674 716
          676 674 718 720 676 718
          594 592 636 638 594 636
          596 594 638 640 596 638
          598 596 640 642 598 640
          600 598 642 644 600 642
          602 600 644 646 602 644
          604 602 646 648 604 646
          606 604 648 650 606 648
          608 606 650 652 608 650
          610 608 652 654 610 652
          612 610 654 656 612 654
          614 612 656 658 614 656
          616 614 658 660 616 658
          618 616 660 662 618 660
          620 618 662 664 620 662
          622 620 664 666 622 664
          624 622 666 668 624 666
          626 624 668 670 626 668
          628 626 670 672 628 670
          630 628 672 674 630 672
          632 630 674 676 632 674
          550 548 592 594 550 592
          552 550 594 596 552 594
          554 552 596 598 554 596
          556 554 598 600 556 598
          558 556 600 602 558 600
          560 558 602 604 560 602
          562 560 604 606 562 604
          564 562 606 608 564 606
          566 564 608 610 566 608
          568 566 610 612 568 610
          570 568 612 614 570 612
          572 570 614 616 572 614
          574 572 616 618 574 616
          576 574 618 620 576 618
          578 576 620 622 578 620
          580 578 622 624 580 622
          582 580 624 626 582 624
          584 582 626 628 584 626
          586 584 628 630 586 628
          588 586 630 632 588 630
          506 504 548 550 506 548
          508 506 550 552 508 550
          510 508 552 554 510 552
          512 510 554 556 512 554
          514 512 556 558 514 556
          516 514 558 560 516 558
          518 516 560 562 518 560
          520 518 562 564 520 562
          522 520 564 566 522 564
          524 522 566 568 524 566
          526 524 568 570 526 568
          528 526 570 572 528 570
          530 528 572 574 530 572
          532 530 574 576 532 574
          534 532 576 578 534 576
          536 534 578 580 536 578
          538 536 580 582 538 580
          540 538 582 584 540 582
          542 540 584 586 542 584
          544 542 586 588 544 586
          462 460 504 506 462 504
          464 462 506 508 464 506
          466 464 508 510 466 508
          468 466 510 512 468 510
          470 468 512 514 470 512
          472 470 514 516 472 514
          474 472 516 518 474 516
          476 474 518 520 476 518
          478 476 520 522 478 520
          480 478 522 524 480 522
          482 480 524 526 482 524
          484 482 526 528 484 526
          486 484 528 530 486 528
          488 486 530 532 488 530
          490 488 532 534 490 532
          492 490 534 536 492 534
          494 492 536 538 494 536
          496 494 538 540 496 538
          498 496 540 542 498 540
          500 498 542 544 500 542
          418 416 460 462 418 460
          420 418 462 464 420 462
          422 420 464 466 422 464
          424 422 466 468 424 466
          426 424 468 470 426 468
          428 426 470 472 428 470
          430 428 472 474 430 472
          432 430 474 476 432 474
          434 432 476 478 434 476
          436 434 478 480 436 478
          438 436 480 482 438 480
          440 438 482 484 440 482
          442 440 484 486 442 484
          444 442 486 488 444 486
          446 444 488 490 446 488
          448 446 490 492 448 490
          450 448 492 494 450 492
          452 450 494 496 452 494
          454 452 496 498 454 496
          456 454 498 500 456 498
          374 372 416 418 374 416
          376 374 418 420 376 418
          378 376 420 422 378 420
          380 378 422 424 380 422
          382 380 424 426 382 424
          384 382 426 428 384 426
          386 384 428 430 386 428
          388 386 430 432 388 430
          390 388 432 434 390 432
          392 390 434 436 392 434
          394 392 436 438 394 436
          396 394 438 440 396 438
          398 396 440 442 398 440
          400 398 442 444 400 442
          402 400 444 446 402 444
          404 402 446 448 404 446
          406 404 448 450 406 448
          408 406 450 452 408 450
          410 408 452 454 410 452
          412 410 454 456 412 454
          330 328 372 374 330 372
          332 330 374 376 332 374
          334 332 376 378 334 376
          336 334 378 380 336 378
          338 336 380 382 338 380
          340 338 382 384 340 382
          342 340 384 386 342 384
          344 342 386 388 344 386
          346 344 388 390 346 388
          348 346 390 392 348 390
          350 348 392 394 350 392
          352 350 394 396 352 394
          354 352 396 398 354 396
          356 354 398 400 356 398
          358 356 400 402 358 400
          360 358 402 404 360 402
          362 360 404 406 362 404
          364 362 406 408 364 406
          366 364 408 410 366 408
          368 366 410 412 368 410
          286 284 328 330 286 328
          288 286 330 332 288 330
          290 288 332 334 290 332
          292 290 334 336 292 334
          294 292 336 338 294 336
          296 294 338 340 296 338
          298 296 340 342 298 340
          300 298 342 344 300 342
          302 300 344 346 302 344
          304 302 346 348 304 346
          306 304 348 350 306 348
          308 306 350 352 308 350
          310 308 352 354 310 352
          312 310 354 356 312 354
          314 312 356 358 314 356
          316 314 358 360 316 358
          318 316 360 362 318 360
          320 318 362 364 320 362
          322 320 364 366 322 364
          324 322 366 368 324 366
          242 240 284 286 242 284
          244 242 286 288 244 286
          246 244 288 290 246 288
          248 246 290 292 248 290
          250 248 292 294 250 292
          252 250 294 296 252 294
          254 252 296 298 254 296
          256 254 298 300 256 298
          258 256 300 302 258 300
          260 258 302 304 260 302
          262 260 304 306 262 304
          264 262 306 308 264 306
          266 264 308 310 266 308
          268 266 310 312 268 310
          270 268 312 314 270 312
          272 270 314 316 272 314
          274 272 316 318 274 316
          276 274 318 320 276 318
          278 276 320 322 278 320
          280 278 322 324 280 322
          198 196 240 242 198 240
          200 198 242 244 200 242
          202 200 244 246 202 244
          204 202 246 248 204 246
          206 204 248 250 206 248
          208 206 250 252 208 250
          210 208 252 254 210 252
          212 210 254 256 212 254
          214 212 256 258 214 256
          216 214 258 260 216 258
          218 216 260 262 218 260
          220 218 262 264 220 262
          222 220 264 266 222 264
          224 222 266 268 224 266
          226 224 268 270 226 268
          228 226 270 272 228 270
          230 228 272 274 230 272
          232 230 274 276 232 274
          234 232 276 278 234 276
          236 234 278 280 236 278
          154 152 196 198 154 196
          156 154 198 200 156 198
          158 156 200 202 158 200
          160 158 202 204 160 202
          162 160 204 206 162 204
          164 162 206 208 164 206
          166 164 208 210 166 208
          168 166 210 212 168 210
          170 168 212 214 170 212
          172 170 214 216 172 214
          174 172 216 218 174 216
          176 174 218 220 176 218
          178 176 220 222 178 220
          180 178 222 224 180 222
          182 180 224 226 182 224
          184 182 226 228 184 226
          186 184 228 230 186 228
          188 186 230 232 188 230
          190 188 232 234 190 232
          192 190 234 236 192 234
          110 108 152 154 110 152
          112 110 154 156 112 154
          114 112 156 158 114 156
          116 114 158 160 116 158
          118 116 160 162 118 160
          120 118 162 164 120 162
          122 120 164 166 122 164
          124 122 166 168 124 166
          126 124 168 170 126 168
          128 126 170 172 128 170
          130 128 172 174 130 172
          132 130 174 176 132 174
          134 132 176 178 134 176
          136 134 178 180 136 178
          138 136 180 182 138 180
          140 138 182 184 140 182
          142 140 184 186 142 184
          144 142 186 188 144 186
          146 144 188 190 146 188
          148 146 190 192 148 190
          66 64 108 110 66 108
          68 66 110 112 68 110
          70 68 112 114 70 112
          72 70 114 116 72 114
          74 72 116 118 74 116
          76 74 118 120 76 118
          78 76 120 122 78 120
          80 78 122 124 80 122
          82 80 124 126 82 124
          84 82 126 128 84 126
          86 84 128 130 86 128
          88 86 130 132 88 130
          90 88 132 134 90 132
          92 90 134 136 92 134
          94 92 136 138 94 136
          96 94 138 140 96 138
          98 96 140 142 98 140
          100 98 142 144 100 142
          102 100 144 146 102 144
          104 102 146 148 104 146
          24 22 64 66 24 64
          26 24 66 68 26 66
          28 26 68 70 28 68
          30 28 70 72 30 70
          32 30 72 74 32 72
          34 32 74 76 34 74
          36 34 76 78 36 76
          38 36 78 80 38 78
          40 38 80 82 40 80
          42 40 82 84 42 82
          44 42 84 86 44 84
          46 44 86 88 46 86
          48 46 88 90 48 88
          50 48 90 92 50 90
          52 50 92 94 52 92
          54 52 94 96 54 94
          56 54 96 98 56 96
          58 56 98 100 58 98
          60 58 100 102 60 100
          62 60 102 104 62 102
          1 0 22 24 1 22
          2 1 24 26 2 24
          3 2 26 28 3 26
          4 3 28 30 4 28
          5 4 30 32 5 30
          6 5 32 34 6 32
          7 6 34 36 7 34
          8 7 36 38 8 36
          9 8 38 40 9 38
          10 9 40 42 10 40
          11 10 42 44 11 42
          12 11 44 46 12 44
          13 12 46 48 13 46
          14 13 48 50 14 48
          15 14 50 52 15 50
          16 15 52 54 16 52
          17 16 54 56 17 54
          18 17 56 58 18 56
          19 18 58 60 19 58
          20 19 60 62 20 60
          23 21 0 1 23 0
          25 23 1 2 25 1
          27 25 2 3 27 2
          29 27 3 4 29 3
          31 29 4 5 31 4
          33 31 5 6 33 5
          35 33 6 7 35 6
          37 35 7 8 37 7
          39 37 8 9 39 8
          41 39 9 10 41 9
          43 41 10 11 43 10
          45 43 11 12 45 11
          47 45 12 13 47 12
          49 47 13 14 49 13
          51 49 14 15 51 14
          53 51 15 16 53 15
          55 53 16 17 55 16
          57 55 17 18 57 17
          59 57 18 19 59 18
          61 59 19 20 61 19
          65 63 21 23 65 21
          67 65 23 25 67 23
          69 67 25 27 69 25
          71 69 27 29 71 27
          73 71 29 31 73 29
          75 73 31 33 75 31
          77 75 33 35 77 33
          79 77 35 37 79 35
          81 79 37 39 81 37
          83 81 39 41 83 39
          85 83 41 43 85 41
          87 85 43 45 87 43
          89 87 45 47 89 45
          91 89 47 49 91 47
          93 91 49 51 93 49
          95 93 51 53 95 51
          97 95 53 55 97 53
          99 97 55 57 99 55
          101 99 57 59 101 57
          103 101 59 61 103 59
          109 107 63 65 109 63
          111 109 65 67 111 65
          113 111 67 69 113 67
          115 113 69 71 115 69
          117 115 71 73 117 71
          119 117 73 75 119 73
          121 119 75 77 121 75
          123 121 77 79 123 77
          125 123 79 81 125 79
          127 125 81 83 127 81
          129 127 83 85 129 83
          131 129 85 87 131 85
          133 131 87 89 133 87
          135 133 89 91 135 89
          137 135 91 93 137 91
          139 137 93 95 139 93
          141 139 95 97 141 95
          143 141 97 99 143 97
          145 143 99 101 145 99
          147 145 101 103 147 101
          153 151 107 109 153 107
          155 153 109 111 155 109
          157 155 111 113 157 111
          159 157 113 115 159 113
          161 159 115 117 161 115
          163 161 117 119 163 117
          165 163 119 121 165 119
          167 165 121 123 167 121
          169 167 123 125 169 123
          171 169 125 127 171 125
          173 171 127 129 173 127
          175 173 129 131 175 129
          177 175 131 133 177 131
          179 177 133 135 179 133
          181 179 135 137 181 135
          183 181 137 139 183 137
          185 183 139 141 185 139
          187 185 141 143 187 141
          189 187 143 145 189 143
          191 189 145 147 191 145
          197 195 151 153 197 151
          199 197 153 155 199 153
          201 199 155 157 201 155
          203 201 157 159 203 157
          205 203 159 161 205 159
          207 205 161 163 207 161
          209 207 163 165 209 163
          211 209 165 167 211 165
          213 211 167 169 213 167
          215 213 169 171 215 169
          217 215 171 173 217 171
          219 217 173 175 219 173
          221 219 175 177 221 175
          223 221 177 179 223 177
          225 223 179 181 225 179
          227 225 181 183 227 181
          229 227 183 185 229 183
          231 229 185 187 231 185
          233 231 187 189 233 187
          235 233 189 191 235 189
          241 239 195 197 241 195
          243 241 197 199 243 197
          245 243 199 201 245 199
          247 245 201 203 247 201
          249 247 203 205 249 203
          251 249 205 207 251 205
          253 251 207 209 253 207
          255 253 209 211 255 209
          257 255 211 213 257 211
          259 257 213 215 259 213
          261 259 215 217 261 215
          263 261 217 219 263 217
          265 263 219 221 265 219
          267 265 221 223 267 221
          269 267 223 225 269 223
          271 269 225 227 271 225
          273 271 227 229 273 227
          275 273 229 231 275 229
          277 275 231 233 277 231
          279 277 233 235 279 233
          285 283 239 241 285 239
          287 285 241 243 287 241
          289 287 243 245 289 243
          291 289 245 247 291 245
          293 291 247 249 293 247
          295 293 249 251 295 249
          297 295 251 253 297 251
          299 297 253 255 299 253
          301 299 255 257 301 255
          303 301 257 259 303 257
          305 303 259 261 305 259
          307 305 261 263 307 261
          309 307 263 265 309 263
          311 309 265 267 311 265
          313 311 267 269 313 267
          315 313 269 271 315 269
          317 315 271 273 317 271
          319 317 273 275 319 273
          321 319 275 277 321 275
          323 321 277 279 323 277
          329 327 283 285 329 283
          331 329 285 287 331 285
          333 331 287 289 333 287
          335 333 289 291 335 289
          337 335 291 293 337 291
          339 337 293 295 339 293
          341 339 295 297 341 295
          343 341 297 299 343 297
          345 343 299 301 345 299
          347 345 301 303 347 301
          349 347 303 305 349 303
          351 349 305 307 351 305
          353 351 307 309 353 307
          355 353 309 311 355 309
          357 355 311 313 357 311
          359 357 313 315 359 313
          361 359 315 317 361 315
          363 361 317 319 363 317
          365 363 319 321 365 319
          367 365 321 323 367 321
          373 371 327 329 373 327
          375 373 329 331 375 329
          377 375 331 333 377 331
          379 377 333 335 379 333
          381 379 335 337 381 335
          383 381 337 339 383 337
          385 383 339 341 385 339
          387 385 341 343 387 341
          389 387 343 345 389 343
          391 389 345 347 391 345
          393 391 347 349 393 347
          395 393 349 351 395 349
          397 395 351 353 397 351
          399 397 353 355 399 353
          401 399 355 357 401 355
          403 401 357 359 403 357
          405 403 359 361 405 359
          407 405 361 363 407 361
          409 407 363 365 409 363
          411 409 365 367 411 365
          417 415 371 373 417 371
          419 417 373 375 419 373
          421 419 375 377 421 375
          423 421 377 379 423 377
          425 423 379 381 425 379
          427 425 381 383 427 381
          429 427 383 385 429 383
          431 429 385 387 431 385
          433 431 387 389 433 387
          435 433 389 391 435 389
          437 435 391 393 437 391
          439 437 393 395 439 393
          441 439 395 397 441 395
          443 441 397 399 443 397
          445 443 399 401 445 399
          447 445 401 403 447 401
          449 447 403 405 449 403
          451 449 405 407 451 405
          453 451 407 409 453 407
          455 453 409 411 455 409
          461 459 415 417 461 415
          463 461 417 419 463 417
          465 463 419 421 465 419
          467 465 421 423 467 421
          469 467 423 425 469 423
          471 469 425 427 471 425
          473 471 427 429 473 427
          475 473 429 431 475 429
          477 475 431 433 477 431
          479 477 433 435 479 433
          481 479 435 437 481 435
          483 481 437 439 483 437
          485 483 439 441 485 439
          487 485 441 443 487 441
          489 487 443 445 489 443
          491 489 445 447 491 445
          493 491 447 449 493 447
          495 493 449 451 495 449
          497 495 451 453 497 451
          499 497 453 455 499 453
          505 503 459 461 505 459
          507 505 461 463 507 461
          509 507 463 465 509 463
          511 509 465 467 511 465
          513 511 467 469 513 467
          515 513 469 471 515 469
          517 515 471 473 517 471
          519 517 473 475 519 473
          521 519 475 477 521 475
          523 521 477 479 523 477
          525 523 479 481 525 479
          527 525 481 483 527 481
          529 527 483 485 529 483
          531 529 485 487 531 485
          533 531 487 489 533 487
          535 533 489 491 535 489
          537 535 491 493 537 491
          539 537 493 495 539 493
          541 539 495 497 541 495
          543 541 497 499 543 497
          549 547 503 505 549 503
          551 549 505 507 551 505
          553 551 507 509 553 507
          555 553 509 511 555 509
          557 555 511 513 557 511
          559 557 513 515 559 513
          561 559 515 517 561 515
          563 561 517 519 563 517
          565 563 519 521 565 519
          567 565 521 523 567 521
          569 567 523 525 569 523
          571 569 525 527 571 525
          573 571 527 529 573 527
          575 573 529 531 575 529
          577 575 531 533 577 531
          579 577 533 535 579 533
          581 579 535 537 581 535
          583 581 537 539 583 537
          585 583 539 541 585 539
          587 585 541 543 587 541
          593 591 547 549 593 547
          595 593 549 551 595 549
          597 595 551 553 597 551
          599 597 553 555 599 553
          601 599 555 557 601 555
          603 601 557 559 603 557
          605 603 559 561 605 559
          607 605 561 563 607 561
          609 607 563 565 609 563
          611 609 565 567 611 565
          613 611 567 569 613 567
          615 613 569 571 615 569
          617 615 571 573 617 571
          619 617 573 575 619 573
          621 619 575 577 621 575
          623 621 577 579 623 577
          625 623 579 581 625 579
          627 625 581 583 627 581
          629 627 583 585 629 583
          631 629 585 587 631 585
          637 635 591 593 637 591
          639 637 593 595 639 593
          641 639 595 597 641 595
          643 641 597 599 643 597
          645 643 599 601 645 599
          647 645 601 603 647 601
          649 647 603 605 649 603
          651 649 605 607 651 605
          653 651 607 609 653 607
          655 653 609 611 655 609
          657 655 611 613 657 611
          659 657 613 615 659 613
          661 659 615 617 661 615
          663 661 617 619 663 617
          665 663 619 621 665 619
          667 665 621 623 667 621
          669 667 623 625 669 623
          671 669 625 627 671 625
          673 671 627 629 673 627
          675 673 629 631 675 629
          681 679 635 637 681 635
          683 681 637 639 683 637
          685 683 639 641 685 639
          687 685 641 643 687 641
          689 687 643 645 689 643
          691 689 645 647 691 645
          693 691 647 649 693 647
          695 693 649 651 695 649
          697 695 651 653 697 651
          699 697 653 655 699 653
          701 699 655 657 701 655
          703 701 657 659 703 657
          705 703 659 661 705 659
          707 705 661 663 707 661
          709 707 663 665 709 663
          711 709 665 667 711 665
          713 711 667 669 713 667
          715 713 669 671 715 669
          717 715 671 673 717 671
          719 717 673 675 719 673
          725 723 679 681 725 679
          727 725 681 683 727 681
          729 727 683 685 729 683
          731 729 685 687 731 685
          733 731 687 689 733 687
          735 733 689 691 735 689
          737 735 691 693 737 691
          739 737 693 695 739 693
          741 739 695 697 741 695
          743 741 697 699 743 697
          745 743 699 701 745 699
          747 745 701 703 747 701
          749 747 703 705 749 703
          751 749 705 707 751 705
          753 751 707 709 753 707
          755 753 709 711 755 709
          757 755 711 713 757 711
          759 757 713 715 759 713
          761 759 715 717 761 715
          763 761 717 719 763 717
          769 767 723 725 769 723
          771 769 725 727 771 725
          773 771 727 729 773 727
          775 773 729 731 775 729
          777 775 731 733 777 731
          779 777 733 735 779 733
          781 779 735 737 781 735
          783 781 737 739 783 737
          785 783 739 741 785 739
          787 785 741 743 787 741
          789 787 743 745 789 743
          791 789 745 747 791 745
          793 791 747 749 793 747
          795 793 749 751 795 749
          797 795 751 753 797 751
          799 797 753 755 799 753
          801 799 755 757 801 755
          803 801 757 759 803 757
          805 803 759 761 805 759
          807 805 761 763 807 761
          813 811 767 769 813 767
          815 813 769 771 815 769
          817 815 771 773 817 771
          819 817 773 775 819 773
          821 819 775 777 821 775
          823 821 777 779 823 777
          825 823 779 781 825 779
          827 825 781 783 827 781
          829 827 783 785 829 783
          831 829 785 787 831 785
          833 831 787 789 833 787
          835 833 789 791 835 789
          837 835 791 793 837 791
          839 837 793 795 839 793
          841 839 795 797 841 795
          843 841 797 799 843 797
          845 843 799 801 845 799
          847 845 801 803 847 801
          849 847 803 805 849 803
          851 849 805 807 851 805
          857 855 811 813 857 811
          859 857 813 815 859 813
          861 859 815 817 861 815
          863 861 817 819 863 817
          865 863 819 821 865 819
          867 865 821 823 867 821
          869 867 823 825 869 823
          871 869 825 827 871 825
          873 871 827 829 873 827
          875 873 829 831 875 829
          877 875 831 833 877 831
          879 877 833 835 879 833
          881 879 835 837 881 835
          883 881 837 839 883 837
          885 883 839 841 885 839
          887 885 841 843 887 841
          889 887 843 845 889 843
          891 889 845 847 891 845
          893 891 847 849 893 847
          895 893 849 851 895 849
          901 899 855 857 901 855
          903 901 857 859 903 857
          905 903 859 861 905 859
          907 905 861 863 907 861
          909 907 863 865 909 863
          911 909 865 867 911 865
          913 911 867 869 913 867
          915 913 869 871 915 869
          917 915 871 873 917 871
          919 917 873 875 919 873
          921 919 875 877 921 875
          923 921 877 879 923 877
          925 923 879 881 925 879
          927 925 881 883 927 881
          929 927 883 885 929 883
          931 929 885 887 931 885
          933 931 887 889 933 887
          935 933 889 891 935 889
          937 935 891 893 937 891
          939 937 893 895 939 893
          945 943 899 901 945 899
          947 945 901 903 947 901
          949 947 903 905 949 903
          951 949 905 907 951 905
          953 951 907 909 953 907
          955 953 909 911 955 909
          957 955 911 913 957 911
          959 957 913 915 959 913
          961 959 915 917 961 915
          963 961 917 919 963 917
          965 963 919 921 965 919
          967 965 921 923 967 921
          969 967 923 925 969 923
          971 969 925 927 971 925
          973 971 927 929 973 927
          975 973 929 931 975 929
          977 975 931 933 977 931
          979 977 933 935 979 933
          981 979 935 937 981 935
          983 981 937 939 983 937
          989 987 943 945 989 943
          991 989 945 947 991 945
          993 991 947 949 993 947
          995 993 949 951 995 949
          997 995 951 953 997 951
          999 997 953 955 999 953
          1001 999 955 957 1001 955
          1003 1001 957 959 1003 957
          1005 1003 959 961 1005 959
          1007 1005 961 963 1007 961
          1009 1007 963 965 1009 963
          1011 1009 965 967 1011 965
          1013 1011 967 969 1013 967
          1015 1013 969 971 1015 969
          1017 1015 971 973 1017 971
          1019 1017 973 975 1019 973
          1021 1019 975 977 1021 975
          1023 1021 977 979 1023 977
          1025 1023 979 981 1025 979
          1027 1025 981 983 1027 981
          1033 1031 987 989 1033 987
          1035 1033 989 991 1035 989
          1037 1035 991 993 1037 991
          1039 1037 993 995 1039 993
          1041 1039 995 997 1041 995
          1043 1041 997 999 1043 997
          1045 1043 999 1001 1045 999
          1047 1045 1001 1003 1047 1001
          1049 1047 1003 1005 1049 1003
          1051 1049 1005 1007 1051 1005
          1053 1051 1007 1009 1053 1007
          1055 1053 1009 1011 1055 1009
          1057 1055 1011 1013 1057 1011
          1059 1057 1013 1015 1059 1013
          1061 1059 1015 1017 1061 1015
          1063 1061 1017 1019 1063 1017
          1065 1063 1019 1021 1065 1019
          1067 1065 1021 1023 1067 1021
          1069 1067 1023 1025 1069 1023
          1071 1069 1025 1027 1071 1025
          1077 1075 1031 1033 1077 1031
          1079 1077 1033 1035 1079 1033
          1081 1079 1035 1037 1081 1035
          1083 1081 1037 1039 1083 1037
          1085 1083 1039 1041 1085 1039
          1087 1085 1041 1043 1087 1041
          1089 1087 1043 1045 1089 1043
          1091 1089 1045 1047 1091 1045
          1093 1091 1047 1049 1093 1047
          1095 1093 1049 1051 1095 1049
          1097 1095 1051 1053 1097 1051
          1099 1097 1053 1055 1099 1053
          1101 1099 1055 1057 1101 1055
          1103 1101 1057 1059 1103 1057
          1105 1103 1059 1061 1105 1059
          1107 1105 1061 1063 1107 1061
          1109 1107 1063 1065 1109 1063
          1111 1109 1065 1067 1111 1065
          1113 1111 1067 1069 1113 1067
          1115 1113 1069 1071 1115 1069
          1119 1117 1075 1077 1119 1075
          1121 1119 1077 1079 1121 1077
          1123 1121 1079 1081 1123 1079
          1125 1123 1081 1083 1125 1081
          1127 1125 1083 1085 1127 1083
          1129 1127 1085 1087 1129 1085
          1131 1129 1087 1089 1131 1087
          1133 1131 1089 1091 1133 1089
          1135 1133 1091 1093 1135 1091
          1137 1135 1093 1095 1137 1093
          1139 1137 1095 1097 1139 1095
          1141 1139 1097 1099 1141 1097
          1143 1141 1099 1101 1143 1099
          1145 1143 1101 1103 1145 1101
          1147 1145 1103 1105 1147 1103
          1149 1147 1105 1107 1149 1105
          1151 1149 1107 1109 1151 1107
          1153 1151 1109 1111 1153 1109
          1155 1153 1111 1113 1155 1111
          1157 1155 1113 1115 1157 1113
          1161 1159 1117 1119 1161 1117
          1163 1161 1119 1121 1163 1119
          1165 1163 1121 1123 1165 1121
          1167 1165 1123 1125 1167 1123
          1169 1167 1125 1127 1169 1125
          1171 1169 1127 1129 1171 1127
          1173 1171 1129 1131 1173 1129
          1175 1173 1131 1133 1175 1131
          1177 1175 1133 1135 1177 1133
          1179 1177 1135 1137 1179 1135
          1181 1179 1137 1139 1181 1137
          1183 1181 1139 1141 1183 1139
          1185 1183 1141 1143 1185 1141
          1187 1185 1143 1145 1187 1143
          1189 1187 1145 1147 1189 1145
          1191 1189 1147 1149 1191 1147
          1193 1191 1149 1151 1193 1149
          1195 1193 1151 1153 1195 1151
          1197 1195 1153 1155 1197 1153
          1199 1197 1155 1157 1199 1155
          1203 1201 1159 1161 1203 1159
          1205 1203 1161 1163 1205 1161
          1207 1205 1163 1165 1207 1163
          1209 1207 1165 1167 1209 1165
          1211 1209 1167 1169 1211 1167
          1213 1211 1169 1171 1213 1169
          1215 1213 1171 1173 1215 1171
          1217 1215 1173 1175 1217 1173
          1219 1217 1175 1177 1219 1175
          1221 1219 1177 1179 1221 1177
          1223 1221 1179 1181 1223 1179
          1225 1223 1181 1183 1225 1181
          1227 1225 1183 1185 1227 1183
          1229 1227 1185 1187 1229 1185
          1231 1229 1187 1189 1231 1187
          1233 1231 1189 1191 1233 1189
          1235 1233 1191 1193 1235 1191
          1237 1235 1193 1195 1237 1193
          1239 1237 1195 1197 1239 1195
          1241 1239 1197 1199 1241 1197
          1245 1243 1201 1203 1245 1201
          1247 1245 1203 1205 1247 1203
          1249 1247 1205 1207 1249 1205
          1251 1249 1207 1209 1251 1207
          1253 1251 1209 1211 1253 1209
          1255 1253 1211 1213 1255 1211
          1257 1255 1213 1215 1257 1213
          1259 1257 1215 1217 1259 1215
          1261 1259 1217 1219 1261 1217
          1263 1261 1219 1221 1263 1219
          1265 1263 1221 1223 1265 1221
          1267 1265 1223 1225 1267 1223
          1269 1267 1225 1227 1269 1225
          1271 1269 1227 1229 1271 1227
          1273 1271 1229 1231 1273 1229
          1275 1273 1231 1233 1275 1231
          1277 1275 1233 1235 1277 1233
          1279 1277 1235 1237 1279 1235
          1281 1279 1237 1239 1281 1237
          1283 1281 1239 1241 1283 1239
          1286 1285 1243 1245 1286 1243
          1287 1286 1245 1247 1287 1245
          1288 1287 1247 1249 1288 1247
          1289 1288 1249 1251 1289 1249
          1290 1289 1251 1253 1290 1251
          1291 1290 1253 1255 1291 1253
          1292 1291 1255 1257 1292 1255
          1293 1292 1257 1259 1293 1257
          1294 1293 1259 1261 1294 1259
          1295 1294 1261 1263 1295 1261
          1296 1295 1263 1265 1296 1263
          1297 1296 1265 1267 1297 1265
          1298 1297 1267 1269 1298 1267
          1299 1298 1269 1271 1299 1269
          1300 1299 1271 1273 1300 1271
          1301 1300 1273 1275 1301 1273
          1302 1301 1275 1277 1302 1275
          1303 1302 1277 1279 1303 1277
          1304 1303 1279 1281 1304 1279
          1305 1304 1281 1283 1305 1281
          852 810 808 807 810 851
          763 766 807 808 766 764
          1028 1030 1027 1071 1030 1072
          1027 986 1028 1072 1074 1071
          192 150 148 147 150 191
          1115 1074 1116 984 986 983
          764 722 720 719 722 763
          983 942 984 104 106 103
          940 942 939 939 898 940
          720 678 676 675 678 719
          236 194 192 191 194 235
          896 898 895 895 854 896
          147 106 148 852 854 851
          631 634 675 676 634 632
          851 810 852 808 810 807
          235 238 279 280 238 236
          764 766 763 807 766 808
          191 150 192 587 590 631
          632 590 588 720 722 719
          235 194 236 148 150 147
          676 678 675 763 722 764
          632 634 631 587 546 590
          590 546 588 456 414 412
          411 414 455 367 370 411
          412 370 368 414 458 455
          456 458 414 370 326 368
          367 326 370 455 458 499
          500 458 456 500 502 458
          458 502 499 368 326 324
          323 326 367 499 502 543
          544 502 500 323 282 326
          326 282 324 324 282 280
          279 282 323 588 546 544
          543 546 587 719 678 720
          192 194 191 675 634 676
          631 590 632 544 546 502
          502 546 543 414 370 412
          411 370 414 236 238 235
          280 282 238 238 282 279
          1116 1074 1072 1072 1030 1028
          984 942 940 940 898 896
          148 106 104 103 106 147
          895 898 939 939 942 983
          1027 1030 1071 1071 1074 1115
          1028 986 984 896 854 852
          851 854 895 983 986 1027
          1283 1284 1305 1200 1199 1158
          1200 1241 1199 1242 1241 1200
          62 61 20 1158 1199 1157
          1283 1242 1284 1283 1241 1242
          1158 1157 1116 1116 1157 1115
          62 104 103 62 103 61
        </DataArray>
        <DataArray type="Int64" Name="offsets" format="ascii" RangeMin="3" RangeMax="7824">
          3 6 9 12 15 18
          21 24 27 30 33 36
          39 42 45 48 51 54
          57 60 63 66 69 72
          75 78 81 84 87 90
          93 96 99 102 105 108
          111 114 117 120 123 126
          129 132 135 138 141 144
          147 150 153 156 159 162
          165 168 171 174 177 180
          183 186 189 192 195 198
          201 204 207 210 213 216
          219 222 225 228 231 234
          237 240 243 246 249 252
          255 258 261 264 267 270
          273 276 279 282 285 288
          291 294 297 300 303 306
          309 312 315 318 321 324
          327 330 333 336 339 342
          345 348 351 354 357 360
          363 366 369 372 375 378
          381 384 387 390 393 396
          399 402 405 408 411 414
          417 420 423 426 429 432
          435 438 441 444 447 450
          453 456 459 462 465 468
          471 474 477 480 483 486
          489 492 495 498 501 504
          507 510 513 516 519 522
          525 528 531 534 537 540
          543 546 549 552 555 558
          561 564 567 570 573 576
          579 582 585 588 591 594
          597 600 603 606 609 612
          615 618 621 624 627 630
          633 636 639 642 645 648
          651 654 657 660 663 666
          669 672 675 678 681 684
          687 690 693 696 699 702
          705 708 711 714 717 720
          723 726 729 732 735 738
          741 744 747 750 753 756
          759 762 765 768 771 774
          777 780 783 786 789 792
          795 798 801 804 807 810
          813 816 819 822 825 828
          831 834 837 840 843 846
          849 852 855 858 861 864
          867 870 873 876 879 882
          885 888 891 894 897 900
          903 906 909 912 915 918
          921 924 927 930 933 936
          939 942 945 948 951 954
          957 960 963 966 969 972
          975 978 981 984 987 990
          993 996 999 1002 1005 1008
          1011 1014 1017 1020 1023 1026
          1029 1032 1035 1038 1041 1044
          1047 1050 1053 1056 1059 1062
          1065 1068 1071 1074 1077 1080
          1083 1086 1089 1092 1095 1098
          1101 1104 1107 1110 1113 1116
          1119 1122 1125 1128 1131 1134
          1137 1140 1143 1146 1149 1152
          1155 1158 1161 1164 1167 1170
          1173 1176 1179 1182 1185 1188
          1191 1194 1197 1200 1203 1206
          1209 1212 1215 1218 1221 1224
          1227 1230 1233 1236 1239 1242
          1245 1248 1251 1254 1257 1260
          1263 1266 1269 1272 1275 1278
          1281 1284 1287 1290 1293 1296
          1299 1302 1305 1308 1311 1314
          1317 1320 1323 1326 1329 1332
          1335 1338 1341 1344 1347 1350
          1353 1356 1359 1362 1365 1368
          1371 1374 1377 1380 1383 1386
          1389 1392 1395 1398 1401 1404
          1407 1410 1413 1416 1419 1422
          1425 1428 1431 1434 1437 1440
          1443 1446 1449 1452 1455 1458
          1461 1464 1467 1470 1473 1476
          1479 1482 1485 1488 1491 1494
          1497 1500 1503 1506 1509 1512
          1515 1518 1521 1524 1527 1530
          1533 1536 1539 1542 1545 1548
          1551 1554 1557 1560 1563 1566
          1569 1572 1575 1578 1581 1584
          1587 1590 1593 1596 1599 1602
          1605 1608 1611 1614 1617 1620
          1623 1626 1629 1632 1635 1638
          1641 1644 1647 1650 1653 1656
          1659 1662 1665 1668 1671 1674
          1677 1680 1683 1686 1689 1692
          1695 1698 1701 1704 1707 1710
          1713 1716 1719 1722 1725 1728
          1731 1734 1737 1740 1743 1746
          1749 1752 1755 1758 1761 1764
          1767 1770 1773 1776 1779 1782
          1785 1788 1791 1794 1797 1800
          1803 1806 1809 1812 1815 1818
          1821 1824 1827 1830 1833 1836
          1839 1842 1845 1848 1851 1854
          1857 1860 1863 1866 1869 1872
          1875 1878 1881 1884 1887 1890
          1893 1896 1899 1902 1905 1908
          1911 1914 1917 1920 1923 1926
          1929 1932 1935 1938 1941 1944
          1947 1950 1953 1956 1959 1962
          1965 1968 1971 1974 1977 1980
          1983 1986 1989 1992 1995 1998
          2001 2004 2007 2010 2013 2016
          2019 2022 2025 2028 2031 2034
          2037 2040 2043 2046 2049 2052
          2055 2058 2061 2064 2067 2070
          2073 2076 2079 2082 2085 2088
          2091 2094 2097 2100 2103 2106
          2109 2112 2115 2118 2121 2124
          2127 2130 2133 2136 2139 2142
          2145 2148 2151 2154 2157 2160
          2163 2166 2169 2172 2175 2178
          2181 2184 2187 2190 2193 2196
          2199 2202 2205 2208 2211 2214
          2217 2220 2223 2226 2229 2232
          2235 2238 2241 2244 2247 2250
          2253 2256 2259 2262 2265 2268
          2271 2274 2277 2280 2283 2286
          2289 2292 2295 2298 2301 2304
          2307 2310 2313 2316 2319 2322
          2325 2328 2331 2334 2337 2340
          2343 2346 2349 2352 2355 2358
          2361 2364 2367 2370 2373 2376
          2379 2382 2385 2388 2391 2394
          2397 2400 2403 2406 2409 2412
          2415 2418 2421 2424 2427 2430
          2433 2436 2439 2442 2445 2448
          2451 2454 2457 2460 2463 2466
          2469 2472 2475 2478 2481 2484
          2487 2490 2493 2496 2499 2502
          2505 2508 2511 2514 2517 2520
          2523 2526 2529 2532 2535 2538
          2541 2544 2547 2550 2553 2556
          2559 2562 2565 2568 2571 2574
          2577 2580 2583 2586 2589 2592
          2595 2598 2601 2604 2607 2610
          2613 2616 2619 2622 2625 2628
          2631 2634 2637 2640 2643 2646
          2649 2652 2655 2658 2661 2664
          2667 2670 2673 2676 2679 2682
          2685 2688 2691 2694 2697 2700
          2703 2706 2709 2712 2715 2718
          2721 2724 2727 2730 2733 2736
          2739 2742 2745 2748 2751 2754
          2757 2760 2763 2766 2769 2772
          2775 2778 2781 2784 2787 2790
          2793 2796 2799 2802 2805 2808
          2811 2814 2817 2820 2823 2826
          2829 2832 2835 2838 2841 2844
          2847 2850 2853 2856 2859 2862
          2865 2868 2871 2874 2877 2880
          2883 2886 2889 2892 2895 2898
          2901 2904 2907 2910 2913 2916
          2919 2922 2925 2928 2931 2934
          2937 2940 2943 2946 2949 2952
          2955 2958 2961 2964 2967 2970
          2973 2976 2979 2982 2985 2988
          2991 2994 2997 3000 3003 3006
          3009 3012 3015 3018 3021 3024
          3027 3030 3033 3036 3039 3042
          3045 3048 3051 3054 3057 3060
          3063 3066 3069 3072 3075 3078
          3081 3084 3087 3090 3093 3096
          3099 3102 3105 3108 3111 3114
          3117 3120 3123 3126 3129 3132
          3135 3138 3141 3144 3147 3150
          3153 3156 3159 3162 3165 3168
          3171 3174 3177 3180 3183 3186
          3189 3192 3195 3198 3201 3204
          3207 3210 3213 3216 3219 3222
          3225 3228 3231 3234 3237 3240
          3243 3246 3249 3252 3255 3258
          3261 3264 3267 3270 3273 3276
          3279 3282 3285 3288 3291 3294
          3297 3300 3303 3306 3309 3312
          3315 3318 3321 3324 3327 3330
          3333 3336 3339 3342 3345 3348
          3351 3354 3357 3360 3363 3366
          3369 3372 3375 3378 3381 3384
          3387 3390 3393 3396 3399 3402
          3405 3408 3411 3414 3417 3420
          3423 3426 3429 3432 3435 3438
          3441 3444 3447 3450 3453 3456
          3459 3462 3465 3468 3471 3474
          3477 3480 3483 3486 3489 3492
          3495 3498 3501 3504 3507 3510
          3513 3516 3519 3522 3525 3528
          3531 3534 3537 3540 3543 3546
          3549 3552 3555 3558 3561 3564
          3567 3570 3573 3576 3579 3582
          3585 3588 3591 3594 3597 3600
          3603 3606 3609 3612 3615 3618
          3621 3624 3627 3630 3633 3636
          3639 3642 3645 3648 3651 3654
          3657 3660 3663 3666 3669 3672
          3675 3678 3681 3684 3687 3690
          3693 3696 3699 3702 3705 3708
          3711 3714 3717 3720 3723 3726
          3729 3732 3735 3738 3741 3744
          3747 3750 3753 3756 3759 3762
          3765 3768 3771 3774 3777 3780
          3783 3786 3789 3792 3795 3798
          3801 3804 3807 3810 3813 3816
          3819 3822 3825 3828 3831 3834
          3837 3840 3843 3846 3849 3852
          3855 3858 3861 3864 3867 3870
          3873 3876 3879 3882 3885 3888
          3891 3894 3897 3900 3903 3906
          3909 3912 3915 3918 3921 3924
          3927 3930 3933 3936 3939 3942
          3945 3948 3951 3954 3957 3960
          3963 3966 3969 3972 3975 3978
          3981 3984 3987 3990 3993 3996
          3999 4002 4005 4008 4011 4014
          4017 4020 4023 4026 4029 4032
          4035 4038 4041 4044 4047 4050
          4053 4056 4059 4062 4065 4068
          4071 4074 4077 4080 4083 4086
          4089 4092 4095 4098 4101 4104
          4107 4110 4113 4116 4119 4122
          4125 4128 4131 4134 4137 4140
          4143 4146 4149 4152 4155 4158
          4161 4164 4167 4170 4173 4176
          4179 4182 4185 4188 4191 4194
          4197 4200 4203 4206 4209 4212
          4215 4218 4221 4224 4227 4230
          4233 4236 4239 4242 4245 4248
          4251 4254 4257 4260 4263 4266
          4269 4272 4275 4278 4281 4284
          4287 4290 4293 4296 4299 4302
          4305 4308 4311 4314 4317 4320
          4323 4326 4329 4332 4335 4338
          4341 4344 4347 4350 4353 4356
          4359 4362 4365 4368 4371 4374
          4377 4380 4383 4386 4389 4392
          4395 4398 4401 4404 4407 4410
          4413 4416 4419 4422 4425 4428
          4431 4434 4437 4440 4443 4446
          4449 4452 4455 4458 4461 4464
          4467 4470 4473 4476 4479 4482
          4485 4488 4491 4494 4497 4500
          4503 4506 4509 4512 4515 4518
          4521 4524 4527 4530 4533 4536
          4539 4542 4545 4548 4551 4554
          4557 4560 4563 4566 4569 4572
          4575 4578 4581 4584 4587 4590
          4593 4596 4599 4602 4605 4608
          4611 4614 4617 4620 4623 4626
          4629 4632 4635 4638 4641 4644
          4647 4650 4653 4656 4659 4662
          4665 4668 4671 4674 4677 4680
          4683 4686 4689 4692 4695 4698
          4701 4704 4707 4710 4713 4716
          4719 4722 4725 4728 4731 4734
          4737 4740 4743 4746 4749 4752
          4755 4758 4761 4764 4767 4770
          4773 4776 4779 4782 4785 4788
          4791 4794 4797 4800 4803 4806
          4809 4812 4815 4818 4821 4824
          4827 4830 4833 4836 4839 4842
          4845 4848 4851 4854 4857 4860
          4863 4866 4869 4872 4875 4878
          4881 4884 4887 4890 4893 4896
          4899 4902 4905 4908 4911 4914
          4917 4920 4923 4926 4929 4932
          4935 4938 4941 4944 4947 4950
          4953 4956 4959 4962 4965 4968
          4971 4974 4977 4980 4983 4986
          4989 4992 4995 4998 5001 5004
          5007 5010 5013 5016 5019 5022
          5025 5028 5031 5034 5037 5040
          5043 5046 5049 5052 5055 5058
          5061 5064 5067 5070 5073 5076
          5079 5082 5085 5088 5091 5094
          5097 5100 5103 5106 5109 5112
          5115 5118 5121 5124 5127 5130
          5133 5136 5139 5142 5145 5148
          5151 5154 5157 5160 5163 5166
          5169 5172 5175 5178 5181 5184
          5187 5190 5193 5196 5199 5202
          5205 5208 5211 5214 5217 5220
          5223 5226 5229 5232 5235 5238
          5241 5244 5247 5250 5253 5256
          5259 5262 5265 5268 5271 5274
          5277 5280 5283 5286 5289 5292
          5295 5298 5301 5304 5307 5310
          5313 5316 5319 5322 5325 5328
          5331 5334 5337 5340 5343 5346
          5349 5352 5355 5358 5361 5364
          5367 5370 5373 5376 5379 5382
          5385 5388 5391 5394 5397 5400
          5403 5406 5409 5412 5415 5418
          5421 5424 5427 5430 5433 5436
          5439 5442 5445 5448 5451 5454
          5457 5460 5463 5466 5469 5472
          5475 5478 5481 5484 5487 5490
          5493 5496 5499 5502 5505 5508
          5511 5514 5517 5520 5523 5526
          5529 5532 5535 5538 5541 5544
          5547 5550 5553 5556 5559 5562
          5565 5568 5571 5574 5577 5580
          5583 5586 5589 5592 5595 5598
          5601 5604 5607 5610 5613 5616
          5619 5622 5625 5628 5631 5634
          5637 5640 5643 5646 5649 5652
          5655 5658 5661 5664 5667 5670
          5673 5676 5679 5682 5685 5688
          5691 5694 5697 5700 5703 5706
          5709 5712 5715 5718 5721 5724
          5727 5730 5733 5736 5739 5742
          5745 5748 5751 5754 5757 5760
          5763 5766 5769 5772 5775 5778
          5781 5784 5787 5790 5793 5796
          5799 5802 5805 5808 5811 5814
          5817 5820 5823 5826 5829 5832
          5835 5838 5841 5844 5847 5850
          5853 5856 5859 5862 5865 5868
          5871 5874 5877 5880 5883 5886
          5889 5892 5895 5898 5901 5904
          5907 5910 5913 5916 5919 5922
          5925 5928 5931 5934 5937 5940
          5943 5946 5949 5952 5955 5958
          5961 5964 5967 5970 5973 5976
          5979 5982 5985 5988 5991 5994
          5997 6000 6003 6006 6009 6012
          6015 6018 6021 6024 6027 6030
          6033 6036 6039 6042 6045 6048
          6051 6054 6057 6060 6063 6066
          6069 6072 6075 6078 6081 6084
          6087 6090 6093 6096 6099 6102
          6105 6108 6111 6114 6117 6120
          6123 6126 6129 6132 6135 6138
          6141 6144 6147 6150 6153 6156
          6159 6162 6165 6168 6171 6174
          6177 6180 6183 6186 6189 6192
          6195 6198 6201 6204 6207 6210
          6213 6216 6219 6222 6225 6228
          6231 6234 6237 6240 6243 6246
          6249 6252 6255 6258 6261 6264
          6267 6270 6273 6276 6279 6282
          6285 6288 6291 6294 6297 6300
          6303 6306 6309 6312 6315 6318
          6321 6324 6327 6330 6333 6336
          6339 6342 6345 6348 6351 6354
          6357 6360 6363 6366 6369 6372
          6375 6378 6381 6384 6387 6390
          6393 6396 6399 6402 6405 6408
          6411 6414 6417 6420 6423 6426
          6429 6432 6435 6438 6441 6444
          6447 6450 6453 6456 6459 6462
          6465 6468 6471 6474 6477 6480
          6483 6486 6489 6492 6495 6498
          6501 6504 6507 6510 6513 6516
          6519 6522 6525 6528 6531 6534
          6537 6540 6543 6546 6549 6552
          6555 6558 6561 6564 6567 6570
          6573 6576 6579 6582 6585 6588
          6591 6594 6597 6600 6603 6606
          6609 6612 6615 6618 6621 6624
          6627 6630 6633 6636 6639 6642
          6645 6648 6651 6654 6657 6660
          6663 6666 6669 6672 6675 6678
          6681 6684 6687 6690 6693 6696
          6699 6702 6705 6708 6711 6714
          6717 6720 6723 6726 6729 6732
          6735 6738 6741 6744 6747 6750
          6753 6756 6759 6762 6765 6768
          6771 6774 6777 6780 6783 6786
          6789 6792 6795 6798 6801 6804
          6807 6810 6813 6816 6819 6822
          6825 6828 6831 6834 6837 6840
          6843 6846 6849 6852 6855 6858
          6861 6864 6867 6870 6873 6876
          6879 6882 6885 6888 6891 6894
          6897 6900 6903 6906 6909 6912
          6915 6918 6921 6924 6927 6930
          6933 6936 6939 6942 6945 6948
          6951 6954 6957 6960 6963 6966
          6969 6972 6975 6978 6981 6984
          6987 6990 6993 6996 6999 7002
          7005 7008 7011 7014 7017 7020
          7023 7026 7029 7032 7035 7038
          7041 7044 7047 7050 7053 7056
          7059 7062 7065 7068 7071 7074
          7077 7080 7083 7086 7089 7092
          7095 7098 7101 7104 7107 7110
          7113 7116 7119 7122 7125 7128
          7131 7134 7137 7140 7143 7146
          7149 7152 7155 7158 7161 7164
          7167 7170 7173 7176 7179 7182
          7185 7188 7191 7194 7197 7200
          7203 7206 7209 7212 7215 7218
          7221 7224 7227 7230 7233 7236
          7239 7242 7245 7248 7251 7254
          7257 7260 7263 7266 7269 7272
          7275 7278 7281 7284 7287 7290
          7293 7296 7299 7302 7305 7308
          7311 7314 7317 7320 7323 7326
          7329 7332 7335 7338 7341 7344
          7347 7350 7353 7356 7359 7362
          7365 7368 7371 7374 7377 7380
          7383 7386 7389 7392 7395 7398
          7401 7404 7407 7410 7413 7416
          7419 7422 7425 7428 7431 7434
          7437 7440 7443 7446 7449 7452
          7455 7458 7461 7464 7467 7470
          7473 7476 7479 7482 7485 7488
          7491 7494 7497 7500 7503 7506
          7509 7512 7515 7518 7521 7524
          7527 7530 7533 7536 7539 7542
          7545 7548 7551 7554 7557 7560
          7563 7566 7569 7572 7575 7578
          7581 7584 7587 7590 7593 7596
          7599 7602 7605 7608 7611 7614
          7617 7620 7623 7626 7629 7632
          7635 7638 7641 7644 7647 7650
          7653 7656 7659 7662 7665 7668
          7671 7674 7677 7680 7683 7686
          7689 7692 7695 7698 7701 7704
          7707 7710 7713 7716 7719 7722
          7725 7728 7731 7734 7737 7740
          7743 7746 7749 7752 7755 7758
          7761 7764 7767 7770 7773 7776
          7779 7782 7785 7788 7791 7794
          7797 7800 7803 7806 7809 7812
          7815 7818 7821 7824
        </DataArray>
        <DataArray type="UInt8" Name="types" format="ascii" RangeMin="5" RangeMax="5">
          5 5 5 5 5 5
          5 5 5 5 5 5
          5 5 5 5 5 5
          5 5 5 5 5 5
          5 5 5 5 5 5
          5 5 5 5 5 5
          5 5 5 5 5 5
          5 5 5 5 5 5
          5 5 5 5 5 5
          5 5 5 5 5 5
          5 5 5 5 5 5
          5 5 5 5 5 5
          5 5 5 5 5 5
          5 5 5 5 5 5
          5 5 5 5 5 5
          5 5 5 5 5 5
          5 5 5 5 5 5
          5 5 5 5 5 5
          5 5 5 5 5 5
          5 5 5 5 5 5
          5 5 5 5 5 5
          5 5 5 5 5 5
          5 5 5 5 5 5
          5 5 5 5 5 5
          5 5 5 5 5 5
          5 5 5 5 5 5
          5 5 5 5 5 5
          5 5 5 5 5 5
          5 5 5 5 5 5
          5 5 5 5 5 5
          5 5 5 5 5 5
          5 5 5 5 5 5
          5 5 5 5 5 5
          5 5 5 5 5 5
          5 5 5 5 5 5
          5 5 5 5 5 5
          5 5 5 5 5 5
          5 5 5 5 5 5
          5 5 5 5 5 5
          5 5 5 5 5 5
          5 5 5 5 5 5
          5 5 5 5 5 5
          5 5 5 5 5 5
          5 5 5 5 5 5
          5 5 5 5 5 5
          5 5 5 5 5 5
          5 5 5 5 5 5
          5 5 5 5 5 5
          5 5 5 5 5 5
          5 5 5 5 5 5
          5 5 5 5 5 5
          5 5 5 5 5 5
          5 5 5 5 5 5
          5 5 5 5 5 5
          5 5 5 5 5 5
          5 5 5 5 5 5
          5 5 5 5 5 5
          5 5 5 5 5 5
          5 5 5 5 5 5
          5 5 5 5 5 5
          5 5 5 5 5 5
          5 5 5 5 5 5
          5 5 5 5 5 5
          5 5 5 5 5 5
          5 5 5 5 5 5
          5 5 5 5 5 5
          5 5 5 5 5 5
          5 5 5 5 5 5
          5 5 5 5 5 5
          5 5 5 5 5 5
          5 5 5 5 5 5
          5 5 5 5 5 5
          5 5 5 5 5 5
          5 5 5 5 5 5
          5 5 5 5 5 5
          5 5 5 5 5 5
          5 5 5 5 5 5
          5 5 5 5 5 5
          5 5 5 5 5 5
          5 5 5 5 5 5
          5 5 5 5 5 5
          5 5 5 5 5 5
          5 5 5 5 5 5
          5 5 5 5 5 5
          5 5 5 5 5 5
          5 5 5 5 5 5
          5 5 5 5 5 5
          5 5 5 5 5 5
          5 5 5 5 5 5
          5 5 5 5 5 5
          5 5 5 5 5 5
          5 5 5 5 5 5
          5 5 5 5 5 5
          5 5 5 5 5 5
          5 5 5 5 5 5
          5 5 5 5 5 5
          5 5 5 5 5 5
          5 5 5 5 5 5
          5 5 5 5 5 5
          5 5 5 5 5 5
          5 5 5 5 5 5
          5 5 5 5 5 5
          5 5 5 5 5 5
          5 5 5 5 5 5
          5 5 5 5 5 5
          5 5 5 5 5 5
          5 5 5 5 5 5
          5 5 5 5 5 5
          5 5 5 5 5 5
          5 5 5 5 5 5
          5 5 5 5 5 5
          5 5 5 5 5 5
          5 5 5 5 5 5
          5 5 5 5 5 5
          5 5 5 5 5 5
          5 5 5 5 5 5
          5 5 5 5 5 5
          5 5 5 5 5 5
          5 5 5 5 5 5
          5 5 5 5 5 5
          5 5 5 5 5 5
          5 5 5 5 5 5
          5 5 5 5 5 5
          5 5 5 5 5 5
          5 5 5 5 5 5
          5 5 5 5 5 5
          5 5 5 5 5 5
          5 5 5 5 5 5
          5 5 5 5 5 5
          5 5 5 5 5 5
          5 5 5 5 5 5
          5 5 5 5 5 5
          5 5 5 5 5 5
          5 5 5 5 5 5
          5 5 5 5 5 5
          5 5 5 5 5 5
          5 5 5 5 5 5
          5 5 5 5 5 5
          5 5 5 5 5 5
          5 5 5 5 5 5
          5 5 5 5 5 5
          5 5 5 5 5 5
          5 5 5 5 5 5
          5 5 5 5 5 5
          5 5 5 5 5 5
          5 5 5 5 5 5
          5 5 5 5 5 5
          5 5 5 5 5 5
          5 5 5 5 5 5
          5 5 5 5 5 5
          5 5 5 5 5 5
          5 5 5 5 5 5
          5 5 5 5 5 5
          5 5 5 5 5 5
          5 5 5 5 5 5
          5 5 5 5 5 5
          5 5 5 5 5 5
          5 5 5 5 5 5
          5 5 5 5 5 5
          5 5 5 5 5 5
          5 5 5 5 5 5
          5 5 5 5 5 5
          5 5 5 5 5 5
          5 5 5 5 5 5
          5 5 5 5 5 5
          5 5 5 5 5 5
          5 5 5 5 5 5
          5 5 5 5 5 5
          5 5 5 5 5 5
          5 5 5 5 5 5
          5 5 5 5 5 5
          5 5 5 5 5 5
          5 5 5 5 5 5
          5 5 5 5 5 5
          5 5 5 5 5 5
          5 5 5 5 5 5
          5 5 5 5 5 5
          5 5 5 5 5 5
          5 5 5 5 5 5
          5 5 5 5 5 5
          5 5 5 5 5 5
          5 5 5 5 5 5
          5 5 5 5 5 5
          5 5 5 5 5 5
          5 5 5 5 5 5
          5 5 5 5 5 5
          5 5 5 5 5 5
          5 5 5 5 5 5
          5 5 5 5 5 5
          5 5 5 5 5 5
          5 5 5 5 5 5
          5 5 5 5 5 5
          5 5 5 5 5 5
          5 5 5 5 5 5
          5 5 5 5 5 5
          5 5 5 5 5 5
          5 5 5 5 5 5
          5 5 5 5 5 5
          5 5 5 5 5 5
          5 5 5 5 5 5
          5 5 5 5 5 5
          5 5 5 5 5 5
          5 5 5 5 5 5
          5 5 5 5 5 5
          5 5 5 5 5 5
          5 5 5 5 5 5
          5 5 5 5 5 5
          5 5 5 5 5 5
          5 5 5 5 5 5
          5 5 5 5 5 5
          5 5 5 5 5 5
          5 5 5 5 5 5
          5 5 5 5 5 5
          5 5 5 5 5 5
          5 5 5 5 5 5
          5 5 5 5 5 5
          5 5 5 5 5 5
          5 5 5 5 5 5
          5 5 5 5 5 5
          5 5 5 5 5 5
          5 5 5 5 5 5
          5 5 5 5 5 5
          5 5 5 5 5 5
          5 5 5 5 5 5
          5 5 5 5 5 5
          5 5 5 5 5 5
          5 5 5 5 5 5
          5 5 5 5 5 5
          5 5 5 5 5 5
          5 5 5 5 5 5
          5 5 5 5 5 5
          5 5 5 5 5 5
          5 5 5 5 5 5
          5 5 5 5 5 5
          5 5 5 5 5 5
          5 5 5 5 5 5
          5 5 5 5 5 5
          5 5 5 5 5 5
          5 5 5 5 5 5
          5 5 5 5 5 5
          5 5 5 5 5 5
          5 5 5 5 5 5
          5 5 5 5 5 5
          5 5 5 5 5 5
          5 5 5 5 5 5
          5 5 5 5 5 5
          5 5 5 5 5 5
          5 5 5 5 5 5
          5 5 5 5 5 5
          5 5 5 5 5 5
          5 5 5 5 5 5
          5 5 5 5 5 5
          5 5 5 5 5 5
          5 5 5 5 5 5
          5 5 5 5 5 5
          5 5 5 5 5 5
          5 5 5 5 5 5
          5 5 5 5 5 5
          5 5 5 5 5 5
          5 5 5 5 5 5
          5 5 5 5 5 5
          5 5 5 5 5 5
          5 5 5 5 5 5
          5 5 5 5 5 5
          5 5 5 5 5 5
          5 5 5 5 5 5
          5 5 5 5 5 5
          5 5 5 5 5 5
          5 5 5 5 5 5
          5 5 5 5 5 5
          5 5 5 5 5 5
          5 5 5 5 5 5
          5 5 5 5 5 5
          5 5 5 5 5 5
          5 5 5 5 5 5
          5 5 5 5 5 5
          5 5 5 5 5 5
          5 5 5 5 5 5
          5 5 5 5 5 5
          5 5 5 5 5 5
          5 5 5 5 5 5
          5 5 5 5 5 5
          5 5 5 5 5 5
          5 5 5 5 5 5
          5 5 5 5 5 5
          5 5 5 5 5 5
          5 5 5 5 5 5
          5 5 5 5 5 5
          5 5 5 5 5 5
          5 5 5 5 5 5
          5 5 5 5 5 5
          5 5 5 5 5 5
          5 5 5 5 5 5
          5 5 5 5 5 5
          5 5 5 5 5 5
          5 5 5 5 5 5
          5 5 5 5 5 5
          5 5 5 5 5 5
          5 5 5 5 5 5
          5 5 5 5 5 5
          5 5 5 5 5 5
          5 5 5 5 5 5
          5 5 5 5 5 5
          5 5 5 5 5 5
          5 5 5 5 5 5
          5 5 5 5 5 5
          5 5 5 5 5 5
          5 5 5 5 5 5
          5 5 5 5 5 5
          5 5 5 5 5 5
          5 5 5 5 5 5
          5 5 5 5 5 5
          5 5 5 5 5 5
          5 5 5 5 5 5
          5 5 5 5 5 5
          5 5 5 5 5 5
          5 5 5 5 5 5
          5 5 5 5 5 5
          5 5 5 5 5 5
          5 5 5 5 5 5
          5 5 5 5 5 5
          5 5 5 5 5 5
          5 5 5 5 5 5
          5 5 5 5 5 5
          5 5 5 5 5 5
          5 5 5 5 5 5
          5 5 5 5 5 5
          5 5 5 5 5 5
          5 5 5 5 5 5
          5 5 5 5 5 5
          5 5 5 5 5 5
          5 5 5 5 5 5
          5 5 5 5 5 5
          5 5 5 5 5 5
          5 5 5 5 5 5
          5 5 5 5 5 5
          5 5 5 5 5 5
          5 5 5 5 5 5
          5 5 5 5 5 5
          5 5 5 5 5 5
          5 5 5 5 5 5
          5 5 5 5 5 5
          5 5 5 5 5 5
          5 5 5 5 5 5
          5 5 5 5 5 5
          5 5 5 5 5 5
          5 5 5 5 5 5
          5 5 5 5 5 5
          5 5 5 5 5 5
          5 5 5 5 5 5
          5 5 5 5 5 5
          5 5 5 5 5 5
          5 5 5 5 5 5
          5 5 5 5 5 5
          5 5 5 5 5 5
          5 5 5 5 5 5
          5 5 5 5 5 5
          5 5 5 5 5 5
          5 5 5 5 5 5
          5 5 5 5 5 5
          5 5 5 5 5 5
          5 5 5 5 5 5
          5 5 5 5 5 5
          5 5 5 5 5 5
          5 5 5 5 5 5
          5 5 5 5 5 5
          5 5 5 5 5 5
          5 5 5 5 5 5
          5 5 5 5 5 5
          5 5 5 5 5 5
          5 5 5 5 5 5
          5 5 5 5 5 5
          5 5 5 5 5 5
          5 5 5 5 5 5
          5 5 5 5 5 5
          5 5 5 5 5 5
          5 5 5 5 5 5
          5 5 5 5 5 5
          5 5 5 5 5 5
          5 5 5 5 5 5
          5 5 5 5 5 5
          5 5 5 5 5 5
          5 5 5 5 5 5
          5 5 5 5 5 5
          5 5 5 5 5 5
          5 5 5 5 5 5
          5 5 5 5 5 5
          5 5 5 5 5 5
          5 5 5 5 5 5
          5 5 5 5 5 5
          5 5 5 5 5 5
          5 5 5 5 5 5
          5 5 5 5 5 5
          5 5 5 5 5 5
          5 5 5 5 5 5
          5 5 5 5 5 5
          5 5 5 5 5 5
          5 5 5 5 5 5
          5 5 5 5 5 5
          5 5 5 5 5 5
          5 5 5 5 5 5
          5 5 5 5 5 5
          5 5 5 5 5 5
          5 5 5 5 5 5
          5 5 5 5 5 5
          5 5 5 5 5 5
          5 5 5 5 5 5
          5 5 5 5 5 5
          5 5 5 5 5 5
          5 5 5 5 5 5
          5 5 5 5 5 5
          5 5 5 5 5 5
          5 5 5 5 5 5
          5 5 5 5 5 5
          5 5 5 5 5 5
          5 5 5 5 5 5
          5 5 5 5 5 5
          5 5 5 5 5 5
          5 5 5 5 5 5
          5 5 5 5 5 5
          5 5 5 5 5 5
          5 5 5 5 5 5
          5 5 5 5 5 5
          5 5 5 5 5 5
          5 5 5 5 5 5
          5 5 5 5 5 5
          5 5 5 5 5 5
          5 5 5 5 5 5
          5 5 5 5 5 5
          5 5 5 5 5 5
          5 5 5 5 5 5
          5 5 5 5 5 5
          5 5 5 5 5 5
          5 5 5 5 5 5
          5 5 5 5
        </DataArray>
      </Cells>
    </Piece>
  </UnstructuredGrid>
</VTKFile>
